forecast_date,block,gefs_d1,gefs_d2,gefs_d3,gefs_d4,gefs_d5,gefs_d6,gefs_d7,target_7d_rainfall_mm
2016-06-01,Dhuri,0.0006714734322899,0.0386862925846468,0.0,0.0,0.0,0.1005942557345737,0.0228987844576212,0.0
2016-06-01,Lehra,0.0,0.0801148845348507,0.0,0.0,0.0,0.0306016915710642,0.031109971110709,0.0
2016-06-01,Malerkotla,0.0010529445945784,0.0094749873179742,0.0,0.0,0.0,0.1338491147117955,0.0126150978446405,0.0004214348584355321
2016-06-01,Moonak,0.0,0.0526431898276011,0.0,0.0,0.0,0.0434384372395773,0.0279656670366724,0.04674716554321599
2016-06-01,Sangrur,0.0,0.0543509971217385,0.0,0.0,0.0,0.1000001543268029,0.0241086805305842,0.063713536046894
2016-06-01,Sunam,0.0,0.0746785106935671,0.0,0.0,0.0,0.0690029775058584,0.025359726643988,0.0514824820876168
2016-06-02,Dhuri,0.0,0.0,0.0,0.0,0.0137287250465967,0.0310575414279645,0.0740113679996945,0.0
2016-06-02,Lehra,0.0,0.0,0.0,0.0,0.0704913176596164,0.0,0.0908232782967388,0.0
2016-06-02,Malerkotla,0.0,0.0020533778837748,0.0,0.0,0.0015484944243715,0.0522493918792211,0.1072259332452501,0.00047155853726075126
2016-06-02,Moonak,0.0,0.0,0.0,0.0,0.0712966776142517,0.0,0.114271809036533,0.048386569319752694
2016-06-02,Sangrur,0.0,0.0,0.0,0.0,0.0248192052489944,0.0057251641160941,0.0752094426591481,0.06762964472998971
2016-06-02,Sunam,0.0,0.0,0.0,0.0,0.0476819699231003,0.0024077689636864,0.0688200353511742,0.0525047559856821
2016-06-03,Dhuri,0.0,0.0,0.0004337496039542,0.0,0.0,0.1353656388819217,0.2279319190843538,0.0
2016-06-03,Lehra,0.0,0.0,0.0014103408320806,0.0,0.0060531480048666,0.153592362999916,0.2900476111099124,0.0
2016-06-03,Malerkotla,0.0,5.484702290102307e-05,0.0,0.0,0.0,0.1066718362271785,0.4257784060069493,0.0006854504688817543
2016-06-03,Moonak,0.0,0.0,0.0,0.0,0.000840947793525,0.2004359662532806,0.3458823362986247,0.07022092422954379
2016-06-03,Sangrur,0.0,0.0,0.0012733476469293,0.0,0.0010179725962059,0.1960545690464122,0.2694883785609688,0.10078443445280301
2016-06-03,Sunam,0.0,0.0,0.0012547405869034,0.0,0.0053237890117868,0.2190683744847774,0.2695125719266278,0.06366861460900419
2016-06-04,Dhuri,0.0,0.0,0.0,0.0,0.0027759640467014,1.4325578998435626,2.7203025872057136,0.2511866194487915
2016-06-04,Lehra,0.0,0.0,0.0,0.0,0.0008840791124384,2.0548798888921738,4.1692135483026505,0.9018755624315414
2016-06-04,Malerkotla,0.0,0.0,0.0,0.0,0.016144480522988,1.4130718920912062,2.922065913677216,0.19171617927034573
2016-06-04,Moonak,0.0,0.0,0.0,0.0,0.0,1.8396755556265516,3.188022037347158,0.921947542212266
2016-06-04,Sangrur,0.0,0.0,0.0,0.0,0.0017934289332645,1.837802814585822,3.554087213107518,0.40740726436766367
2016-06-04,Sunam,0.0,0.0,0.0,0.0,0.0007127362249385,1.7063585945538111,3.250309177807399,0.401174431881776
2016-06-05,Dhuri,0.0,0.0,0.0005010827881051,0.0155750361948528,4.295185479250821,0.4291204132817008,0.4622519151730971,0.8792228632835125
2016-06-05,Lehra,0.0,0.0,0.0012195617018733,0.0216856390470638,1.0961519069969654,0.945695023983717,0.3986363373696804,1.2730287947571153
2016-06-05,Malerkotla,0.0005039516961135,0.0,0.0,0.0279094256527189,5.454833882195609,0.4038770422339439,0.4685493388346263,0.6919707657823027
2016-06-05,Moonak,0.0,0.0,0.0,0.0325960755969087,1.1210182507832844,1.075042501091957,0.5848113919297854,1.0762210202490035
2016-06-05,Sangrur,0.0,0.0,0.001517218130175,0.0230274236361895,3.651487669774464,0.7018156892486981,0.5426040036337716,0.9511102698667013
2016-06-05,Sunam,0.0,0.0,0.0012950247951916,0.0256002721642809,2.392075564180101,0.9626673587730952,0.5389054172805378,0.8030618396880294
2016-06-06,Dhuri,0.0,0.0180760858665135,0.0358292742378332,3.008933273228732,1.09848044406284,1.779556859623302,1.0371024987914346,1.8275881843561632
2016-06-06,Lehra,0.0,0.0889691563788801,0.0760419894941151,2.510859251022339,3.251995414495468,3.8327259570360175,0.7163114100694656,2.0433231893203416
2016-06-06,Malerkotla,0.0,0.0133470120573682,0.016534086034101,3.1412663630076816,0.862748173730714,1.7128697037696838,1.1132588045937677,1.4748332011646113
2016-06-06,Moonak,0.0,0.1010956605896353,0.0810383111238479,2.236680249373118,3.871201515197754,4.270974655946096,0.8684649765491486,1.963658358596141
2016-06-06,Sangrur,0.0,0.02068218369303,0.0747172143310308,3.1801284551620483,1.6645902948720117,2.53140475494521,1.258304334112576,1.7337259944620178
2016-06-06,Sunam,0.0,0.0267859339447958,0.0848459964618086,2.9481504389217923,2.4893443371568407,3.3661696996007646,1.0046460522072655,1.5090596670017855
2016-06-07,Dhuri,0.0264654680451547,0.0009554308251774,0.4000247594985095,1.050156745043668,1.4873293746601453,1.760831356048584,3.9850668798793447,12.539371387877289
2016-06-07,Lehra,0.0509009297238662,0.0149682460760232,0.2352825598791241,1.5676965117454529,0.9405340626835824,1.4484524354338646,4.446155875921249,8.860665853745413
2016-06-07,Malerkotla,0.0127326318761333,0.0,0.4764033257961273,1.0923598855733871,2.1979822048119138,2.6488412746361325,4.264149793556759,16.277632689720726
2016-06-07,Moonak,0.0292472864190737,0.0226139688553909,0.3330666956802209,1.604252407948176,1.1037439505259197,1.5416161318620043,5.202047904332479,10.581607778397835
2016-06-07,Sangrur,0.02754570718389,0.0011747995823887,0.3604213494275297,1.5558514935629708,1.1798408797809057,1.5877579961504256,4.7848744562694,9.100808029234846
2016-06-07,Sunam,0.0416040858919067,0.0007690848080008,0.3163713573345116,1.509804993867874,1.07696399305548,1.3985062837600708,4.792888769081661,7.460897242887212
2016-06-08,Dhuri,0.0,0.068467917767438,0.4804062626578591,1.065508265386928,2.866758346557617,0.5431909195401452,0.8364904617721384,19.205218217547742
2016-06-08,Lehra,0.0,0.0228599818656221,0.2986413612961769,0.7344308868050575,0.7541001960635185,0.1808290176559239,0.1883905143477022,12.177955524245963
2016-06-08,Malerkotla,0.0,0.1008381436445883,0.3704472397054945,0.7217353859118053,1.9151805809565956,0.5752314467515264,1.094696574977466,24.171269481110947
2016-06-08,Moonak,8.433144345569114e-05,0.0203477002990742,0.180027758081754,0.4341913585861524,0.2397989196081956,0.0911479787901043,0.1682059206068515,13.476775871980546
2016-06-08,Sangrur,0.0,0.0644668943381735,0.5576483351843697,1.4600731773035869,3.1634123665945872,0.6714954301714897,0.651546294667891,13.647860549670552
2016-06-08,Sunam,0.0,0.0323881486297718,0.4329974459750311,1.2627742035048348,1.841985921774592,0.4345566518604755,0.4094552823475429,10.903470242809508
2016-06-09,Dhuri,0.0844673890281807,0.2237905053929849,0.8376424691893838,0.0240156773308461,0.1401442225006493,1.7041864909908988,0.6442497250708666,19.489699894298674
2016-06-09,Lehra,0.6066004429012537,0.3774714842438698,1.474842470139265,0.2433912022970616,0.4362126383930444,0.7734593190252781,0.4332418143749237,12.802426577274787
2016-06-09,Malerkotla,0.0398527087111558,0.272036890898432,0.695237106510571,0.0440888362271445,0.1891329022390502,2.566808291843959,1.0465615881340844,24.263240490314118
2016-06-09,Moonak,0.5787017519275347,0.4607331876953442,0.9764662136634192,0.2790259309113025,0.2664067720373471,0.9164416939020156,0.4791515817244847,14.29974737038787
2016-06-09,Sangrur,0.1660668921789952,0.178133090691907,0.9324421722974096,0.0358896711841225,0.2004413626023701,1.7094361728855545,0.5919287162167686,14.501288347889801
2016-06-09,Sunam,0.3244131776903357,0.2279479966631957,1.153769612312317,0.0882845894832696,0.3090194793684142,1.146117972476142,0.5154912663357598,11.577648574483655
2016-06-10,Dhuri,0.6067174456336282,0.8819330578500574,5.296828616749156,4.920623974366621,8.632061113010753,18.926247683438387,3.5066858421672475,19.59811269699085
2016-06-10,Lehra,0.957124125212431,0.96724309399724,1.7094507738947868,5.021098136901856,4.577041149139404,8.622058004140854,3.0818321108818054,13.131071805137479
2016-06-10,Malerkotla,0.5652010600481715,0.8650936888796943,4.444379900182996,3.480449267796108,10.922625967434474,21.530606201716832,3.3816192064966475,24.290501171350755
2016-06-10,Moonak,1.025889073808988,0.8329858283201853,1.2509951740503311,4.509452660878499,4.394433538118999,9.02294937769572,3.5534974137941995,14.69368556771085
2016-06-10,Sangrur,0.7251475368227277,1.1103260538407735,4.714682681219919,7.2460172687258035,7.147982171603611,17.54478430747986,3.121103491101946,14.860572948106363
2016-06-10,Sunam,0.8533280300242561,1.018597932798522,2.969558439084462,7.244523661477225,5.591688854353769,12.124335527420044,3.084954713072096,11.790738138847201
2016-06-11,Dhuri,2.091626427390359,0.5902000354094938,2.4824581037868154,5.828343478116122,3.80720608884638,1.0828971510583705,0.3646937378428199,22.120013273262376
2016-06-11,Lehra,2.4106514304876328,0.9655071087181568,2.7661367505788803,4.93614199757576,3.9737153500318527,2.023543633520603,0.3927287654951215,15.279755403846302
2016-06-11,Malerkotla,1.7689240191664015,0.45917837534632,2.4036217672484264,5.802057385444641,4.086482320513044,0.8150999386395726,0.321106913366488,24.49954620301086
2016-06-11,Moonak,2.8011454939842224,0.7789107263088226,2.675285895665487,5.271009802818298,4.788872559865316,2.169378141562144,0.3017666960755984,15.821159453418321
2016-06-11,Sangrur,2.441525940384184,0.6063974020736558,2.699092549937112,6.073573112487793,4.404587004865919,1.0534705445170405,0.3140548111072608,21.651143971221924
2016-06-11,Sunam,2.54588805777686,0.7755879312753677,2.8915547728538518,6.1810481037412375,4.498168740953718,1.5434552005359106,0.312178519155298,17.20160168036621
2016-06-12,Dhuri,0.0702625021169131,3.214727054942738,3.2872295054522427,1.3601951057260686,1.0369839316064662,0.7730935513973236,1.0570339966904034,23.064892405323864
2016-06-12,Lehra,0.2437871806323528,3.195622205734253,3.360342100262642,1.8998153433203695,1.1216368824243546,1.608793891966343,0.4182098247110843,19.91040806936587
2016-06-12,Malerkotla,0.0462823200837842,2.4231502200875963,2.993312120437622,1.5618469204221452,1.0485363964523589,0.8474566234009606,1.292365923523903,24.21159744905557
2016-06-12,Moonak,0.2803515754640102,4.327856242656708,3.193873544534048,2.3962036768595376,1.4004651407400768,1.4048980176448822,0.5949615438779196,19.648646931508143
2016-06-12,Sangrur,0.0723516653025788,3.6019575681005205,4.183944915022169,1.5850088553769248,1.1508992186614446,1.2718144378491811,0.7878954857587814,25.42791293101407
2016-06-12,Sunam,0.1171449798026255,4.055197886058262,4.443817274911063,1.6704073888914923,1.2258084331239971,1.3757209054061346,0.6057532493557248,22.04170518068312
2016-06-13,Dhuri,2.974273757501082,1.8206083341078323,1.8829879652370105,0.2397157956253398,0.0010983277117537,0.0052374831654808,1.231979882175272,24.42435607794286
2016-06-13,Lehra,0.9696535281836988,1.2309149503707886,0.8936125710606575,0.2037239819765091,0.0,0.0,0.6728926096111536,22.983524210164695
2016-06-13,Malerkotla,3.616581993443625,2.238076286656516,1.9751508746828352,0.2550165541470051,0.0,0.0108461689461754,1.838212468794414,23.867010711592762
2016-06-13,Moonak,0.7539780586957932,0.9448949148257574,0.8144062906503677,0.1687535885721445,2.758560246244694e-05,0.0022758125948409,1.04324013988177,22.42655854117909
2016-06-13,Sangrur,2.3356085206781114,2.2788299982036864,2.141500622034073,0.2082940936088562,0.0014047927356192,0.0198429164177338,1.40654941541808,29.016602816585273
2016-06-13,Sunam,1.6463246175221034,1.6576120512826102,1.4587857531649726,0.1898377276957035,0.0004243015511227,0.0037538132019108,1.1116968797785896,25.624280436875377
2016-06-14,Dhuri,4.16252099383961,1.278737553141334,0.4943227673118764,0.01119084127078,0.0,0.7547313137487932,6.967014442790639,13.712572874421733
2016-06-14,Lehra,1.459882128983736,1.0121211037039757,0.061464195838198,0.0079602224577683,0.0,0.2717546317726373,3.551197826862335,16.27832574248434
2016-06-14,Malerkotla,6.079550862312317,1.5673608354159765,0.4646627147282873,0.0254277207755616,0.0,0.9772825581686836,8.066900781222753,9.066859652561279
2016-06-14,Moonak,1.25655497610569,1.0446901122728984,0.0507701464618245,0.0083592954712609,0.0,0.3576299548149109,3.5042773683865867,14.137208414889752
2016-06-14,Sangrur,2.7775870902197703,1.4237480397735325,0.3805801453334944,0.0355230270153177,0.0,0.534981758998973,4.87619354895183,21.634860087816104
2016-06-14,Sunam,2.0222702707563127,1.2380995260817664,0.1579191952145525,0.0241241765075496,0.0,0.3806631086128099,4.378187562738146,19.72883511153021
2016-06-15,Dhuri,0.0,0.0,0.0,0.0192841849691996,0.5998596332289956,9.281497435136275,9.041495995088058,7.046726044751281
2016-06-15,Lehra,0.0,0.0,0.0,0.0,0.5833276584744453,4.754237979650497,6.923982232809067,13.127873051490331
2016-06-15,Malerkotla,0.0043909644674775,0.0,0.0026932662003673,0.0765168949229908,0.647034286388329,11.110651867730278,12.06190139906747,1.1766730381289519
2016-06-15,Moonak,0.001156541518867,0.0,0.0,0.0,0.4876107300321261,4.136763791243236,6.794660250345866,11.581037868445542
2016-06-15,Sangrur,0.0056016888203365,0.0,0.0,0.0019221182446926,0.6147951441151756,8.300746202468872,8.098597594669886,17.066740807489914
2016-06-15,Sunam,0.0007634381098406,0.0,0.0,0.0,0.7250549878392901,6.680027263505118,7.18282607623509,16.37442624221998
2016-06-16,Dhuri,0.0,0.0,0.0,0.069549574389715,1.4563474736430428,1.6322685046629473,2.300284992564808,6.762244368000351
2016-06-16,Lehra,0.0,0.0,0.0,0.3326696269214153,0.5606222860515118,1.6422079652547836,3.265002235770225,12.511496515986998
2016-06-16,Malerkotla,0.0,0.0,0.0,0.0465377631397651,1.9243110588618688,2.0492397589342937,2.0051868004458293,1.084911305044079
2016-06-16,Moonak,0.0,0.0,0.0,0.4136254663268725,0.4958656479914983,2.0815820495287576,2.342758297920227,10.79089053605737
2016-06-16,Sangrur,0.0,0.0,0.0,0.2015542169766766,1.4150473369019372,2.0713753529957364,2.9460088780948093,16.20939690058757
2016-06-16,Sunam,0.0,0.0,0.0,0.3505653318549905,0.9252892583608628,1.774060240813664,2.765575336558478,15.70462410888623
2016-06-17,Dhuri,0.0,0.0668472525748339,0.5892634364691648,0.7281680439006198,0.1919178461486643,3.4291974306106567,1.664413034915924,6.653831565308176
2016-06-17,Lehra,0.0,0.0031485821236856,0.5712978765368462,0.3706967197358608,0.5614301860332489,2.9427299946546555,1.8828827813267708,12.19039851553218
2016-06-17,Malerkotla,0.0,0.130095808301121,0.4755473413637706,1.4802183019263404,0.1786208011742149,3.391463424478258,2.141059466770717,1.0574375482604754
2016-06-17,Moonak,0.0,0.0026451232455049,0.2134431023150682,0.5135995720823606,1.0012328376372654,1.928869316975276,1.6507309178511302,10.428112075345734
2016-06-17,Sangrur,0.0,0.0841197284337665,0.7478829473257065,1.2167989436004842,0.3224789681179182,3.4439405628613065,1.6362638941832952,15.816957510648196
2016-06-17,Sunam,0.0,0.0250827228301204,0.6485991328954697,0.8082824200391769,0.5014939254948071,3.166933928217207,1.5335383713245392,15.484199099792558
2016-06-18,Dhuri,0.0369420155925168,0.0605466427196833,0.1885019948875362,0.261785235171291,0.0346461798233742,0.0223498986293138,0.0104459146830115,3.8807443695878563
2016-06-18,Lehra,0.0079183871275745,0.0128376686006959,0.0646959972655167,0.0773334250698098,0.006928666953172,0.0054750627714383,0.0169462345693318,9.146345712487282
2016-06-18,Malerkotla,0.0434488900770832,0.0864299950855118,0.2491425247862935,0.3443755683090005,0.0834097114524671,0.02557330106252,0.0067589942066531,0.6574735038632665
2016-06-18,Moonak,0.0028657260748635,0.0178759084665216,0.0731738227574775,0.1101398191725214,0.0084632785098316,0.0034197096732289,0.0424323729239404,8.480750319560979
2016-06-18,Sangrur,0.0399596600992871,0.0632082492811605,0.2198764671172414,0.2852917181860123,0.0153937100466074,0.021663901445988,0.0212256092677957,8.719763657617774
2016-06-18,Sunam,0.0153093842922576,0.0307813730739456,0.0998167054993765,0.1385369271572147,0.0086111883366746,0.0105018043458195,0.0098392781967829,9.741540264381168
2016-06-19,Dhuri,0.1545652537183328,1.320076357234608,0.5028197392821312,0.2405626934699037,0.2660714733329686,0.0277915248139338,0.0006787919449958,16.520799009323145
2016-06-19,Lehra,0.1579268677160143,0.6866376884281635,0.1863720449618995,0.0555369877256453,0.0707595273852348,0.0719253944698721,0.0011435861961217,8.187467748764652
2016-06-19,Malerkotla,0.113547183573246,1.1783721936600549,0.9671751420412744,0.7058701179921627,0.5080290500606809,0.0323166877081218,0.0002449133732755,27.24021147115538
2016-06-19,Moonak,0.329516127705574,0.7085521096984545,0.2988952659070492,0.1286265843858321,0.1689535205562909,0.0819634515792131,0.0,7.563663607494801
2016-06-19,Sangrur,0.1819485165178775,1.7300710997411184,0.5498423861073596,0.2505139165192044,0.1773760052663939,0.0840303199033119,0.0025581726804375,13.655550754254826
2016-06-19,Sunam,0.2142271942326001,1.435683629342488,0.3559367752500942,0.1245529378564762,0.0996381981032235,0.0691377457364329,0.0012498091049824,10.570096173480064
2016-06-20,Dhuri,0.0006479161833836,0.0,0.000208811210045,0.0002763277258385,0.0011197048112411,0.002623273525387,0.0001422764140773,20.240843900849757
2016-06-20,Lehra,0.0,0.0,0.0,0.0,0.0,0.0,0.0,10.853553983063058
2016-06-20,Malerkotla,0.0025109541417935,0.0,0.0008162360232485,0.0006311512096155,0.0035243165825054,0.0083567547005389,0.0009589474802851,34.662060267929085
2016-06-20,Moonak,0.0,0.0,0.0,0.0,0.0,0.0,0.0,8.74772241556964
2016-06-20,Sangrur,0.0013146554951422,0.0,0.0008426830671461,0.0017264326036508,0.0004017706835708,0.0013141476748777,0.0004331706108392,16.153845356052557
2016-06-20,Sunam,0.0033135371382481,0.0,0.0014098925665686,0.0030857083454195,0.0002298073003268,0.00216497447192,0.0006766301272104,13.397105067978123
2016-06-21,Dhuri,0.2010448795150626,0.0893357028676705,0.0161290618760341,0.3579511947252534,1.0633253807371312,2.6213502992283213,2.605536921457811,24.191553164853445
2016-06-21,Lehra,0.0534614431671798,0.1688757045194506,0.046404417254962,0.8387931175529957,0.5663476698100567,1.6570212692022324,1.6267405301332474,12.180285462000054
2016-06-21,Malerkotla,0.3372532560357025,0.0326129199737416,0.0066969376390001,0.3297193247292723,1.5494155032294137,3.0713463766234264,3.426568499633244,41.848157743283245
2016-06-21,Moonak,0.0390637585272391,0.1450792923569679,0.0400000941008329,0.7095531622568766,0.7734089543422064,1.6259679992993672,1.4632691045602162,10.061538738832823
2016-06-21,Sangrur,0.1873627962278468,0.1162365253216454,0.0197603236218648,0.5135778092912265,1.0826688834599083,2.172462914671217,2.5131014244897023,18.009190411193636
2016-06-21,Sunam,0.1039411164820194,0.1710378964032445,0.0280065834189632,0.7575784857783999,0.89478878144707,1.99255930525916,1.9925584580217088,14.896004811614624
2016-06-22,Dhuri,0.4797800549051978,0.0098530998538163,0.159409087151289,1.1518607898191973,1.5769560228694568,0.4100426543842662,0.4852404946630651,25.849975616955422
2016-06-22,Lehra,0.1745178960263729,0.014648534997832,0.1316452056635171,1.8768890500068665,2.581054002046585,0.1088929553516209,0.9831281900405884,13.798014313505506
2016-06-22,Malerkotla,0.5115226821175644,0.0257105013422135,0.1642664287771497,1.2673117560999734,1.3065444827079773,0.7385595025760787,0.5602269204599517,43.634044854558745
2016-06-22,Moonak,0.1771290209144354,0.0453083999454975,0.1409801462044318,1.34837710360686,2.331208407878876,0.123356976856788,1.141070504983266,11.252951454798552
2016-06-22,Sangrur,0.3619268972958837,0.0274452062190643,0.211835150207792,1.333115326506751,2.065541011946542,0.4648376474423067,0.620421975851059,20.330198276100315
2016-06-22,Sunam,0.297661149076053,0.0293455433233508,0.2034398128411599,1.3880927520138877,2.5263119084494456,0.2191493226481335,0.8250516929796764,16.595526205791135
2016-06-23,Dhuri,0.0,0.0,0.0,0.1869719306176359,0.0,0.5280866677110846,0.3647034141150387,27.270647111137986
2016-06-23,Lehra,0.0,0.0,0.0119601725018583,0.3761956859380007,0.0330795207410119,0.7264243774116039,0.1076773039530962,15.314414243100263
2016-06-23,Malerkotla,2.4914808039154324e-05,2.4914808039154324e-05,0.0,0.1689100904124123,0.0,0.3949700051120349,0.5432028493710926,44.78048511328569
2016-06-23,Moonak,0.0003292109273994,0.0001097369628647,0.0193320116959512,0.3532377456625302,0.0386926812740663,0.6880334218343099,0.1646585172663132,13.221539219362677
2016-06-23,Sangrur,0.0011191982443311,0.0011191982443311,0.0,0.245206814791475,0.0,0.5018529460898468,0.4245758221617767,22.559673105939954
2016-06-23,Sunam,0.0002742374947826,0.0002742374947826,0.0003612523931743,0.3303413838148117,0.0008053949235805,0.6430046888334411,0.2177545396345002,18.558845176762414
2016-06-24,Dhuri,0.0,0.0652795081365514,0.0462503346339376,1.019938509572636,0.3646012158556418,0.4668864584104581,5.371710820631548,64.36005195862863
2016-06-24,Lehra,0.0,0.0529838887741789,0.8986502550542355,1.3330394700169563,1.0222713239490986,0.0561143069062382,6.24452668428421,42.57893986435642
2016-06-24,Malerkotla,0.0,0.0293330787015812,0.0034718075018775,1.2001142778566904,0.4777282518999917,1.3335094558341165,6.001979010445731,85.67761774511143
2016-06-24,Moonak,0.0,0.0327493209236611,1.3032413919766743,0.9655316869417826,1.161236693461736,0.0917126365626851,5.895903428395589,37.67980224817201
2016-06-24,Sangrur,0.0,0.0507785928327523,0.1497198456366147,1.310146255152566,1.1625958388405186,0.3969872646432902,6.052718622343881,59.29819732962589
2016-06-24,Sunam,0.0,0.0388212896151734,0.4032744887684072,1.4040481405598777,1.2212406652314325,0.1419162283917623,6.295788747923715,50.07354264299383
2016-06-25,Dhuri,0.0,0.0,0.1182881306687539,1.9790382276881824,1.3232228322462602,4.325922456654635,23.900975140658293,90.32991827979818
2016-06-25,Lehra,0.0,0.0,0.1425480830948799,1.933872535824776,1.0739152505993843,5.56655889749527,17.15881323814392,83.7309758104114
2016-06-25,Malerkotla,0.0,0.0,0.2902258595983897,1.8580662224973952,1.479121825524739,4.588974467345646,21.834099292755127,108.77355788180694
2016-06-25,Moonak,0.0,0.0,0.332352913916111,1.6135579546292622,1.1559840142726898,5.848199009895325,14.472225507100424,86.4578130469648
2016-06-25,Sangrur,0.0,0.0,0.2334191842237487,1.832916970763888,1.2477501737219947,4.403193805898939,23.371840000152588,93.02987672965642
2016-06-25,Sunam,0.0,0.0,0.194561097238745,1.8879079009805408,1.124932770218168,4.815061807632446,19.83460889543806,87.6547227714172
2016-06-26,Dhuri,0.0,0.2986870767040686,0.4252343679016286,0.5788739188150926,3.611708413470875,9.757974928075615,4.884380654855208,81.81327708851596
2016-06-26,Lehra,0.0,0.2895830050110817,0.4013326093554497,0.5062962658703327,2.808546081185341,13.72439032793045,4.001287087798119,90.055048052931
2016-06-26,Malerkotla,0.0,0.2771117043282304,0.6008398586085865,0.8763277126210076,5.3133606399808615,10.735729319708687,3.742061070033482,87.20556938925847
2016-06-26,Moonak,0.0,0.3058749015132586,0.4123260403672854,0.4813134272893269,2.641919632752737,14.115498542785645,2.6454018155733743,93.4014540247022
2016-06-26,Sangrur,0.0,0.3930388111621141,0.3729233507599149,0.6555878562586648,3.586871453693935,10.485685484749933,4.548094051224845,91.80127028122794
2016-06-26,Sunam,0.0,0.39844668337277,0.3969249959502901,0.5428214658583913,2.9929220335824147,11.995875358581545,4.326791031020028,90.38630786004796
2016-06-27,Dhuri,0.0401463829488916,1.297098541801626,3.923180005767129,11.580019409006292,6.786906220696189,5.730240735140714,6.628171422264793,76.31257711483623
2016-06-27,Lehra,0.0979521539993584,1.7879250273108482,2.580791294574737,14.166551649570463,6.819805413484573,5.443728297948837,4.466321676969528,84.84352376247779
2016-06-27,Malerkotla,0.0604874133132398,1.3428326057536262,4.829760670661926,6.854003957339695,7.9815354858125955,6.7110572883061,7.123226744788034,79.8940950635865
2016-06-27,Moonak,0.1672631446272134,1.276531745990117,2.7755358616511026,8.375870704650879,5.041883707046509,4.317047754923503,4.24926773707072,90.61627585093395
2016-06-27,Sangrur,0.0659163826411323,1.9423573783465795,4.455499057258878,14.884420837674822,7.075071930885315,6.398951717785427,7.153928807803562,85.9177357992069
2016-06-27,Sunam,0.0842559413452233,1.9416545161179133,3.5880820069994246,15.634449652263095,6.915885312216623,5.988229376929147,6.150219082832336,84.48031251507643
2016-06-28,Dhuri,0.2275054336271502,0.1821883622218262,5.389828378503973,20.83826290477406,26.054208408702504,6.455547787926414,1.7577814622358845,75.34840490682689
2016-06-28,Lehra,0.427330819889903,0.1789720174856484,5.591794669628143,12.652845799922943,19.6194064617157,8.906514465808868,2.3639144226908684,84.53843279314593
2016-06-28,Malerkotla,0.099592898307102,0.1206201802540038,7.0424210003444125,26.35947826930455,28.139556339808877,5.036872046334403,1.35458248427936,76.79502231739906
2016-06-28,Moonak,0.5068751076857249,0.12620235607028,4.968904614448547,11.772591749827066,21.055832862854004,8.006833831469217,1.8529620269934337,90.48349471445556
2016-06-28,Sangrur,0.3991722783872059,0.1274435823517186,6.701271380696978,22.169904674802503,24.21567508152553,7.220585022653852,1.9781369779791151,85.71076243723479
2016-06-28,Sunam,0.5127611043197768,0.1463015179282852,6.083551338740757,16.697599990027292,21.842986788068497,7.688203505107334,1.9563711370740615,84.0855295977872
2016-06-29,Dhuri,0.0988176956095478,2.2427776780995456,21.465161757035688,41.87218527360396,10.215899120677602,5.532567132603038,1.880805882540616,77.39140687116064
2016-06-29,Lehra,0.1712658209726214,3.336362898349762,14.191415846347809,39.46085476875305,12.03495478630066,6.523561507463455,1.992359891533852,84.58006049765076
2016-06-29,Malerkotla,0.1170689508851085,2.180668162448065,23.858120952333724,38.17990282603672,8.81016022818429,5.887708391462054,1.698091915675572,79.89096664394741
2016-06-29,Moonak,0.1427230735619863,3.573766569296519,13.976839065551758,36.486518224080406,12.26667070388794,6.547510743141174,1.9892322023709612,89.90619139375707
2016-06-29,Sangrur,0.1315844066973243,2.565918002809797,24.506017787115915,39.9814030783517,10.269583889416284,5.684752464294434,2.280089250632695,87.15284471622256
2016-06-29,Sunam,0.1852741645915167,2.8669172951153348,20.89587375095912,39.39347921098982,10.966728959764753,5.66389148575919,2.107075001512255,85.04531558796565
2016-06-30,Dhuri,3.3115093382922085,14.254911422729492,16.8108531778509,8.521932450207798,2.910971598191695,7.515357689423994,0.5919772440736945,82.33015725876629
2016-06-30,Lehra,2.1195118874311447,22.47172164916992,16.932754039764404,6.675697922706604,5.064873218536377,4.77289092540741,0.7337300423532724,85.62421075362145
2016-06-30,Malerkotla,3.5882836835724965,14.959562437874933,16.245835031781876,9.211433563913618,2.6243234319346294,8.261009778295245,0.5698482713529042,85.37749884951239
2016-06-30,Moonak,1.994006951649984,26.989910284678142,15.77517875035604,5.928603847821553,5.848747491836548,4.5909427007039385,0.3722047905127207,89.0570809253446
2016-06-30,Sangrur,2.668687079633985,18.242826563971384,18.929148401532853,9.140318172318596,3.6438728400639127,7.469866258757455,0.6656050341469901,88.77399233170071
2016-06-30,Sunam,2.0365031957626343,21.990089109965734,18.16316979272025,8.089424133300781,4.448082728045328,6.010939700262887,0.6640390306711197,86.29605301479367
2016-07-01,Dhuri,11.48590105230158,14.504606767134232,4.875135638497093,2.1588830785317854,10.890882448716598,7.006485787304965,8.376234076239847,48.043168294630355
2016-07-01,Lehra,9.353595077991486,9.09054958820343,5.920675158500671,1.883223533630371,5.815941691398621,3.6020222306251526,10.400626301765442,59.07909900086913
2016-07-01,Malerkotla,13.977505104882376,18.13577965327672,3.338407009840012,2.0855946242809296,13.105956520353043,7.900834321975708,7.261446186474392,47.76052893976282
2016-07-01,Moonak,9.654438734054564,9.342791477839151,5.437820275624593,2.042366454998652,5.303676923116048,3.327369193236033,9.79007609685262,64.85015344256641
2016-07-01,Sangrur,12.754711832318987,16.254386561257498,5.290570437908173,1.964706105845315,8.135509218488421,5.942331876073565,10.152279921940394,54.5442359543163
2016-07-01,Sunam,10.478646550859724,12.737184592655726,5.962803704398019,1.9487845982824048,6.733440143721444,4.566878369876316,10.86017608642578,56.1116329511672
2016-07-02,Dhuri,8.868551384318959,2.8319593451239844,1.8026077151298523,36.75066670504484,29.440075874328613,4.023117282173851,3.544595740058205,30.13677157303617
2016-07-02,Lehra,10.3048437833786,4.911527261137962,1.7750738263130188,19.462827444076535,25.419077396392822,2.66455851495266,3.841531604528427,21.1561724747777
2016-07-02,Malerkotla,8.85033995764596,2.6159693683896745,2.509427760328565,49.06531824384417,22.18075793130057,3.5658869998795644,3.1523225733212064,33.6022005448517
2016-07-02,Moonak,10.325804074605308,4.218531310558319,2.242045521736145,20.712608496348064,16.3341060479482,2.464683791001638,4.0694231788317365,17.373748386985135
2016-07-02,Sangrur,10.417630536215643,3.047216049262456,1.9540539171014517,32.140386717660085,30.380927290235245,3.356413415500096,5.017044927392687,26.98003237475743
2016-07-02,Sunam,10.026241557938713,3.4991586123194014,1.874083365712847,25.66881207057408,27.50616911479405,3.018056341579982,4.882515413420541,23.2391683681087
2016-07-03,Dhuri,11.424314238808371,0.4230918410149487,9.796832128004594,11.736874450336805,0.0542096750789575,2.6985670057210056,3.4428494410081343,26.395306499149434
2016-07-03,Lehra,7.510362058877945,1.0611260123550892,5.616760462522507,7.618526369333267,0.1230350534897297,3.790192991495133,7.274880021810532,11.629740528103936
2016-07-03,Malerkotla,9.915270958627971,0.6055486345929759,12.310171059199742,12.209190317562648,0.1859152503976864,2.3579022118023465,2.7399573155811856,31.221590157283387
2016-07-03,Moonak,7.366955955823262,1.2715942958990734,5.368517915407817,7.336254358291626,0.1168645105014244,3.5626829663912454,9.31800897916158,7.731060668978402
2016-07-03,Sangrur,10.402107000350952,0.6870727624211993,8.838048815727234,10.755157777241298,0.1029786870681813,3.559673956462315,4.379079691001347,20.678228172521465
2016-07-03,Sunam,9.641271489007131,0.7151291391679219,7.133829201970782,10.070285320281982,0.0641043065781039,3.709874766213553,5.790294647216797,15.585064036882274
2016-07-04,Dhuri,0.7596331401304766,5.673472902991555,7.380418929186734,2.9122631658207285,1.5516579422083767,5.876757231625644,7.232231942090121,29.913272975021528
2016-07-04,Lehra,0.2533920519053936,3.363170757889748,6.485981732606888,0.8496788386255503,1.5807599872350693,5.689707398414612,11.935020685195925,12.523668571253987
2016-07-04,Malerkotla,1.3744171048913685,7.569686123303005,7.212628517832075,3.3740911739213124,1.660678961447307,5.985162087849209,5.806313174111502,34.32973276799811
2016-07-04,Moonak,0.1325742124269406,3.3778486053148904,5.142635405063629,1.034468521674474,1.4513404071331024,5.011095285415649,12.762655099232992,7.513454862664375
2016-07-04,Sangrur,0.6793824870671544,5.037132825170245,6.234695008822849,2.2961698791810443,1.7288090586662292,6.207145128931318,8.99888367312295,23.39258467326847
2016-07-04,Sunam,0.3295010589063167,4.094425456864493,5.859340361186436,1.363897687622479,1.7246186690671104,5.478046076638358,10.759347881589616,17.478873901622492
2016-07-05,Dhuri,2.034095035357909,6.690812641924078,0.3813224489038641,1.286748853596774,1.1916151561520316,1.8082555803385647,1.3189247954975476,31.454377198395566
2016-07-05,Lehra,1.3262961991131306,4.317003831267357,0.5369600858539343,1.1110462173819542,1.703226312994957,1.1404960863292215,1.0764973051846027,13.055802122458893
2016-07-05,Malerkotla,2.981055894068309,9.61991844858442,0.4307001893009458,1.5601919634001595,1.4976578674146108,2.3134376385382245,1.580764461840902,35.97859983775055
2016-07-05,Moonak,1.792290488878886,4.327008287111918,0.6395150472720464,1.338155448436737,1.7740695476531982,0.8241231044133505,0.9986699670553209,8.153829618671237
2016-07-05,Sangrur,2.599765775459153,6.756506681442261,0.4208040833473205,1.251778164080211,1.7163608457360948,2.094059841973441,1.435501096504075,24.170011864157292
2016-07-05,Sunam,2.007035508751869,5.293105704443796,0.4550860119717462,1.1402505763939448,1.7637271923678262,1.452557874577386,1.2536350573812212,18.57168951934278
2016-07-06,Dhuri,1.9126322161067613,0.631199526515874,2.5945858738639136,2.845125209201466,1.0093846835873344,0.2357784618030894,1.4938821630044417,28.108994421694135
2016-07-06,Lehra,0.2326289294287562,0.3797904886305332,3.104661464691162,3.6092405170202255,0.9642420224845408,1.0022332333028316,1.16464326903224,11.547868233397223
2016-07-06,Malerkotla,3.217956040586744,0.4725125314933913,2.679727384022304,2.7365744582244327,1.2433115818670817,0.3840155942099435,1.629834703036717,31.476369437805957
2016-07-06,Moonak,0.3559724166989326,0.2072248347103595,3.086880405743917,3.345815141995748,1.2197210490703585,1.2166761457920074,1.929253419240316,7.508870075961285
2016-07-06,Sangrur,1.2050860460315431,0.6103146906409945,3.002583605902536,3.2056567754064287,0.959429994225502,0.2292270436882972,1.62526002739157,20.833657279058162
2016-07-06,Sunam,0.5084007222737584,0.5170450913054603,3.1410646608897617,3.3465517503874644,0.9399811519043786,0.4728632356439318,1.4735317719834191,16.164883621552722
2016-07-07,Dhuri,0.3330992886965925,3.3449748754501343,3.5058846907182173,2.4515213695439426,2.513551181012934,3.90526206926866,12.19354417107322,69.32511804537518
2016-07-07,Lehra,0.197867379989475,3.4742867201566696,3.325962021946907,3.0845582336187363,2.105230860412121,2.278425000607968,15.578584432601929,41.33294560184506
2016-07-07,Malerkotla,0.2771202663757971,2.6216832527092526,3.790199143545968,2.27843234368733,2.9255958880696977,4.484333370413099,12.628636939185006,71.29553983504218
2016-07-07,Moonak,0.0993510686481992,3.34435244401296,3.170433600743612,3.0560850898424783,1.8749169905980427,1.580822765827179,17.74111008644104,37.94122513406472
2016-07-07,Sangrur,0.2167900194014821,3.6908550347600655,3.0249592661857605,3.0733021668025424,2.745517270905631,3.378761112689972,15.113483497074672,62.17407412867142
2016-07-07,Sunam,0.184535960267697,3.779618127005441,2.846580709729876,3.322030706065042,2.5006993881293704,2.5595009880406514,17.07838477407183,54.1666618690748
2016-07-08,Dhuri,2.6898977864872324,3.3815863240848887,3.194292729551142,2.8100948983972724,1.267327238212932,9.331803213466298,12.861478025263006,94.1166074948853
2016-07-08,Lehra,1.5643066801130772,2.710607022047043,2.5948386639356613,3.3247810304164886,1.429261900484562,8.353909760713577,12.750274121761322,58.21510719644617
2016-07-08,Malerkotla,2.070668463196073,4.154999051775251,4.116290611880166,2.8375514575413296,1.645238729459899,12.084429791995458,14.280907017844063,95.03637317759649
2016-07-08,Moonak,1.2005025893449783,3.993372360865275,2.7567078868548074,3.712441921234131,1.7062613268693287,10.290675242741903,14.16846211751302,55.28454127086947
2016-07-08,Sangrur,3.153999754360744,3.669814616441727,3.725514995200293,3.228970570223672,1.2173450206007277,8.266763142177037,13.745516402380806,87.16110976167336
2016-07-08,Sunam,2.4194867653506145,3.2538248896598816,3.191311035837446,3.264692280973707,1.2257583056177412,8.053033726555961,13.79222573552813,74.18906500468744
2016-07-09,Dhuri,1.2753220119259574,3.1952615651217373,2.94203613021157,4.61571292443709,4.6078820120204576,6.903339776125821,2.717041178183122,99.28253259586793
2016-07-09,Lehra,1.848118357360363,2.0747866705060005,3.250170141458512,3.2693121284246445,6.170159161090851,4.270615056157112,3.0118114352226257,69.05721537182481
2016-07-09,Malerkotla,1.1743749273674828,3.692149579524994,2.7006265010152544,4.987867593765259,5.785724699497223,8.705668636730739,3.4934771401541576,94.3977691074922
2016-07-09,Moonak,1.8432754874229431,2.304397304852804,3.244085192680359,3.740959942340851,6.36821977297465,3.9340625007947287,2.994773189226786,65.07642122998939
2016-07-09,Sangrur,1.6661770982401711,2.657364415270941,2.868062964507512,3.935444414615631,4.73474839755467,7.423002098287855,2.455610513687134,96.89314951908842
2016-07-09,Sunam,1.759944179228374,2.3202098991189684,3.2064335686819896,3.667745360306331,5.237102329730988,5.91196392263685,2.453364155122212,85.15339668964
2016-07-10,Dhuri,1.5416877540675076,1.1203765869140625,4.390371452678334,10.946251804178411,29.610765543850984,16.71471218629317,24.23964344371449,101.09261618792145
2016-07-10,Lehra,1.3423555754125118,2.315900430083275,4.893254637718201,12.579750180244446,22.35154020786285,17.533845841884613,16.8781641125679,72.25975796902914
2016-07-10,Malerkotla,1.911913560969489,1.0029972791671753,3.962615558079311,10.930693677493505,30.997744219643728,17.614320073808944,26.158308029174805,94.0924392097674
2016-07-10,Moonak,1.658295313517253,3.4515493512153625,4.4667512973149615,14.256919225056969,22.78923336664836,20.205390294392902,16.268182675043743,69.83307754657581
2016-07-10,Sangrur,1.56673886520522,1.1711841842957906,4.438228743416922,14.943916422980172,29.71929441179548,19.105055740901403,23.534619671957834,99.09085924917025
2016-07-10,Sunam,1.5036585586411613,1.5919929955686842,4.55502770628248,14.891409192766462,26.54437964303153,20.07981804439,17.793031181607926,87.65201811910356
2016-07-11,Dhuri,2.081573925235055,1.428040623664856,11.538913076574152,13.942512078718703,25.064972964200106,7.25100174817172,18.565244587984957,101.01358723196248
2016-07-11,Lehra,1.6540033146739006,1.1614828035235405,14.803826928138731,9.050389021635056,27.0313458442688,6.376974850893021,15.075593292713164,81.51402132667396
2016-07-11,Malerkotla,2.278636702469417,1.659259808915002,13.145813635417394,16.50424405506679,22.06034074510847,9.35871262209756,20.54498086656843,92.04724294939744
2016-07-11,Moonak,1.6224749088287354,1.0548923164606094,17.510018666585285,12.680855909983316,26.9321026802063,6.388060172398885,15.675254821777344,81.17395259358186
2016-07-11,Sangrur,2.03017349754061,1.517528201852526,14.431842906134468,15.235683952059064,27.720581531524655,7.888252343450274,21.26621263367789,101.63833223364128
2016-07-11,Sunam,1.7892215294497351,1.3544500512736184,14.741652386529106,13.067686421530588,29.517309733799525,7.060681240899222,19.823572669710437,92.55521106815787
2016-07-12,Dhuri,2.0132030682130293,7.286610906774348,27.26225168054754,27.1971002925526,13.501399603756992,6.107981183312156,6.010916211388328,97.00049296113141
2016-07-12,Lehra,1.3486852198839188,8.674695253372192,19.375515341758728,18.8678936958313,12.112574696540833,2.552566334605217,4.072866871953011,80.63151610634067
2016-07-12,Malerkotla,2.274890239749636,6.671224628176008,28.34236185891288,26.637738636561803,11.339525972093854,6.406002453395298,5.770308818135943,86.700347696064
2016-07-12,Moonak,1.4130608836809797,8.685968915621439,22.569666544596355,19.10400613149007,11.3369030157725,2.5508407950401306,4.777909119923909,79.71098696934625
2016-07-12,Sangrur,1.7137350738048551,9.204626509121486,27.468861034938268,27.55424445016044,13.99028652054923,4.580367454460689,5.339936579976763,99.90671056125586
2016-07-12,Sunam,1.4443546448435105,9.316669736589704,24.02667052405221,23.850815841129847,14.036542960575648,3.4873136281967163,4.664738893508911,90.97501139797916
2016-07-13,Dhuri,1.653616401282224,35.49756648323753,25.220297249880705,13.206949364055289,6.092359456149015,1.4928484423594042,5.505709919062528,96.78460381142952
2016-07-13,Lehra,5.767612993717194,37.32689905166626,31.96443545818329,14.245685279369354,7.269202649593353,1.0554562136530876,6.301421850919724,80.85833450085593
2016-07-13,Malerkotla,1.499344853418214,36.50779029301235,25.13586160114833,10.686884335109166,5.0404212474823,1.85241738813264,4.392684621470315,86.37576389094576
2016-07-13,Moonak,8.609876672426859,48.52485624949137,50.50455856323242,17.5519593556722,11.148191134134928,1.2366198301315308,7.088188211123149,80.23466078812811
2016-07-13,Sangrur,2.7498094865253995,38.44861439296177,33.79862131391253,16.66360650743757,7.985206161226545,1.7573707955224174,6.930867007800511,99.7568024927616
2016-07-13,Sunam,4.076768015112195,37.29285022190639,34.400245325905935,16.332463639123098,8.572027342660087,1.410396037357194,7.199573005948748,91.02748646784607
2016-07-14,Dhuri,9.714850382371385,27.251306360418145,13.614869724620473,16.5935283574191,3.3562347780574453,1.57652316310189,1.390827468850396,49.41439150353829
2016-07-14,Lehra,13.28791481256485,30.125056982040405,11.769750773906708,12.188843131065369,3.2454201579093933,2.2725247740745544,1.2025061435997486,48.5298774309463
2016-07-14,Malerkotla,10.481046846934728,26.35667569296701,13.978472130639211,16.07846634728568,2.872116608279092,1.666302957705089,1.1968446437801634,40.10847704241113
2016-07-14,Moonak,20.1700537999471,30.819687684377037,12.743066231409708,12.545636256535849,2.818545301755269,3.322251617908478,1.2667187352975209,48.64900410279076
2016-07-14,Sangrur,13.505210263388497,29.43155608858381,15.210936307907104,17.55295157432556,3.629834583827428,2.4005521493298665,2.238109224608966,54.8594660331046
2016-07-14,Sunam,13.999828372682844,29.6887925692967,13.439870595932009,14.754058531352452,3.481272569724492,2.483869356768472,1.829150493655886,49.920207394823
2016-07-15,Dhuri,19.999367583881725,15.91915156624534,10.157513791864568,3.706223834644665,0.4298704557798125,0.9365729174830696,5.623100855133751,22.303599927174268
2016-07-15,Lehra,20.866798877716064,11.627447307109833,8.336141020059586,2.3302801102399826,0.1107604359276592,1.1652938723564148,2.6843854784965515,30.951009386942715
2016-07-15,Malerkotla,21.37765227045332,20.40132716723851,9.526784351893834,3.477480249745505,0.699347442814282,0.9169546280588422,7.236510957990374,14.619586850196912
2016-07-15,Moonak,21.99682076772054,11.924201885859173,8.67932403087616,2.4207961757977805,0.086631973584493,1.4271991451581318,2.854356129964193,31.002049257871967
2016-07-15,Sangrur,21.118397780827117,17.00533856664385,11.0810786315373,3.537487362112318,0.1103048774280718,1.2538245895079203,4.880620181560516,27.60215139431685
2016-07-15,Sunam,19.005262647356307,13.281144755227226,10.5121591091156,2.9625011682510376,0.0644133784142988,1.354364997574261,3.699258148670197,28.661101851525846
2016-07-16,Dhuri,15.712909351695668,6.413134639913386,0.5033964582464912,0.033316437895833,0.1822169920937581,1.6928598338907417,4.727101575244557,9.75628102033125
2016-07-16,Lehra,15.345981299877169,6.88504159450531,0.3638444282114506,0.0871285379398614,0.0400740306940861,2.783100873231888,7.977288573980331,16.993418690851417
2016-07-16,Malerkotla,16.979389429092407,6.528355717658997,0.6440943862710681,0.0567224927113524,0.3511771565037114,1.754922581570489,3.058370854173388,6.894077813283575
2016-07-16,Moonak,18.43073034286499,6.818145434061687,0.3862845574816068,0.0572910448536276,0.0908985439067085,2.809714237848917,6.941764712333679,19.880434032857615
2016-07-16,Sangrur,15.901915311813354,6.545522400311062,0.4419158707771982,0.0704057881209467,0.0971194244255977,2.043183927025114,7.347541230065482,12.397720667422474
2016-07-16,Sunam,15.29939089502607,6.453838978494916,0.3372086105602128,0.1026286057063511,0.0759235940474484,2.3988087475299835,8.256484508514404,13.407909389589841
2016-07-17,Dhuri,8.955556934530085,0.7434390498833223,0.0192005002701824,0.9541064284064552,1.4303387728604404,5.508523442528465,9.862866379997946,6.737126759275602
2016-07-17,Lehra,8.84811583161354,1.9091691449284556,0.002123683647369,1.3715583756566048,0.3957146722823381,5.3738096952438354,16.24026244878769,13.109913195769842
2016-07-17,Malerkotla,9.860009704317363,0.4173492682831628,0.0313159329484083,0.965322841491018,1.4296831169298716,5.074308480535235,9.03795828138079,4.95922966256843
2016-07-17,Moonak,10.78990896542867,1.9497947593530016,0.010404868730499,1.5227281550566356,0.3906460776925087,6.3900976578394575,19.85490369796753,14.761397866143822
2016-07-17,Sangrur,11.301991547857012,1.1416791145290648,0.0066049097388583,1.270770930818149,0.9523115647690636,5.789299351828439,12.661422967910768,9.093108003285193
2016-07-17,Sunam,10.561296837670463,1.874702368463789,0.0024418606023703,1.319895680461611,0.5873056490506444,5.621401054518564,15.272007976259504,10.179215365480719
2016-07-18,Dhuri,0.923512960022146,0.0215183302802457,0.2899560301818631,3.783033999529752,5.68728121844205,6.795194669203325,10.808876687830145,3.754531144039779
2016-07-18,Lehra,0.3379854671657085,0.1806689603254199,0.3783884029835462,3.2110825926065445,7.895657777786255,2.926357120275497,7.296011060476303,1.817581159293513
2016-07-18,Malerkotla,0.8236380751643863,0.008298608224972,0.4281344003975391,3.8699289986065457,4.558616740362985,6.836872254099164,12.603979110717772,4.96710154837901
2016-07-18,Moonak,0.2818224628766377,0.1477331736435493,0.7985926419496536,3.4631434281667075,9.592698176701864,3.11630247036616,6.805054903030396,1.5660671954752845
2016-07-18,Sangrur,0.8747650299753461,0.0382658634667417,0.4777595568448305,3.471776570592608,6.84161102771759,5.882412774222238,10.231150133269171,3.530828339662836
2016-07-18,Sunam,0.6539326778479985,0.1150301778689026,0.5879781357944012,3.26402132000242,7.40869276864188,4.255884025778089,8.337055257388524,2.6103994606831886
2016-07-19,Dhuri,0.0,0.0207730824212459,14.719566496935755,7.907302683049982,5.24492930282246,19.21078170429577,23.041887630115856,12.525026914466718
2016-07-19,Lehra,0.0056155406418838,0.0097120028949575,8.345274597406387,11.856899797916412,11.90880936384201,19.67488992214203,17.996419668197632,8.865546624652684
2016-07-19,Malerkotla,0.0,0.0613184771167912,11.177712457520622,6.169741375105722,2.8122876414230893,14.976820639201572,25.46316889354161,14.751143434369617
2016-07-19,Moonak,0.0041509799969693,0.0052133668796159,4.712089161078136,14.799949407577516,12.78195571899414,19.725361982981365,16.636943101882935,9.23276810185754
2016-07-19,Sangrur,0.0,0.0497631668612094,10.642508353505816,11.17094429901668,7.007396297795432,22.099679606301443,19.056724105562484,11.512767357737912
2016-07-19,Sunam,7.849315339366772e-05,0.0195175752908523,8.998027886663165,12.38111959184919,9.49675520828792,22.40596410206386,18.873154095241,10.56717613533348
2016-07-20,Dhuri,0.0359104826877062,8.785050868988037,4.662802381948992,4.303010864691301,4.620474674484947,12.239553928375244,16.441404646093194,18.051603899458286
2016-07-20,Lehra,0.0962866060435772,4.765577912330627,3.368798464536667,3.5872914493083954,3.3154365569353104,14.07941907644272,17.60816365480423,13.42720807480249
2016-07-20,Malerkotla,0.0211502179237348,9.315912195614406,5.385493687220982,5.339180656841823,5.181214162281582,11.009745836257936,14.241936308997015,20.246289131787627
2016-07-20,Moonak,0.1708722524344921,4.698072572549184,3.6116125782330832,5.062416632970174,4.49934055407842,14.3359534740448,14.386951526006063,13.846271684556982
2016-07-20,Sangrur,0.0431957406524036,8.561860254832677,4.233393975666592,4.386934974363872,5.6015311905315945,13.53702415738787,20.743359770093644,15.693158158781667
2016-07-20,Sunam,0.0899115929912243,6.87936498437609,4.059738329478672,4.269249439239502,4.781833614621844,14.464928422655378,20.73711735861642,14.911774182593561
2016-07-21,Dhuri,1.467519012364474,2.722476959228516,4.323754754933444,2.549740504134785,4.907537872141058,9.31377866051414,4.018530813130465,20.572090973440666
2016-07-21,Lehra,1.2136130705475807,2.985838010907173,2.961126804351806,2.560437612235546,4.38661339879036,5.731464475393295,3.241729646921158,19.029305355065894
2016-07-21,Malerkotla,1.8474407068320684,3.245898102011,4.356317375387464,1.5658727692706245,4.867012577397483,10.555432030132838,5.6376332725797385,23.056887420379958
2016-07-21,Moonak,1.291785508394241,3.1960681478182478,2.063035229841868,1.7386553585529327,4.63489290078481,4.59275358915329,3.685554325580597,25.272834522445127
2016-07-21,Sangrur,1.431352095944541,3.1305898938860213,3.862393958227975,2.7319402481828416,4.800635440008981,8.374453851154872,2.9676850863865445,19.07358347460883
2016-07-21,Sunam,1.2764321565628052,3.25999368088586,3.241114318370819,2.8972345207418715,4.697747128350394,7.45829062802451,2.8453337720462253,19.422891609624486
2016-07-22,Dhuri,4.506603988734159,1.1160125894979998,0.918680577115579,3.437494418837808,8.30223595012318,11.959598497910934,13.126452272588557,24.401147415444896
2016-07-22,Lehra,2.034217268228531,1.2237843200564384,0.7809973694384098,1.873303145170212,2.395902305841446,10.47858440876007,9.23674064874649,20.648944869131675
2016-07-22,Malerkotla,5.282801117215838,1.3689689593655725,1.740384353058679,3.7358235205922807,9.858344078063965,10.292437825884138,13.40669924872262,26.21626354160364
2016-07-22,Moonak,1.8199417193730671,1.2077636619408925,1.0351969748735428,1.6470766564210255,1.2603746453921,7.326532642046611,8.556034326553345,26.823418424324995
2016-07-22,Sangrur,3.739174153123583,1.2105093087468828,0.977140011531966,3.3441501642976488,5.0335041880607605,13.234724828175136,12.6908221244812,22.716950591573625
2016-07-22,Sunam,2.9061781338282997,1.1807644154344286,0.6481571378452438,2.254278600215912,3.24247168643134,11.543390376227242,10.18203922680446,21.820904097102975
2016-07-23,Dhuri,0.6796066246249459,2.3187744346531955,3.202770471572876,4.034952261231163,7.212387930263173,7.935154329646718,7.097639625722712,25.09364566110698
2016-07-23,Lehra,0.8410523496568203,2.387647360563278,1.6111932173371315,5.464222490787506,5.745735704898834,6.412855327129364,6.789820045232773,22.889383695429128
2016-07-23,Malerkotla,0.7353073635271618,2.4334596821240018,3.253680731569017,2.9724975058010648,6.383736899920872,8.616821425301689,6.406161325318473,26.796640758395995
2016-07-23,Moonak,1.0064236670732498,2.7159557342529297,2.044049789508184,6.916403770446777,7.723634322484334,8.669345299402872,7.985228220621745,31.572029873916126
2016-07-23,Sangrur,0.739365673490933,2.4102955290249417,2.7884393674986705,5.037658997944424,6.504371404647827,6.454021402767727,6.651678511074612,23.778175781686812
2016-07-23,Sunam,0.7499673174960273,2.404125745807375,2.2728336453437805,5.62405822958265,6.625989232744489,5.796519126210894,6.541890042168753,23.48258121959026
2016-07-24,Dhuri,0.3250221135941418,3.018194870515303,4.016305955973539,7.08310942216353,10.121866963126443,4.541491703553633,2.1764252077449453,25.83204153993558
2016-07-24,Lehra,0.4425696991384029,1.8635814785957336,5.101556688547134,5.231783837080002,11.212532460689545,6.626074939966202,2.4977828711271286,25.232856321578495
2016-07-24,Malerkotla,0.3592572755047253,3.713723123073578,4.077202498912811,9.432372570037842,10.522388935089111,5.092436535017831,2.1894905482019698,27.729788996687248
2016-07-24,Moonak,0.3576952616373698,1.8810114860534668,4.378281692663829,5.081712126731873,9.692274888356527,5.563167452812195,2.2962205012639365,36.545521663517896
2016-07-24,Sangrur,0.4136366822889873,2.6402418187686374,4.315054680619921,5.060300367219107,12.9871278490339,6.125337839126587,2.23548322064536,25.050912388953336
2016-07-24,Sunam,0.4734978803566524,2.1347407272883823,4.2818703310830255,4.804200564111982,11.996889863695417,5.713912350790841,2.2518220373562405,25.101146599973475
2016-07-25,Dhuri,9.006709987466985,7.626878369938243,3.307701815258373,12.692296288230205,3.803879521109841,7.9179298877716064,5.2878523739901455,25.133460778977295
2016-07-25,Lehra,4.633537515997887,7.957934319972992,3.483644053339958,6.432558417320252,2.7944280356168747,6.9039081037044525,10.901491463184357,25.485325956423452
2016-07-25,Malerkotla,9.850425447736468,7.0550788130079,2.942151631627764,13.166521787643433,4.557908322129931,8.182938201086861,5.237614256995065,26.42250027244223
2016-07-25,Moonak,4.691798587640126,8.901837229728699,2.642109264930089,6.433486342430115,3.0714434385299683,6.428933382034302,9.62264613310496,37.09358988916317
2016-07-25,Sangrur,9.885725634438652,8.635113494736808,3.4542048147746494,12.202805348805018,4.019182358469282,9.479207106998988,6.595551814351763,24.85939836998716
2016-07-25,Sunam,7.972320743969509,8.586700524602618,3.404855029923575,8.83324544770377,3.536996296473912,8.06823466505323,8.531513452529907,25.26034417314899
2016-07-26,Dhuri,12.604180726138027,4.230800812894648,4.705122210762718,6.084632526744496,4.021851095286283,4.2331754185936665,3.895229783925143,16.239451952216573
2016-07-26,Lehra,12.650486648082731,3.049721524119377,2.168899767100811,2.798017308115959,4.357276901602745,5.217707246541977,5.397008419036865,18.27314380086456
2016-07-26,Malerkotla,9.810899887766157,3.2198986453669414,4.511572573866163,6.351653099060059,4.027831792831421,4.196629839284079,2.73809312922614,16.454951619285914
2016-07-26,Moonak,11.238506555557253,2.666167616844177,1.9376083314418795,2.4515181382497158,4.184453686078389,5.736468156178792,6.349276065826416,29.844067737147533
2016-07-26,Sangrur,12.390181984220233,3.2025045113904134,4.128368718283517,5.291643747261593,3.563104263373784,4.530651892934527,4.529445673738207,16.978471874186596
2016-07-26,Sunam,13.117812769753591,2.7659375284399306,3.1622447967529297,3.9838786891528537,3.588743346078055,5.15694579907826,5.277879672391074,17.561257682139853
2016-07-27,Dhuri,8.937843322753906,14.839783798564564,15.02463505484841,6.68772863258015,4.123077295043252,4.874574867161837,1.4869804761626504,11.728929237451819
2016-07-27,Lehra,28.167060136795044,20.693475365638733,14.721153378486632,13.716169774532318,4.474451318383217,5.717013537883759,1.8366053774952888,13.94813732113444
2016-07-27,Malerkotla,7.513022456850324,12.202461072376796,14.529088190623693,4.3267655202320645,4.5502703700746805,4.299971887043545,1.287175938487053,11.18754813089368
2016-07-27,Moonak,27.087529341379803,20.345168113708496,12.819647709528605,14.7912335395813,4.652692437171936,4.399291972319285,2.463544527689616,24.88927566813583
2016-07-27,Sangrur,13.481802225112917,17.51655125617981,18.053144761494227,13.369969810758318,4.161954368863787,5.616220738206591,1.2642958675112044,14.19711919130252
2016-07-27,Sunam,22.301010506493704,21.4932154246739,18.706938368933542,17.328691584723337,4.25835987499782,5.784071104867118,1.5433609996523177,14.316236873925074
2016-07-28,Dhuri,3.3614243919199165,4.813639066436074,6.150711297988892,4.540524916215376,3.0158610343933105,2.669925196604295,1.3503829647194256,9.042256372945952
2016-07-28,Lehra,2.7089326679706573,7.694642782211304,6.825327754020691,4.6634001433849335,2.3731118887662888,1.962968036532402,0.2638249513693154,8.770408088223784
2016-07-28,Malerkotla,3.9205291526658193,4.323665704045977,5.595621653965542,4.797896002020154,3.163284855229514,3.6798221383775984,1.7011902630329132,8.218788502094963
2016-07-28,Moonak,3.979886194070181,8.60277291138967,5.989455660184224,4.827473998069763,2.4739003777503967,1.6236664553483326,0.1642905961101254,14.64216329022689
2016-07-28,Sangrur,3.750789936099733,6.402389100619724,6.245560884475708,4.661818734237126,3.368448623589107,2.601694537060601,0.5835919167314257,10.647306569474537
2016-07-28,Sunam,3.4427780551569804,8.136649778911046,6.44035587991987,4.681677120072501,2.7675953848021373,2.1161063568932668,0.2715584446809121,9.89234990193664
2016-07-29,Dhuri,0.4208855019374327,1.254581099206751,1.5892551162026145,2.601972146467729,4.599799134514549,1.6206807819279758,0.3048763715408065,10.01286998562728
2016-07-29,Lehra,0.4764364901930094,1.7898904085159302,1.9610669314861295,2.3350451216101646,7.752498477697372,2.320856638252735,0.8217980340123177,9.399618691379287
2016-07-29,Malerkotla,0.5861164565597262,0.9791175233466284,1.274820979152407,2.489214760916574,4.212406039237976,2.005554380161421,0.1499612722545862,8.68592674623568
2016-07-29,Moonak,0.4406121348341306,2.244058837493261,1.985647847255071,2.046459307273229,8.432509581247965,3.5599159598350525,0.9018849631150564,14.86994553762556
2016-07-29,Sangrur,0.2500145354175141,1.6047703410897936,1.8470432673181807,2.7729195526668,5.190313271113804,2.414747084890093,0.4246854830001081,13.99018575538435
2016-07-29,Sunam,0.3610468256686415,1.8471815926688055,1.9619074548993791,2.469915709325245,6.938103573662894,2.6273908019065857,0.7246508087430682,12.454149249527358
2016-07-30,Dhuri,1.1392902298407122,3.461634798483415,1.8165148334069685,3.0669725808230317,3.432326999577609,3.796679084951228,2.3386464660817925,19.594086937453124
2016-07-30,Lehra,1.0316684804856775,2.012848548591137,3.0331516712903976,2.3867244124412537,3.049721732735634,3.197072207927704,1.069911926984787,11.120247668937637
2016-07-30,Malerkotla,1.037723183631897,3.71016697372709,1.3118311826671871,2.9315388926437924,3.2434012634413585,3.676884795938219,3.2777874214308604,22.724953209551284
2016-07-30,Moonak,0.9083083420991898,2.0753382543722787,3.663986245791117,1.9791500965754192,2.961982548236847,2.6164773305257163,1.0277576049168904,13.315404928350974
2016-07-30,Sangrur,1.0655147795166289,3.0581980688231334,2.527486354112625,2.660012185573578,3.5238081983157565,3.811558135918209,1.507967859506607,19.000547038669165
2016-07-30,Sunam,0.964461571403912,2.402712366410664,3.0834835341998508,2.6975264889853343,3.3293658665248325,3.6434692570141385,1.079273692199162,16.284054924265867
2016-07-31,Dhuri,1.3706837025555698,3.6102361137216734,1.2439296299760991,0.2209469344128262,2.83128667419607,10.040950948541814,16.548129992051557,20.603324590952354
2016-07-31,Lehra,0.967835184186697,1.9651445001363756,0.2437573764473199,0.0365321391727775,2.125494435429573,5.653262555599213,14.160833060741425,15.534115627830285
2016-07-31,Malerkotla,1.7708738573959897,4.019687856946673,1.7191522930349623,0.256718818630491,2.9750181564262936,11.101884978158134,14.46100664138794,23.454417768027778
2016-07-31,Moonak,0.8312907119592031,1.656054933865865,0.127131689650317,0.0464495634660124,2.691484828790029,5.627437512079875,11.980371554692589,17.075801843810368
2016-07-31,Sangrur,1.0001129422869002,3.0548997265951976,0.4774657274995531,0.195787623790758,3.698970096451896,8.829646808760506,17.07663699558803,21.30275102092734
2016-07-31,Sunam,0.9426190065486092,2.291415844644819,0.2474026061328394,0.0854882293912981,3.45560650740351,6.708775758743286,15.688075167792183,20.48446431254514
2016-08-01,Dhuri,0.078146641481329,0.207020378248258,1.3553346558050676,4.807679826563055,8.945394776084207,14.144794550808994,19.03519595753063,24.63128807394684
2016-08-01,Lehra,0.0621876188088208,0.1758872270584106,0.8721971400082111,3.905405178666115,9.885650396347046,12.62050485610962,25.396021842956543,17.285892588715065
2016-08-01,Malerkotla,0.1142588577100208,0.1863067203334399,0.9504744921411786,4.344060727528164,8.617065736225673,15.09943893977574,18.66068976266044,28.25097148576655
2016-08-01,Moonak,0.132179856300354,0.1851639126737912,0.7516144116719564,5.750356634457906,12.018838246663412,19.520028193791703,35.744521141052246,18.673164095358867
2016-08-01,Sangrur,0.1214110860601067,0.1565079417611871,1.542308658361435,4.907100319862366,10.927950961249216,15.566891465868268,21.66609948022025,23.87034274129088
2016-08-01,Sunam,0.0693048377122197,0.1527870944035904,1.2251694585595811,4.621866720063346,10.529852867126465,14.61756260054452,24.422971384865896,22.361362258713513
2016-08-02,Dhuri,0.3865826725959778,0.1973300928419286,1.123723387718201,6.276929096742109,22.743004712191496,14.0348914753307,10.691852742975408,31.34241720381682
2016-08-02,Lehra,1.0102254003286362,0.2811201382428407,0.4136171136051416,5.8155099749565125,24.319873213768005,13.123659908771517,11.982868313789368,25.555008842244348
2016-08-02,Malerkotla,0.4416411476475851,0.0851159486919641,1.541167512536049,8.932302287646703,22.040197917393275,14.04810278756278,10.872499431882586,35.46224681605111
2016-08-02,Moonak,0.7034571568171183,0.2861865858236949,0.4181645388404528,6.747378985087077,25.97511561711629,14.332045237223308,11.199357827504477,22.847562239087033
2016-08-02,Sangrur,0.3976268635264465,0.2752407932920115,0.8971615944589887,8.318844369479589,28.20652048928397,18.641080141067505,12.411398921694074,33.08617269800385
2016-08-02,Sunam,0.5303137094846794,0.2768194425318922,0.6199422574469021,7.234043410846165,28.571518966129847,17.776533365249634,12.783760922295707,30.91585663915962
2016-08-03,Dhuri,0.55955039777539,6.246358134529808,18.504526701840486,17.61408589103005,12.872005766088312,10.646210345354946,16.654709209095348,36.583236256210405
2016-08-03,Lehra,0.6410889215767384,3.606547713279724,15.38639348745346,20.91964364051819,10.878082573413849,11.243087112903597,15.275873839855194,36.72938046778302
2016-08-03,Malerkotla,0.3031030265348298,7.087014521871295,15.530601228986468,15.70930358341762,11.40619717325483,11.106984376907349,16.540774277278356,40.5496263378911
2016-08-03,Moonak,0.5101336762309074,3.48857190211614,11.974800984064736,23.729416211446125,10.970179557800291,12.445130904515583,16.33616002400716,32.27421334882844
2016-08-03,Sangrur,0.8982486916439874,6.245415006365095,20.326501641954696,20.045866625649587,15.72984038080488,13.421030691691808,17.79671345438276,38.967416678956695
2016-08-03,Sunam,0.8887429918561663,4.944123949323382,18.45821731431144,21.5565344946725,13.168581928525652,12.24760525567191,16.549610716956003,40.00106161194111
2016-08-04,Dhuri,1.5554611086845398,14.031799446452748,17.330716956745494,13.902962337840687,8.836400660601528,4.377624663439664,3.9888466704975474,42.290968685309
2016-08-04,Lehra,1.4546647742390633,6.437199294567108,17.189152896404266,13.06849879026413,9.527342677116394,9.867988169193268,6.005896240472794,44.56244985671604
2016-08-04,Malerkotla,1.9771055664334976,15.687139817646573,18.39611230577741,13.808449472699849,9.110441207885742,3.0151838149343217,3.818031472819192,45.146701639801975
2016-08-04,Moonak,1.5334231555461884,6.307174603144328,16.7007843653361,12.504465818405151,10.736366828282677,10.263908783594768,5.761266708374023,41.8113935922281
2016-08-04,Sangrur,1.542226880788803,12.552301509039742,19.80678153038025,15.572867393493652,10.125794853482928,7.161640729222979,4.991613124098096,45.416320196251974
2016-08-04,Sunam,1.654732516833714,9.668763450213842,18.657120329993116,14.418308837073187,10.02192873614175,9.356125031198774,5.3604331868035455,47.01635751534827
2016-08-05,Dhuri,9.026915030045943,13.140288699756969,16.73934940858321,7.053312084891579,10.42170476913452,11.28529253872958,4.7621975486928765,48.46082245983453
2016-08-05,Lehra,9.306747078895569,13.388593137264252,14.763870775699615,6.090376913547516,13.452596187591553,13.284487187862396,3.70997653901577,53.75201425455028
2016-08-05,Malerkotla,9.65011305468423,13.881502560206822,18.31658206667219,6.894635558128357,9.823815039225988,11.918071814945764,6.232452852385385,49.31559727612351
2016-08-05,Moonak,8.288789987564087,10.766554594039915,13.891272147496542,7.499494830767314,15.229546229044596,12.7331751982371,3.0593674381574,51.50888170270653
2016-08-05,Sangrur,10.63254942212786,12.862511566707068,16.710012333733694,7.185342737606594,13.11156736101423,12.032658474785942,4.7693087458610535,53.319060551944965
2016-08-05,Sunam,10.517956972122192,13.18279494558062,16.155863523483276,6.617640835898263,14.20075157710484,12.614782878330775,4.064068368503025,56.86177765790949
2016-08-06,Dhuri,19.19666160236705,7.919251506978815,9.524126226251775,13.59993687543002,7.616111798719927,0.8275524973869324,1.391229824586348,37.62938617625801
2016-08-06,Lehra,9.443735718727112,4.039741650223732,14.48075944185257,18.219902634620667,15.798992395401,1.465869627892971,3.184603914618492,50.36583076550728
2016-08-06,Malerkotla,21.519442422049387,7.838571889059884,10.470403126307897,12.51471849850246,8.702197977474757,0.6852593336786542,1.097995434488569,34.1711730352237
2016-08-06,Moonak,7.312325159708659,3.864970584710439,17.157884041468304,17.59839105606079,15.079131285349527,1.4182000160217283,3.5752599835395813,49.58473624248156
2016-08-06,Sangrur,16.190521103995188,8.555561457361494,10.915054900305613,16.005039181028092,9.895877770015172,1.2473371837820326,2.3059821597167423,46.79044386911791
2016-08-06,Sunam,12.613359246935165,7.163522754396711,13.1213241985866,17.84078025817871,11.541125808443342,1.4236280236925398,3.022699637072427,51.244549180589246
2016-08-07,Dhuri,12.245797807520086,2.419297147880901,8.506131258877842,13.763937559994783,16.393807411193848,3.905493974685669,0.4776228246363727,35.441850136297894
2016-08-07,Lehra,7.794862300157547,0.8613488748669624,10.953980207443236,30.30744051933289,21.67561709880829,5.223181128501892,1.2809775322675705,43.90390838984037
2016-08-07,Malerkotla,11.917023147855486,3.2605512823377336,6.989109941891262,9.828423874718805,13.518309729439872,3.08615631716592,0.3510934545525482,32.23722189088086
2016-08-07,Moonak,6.363169153531392,0.9339324335257212,10.600568294525146,30.578807671864823,20.406397501627605,5.227250337600708,1.2106068432331083,41.37856495438916
2016-08-07,Sangrur,11.136656863348824,1.6389300291027342,10.76174521446228,17.35654742377145,19.16691201073783,5.178135309900556,0.7305358882461276,42.952372641011024
2016-08-07,Sunam,8.92419329711369,1.0980874534164156,11.125288452420916,23.081867218017575,21.71869373321533,5.657874575683048,1.0704949349164965,45.39308454670034
2016-08-08,Dhuri,4.80268360267986,3.160567245700143,13.176583246751266,3.718724792653864,2.878432360562411,3.4073472889986904,2.744095054539767,31.557407069957314
2016-08-08,Lehra,4.264303654432297,3.351134732365608,11.867235839366913,10.911089599132538,1.1855372823774817,3.6209038496017456,4.514245703816414,42.01073497344883
2016-08-08,Malerkotla,4.710100446428571,3.940168457371848,13.63463820729937,2.7701424275125777,3.92664326940264,3.906837957245963,2.124994205577033,27.590884784023675
2016-08-08,Moonak,4.004906535148621,4.528644065062205,10.311514457066854,11.164616584777832,1.4194243003924687,3.8699717919031777,5.098487734794617,39.42089589925071
2016-08-08,Sangrur,5.942833687577929,4.893806551183973,13.483200788497925,4.737986138888767,2.0437135824135373,2.8628004023006985,3.1711282304355075,40.171891194922
2016-08-08,Sunam,5.447082936763763,4.4221678631646295,12.436018807547432,8.039270520210266,1.7032842997993742,3.3138803158487597,3.862977683544159,43.166004400715686
2016-08-09,Dhuri,5.170389045368541,3.5891229564493354,11.610600038008256,1.649151455272328,1.328651791269129,0.0760828336192803,1.2271479666233065,25.78015738763491
2016-08-09,Lehra,1.8231899067759516,4.173078641295433,8.05386397242546,3.851876676082611,1.94208749383688,0.1701609771698713,0.9676269218325616,33.32586037773632
2016-08-09,Malerkotla,6.773108107703073,4.159412971564701,10.895242605890546,1.767582478267806,1.5486161240509575,0.0781611727351056,1.269116386771202,21.879458066945276
2016-08-09,Moonak,0.985515423119068,5.236853082974752,8.785045822461447,6.117490768432617,2.516581525405248,0.2560389700035254,1.2028306275606155,34.182066861655805
2016-08-09,Sangrur,5.858144811221531,4.091797036784036,14.43605661392212,3.0335075174059187,2.2625168561935425,0.1494768913835287,1.7131219165665763,30.736149559393798
2016-08-09,Sunam,3.8924316423279897,4.112989587443216,12.060415523392814,4.09361133830888,2.364467212132045,0.1708327140659093,1.4694221573216577,34.02564936241014
2016-08-10,Dhuri,29.05120927637273,15.467168027704412,7.100413777611473,4.210692828351801,0.7510390430688858,1.953758185560053,2.2623909169977363,24.546166785525752
2016-08-10,Lehra,35.96273720264435,13.700044572353365,8.00570398569107,3.766124963760376,0.8912445791065693,0.9926364086568356,1.632190391421318,24.75326351001719
2016-08-10,Malerkotla,29.148958819253103,15.802559784480504,6.89899126120976,5.297926528113229,0.8514459612114089,2.50045012150492,2.214350943054472,22.529900597692247
2016-08-10,Moonak,41.4621696472168,13.949294805526732,9.458136757214865,3.479000508785248,1.4957104722658794,1.3789542863766353,1.843198984861374,26.99970871076387
2016-08-10,Sangrur,37.46735286712647,20.738335507256643,9.172950846808297,5.045738858836038,1.170402358685221,2.2101516276597977,2.252432478325708,26.954153169933672
2016-08-10,Sunam,39.6883613722665,18.32968977519444,9.265443427222117,4.661515593528748,1.0193177025232996,1.6937164941004343,1.8157318021569933,28.09001576383188
2016-08-11,Dhuri,1.327507590705698,1.2635047029365192,1.0040484368801117,0.4188761169260198,0.3396553282033313,2.024856399406086,1.2423181533813477,24.26207119037374
2016-08-11,Lehra,1.6245716996490955,2.0289130806922917,1.49488615244627,0.7070117462426424,0.3514566095545888,2.019738331437111,1.0829198695719242,17.53412713165681
2016-08-11,Malerkotla,1.9356798827648165,1.1426122124705995,1.2704455660922187,0.6065366268157959,0.4355131387710571,1.7879059059279303,1.4201376565865107,22.541258292379123
2016-08-11,Moonak,2.4438755909601846,2.015578786532084,2.104696830113729,1.2313738216956456,0.679319920639197,1.9049156804879503,1.1761389126380284,17.70829705788337
2016-08-11,Sangrur,2.708679288625717,2.412777262074606,1.7302625945636203,0.900899663567543,0.5160616705460208,2.5985706405980245,2.2295191287994385,24.848177012284367
2016-08-11,Sunam,2.322966198836054,2.3770671657153537,1.6497609317302704,0.8201954162546566,0.5241678330515113,2.1761255647454942,1.5542277629886354,22.94300356426728
2016-08-12,Dhuri,0.148236430842768,0.8651611398566853,1.061152238737453,0.003694137436634,0.6524688113819469,0.0879471153020858,0.0,13.95968049708254
2016-08-12,Lehra,0.0396335620316676,1.397810485213995,1.0727112218737602,0.1216973650734871,1.0213732086122036,0.2888763854280114,0.0,9.922827752009376
2016-08-12,Malerkotla,0.2423461063631943,1.1248719511287553,0.99364915064403,0.0174365286906582,0.5447481561984334,0.0390825497618477,0.0,14.604364528817436
2016-08-12,Moonak,0.0672632347171505,2.680446674426397,1.586565613746643,0.2194190695881843,1.2333463827768962,0.3211629837751388,0.0,14.86787890006987
2016-08-12,Sangrur,0.131335986645094,1.7405145977224623,1.1255616332803453,0.0072781900359716,0.9748961137873786,0.1654597417052303,0.0,10.878096623673574
2016-08-12,Sunam,0.0383227209094911,1.7265675642660685,1.2417604625225067,0.0288151168164664,1.1985740448747362,0.2195246240922383,0.0,9.082140720799671
2016-08-13,Dhuri,0.0250271737617863,0.7150469842282209,0.272266338494691,0.1120693805542859,0.0,0.0,0.0,37.05222952816912
2016-08-13,Lehra,0.0126395778788719,0.7186672911047935,0.3178125852718949,0.1331288991495967,0.0,0.0,0.0,27.118868401073463
2016-08-13,Malerkotla,0.0226022349421067,0.4783567392400333,0.2140728613095624,0.1451718509197235,9.365801192221364e-05,0.0,0.0,38.386948774361414
2016-08-13,Moonak,0.0360462666333963,0.6065243122478327,0.347500279545784,0.2701831739395857,0.0,0.0,0.0,25.69175799513379
2016-08-13,Sangrur,0.0079349245289839,0.6995370441249439,0.2704319956579378,0.1018849472914423,0.0,0.0,0.0,35.4372368452452
2016-08-13,Sunam,0.0029710440846559,0.7228314190038613,0.2771144035671438,0.185860966664872,0.0,0.0,0.0,35.52252738689331
2016-08-14,Dhuri,0.8314104920083826,0.995175299319354,0.5801939165050333,0.7607750459150835,0.1003304435448213,0.285093700682575,0.1035650634122165,40.151221225702955
2016-08-14,Lehra,0.5724276881664991,0.8484857380390167,0.7139623165130615,1.2971448823809624,0.3570938603952527,0.3991709295660257,0.1114311730489134,28.629714986316916
2016-08-14,Malerkotla,0.8288120712552752,0.969644357051168,0.6056028913174357,0.6062379372971398,0.0470484968807016,0.4329229566667761,0.1092250532071505,41.008454264489764
2016-08-14,Moonak,0.7119120806455612,0.9762172748645148,1.0752059370279312,1.4018897314866383,0.4485374701519807,0.7220677634080251,0.2619908185054858,26.10357692034694
2016-08-14,Sangrur,0.9755022674798964,1.2089942970446177,0.7187381876366479,1.1462298503943853,0.2915679980069399,0.5819681015397821,0.3154805488884449,40.1760449573423
2016-08-14,Sunam,0.8814347865326064,1.1050529458693097,0.7404616464461599,1.239534997514316,0.5084380672446319,0.7501497798200164,0.2616686801692204,38.55772921017155
2016-08-15,Dhuri,0.3527633154934103,0.6778823652050712,0.2992111248048869,0.0620243077759038,0.1064386647194624,0.1751628558744083,1.4192237637259744,45.70252318090724
2016-08-15,Lehra,0.5453444588929415,1.283454827964306,0.1608157646842301,0.1153196315281093,0.3509625857695937,0.0743659303989261,1.3738617077469826,33.88416910194323
2016-08-15,Malerkotla,0.3387833099280085,0.5982175150087902,0.3013209817664964,0.0489011130162647,0.1609551640493529,0.240553974040917,1.619363627263478,45.76427622331041
2016-08-15,Moonak,0.4337166920304298,1.2001992265383403,0.2129415906965732,0.1898038020978371,0.4345418289303779,0.0286800573424746,1.0868603040774665,29.93029030480519
2016-08-15,Sangrur,0.3900238754493849,1.151338136621884,0.4179513268172741,0.1878126193104045,0.2302613668143749,0.1800273284316063,1.556973546743393,47.19053498077986
2016-08-15,Sunam,0.5257466925042016,1.290106747831617,0.2924286600734506,0.195103603149099,0.3322314130408423,0.1114649944273488,1.491494174514498,45.92900949119693
2016-08-16,Dhuri,1.7523368055170232,0.2026019072668119,0.0,0.0157762460135431,0.7019701288505034,0.6252815059640191,0.8449076387015256,45.81328116695668
2016-08-16,Lehra,1.8612725883722303,0.0232660872279666,0.0014034338819328,0.0133178135729394,0.2613586070947349,0.7288720794022083,0.3389138877391815,36.98976256645337
2016-08-16,Malerkotla,1.378660695893424,0.2450860174638884,0.0,0.0258307484410969,0.9050756735461098,0.6461516597441265,1.2807332639183318,46.1824928875303
2016-08-16,Moonak,1.4334021757046382,0.0467221918515861,0.0019414878139893,0.0328379555915792,0.2905881181359291,0.8764393528302511,0.6254732136925062,36.8922893508363
2016-08-16,Sangrur,1.954042375087738,0.0971906646820051,0.0010023811358093,0.0255384118229682,0.8239295621003423,0.8312517149107796,0.8180600234440395,48.0292606049359
2016-08-16,Sunam,1.945009968110493,0.0364549392667998,0.0012556417412789,0.0308418437905077,0.6236053103847163,0.8828055709600449,0.621912278767143,47.17196292969731
2016-08-17,Dhuri,0.0111635258336636,0.0015865642767907,0.5625048510052941,0.1408368911255489,0.963503973050551,0.9223695370283994,1.4166027415882458,44.22777213038717
2016-08-17,Lehra,0.0083955695445183,0.0020444457004487,0.7471726760268211,0.1911153113469481,0.8516796119511127,1.5091118700802326,1.100424613803625,39.37768794215561
2016-08-17,Malerkotla,0.0311118988985461,0.0005724616806089,0.6096420788339206,0.1327907448368413,0.8578588345221111,1.221975884267262,1.870324684040887,44.16674927265517
2016-08-17,Moonak,0.0288251657038927,0.0024127694875157,0.660990501443545,0.2187420005599657,0.8374794026215872,3.23655832807223,1.1213509490092597,40.72353201591565
2016-08-17,Sangrur,0.0301831571019387,0.008339456282556,0.595384741468089,0.1656244692525693,0.9838824272155762,1.2924148248774665,1.5733890341860908,49.19870585540662
2016-08-17,Sunam,0.0208087725664622,0.0066628332216558,0.6460459870951516,0.1770554924649851,0.916436608348574,1.417180359363556,1.4716313460043495,47.64658219012012
2016-08-18,Dhuri,0.1925905976783145,0.2160990979861129,0.5414657599546693,1.0409338934855028,4.175495938821272,2.4035369374535303,6.238523439927534,42.710762717229926
2016-08-18,Lehra,0.1935847946442663,0.1915982961654663,0.3717264262959361,1.0249761082231998,2.489053353667259,1.50185227394104,3.771108880639076,42.00609350393384
2016-08-18,Malerkotla,0.2749243274863277,0.3296920731663704,0.7275855104838099,1.5638720180307115,4.101992019585201,2.697802943842752,6.9539085286004205,45.796597248173896
2016-08-18,Moonak,0.2736531024177869,0.1736228683342536,0.7586820895473162,0.9807254821062088,3.157353073358536,2.183613439400991,4.032491862773895,42.30836539389691
2016-08-18,Sangrur,0.1156839901315314,0.5236784100000348,0.8239107392728329,1.1419272891112735,4.505163320473263,2.213961503335408,5.621070742607117,47.53671941596735
2016-08-18,Sunam,0.150571415999106,0.320508356073073,0.6944055993642125,1.0921441933938436,3.668784805706569,1.7879123900617873,4.652937105723789,49.51206277771723
2016-08-19,Dhuri,0.0234121539291333,0.0698063021356409,0.6095724390311674,1.1901119432666083,3.038576115261425,3.796767061406916,2.0375420532443305,47.44250934499613
2016-08-19,Lehra,0.0153278303914703,0.0077714185754302,0.3885517232120037,0.963847041130066,3.048830568790436,2.745379760861397,2.3479495495557785,42.35204791455956
2016-08-19,Malerkotla,0.0901915766964001,0.1717293585118438,0.9521587810346058,1.6359480662005288,4.711330711841583,4.679809033870697,3.681766650506429,50.15007893772175
2016-08-19,Moonak,0.0171773713858177,0.0079368014509479,0.3861779992779096,1.0011042008797328,3.751889586448669,2.7054196993509927,3.628595590591431,36.40910622511198
2016-08-19,Sangrur,0.0031225233729596,0.0754074458797861,0.5483677163720131,1.041253971202033,3.5776014924049377,3.61457085609436,2.0933393899883543,52.69427018509399
2016-08-19,Sunam,0.005647372545874,0.0304681165143847,0.3819215547825609,0.8093177633626121,2.7972084965024675,2.5128520599433357,1.6362179219722748,53.47527971986886
2016-08-20,Dhuri,0.0211619317362254,1.145217383449728,0.5430908446962183,2.014146376739849,2.787651766430248,10.424791466106068,8.592036789113825,39.97607319811671
2016-08-20,Lehra,0.0,0.120947029441595,0.9563904479146004,0.7428387012332678,3.3534543365240097,9.729466438293455,6.238389790058136,36.58616521270116
2016-08-20,Malerkotla,0.0705833321969423,1.5340749557529176,1.3828582529510771,3.6608433723449703,3.651411363056728,11.66535016468593,10.252993413380214,41.25047453743893
2016-08-20,Moonak,0.000804875511676,0.0705089108475173,1.6830934484799702,1.0850569307804108,4.244890650113423,9.471901416778564,7.041645924250285,33.02657829871929
2016-08-20,Sangrur,0.0501140437221952,1.4772083280341963,0.4595319447772844,1.5042213329247065,3.278399612222399,11.676163979939052,10.277546763420103,41.723946003272154
2016-08-20,Sunam,0.0091555441114386,0.5702660051839692,0.6580911220184394,1.0840821745140212,3.331946074962616,10.72781501497541,8.387480803898402,39.85272416211512
2016-08-21,Dhuri,0.2164774489673701,2.875480353832245,1.478705178607594,0.2311666536737572,1.1153261390599338,2.9761334332552822,1.7912916053425183,41.490203473739776
2016-08-21,Lehra,0.1141607370227575,1.793160393834114,0.9163272492587566,0.0738173779100179,0.2836032602936029,3.125887811183929,0.8001777231693268,42.386176920372606
2016-08-21,Malerkotla,0.3085066811846835,5.098007559776306,2.061309767620904,0.3860133348831108,1.358880558184215,2.825178802013397,2.318864664861134,41.50124146049576
2016-08-21,Moonak,0.1681806128472089,2.38967302441597,1.371229241291682,0.050397925156479,0.2461086430897315,2.906846225261688,0.9666706323623656,38.4145060414714
2016-08-21,Sangrur,0.4202263842203787,2.421386923108782,1.376476172889982,0.357025000665869,0.8926014240298953,3.2215023381369456,1.557607033423015,43.24107409085721
2016-08-21,Sunam,0.2584412083295839,2.318900798048292,1.2018319857972009,0.193386852076011,0.6384292585509164,3.492550654070718,1.288136111838477,43.81615964081463
2016-08-22,Dhuri,2.107570989565416,4.782572572881525,4.097091458060524,4.212062976577065,1.9427687959237527,3.513706088066101,0.952251607721502,43.87097320448859
2016-08-22,Lehra,2.27361036837101,3.7605292350053783,2.734816759824753,2.175337053835392,2.817341446876526,3.2880852967500687,1.4154146499931812,59.23243855507886
2016-08-22,Malerkotla,2.212427164827074,4.477428070136479,4.641864453043256,4.08872732094356,1.810405594961984,3.8579976728984287,0.9676562866994312,43.474464521716754
2016-08-22,Moonak,1.697637210289637,2.497455974419912,2.8723344008127847,2.090209056933721,2.5955610473950705,3.159150918324789,1.748643795649211,50.9218494483641
2016-08-22,Sangrur,2.504209284271513,5.065785067422049,2.998617551156453,3.5375863228525435,2.033847442695073,4.101656539099557,1.2201589792966845,47.90543143179631
2016-08-22,Sunam,2.354872703552246,4.29376083612442,3.0112961530685425,2.326634611402239,2.3931717021124705,3.865967725004469,1.529099091887474,53.64415369716255
2016-08-23,Dhuri,1.3694214495745571,1.7475756813179364,1.9193207784132524,4.194272225553339,8.63681225343184,7.460518923672763,3.81204261563041,43.40082772166287
2016-08-23,Lehra,4.14353035390377,0.2342348825186491,0.9909848477691412,4.547998800873756,6.685980558395386,5.126959025859833,2.51896271109581,58.34719974402935
2016-08-23,Malerkotla,1.3509891501494815,2.9766878315380643,3.168378548962729,3.796402931213379,8.576682703835624,9.503876839365278,4.282017069203513,42.37019251505179
2016-08-23,Moonak,5.409093658129375,0.4667243684331576,1.5189011444648106,5.495817979176839,5.154732724030812,5.493131995201111,2.610040913025538,47.454078229285486
2016-08-23,Sangrur,1.7998240973268236,1.0942984436239516,1.754943651812417,4.298875791685922,7.462479914937701,6.745646817343576,3.451755285263061,47.870229547993326
2016-08-23,Sunam,2.3842680624553134,0.3688648508063384,1.6131918387753623,4.3100429858480185,6.460796986307416,5.321502319404057,2.998317062854767,53.67566911189447
2016-08-24,Dhuri,13.08354884927923,5.666173154657537,5.941217530857433,5.176136211915449,2.703155956485055,2.543456034226851,3.793274695223028,43.86722598616402
2016-08-24,Lehra,11.547760784626009,9.216221511363983,6.6559765338897705,5.605680584907532,2.981319010257721,3.903420239686966,2.9487269818782806,55.63250601535006
2016-08-24,Malerkotla,10.652713809694562,4.480246007442474,4.881890535354614,4.228189945220947,2.107664998088564,2.1256958714553287,4.04543524980545,43.00977927178499
2016-08-24,Moonak,8.197343428929647,7.802508314450582,5.554054697354634,3.6251220703125,2.2824686566988626,3.3719109296798706,2.239476968844732,44.04824767201225
2016-08-24,Sangrur,14.572510276521957,6.967914274760655,5.8414062942777365,5.003466878618513,2.42549352986472,2.83911269903183,3.4821199689592635,46.59047495947403
2016-08-24,Sunam,13.7752058165414,7.706742644309998,5.964273912566049,5.251228511333466,2.3147401298795427,3.143703043460846,2.979247501918248,51.60003032946597
2016-08-25,Dhuri,1.859914915128188,2.6419406208125027,3.205704190514304,5.152228138663552,2.123187780380249,1.7730033126744358,0.7748515903949738,44.135725211704134
2016-08-25,Lehra,0.6020883228629827,3.1254278421401978,7.860557317733765,6.772735178470612,3.847054213285446,3.8725604116916656,0.9113758504390717,56.13922342340247
2016-08-25,Malerkotla,1.633018012557711,2.69486095224108,2.28649359515735,4.186914171491351,1.2426214409726006,1.171241636787142,0.7554706079619271,41.10422841312275
2016-08-25,Moonak,0.2458141408860683,2.9706435799598694,6.097857435544332,5.271296739578247,2.7617700894673667,2.857730984687805,0.7375011195739111,44.90513790192432
2016-08-25,Sangrur,1.2507660218647547,3.027395989213671,3.656962215900421,5.501868333135333,2.5501851992947717,2.3601114068712508,0.6648903627480779,48.46170208033712
2016-08-25,Sunam,0.7960469967552594,3.107156114918845,4.906616645199912,5.267537832260132,2.893591616834913,3.0504093340465,0.6331260140453067,51.86576060826235
2016-08-26,Dhuri,5.605793421918696,5.625733332200483,2.0150909423828125,1.0374640876596624,2.4232647635719995,0.6965032694014636,0.4328919120810248,39.256751454794276
2016-08-26,Lehra,12.928201258182526,7.94545391201973,5.975409805774689,2.308605082333088,4.709821969270706,1.5166914835572245,0.6363720782101154,52.34947772519806
2016-08-26,Malerkotla,3.7795852848461697,5.672340716634478,1.6753168191228591,0.6830529208694186,2.082107382161277,0.5054229998162815,0.3470057626920087,36.614985587359186
2016-08-26,Moonak,15.418896834055582,9.253593683242798,7.026532928148906,1.9473368525505064,4.006966213385264,1.254375457763672,0.4194364945093791,42.673781375223875
2016-08-26,Sangrur,7.365953428404672,5.197542411940439,2.5301910681383952,1.280366940157754,2.5583086609840398,0.6821691287415368,0.3841080782668931,42.65593438398098
2016-08-26,Sunam,9.36236229964665,5.133283879075732,3.6583778262138367,1.631886520556041,3.1107530082975114,0.8923982168946948,0.4399454535118171,47.32372475920787
2016-08-27,Dhuri,4.489281578497454,3.794990236108953,1.7423766201192683,7.693410981785167,9.661448933861472,4.351339643651789,0.2170640236952088,23.967824937817525
2016-08-27,Lehra,8.131181299686432,4.054986163973808,1.553799755871296,8.357309639453888,8.747558921575546,4.96534076333046,0.1555968569591641,40.77706857604779
2016-08-27,Malerkotla,3.108691436903817,3.417840591498784,1.4442359805107117,5.747612484863827,6.519878132002694,4.584263290677752,0.2187450118362903,22.165546511171303
2016-08-27,Moonak,6.871276179949443,3.9747895002365112,1.576556811730067,6.2994885842005415,6.516638398170471,4.042349398136139,0.1067592781037092,34.61413983890868
2016-08-27,Sangrur,4.691436546189444,3.88028723852975,1.2615870492798942,7.082644036837986,9.708738582474846,4.3791892273085455,0.1671123640345675,29.322065028971988
2016-08-27,Sunam,6.111410089901516,3.6488928369113376,1.1627434683697564,7.126647864069257,9.321843113218035,4.681056005614145,0.1580269445798226,34.66148157150319
2016-08-28,Dhuri,2.494005647572604,3.5810078382492065,5.509545412930575,1.6434373638846658,0.034008732700551,0.2780445844612338,0.0564614304510707,20.228256232828866
2016-08-28,Lehra,1.798604056239128,6.042030990123749,10.502675563097,2.8605082631111145,0.0,0.2661957726813853,0.025141847145278,33.93225053900549
2016-08-28,Malerkotla,2.598269517932619,3.4901074171066284,4.213306784629822,1.874086314014026,0.0681457314640283,0.2019518954413277,0.1155940838424222,19.855617693833832
2016-08-28,Moonak,1.5364466905593872,7.112278660138448,9.232330719629925,4.861805260181427,0.0001097037068878,0.1460563261061906,0.0408436893485486,28.98330506999016
2016-08-28,Sangrur,2.6507945273603712,3.8228534119469777,7.049231818744114,1.6987764154161726,0.017493749868923,0.1743682940889682,0.0988101010776257,23.97951799605918
2016-08-28,Sunam,2.0403511311326707,4.688215604850224,7.975335410663059,1.6484190481049674,0.0041292971207959,0.1450588802940079,0.0649099405605479,28.246757319229484
2016-08-29,Dhuri,1.0262164663184772,12.402962988073176,4.885139216076244,0.0119989537104794,0.0159369451628828,0.0998713679781014,0.3344099887392737,12.474284373861972
2016-08-29,Lehra,2.2682401835918427,37.95839977264404,15.652056515216827,0.1400224843528121,0.0447704510006587,1.1199322007596493,0.3666327251121402,11.880525172929465
2016-08-29,Malerkotla,1.200080311724118,9.767971549715314,5.044271954468319,0.0143627171304875,0.0174257715365716,0.0717010172749204,0.3751598564641816,13.183953942402844
2016-08-29,Moonak,4.397631982962291,36.59275770187378,15.90713667869568,0.1386631385733684,0.208976736292243,2.3561003108819327,0.3553031881650288,12.75099441043195
2016-08-29,Sangrur,1.572952858039311,19.681645768029348,8.049494198390416,0.0382752618087189,0.0205233010929077,0.3071838766336441,0.4255020245909691,12.627227054536924
2016-08-29,Sunam,2.1064130472285405,30.550253799983437,12.430348532540458,0.0620970664146755,0.0253486797945307,0.9270036805953298,0.3692494870296546,11.238450863351227
2016-08-30,Dhuri,6.214689341458407,1.802184896035628,0.0,0.0112777452979406,0.65077205137773,0.4219187985767018,0.4387945939194072,11.952526099911504
2016-08-30,Lehra,6.413191974163055,2.422361701726913,0.0,0.0943336689379066,1.2819089069962502,0.3721444047987461,0.3378639118745923,10.529537225378766
2016-08-30,Malerkotla,6.382584639957973,1.25557969723429,0.0,0.005561743914898,0.5293332199965205,0.30008190497756,0.3426466227642127,12.52052838063932
2016-08-30,Moonak,6.987371484438579,3.2129316926002502,0.0,0.0820277193561196,1.4071170687675476,0.2011189789821704,0.2567752165098985,10.3298510233799
2016-08-30,Sangrur,6.225364804267883,2.216451197862625,0.0,0.0545042810429419,0.9128047611032214,0.3365316023784024,0.2930641685213361,11.84131670159839
2016-08-30,Sunam,5.974409026759012,2.294259160757065,0.0,0.1042213362109448,1.2500314989260264,0.2620355863390224,0.2625177460057394,10.183759116874652
2016-08-31,Dhuri,1.238750083879991,1.193688834255392,0.0,0.0157857099336318,0.2581612440672787,1.1056953180919995,0.2798592427914793,9.500087307643255
2016-08-31,Lehra,1.4582189619541168,1.7521295435726645,0.0,0.0,0.0412004844401963,1.503786474466324,0.5701916553080082,9.148583562843042
2016-08-31,Malerkotla,1.4543300100735257,0.9771037293331964,0.0,0.0037417633118041,0.3886388338037899,0.9589059161288398,0.1404174869613988,9.045399002300663
2016-08-31,Moonak,1.7621588905652363,1.0825096915165584,0.0,0.0001268430496565,0.0076448398564631,1.2464390496412914,0.4165195077657699,8.532152008692094
2016-08-31,Sangrur,1.658454709819385,0.7817207085234779,0.0,0.0227948078453274,0.1164662529315267,1.156237612877573,0.350031919245209,10.002939962656084
2016-08-31,Sunam,1.371215628726142,0.841987846153123,0.0,0.0073160565890637,0.0569965089006083,1.0817464951957976,0.3697945087083748,8.667343829936268
2016-09-01,Dhuri,0.1155054824934764,0.0672632471912286,0.0,0.0903982552276416,1.9021968082948164,0.8014305911280892,0.1011467831717296,6.47017070280045
2016-09-01,Lehra,0.0341758497816044,0.2339356848970055,0.0,0.0032973947818391,0.7240299880504608,0.113748874864541,1.5322195701301098,6.123691128657416
2016-09-01,Malerkotla,0.130285873476948,0.0060605720542038,0.0,0.0757951296067663,2.0156726709433963,0.8844983662877764,0.0051615249332306,5.988336552089701
2016-09-01,Moonak,0.0190822330769151,0.062215774708117,0.0,0.0,0.5526551206906637,0.1259932775671283,1.169786959886551,5.815767645928058
2016-09-01,Sangrur,0.166797955387405,0.1328502546197601,0.0,0.0421703649086079,1.8489055122647968,0.6127707873071943,0.3009551363065839,6.294028414963622
2016-09-01,Sunam,0.0519512070293006,0.2187227460422686,0.0,0.0154935147147625,1.1539607899529594,0.3070690512124981,0.6057467942259142,5.502188137364101
2016-09-02,Dhuri,0.0,0.0,0.0,0.0190212963868609,0.0,0.0,0.0,5.856076890907874
2016-09-02,Lehra,0.0,0.0,0.0,0.0,0.0,0.0,0.0,5.710112634318795
2016-09-02,Malerkotla,0.0,0.0,0.0,0.0388945806438901,0.0,0.0,0.0,5.324279415900153
2016-09-02,Moonak,0.0,0.0,0.0,0.0,0.0,0.0,0.0,5.313600543627417
2016-09-02,Sangrur,0.0,0.0,0.0,0.0026262104760722,0.0,0.0,0.0,5.938106584971614
2016-09-02,Sunam,0.0,0.0,0.0,4.004234298398452e-05,0.0,0.0,0.0,5.072849378683654
2016-09-03,Dhuri,0.0,0.0,0.1503046263347972,0.0,0.0,0.0358055034144358,0.3740277994762767,5.394535816051092
2016-09-03,Lehra,0.0,0.0,0.0093476742476923,0.0,0.0,0.0189284010848496,0.0884059120435267,5.157346264104223
2016-09-03,Malerkotla,0.0,0.0,0.1184483380722148,0.0,0.0012003384888105,0.0425518841615745,0.4337717124394008,4.843916418999115
2016-09-03,Moonak,0.0,0.0,0.0089073219957451,0.0,0.0,0.0066298965442304,0.0481592699264486,4.658256305957282
2016-09-03,Sangrur,0.0,0.0,0.2262685764580965,0.0,0.0,0.017216464820584,0.2256583986537797,5.4451809716927055
2016-09-03,Sunam,0.0,0.0,0.0832811541456196,0.0,0.0,0.0251926772429474,0.1350230273923703,4.617341846381074
2016-09-04,Dhuri,0.0,0.0,0.0,0.0,0.0,0.0,0.1633587455884977,4.220947789704779
2016-09-04,Lehra,0.0,0.0096832723356783,0.0,0.0,0.0,0.0,0.0,4.23628246676544
2016-09-04,Malerkotla,0.0,0.0,2.68604136571022e-05,0.0,0.0,0.0,0.2455747883234705,3.9677335616104843
2016-09-04,Moonak,0.0,0.0361115190510948,0.0,0.0,0.0,0.0,0.0,3.958379336278094
2016-09-04,Sangrur,0.0,0.0014062112771041,0.0011715485847422,0.0,0.0,0.0,0.0385834239423275,4.18639256056192
2016-09-04,Sunam,0.0,0.0100771597520049,4.13363949129624e-05,0.0,0.0,0.0,0.0102339400078303,3.6485149312249203
2016-09-05,Dhuri,0.0,0.0,0.0,0.0,0.0,0.2641086605462161,1.491574764251709,4.5995205444363565
2016-09-05,Lehra,0.0,0.0,0.0,0.0,0.0,0.0466064471984282,1.0305458083748815,3.9491528935180487
2016-09-05,Malerkotla,0.0,0.0,0.0,0.0,0.0,0.3232243912560599,1.492716908454895,5.134036452601833
2016-09-05,Moonak,0.0,0.0,0.0,0.0,0.0,0.0496512663861115,0.7031567196051279,3.6809405276815865
2016-09-05,Sangrur,0.0,0.0,0.0,0.0,0.0,0.200996549267854,1.3173794490950448,4.092601528240222
2016-09-05,Sunam,0.0,0.0,0.0,0.0,0.0,0.0920428524592093,1.111010562096323,3.3060554144136898
2016-09-06,Dhuri,0.0,0.0,0.0,0.0,0.0,1.5333089936863291,7.0027361566370185,5.261256444084008
2016-09-06,Lehra,0.0,0.0,0.0,0.0,0.0,0.7165873181074858,6.333979547023773,4.557411859271194
2016-09-06,Malerkotla,0.0,0.0,0.0,0.0,0.0,1.890385553240776,4.930033879620688,5.893659263005872
2016-09-06,Moonak,0.0,0.0,0.0,0.0,0.0,0.6405517247815927,4.7260865569114685,3.3559673846535985
2016-09-06,Sangrur,0.0,0.0,0.0,0.0,0.0,1.8687885297196247,6.612487861088344,4.229903807859898
2016-09-06,Sunam,0.0,0.0,0.0,0.0,0.0,1.1725764689700944,5.63898013319288,3.9098357640478287
2016-09-07,Dhuri,0.0,0.0,0.0,0.002319663175678,0.8011781193993308,3.286894982511347,1.6060755794698542,5.289625385682145
2016-09-07,Lehra,0.0,0.0,0.0,0.0,0.1172999267000705,3.057034879922867,0.9818093068897724,4.539707419573258
2016-09-07,Malerkotla,0.0,0.0,0.0,0.0170013029460928,1.0401365054505212,2.821500569581985,1.589744210243225,4.981716570375735
2016-09-07,Moonak,0.0,0.0,0.0,0.0,0.0387661621595422,2.487111250559489,0.6078683684269587,3.411271598338611
2016-09-07,Sangrur,0.0,0.0,0.0,0.0,0.5110719310385841,2.6759461803095683,1.3974351116589137,4.2989206086619225
2016-09-07,Sunam,0.0,0.0,0.0,0.0,0.2629685668008668,2.710262860570635,1.202285755957876,3.6079175604514258
2016-09-08,Dhuri,0.0,0.0,0.2962966913526708,1.9526280489834875,3.3924484903162178,1.6276312470436096,0.3909890096295964,4.115564631674181
2016-09-08,Lehra,0.0,0.0,0.1040503641124814,1.0932533331215382,1.4340777173638344,1.678283840417862,0.332356751896441,3.365910824373694
2016-09-08,Malerkotla,0.0,0.0,0.3293045482465199,1.4667881173746926,2.8354280505861555,1.0933445330177034,0.4841967118637902,3.6973270059540355
2016-09-08,Moonak,0.0,0.0,0.0913198133930563,0.6011103664835294,0.878845085700353,1.5881528755029042,0.3893998451530933,2.2600740639975316
2016-09-08,Sangrur,0.0,0.0,0.1534606205033404,1.6363157417093004,2.696969756058284,1.9058770835399628,0.5002108333366257,3.342342123009482
2016-09-08,Sunam,0.0,0.0,0.1420292359377656,1.23152685378279,1.8472824565001895,1.520003855228424,0.3954114786216191,2.57406818330033
2016-09-09,Dhuri,0.0,0.0,3.2161756320433184,1.3483112346042283,0.425454861738465,1.6786720969460227,0.0829775417223572,3.726638680289692
2016-09-09,Lehra,0.0,0.0,2.9580665081739426,1.4600350260734558,0.1254873732686974,0.7391398958861828,0.0436469881678931,3.365910824373694
2016-09-09,Malerkotla,0.0,0.0,2.5569761225155423,1.801168599299022,0.5941209899527686,1.515084913798741,0.2517438608088663,3.1211029092382807
2016-09-09,Moonak,0.0,0.0,2.2765494287014008,1.3627499341964722,0.4148888650039832,0.5846844042340914,0.0583903382842739,2.2567298304018553
2016-09-09,Sangrur,0.0,0.0,2.334170090300696,1.4785942350115096,0.4480910508760384,1.1833697046552385,0.0246584532516343,3.1890857697584956
2016-09-09,Sunam,0.0,0.0,2.2271148647580827,1.2256697224719184,0.2739432629064789,0.9366005510091782,0.0150327988501105,2.5404533059071928
2016-09-10,Dhuri,0.0,3.3546757589687,3.2440443255684595,7.312235485423695,0.9001085270534862,0.0078556090910834,0.8361385410482233,3.950238827676678
2016-09-10,Lehra,0.0,1.6806464493274689,2.8802860230207443,6.77923721075058,3.088225200772285,0.0,0.2046147054061293,3.3943551349666383
2016-09-10,Malerkotla,0.0002471854178501,3.234883759702955,2.994710215500423,5.9113670246941705,1.0638405063322611,0.035873009656955,0.6862354039081505,3.5593509869370057
2016-09-10,Moonak,0.0,1.1262359370787938,2.2945101062456765,6.4923588037490845,3.4038333892822266,0.0,0.1552295802781979,2.2655017310410295
2016-09-10,Sangrur,0.0,1.9122059004647392,3.219460461820875,7.095812542097909,0.9872076639107296,0.0047717651718163,0.4599227963813713,3.3475119428685165
2016-09-10,Sunam,0.0,1.3886287893567766,2.7784934554781238,6.372946534837995,1.5360574892589025,0.0001258748733172,0.2613673274006162,2.6058226288108677
2016-09-11,Dhuri,1.0749351544813677,0.5786944079128179,0.3053749752315608,0.0801381411200219,0.0038063481069085,0.0184986606578935,0.0,4.578630558666103
2016-09-11,Lehra,0.312832766212523,1.3806176483631134,0.2757537364959717,0.0,0.0,0.0,0.0,3.91991174438091
2016-09-11,Malerkotla,0.9148770549467632,0.3121630304626056,0.4839781429618597,0.0340640666961137,0.0019195863777505,0.0547820551853094,0.0005330020628337,4.333108725483874
2016-09-11,Moonak,0.0521550394284228,0.3884576552857955,0.1986531798417369,0.0,0.0,0.0012475821810464,0.0,3.3267999860726603
2016-09-11,Sangrur,0.92699512307133,1.0343955840383257,0.4103351541395698,0.1361223392055503,0.0,0.0058948380673038,0.0030392667478216,3.950089456979731
2016-09-11,Sunam,0.5137652877186026,1.2014088843550002,0.4049133394977876,0.046952163601028,0.0,0.0001380303957765,0.0001380303957765,3.246296357651245
2016-09-12,Dhuri,0.1304821348325772,0.3452527468854731,0.0,0.0,0.0,0.0,0.0040407266986387,5.448622128853015
2016-09-12,Lehra,0.0837809219374321,0.2271414631977677,0.0,0.0,0.0,0.0,0.0,7.529425813297671
2016-09-12,Malerkotla,0.1660652578409229,0.315699956778969,0.0,0.0001951342149238,0.0016635644257933,0.0,0.0219231390593839,4.671847249005113
2016-09-12,Moonak,0.0415945684847732,0.0701824199641123,0.0,0.0005644045692558,0.0,0.0,0.0001128809138511,5.824810357337027
2016-09-12,Sangrur,0.165614839776286,0.361900651029178,0.0,4.640056119699564e-05,0.0,0.0,0.0143484578251705,5.53415048537703
2016-09-12,Sunam,0.1062395401032907,0.2873395872967584,0.0,0.0002338888256677,0.0,0.0,0.0007016666100493,6.318393544871749
2016-09-13,Dhuri,0.0,0.0,0.0809664888815446,0.0,0.0,0.0,0.0579437159679152,10.297649216120462
2016-09-13,Lehra,0.0,0.6547777401283383,0.1518079442903399,0.0,0.0,0.0,0.0,10.076258694218975
2016-09-13,Malerkotla,0.0054996624156566,0.002375095550503,0.1192510350208197,0.0,0.0,0.0,0.1438806016397263,8.017369558294915
2016-09-13,Moonak,0.0,1.4852760831514995,0.4103220800558726,0.0,0.0,0.0,0.001187873383363,8.042887757632496
2016-09-13,Sangrur,0.0,0.0192524724906044,0.2189965226820537,0.0,0.0,0.0,0.121149078543697,9.54529821473843
2016-09-13,Sunam,0.0,0.1404172387639326,0.186122642563922,0.0,0.0,0.0,0.0305620219026293,8.132042481042818
2016-09-14,Dhuri,0.0,0.0,0.0,0.0,0.0,0.0401858229676938,12.912214842709629,9.15294377808309
2016-09-14,Lehra,0.0,0.0,0.0,0.0,0.0,0.0800872819381766,17.268135905265808,9.139398288287687
2016-09-14,Malerkotla,0.0,0.0,0.0,0.0,0.0022270236887769,0.0704655351250299,11.964708413396565,8.224867731007926
2016-09-14,Moonak,0.0,0.0,0.0,0.0,0.0,0.1023159871498743,14.562551339467367,7.389548678270221
2016-09-14,Sangrur,0.0,0.0,0.0,0.0,0.0,0.1098563213433538,14.130359513419014,8.572789817787509
2016-09-14,Sunam,0.0,0.0,0.0,0.0,0.0,0.1371599580161273,13.97246629851205,7.65052559719261
2016-09-15,Dhuri,0.0,0.0,0.0,0.0,0.0,0.1361153043637221,1.7155370332977988,11.162288620315856
2016-09-15,Lehra,0.0,0.0,0.0,0.0,0.0,1.1765114311128857,0.5236711325123906,9.637273003524328
2016-09-15,Malerkotla,0.0,0.0,0.0,0.0,0.0096501956826874,0.049280081543007,2.2567038408347537,10.838228804869939
2016-09-15,Moonak,0.0,0.0,0.0,0.0,0.0,0.366336061929663,0.0505848036458094,7.7740332960382075
2016-09-15,Sangrur,0.0,0.0,0.0,0.0,0.0,0.3544616614069257,0.9093152351145234,10.15207926467443
2016-09-15,Sunam,0.0,0.0,0.0,0.0,0.0,0.6395505376692329,0.6236235697620681,8.379018547332135
2016-09-16,Dhuri,0.0,0.0,0.0,0.0030811391030014,0.0,6.399347587065264,1.828563392162323,11.731010650591656
2016-09-16,Lehra,0.0,0.0,0.0,0.0,0.0017579615523573,3.410080537199974,2.2319479510188103,9.71206561953811
2016-09-16,Malerkotla,0.0,0.0,2.620149669902665e-05,0.0029220592363604,0.0017028757262908,4.903547499861036,1.4586733962808336,11.60207572625174
2016-09-16,Moonak,0.0,0.0,0.0010535930438588,0.0,0.0004789059360822,2.3752940396467843,1.6276863118012743,7.812591166275771
2016-09-16,Sangrur,0.0,0.0,0.0015228416471342,0.0145771315021972,0.0009642371857937,5.625751972198486,1.7533502876758575,10.28640351962544
2016-09-16,Sunam,0.0,0.0,0.0005786694320184,0.002789304487773,0.0013120499456168,4.114448266369956,1.7331978849002294,8.431661603361334
2016-09-17,Dhuri,0.0,0.0,0.0,0.0,0.0189170578325336,0.0856147455898198,1.1824920963157306,16.462704542565927
2016-09-17,Lehra,0.0,0.0,0.0,0.0007040935524855,0.2027924242429435,0.0018088274809997,0.2621278543956578,16.985906036110887
2016-09-17,Malerkotla,0.0,0.0,0.0,7.9833619695689e-05,0.0047527637049954,0.1027125363637294,1.70432125883443,15.21734255923158
2016-09-17,Moonak,0.0,0.0,0.0,0.0014226733086009,0.1163707757368683,0.0004268020081023,0.2472706443319718,14.318551034085147
2016-09-17,Sangrur,0.0,0.0,0.0,0.0037630290857383,0.0456662519801674,0.056420395682965,1.294019636298929,14.817723157469494
2016-09-17,Sunam,0.0,0.0,0.0,0.0006212232900517,0.0606658034292714,0.0154311901590387,0.626960318003382,13.703924770134025
2016-09-18,Dhuri,0.0,0.0,0.0,0.0,0.6360632885586132,5.053321925076571,3.739120039072904,16.508487054380453
2016-09-18,Lehra,0.0,0.0,0.0,0.0,0.5763042867183685,5.644146054983139,7.27395087480545,17.153358299424763
2016-09-18,Malerkotla,0.0,0.0,0.0,0.0011938947385975,0.904378140611308,6.16205586705889,2.2700824311801364,15.057715933766618
2016-09-18,Moonak,0.0,0.0,0.0,0.0,0.8838269611199697,4.666067063808441,6.7554603815078735,13.721574345124836
2016-09-18,Sangrur,0.0,0.0,0.0,0.0,0.7451100929507187,4.437301567622593,4.657050005027226,14.903487832356342
2016-09-18,Sunam,0.0,0.0,0.0,0.0,0.7893023597342628,4.234740086964199,5.73449969291687,13.745611744288071
2016-09-19,Dhuri,0.0,0.0,0.1844231503253633,5.221418196504766,0.9163694462992928,0.0103414394384758,0.1375779917632991,15.470743710804484
2016-09-19,Lehra,0.0,0.0,0.0778350164182484,2.482432045042515,2.0767613351345062,0.0,0.0,14.375126984168025
2016-09-19,Malerkotla,0.0,0.0,0.2279607877135276,5.0633030618940085,0.9589563693319048,0.0176787139166013,0.2711204114769186,13.882118129354371
2016-09-19,Moonak,0.0,0.0,0.0851027686148881,1.843168171743552,1.2693835943937302,0.0015652934089303,0.0007826467044651,12.083491484987958
2016-09-19,Sangrur,0.0,0.0,0.2317544229860816,5.313451485974448,0.9859541761023658,0.0458248001523315,0.0926806442439556,13.70194069004476
2016-09-19,Sunam,0.0,0.0,0.1686874879524111,3.8623711807387218,1.1662753096648626,0.0127218558253454,0.0229820725508034,11.274299203451974
2016-09-20,Dhuri,0.0,0.6082703078334982,3.079162738539956,1.6178107044913552,0.0065576106585054,0.0040443671909584,0.1737374416129155,10.067465688010147
2016-09-20,Lehra,0.0,0.449260669760406,1.533487647771835,2.3036057502031326,0.0878644265467301,0.011834112170618,0.0311816249741241,10.819959130876112
2016-09-20,Malerkotla,0.0,0.4215345946805818,3.5029961551938738,1.3354175090789795,0.0256109881447628,0.0011311216679002,0.1896562991397721,10.310819788256085
2016-09-20,Moonak,0.0,0.5505446195602417,1.7904383341471355,2.2855259676774344,0.183543869604667,0.0354324630461633,0.0124296188975373,10.17377985934653
2016-09-20,Sangrur,0.0,0.6292579216616494,2.0122975366456166,1.5313971553530012,0.0106949772037166,0.0172334175689944,0.2046372874506882,9.304565482933903
2016-09-20,Sunam,0.0,0.614806800016335,1.3618416828768594,1.668601529938834,0.0193136143830737,0.0171927943426583,0.0782618409554873,8.779428580851583
2016-09-21,Dhuri,0.0538970552892847,4.249344132163308,0.3913578221743757,0.186092157932845,0.5201387459581549,0.1689295027066361,0.3205815248868682,9.744411030422105
2016-09-21,Lehra,0.0,5.390307456254959,0.8959310483187437,0.0225017913617193,0.8634474687278271,0.0357500634272582,0.154328079894185,10.335360364793326
2016-09-21,Malerkotla,0.1467294517372335,4.3085377131189615,0.3990572100239141,0.3431184967713697,0.3173117685530867,0.2586465589702129,0.3234397375157901,9.981950542076847
2016-09-21,Moonak,0.0,3.155732731024424,0.8032229989767075,0.0612248238176107,0.7402825901905695,0.0155869706068187,0.0502869753787914,9.581409936634719
2016-09-21,Sangrur,0.0049362517727006,5.277391944612775,0.2797479054757527,0.1121494730468839,0.6582081424338477,0.116536408662796,0.2549955480332885,8.491616492178686
2016-09-21,Sunam,6.132086023821362e-05,5.403497099876404,0.4063931432153497,0.0542932061445234,0.7426041928785188,0.0697508119711918,0.1931829851652894,8.146478411979986
2016-09-22,Dhuri,0.4407406090335412,0.0,0.0,0.0,0.0218965805093334,0.0230277142572132,0.0,8.097014432433642
2016-09-22,Lehra,0.1384179671294987,0.0020621012663468,0.0,0.0,0.0,0.0076684259547619,0.0,9.923157688103698
2016-09-22,Malerkotla,0.64200737540211,0.0039961527259687,0.0034671842752556,0.0015591548456411,0.0554947662832481,0.0581985461924757,0.0,7.746108027009869
2016-09-22,Moonak,0.110347316134721,0.0,0.0,0.0,0.0007018623097489,0.0064880305823559,0.0,9.308718113202815
2016-09-22,Sangrur,0.3922988495656422,0.0015554467764949,0.0,0.0,0.0089763211560369,0.0066198963738445,0.0,7.115026690152124
2016-09-22,Sunam,0.2826477496751717,0.0018708419187792,0.0,0.0,0.0022968768503882,0.0141599610048745,0.0,7.550148997216046
2016-09-23,Dhuri,0.1112065316939895,0.0,0.0045165307661095,0.0146627071821554,0.0,0.0,0.0,9.084170422519932
2016-09-23,Lehra,0.0,0.0,0.0,0.0,0.0,0.0,0.0,12.02323257667369
2016-09-23,Malerkotla,0.1370347498783043,0.0052110170446602,0.0302669407267655,0.0471480464828865,0.0044945002924318,0.0,0.0,8.079853235574307
2016-09-23,Moonak,0.0,0.0002559156467517,0.0,0.0002559156467517,0.0,0.0,0.0,10.631647173527703
2016-09-23,Sangrur,0.0442380080265658,0.0024775764572301,0.003140356167153,0.0327659348757671,0.0,0.0,0.0,8.712516237029458
2016-09-23,Sunam,0.0149264898334097,0.0004586954268493,9.173907372834428e-05,0.0058023278834298,0.0,0.0,0.0,9.237220591637694
2016-09-24,Dhuri,0.0,0.0,0.0735327430619773,0.0,0.0,0.0,0.0,4.910261402144665
2016-09-24,Lehra,0.0,0.0,0.0,0.0,0.0,0.0,0.0,4.8885117998302166
2016-09-24,Malerkotla,0.0,0.0075062807466435,0.2261724398870553,0.0,0.0,0.0,0.0,4.693524570429387
2016-09-24,Moonak,0.0,0.0043443351363142,0.0004827038695414,0.0,0.0,0.0,0.0,4.184122562125895
2016-09-24,Sangrur,0.0,0.0217741765081882,0.0786028088602636,0.0,0.0,0.0,0.0,4.413761567314223
2016-09-24,Sunam,0.0,0.0033558532595634,0.0138816779778738,0.0,0.0,0.0,0.0,4.117430808409898
2016-09-25,Dhuri,0.0,0.0,0.0,0.0,0.0,0.0,0.0,5.015598068808991
2016-09-25,Lehra,0.0,0.0,0.0,0.0,0.0,0.0,0.0,6.6294824544049185
2016-09-25,Malerkotla,0.0,0.0,0.0,0.0,0.0,0.0,0.0,5.016584295037735
2016-09-25,Moonak,0.0,0.0,0.0,0.0,0.0,0.0,0.0,5.3603983683879335
2016-09-25,Sangrur,0.0,0.0,0.0,0.0,0.0,0.0,0.0,4.661016720943556
2016-09-25,Sunam,0.0,0.0,0.0,0.0,0.0,0.0,0.0,5.0901510138136405
2016-09-26,Dhuri,0.0,0.0,0.0,0.0,0.0,0.0165740656243129,0.0,4.394076091293716
2016-09-26,Lehra,0.0,0.0,0.0,0.0,0.0,0.3063110464718193,0.0718923138920217,7.589391638270924
2016-09-26,Malerkotla,0.0,0.0,0.0,0.0,0.0,0.0398360235350472,0.0,4.392483332038059
2016-09-26,Moonak,0.0,0.0,0.0,0.0,0.0,0.6048326715826988,0.2130376057078441,8.312589585318193
2016-09-26,Sangrur,0.0,0.0,0.0,0.0,0.0,0.0690491548074143,0.0134986351310674,4.034130469384259
2016-09-26,Sunam,0.0,0.0,0.0,0.0,0.0,0.1182690085843205,0.0948501684969025,4.664382614878344
2016-09-27,Dhuri,0.0,0.0,0.0,0.0,0.0,0.0121756462718952,0.2856068367307836,3.9063283743938166
2016-09-27,Lehra,0.0,0.0,0.0,0.0,0.0,0.0198848751606419,0.4412087183445692,6.972531736755592
2016-09-27,Malerkotla,0.0,0.0,0.0,0.0,0.0,0.0014133422602234,0.1967594793864659,3.642557538461754
2016-09-27,Moonak,0.0,0.0,0.0,0.0,0.0,0.0057594631410514,0.214044963940978,7.243084394681604
2016-09-27,Sangrur,0.0,0.0,0.0,0.0,0.0,0.0253022272538925,0.3375652767717838,3.7703925012565724
2016-09-27,Sunam,0.0,0.0,0.0,0.0,0.0,0.026334177237004,0.3625200672873429,4.186604809068143
2016-09-28,Dhuri,0.0,0.0,0.0,1.4819473353299228,1.3024417812174016,0.4914032478224147,3.544949954206293,4.507152240668153
2016-09-28,Lehra,0.0,0.0,0.0,2.7000005319714546,2.0005301609635358,0.416961788199842,4.561741933226585,8.538511267225571
2016-09-28,Malerkotla,0.0,0.0,0.0,1.2127237703119005,1.072176143527031,0.7631251258509499,2.923656165599823,3.9593885193758673
2016-09-28,Moonak,0.0,0.0,0.0,2.680839041868845,1.8416373133659365,0.2977643087506294,4.519734183947246,8.433688906115602
2016-09-28,Sangrur,0.0,0.0,0.0,1.4512945945773803,1.2251961891140255,0.4191621440861906,3.571230181625911,4.368143711944861
2016-09-28,Sunam,0.0,0.0,0.0,2.1016181111335754,1.2868313172033854,0.2679651427481855,3.4943792394229343,5.076698485661598
2016-09-29,Dhuri,0.0,0.0,0.0205685821658169,0.0088605383961376,0.0,1.4607682769948789,6.566381324421275,4.260802180283688
2016-09-29,Lehra,0.0,0.0,0.1181641514413058,0.0,0.0,1.0309815667569635,6.679376870393753,8.490235516095293
2016-09-29,Malerkotla,0.0,0.0,0.0044110869057476,0.0225946467170225,0.0,1.9846695448671068,5.9130053009305685,3.5818820598348964
2016-09-29,Moonak,0.0,0.0,0.2181247721115748,0.0006952571372191,0.0,0.96136740843455,5.715287566184998,8.374295197661732
2016-09-29,Sangrur,0.0,0.0,0.0673689705851886,0.015094816950815,0.0,1.5946679072720664,5.753918358257839,4.245565656185185
2016-09-29,Sunam,0.0,0.0,0.0973346786839621,0.0025120844490759,0.0,1.196380534342357,5.378833038466317,4.983129386232227
2016-09-30,Dhuri,0.0,0.0,0.0061830252366648,0.0095997215248644,4.576220425692472,8.837081649086691,0.5946518670428883,2.7333060322990193
2016-09-30,Lehra,0.0,0.0064776835934026,0.0,0.0142050544964149,2.7586276307702065,7.02026179432869,0.5774898454546928,6.35323245517795
2016-09-30,Malerkotla,0.0,0.0,0.0107625459620196,0.0133787670638412,4.519038838999612,8.070693526949201,0.6160305004034724,2.5372855127636065
2016-09-30,Moonak,0.0,0.046471483229349,0.0013811117969453,0.0351602577914794,3.3772890170415244,6.3112456401189165,0.602195531129837,7.06779498295611
2016-09-30,Sangrur,0.0,0.0001131668437405,0.0149537610455549,0.0311618232101734,3.902404350893838,7.868137087140765,0.3901602040444101,2.5289925499452117
2016-09-30,Sunam,0.0,0.0012625357069607,0.0034278271237521,0.0271653273209397,3.183690573487963,6.900673168046134,0.374791605664151,3.3014225103871735
2017-06-01,Dhuri,0.0,0.0,0.0,0.0,0.0043242105219343,1.0719557783820413,0.4498674910176884,16.061936320325483
2017-06-01,Lehra,0.0,0.0,0.0,0.0,0.0094895585425547,1.2725405842065811,1.3518293723464012,14.964430657343744
2017-06-01,Malerkotla,0.0,0.0,0.0,0.0,0.0043310644229807,1.2081391257899148,0.4408148356846401,16.297747807213593
2017-06-01,Moonak,0.0,0.0,0.0,0.0,0.027597263843442,1.4483404457569122,1.4940986037254331,8.41929374469846
2017-06-01,Sangrur,0.0,0.0,0.0,0.0,0.0228750064104263,1.640501699277333,0.9098941407033376,17.31761308446482
2017-06-01,Sunam,0.0,0.0,0.0,0.0,0.0153143154623519,1.8098056827272688,1.5559791837419783,16.795791309456
2017-06-02,Dhuri,0.0,0.0,0.0237519586120139,0.4155064916068857,1.580279604955153,2.882984659888528,4.782618793574247,17.983538370245203
2017-06-02,Lehra,0.0,0.0,0.0006960615864954,0.2789352419786155,1.295011978596449,2.7361972481012344,4.455373153090477,15.081451148080147
2017-06-02,Malerkotla,0.0,0.0,0.0286812065834445,0.4249603929264204,1.8148454001971652,3.225442043372563,6.1519156864711215,19.087988892419354
2017-06-02,Moonak,0.0,0.0,4.286516923457384e-05,0.2565964000920455,1.324525033434232,2.500425567229589,4.118887662887573,8.444803141893503
2017-06-02,Sangrur,0.0,0.0,0.012308690331078,0.4471242502331733,1.5208614596298762,2.9938387955938066,4.037452902112689,17.99521740197678
2017-06-02,Sunam,0.0,0.0,0.0041724754430885,0.430782077567918,1.6348655394145422,3.067701586655208,4.265813376222338,17.05774757726144
2017-06-03,Dhuri,0.0,0.0,0.1582031209360469,1.8469273881478745,0.5523143261671066,0.3929490690881556,1.2515800486911426,19.415862322595668
2017-06-03,Lehra,0.0,0.0,0.124370832927525,1.045490186661482,0.8832777142524719,0.4517142865806818,0.725609453395009,15.59780825798735
2017-06-03,Malerkotla,0.0,0.0027043652787272,0.2498245941741126,2.4182866641453336,0.493482694029808,0.4964136034250259,1.5210653798920768,19.99035243047845
2017-06-03,Moonak,0.0,0.0,0.0842920069893201,0.8879043956597646,0.7789527475833893,0.3594218641519546,0.5865057831009229,8.612059610422763
2017-06-03,Sangrur,0.0,0.0,0.1288856020463364,1.499660741005625,0.6956151489700589,0.3580598974866526,1.1389328752245222,19.72337053879016
2017-06-03,Sunam,0.0,0.0,0.1407123378344944,1.4511813947132657,0.9573079603058952,0.4904980308243206,1.099443182349205,18.018847205621014
2017-06-04,Dhuri,0.3971695588393645,0.9290881400758568,3.453578623858365,0.5286724364215677,0.8569660837000067,1.4096605696461415,0.8906491967764768,19.417733072168392
2017-06-04,Lehra,0.4662168994545936,1.0391434356570244,7.328612148761749,1.3240390941500664,1.979900345206261,1.706987403333187,2.2147505581378937,15.598055918006063
2017-06-04,Malerkotla,0.5177659786173275,1.1865008707557405,3.680690348148346,0.5994656192404884,0.83232210789408,1.884926927941186,0.6747211739420891,19.995470769686758
2017-06-04,Moonak,0.658688947558403,0.9988456765810648,6.667055090268453,1.3526030878225963,1.8247477114200592,1.418090562025706,2.226664582888285,8.659040369233068
2017-06-04,Sangrur,0.4627739701952253,0.957417247550828,3.7227003404072354,0.6249889582395554,1.009626520531518,1.3579770624637604,1.0945226677826472,19.738525286740675
2017-06-04,Sunam,0.5187655197722572,0.9345403590372632,5.244537583419255,1.0418559163808825,1.4292257555893488,1.4825209634644645,1.4648355735199792,18.043181883932824
2017-06-05,Dhuri,1.9854495254429905,5.79672891443426,0.5987631610848687,0.4140141091563485,0.7685579738833688,0.0402795739302581,0.456103346564553,19.417775489855057
2017-06-05,Lehra,1.224665381014347,4.7057191133499146,0.5454693641513586,0.3118400555104017,0.3015018869191408,0.068092381581664,0.2572761466726661,15.59806209878105
2017-06-05,Malerkotla,2.1315118840762546,5.569013612610953,0.6511028174843106,0.3600760735571384,0.6374221060957227,0.0641407463699579,0.5154018295662743,19.995598902175974
2017-06-05,Moonak,1.1426724394162495,4.745278239250183,0.3628483166297276,0.2914891665180524,0.3274915839234988,0.0836050032327572,0.293488269050916,8.66383440062457
2017-06-05,Sangrur,1.7742000009332384,5.658207416534424,0.6285980652485575,0.3735271926437105,0.5940201548593385,0.0264524549711495,0.4416464120149612,19.739115888224365
2017-06-05,Sunam,1.576182667698179,5.424140725816999,0.5945506244897842,0.3319621139339038,0.4213921039232186,0.0390775713936558,0.3650269907500063,18.045558052384674
2017-06-06,Dhuri,1.5459233088926836,1.5288201299580662,0.1120342100885781,0.4175423627549952,0.5088151896541769,0.4377596120942723,0.8037675727497448,19.058626920001725
2017-06-06,Lehra,1.0066542848944664,0.8320197630673647,0.1984636280685663,0.574000732973218,0.4598943386226892,0.2773268306627869,0.4482085574418306,15.41755654326972
2017-06-06,Malerkotla,1.7594823965004511,1.5088570969445363,0.0858710732843194,0.4275697980608259,0.4918766011084829,0.4511816123766558,0.7935258490698678,18.91584707106747
2017-06-06,Moonak,0.7696884324153265,0.6056271890799204,0.159407847871383,0.4529752706487973,0.3246287927031517,0.2123274145027001,0.2547329887747764,8.573841213571804
2017-06-06,Sangrur,1.4137794503143857,1.441096020596368,0.1602860508220536,0.5566368784223285,0.5577896567327636,0.4665502852627209,0.7352239691785404,19.643764975188816
2017-06-06,Sunam,1.3255781148161208,1.2888603742633546,0.1987981516867876,0.6406294341598239,0.535552835890225,0.4281695070011275,0.641727511371885,17.992793224089272
2017-06-07,Dhuri,4.265394926071167,0.9857794696634468,0.5581325563517484,1.262358828024431,0.97274203192104,0.9375194582072172,0.2858070602471178,5.865289821070124
2017-06-07,Lehra,6.233189433813095,0.8865229226648808,0.7942913509905338,1.4661534279584885,0.7800732105970383,0.9888677299022676,0.4643165599554777,3.3203280150626195
2017-06-07,Malerkotla,3.4199327656200955,0.8346929997205734,0.5514615401625633,1.1221453696489334,1.2228590420314245,0.5538183152675629,0.2854339789066996,7.23125715494831
2017-06-07,Moonak,4.977193315823873,0.7516972521940867,0.7543582667907079,1.455634613831838,0.9226452559232712,0.8256193747123083,0.4920872797568639,2.20673543919214
2017-06-07,Sangrur,5.122300071375711,0.8704828502876418,0.540384193616254,1.2727445725883757,0.8698657538209643,0.9803139216133526,0.3590025316391672,5.291667108327795
2017-06-07,Sunam,6.08841826234545,0.8768864444323948,0.6071118893367904,1.3666648438998632,0.8127021746976035,0.9721131984676632,0.3995676870856966,4.186508144429217
2017-06-08,Dhuri,0.377189885486256,0.6148195605386387,0.4674142003059387,0.2489030984315005,0.313132798129862,0.901866549795324,2.742552784356204,3.3803528673041066
2017-06-08,Lehra,0.4875590912997722,0.3123898077756166,0.7591854892671108,0.2925950828939676,0.2562430873513222,0.4051488991826772,4.95728811621666,0.6344185630152247
2017-06-08,Malerkotla,0.3035428454833371,0.6544295304587909,0.3058914276106017,0.1752554971192564,0.181562915444374,1.1532675453594752,2.1122009456157684,3.7794744665473803
2017-06-08,Moonak,0.4295378352204959,0.2803042009472847,0.9428541411956152,0.2363136485219001,0.2049148368338743,0.4090387473503749,5.001182277997335,0.3754981358615992
2017-06-08,Sangrur,0.3763465679117611,0.462629208607333,0.5636647301060813,0.2632980421185493,0.3353114830596106,0.7586214042135647,4.140298843383789,2.466183816902498
2017-06-08,Sunam,0.4857637456485203,0.3599469193390437,0.6785424862589154,0.2738721647432872,0.3211235584957259,0.6207681319543293,5.140368001801627,1.3136472207505154
2017-06-09,Dhuri,0.482543949376453,0.779015841809186,0.1221926981075243,0.3850948749618096,0.0134639940012923,0.5074189020828768,2.982465343041853,1.6867086988459923
2017-06-09,Lehra,0.3749359585344791,1.1413368545472622,0.2443075776100158,0.0882224619854241,0.0337195793399587,0.4952303282916546,4.279481664299965,1.0529919744822194
2017-06-09,Malerkotla,0.7310580206768853,0.6283507996371814,0.1934724577835627,0.5774615045104708,0.0272788401094398,0.6932630762457848,3.665312809603555,1.2753790757003376
2017-06-09,Moonak,0.320732435832421,0.9818561772505442,0.2000794559717178,0.0859638769179582,0.0370957500611742,0.437349575261275,5.63547666867574,1.2768844008709253
2017-06-09,Sangrur,0.3383674472570419,0.946090600320271,0.140977137855121,0.3201068881899118,0.0206839877812724,0.4828172400593757,3.670005100114005,2.043377905319433
2017-06-09,Sunam,0.3083804760660444,0.9951013284070152,0.1975434544895376,0.1751629670283624,0.0357574389449187,0.4859972500375339,4.020287658487048,1.5159644526998328
2017-06-10,Dhuri,0.1883917498317631,0.0737485059282996,0.1778793362053957,0.3471312231638215,0.0361857524311,0.0,0.0,3.4640720634035116
2017-06-10,Lehra,0.4893049653619528,0.1571041033603251,0.397432679310441,0.1908532213419675,0.035065159201622,0.0,0.0,8.667677396403342
2017-06-10,Malerkotla,0.1037566417029925,0.0265457673231139,0.1038629114627838,0.3172528552157538,0.0230532473152769,0.0,0.0,2.084448579242551
2017-06-10,Moonak,0.5280013903975487,0.1377150596429904,0.426634023586909,0.1547851463158925,0.0426103202626109,0.000411280663684,0.0,10.013858488373131
2017-06-10,Sangrur,0.2419379374810627,0.0866805142723023,0.2154369463345834,0.3603760376572609,0.0435814778985721,3.646914098810937e-05,0.0,5.510215667958167
2017-06-10,Sunam,0.4319205475705011,0.14030667008566,0.3414767325988838,0.2885433153382369,0.0463061281479895,0.0001593001319893,0.0,7.284289010312952
2017-06-11,Dhuri,0.097613513469696,0.1333035593005744,0.6713704697110436,1.195514364676042,0.1130903488533063,0.0242837088563564,0.0713147602298043,8.300196092983857
2017-06-11,Lehra,0.1483491980470717,0.1975868679583072,0.9933493435382844,1.2342813983559608,0.3121857773512602,0.0180860128311906,0.0717087187804281,15.640477811021361
2017-06-11,Malerkotla,0.1057203489222696,0.0492227901039378,0.311800090862172,1.1978151095764975,0.1170298997312784,0.0240326112086352,0.0543501788218106,6.693628464731751
2017-06-11,Moonak,0.1020780590673287,0.1228841003030538,0.7760124107201894,1.4356761276721954,0.4315621256828308,0.0095698250612864,0.091037488852938,16.95811779850432
2017-06-11,Sangrur,0.0918127390156899,0.1591583475736635,0.7902283913322857,0.8394821435213089,0.1762888013784374,0.0581900334218516,0.0969756650073187,11.466929442652187
2017-06-11,Sunam,0.1228981108537742,0.2095151354691811,1.0527295959847314,1.0600560413939613,0.2760662723864828,0.0414632419124245,0.0925177122865404,14.037204560278365
2017-06-12,Dhuri,0.1852827803655104,1.060227776115591,0.9275549812750384,0.3232586952773007,0.6654942333698273,0.287538699128411,0.630070533264767,11.983926415168549
2017-06-12,Lehra,0.1811006814241409,3.5216729789972305,0.5326113346964121,0.7168772108852863,0.604933362454176,0.0864270692691207,0.6276995651423931,18.003813311703475
2017-06-12,Malerkotla,0.2098157576152256,0.9851162529417448,0.7431872870240893,0.3507787069039685,0.6543325749891145,0.4350788870028087,0.7303664056318147,12.625357176639351
2017-06-12,Moonak,0.2456154624621073,3.406250476837158,0.489551121989886,0.7819980978965759,0.781417116522789,0.1126652049521605,0.7856863588094711,19.665478390047475
2017-06-12,Sangrur,0.2379957868584565,1.7731368456568035,0.9456829620259148,0.3652765910540308,0.6537499555519649,0.3044435961970261,0.644897597176688,14.498564522105953
2017-06-12,Sunam,0.2159488121313708,3.0961529867989674,0.822314841406686,0.612054783318724,0.6821406249489103,0.1653634134147848,0.6811910729323115,16.54794673432012
2017-06-13,Dhuri,0.0666832640259103,1.2648089094595476,0.666622443632646,1.0064220211722634,0.0678840781435031,3.997756394472989,3.8775297186591406,41.138187836836565
2017-06-13,Lehra,0.1918838149867952,0.8875264450907707,0.3379202857613563,1.268868409097195,0.0276485309004783,2.185508944094181,2.2674820125103,40.352383621421936
2017-06-13,Malerkotla,0.0241385266251329,1.2512346399681908,0.6632227642195565,0.730479067989758,0.1501311598611729,4.653963429587228,4.164522307259696,40.919862593047775
2017-06-13,Moonak,0.1416702618201573,1.1008714934190114,0.3778253470857938,1.2260004182656603,0.045661909195284,2.46415368715922,2.140560875336329,39.03706838037193
2017-06-13,Sangrur,0.0964642337390354,1.2621416321822576,0.5135476865938732,1.1501611130578178,0.0869474153899188,3.468011566570827,3.725713976791927,43.55703265676313
2017-06-13,Sunam,0.1377239293817962,1.042040807860238,0.404654677425112,1.3830145640032632,0.0429507043279175,2.6661866988454546,2.9044064794267928,43.31467426625298
2017-06-14,Dhuri,4.493906931443648,3.117610443722118,9.381811380386353,2.006805544549769,6.890753355893222,4.733490813862193,4.662823633714155,41.13816922327301
2017-06-14,Lehra,3.3609555810689926,1.5552479848265648,19.85655963420868,5.12800320982933,5.797536253929138,8.290540367364883,3.279265433549881,40.35237832381429
2017-06-14,Malerkotla,5.480933325631278,3.583777734211513,7.207530498504639,1.4234435920204436,7.626731974737985,4.932660273143223,4.264340443270547,40.918272205814716
2017-06-14,Moonak,3.936273912588755,1.7905719180901845,18.6939168771108,4.345602611700694,6.558685302734375,8.777187744776407,2.603871007760366,39.03194025029829
2017-06-14,Sangrur,3.797866199697767,3.107907056808472,14.259211880820136,2.654479431254523,7.76781257561275,5.40718594619206,4.733970071588244,43.57156886573757
2017-06-14,Sunam,3.600991121360234,2.296239103589739,15.836162226540702,3.350903740950993,6.698932307107108,6.478323970522199,4.027036207062857,43.32070626543596
2017-06-15,Dhuri,2.687304811044173,3.929488550532948,1.320638651197607,3.707807605916804,1.9749444668943232,13.894875439730557,11.260760177265514,41.120042141561136
2017-06-15,Lehra,2.217668727040291,4.358954966068268,1.0938461795449257,3.5252927094697952,3.1996221989393234,12.453829646110536,13.51887673139572,40.351707305217865
2017-06-15,Malerkotla,2.5344803162983487,2.637853737388338,1.1079848834446495,3.5055325967924937,1.5608900636434555,12.794422592435565,9.229158537728448,40.8592072852222
2017-06-15,Moonak,2.0333061814308167,4.368790765603383,1.2688436309496562,3.3104689717292786,2.6516860723495483,13.37726100285848,13.041849772135416,38.914846813345285
2017-06-15,Sangrur,2.866484441927501,4.7637813942773,1.793990712080683,4.14951355116708,2.2496814898082187,14.795910835266112,13.80507571356637,43.56234713391593
2017-06-15,Sunam,2.6790012461798534,5.560811672891889,1.5403297458376204,4.1116556865828375,2.6807537845202853,13.799615212849208,14.42224781853812,43.277632553475854
2017-06-16,Dhuri,7.024628292430531,1.2925690737637607,3.724462476643649,4.9154533472928135,7.1315741539001465,6.951010075482455,4.565815795551647,40.89208426009954
2017-06-16,Lehra,7.456723481416702,3.10909903049469,5.098798155784607,2.2269288152456284,6.122579008340836,5.9779912531375885,3.8942004442214966,39.81611340301447
2017-06-16,Malerkotla,5.78638482945306,1.0885529007230486,3.18587635244642,5.376699898924146,6.14800546850477,6.908377613340106,4.178898538861956,40.573061590863475
2017-06-16,Moonak,7.8384294907252,3.9436848163604736,6.558714667956035,1.53759828209877,5.917163451512654,6.353902339935303,4.378483732541402,37.98795115114092
2017-06-16,Sangrur,7.032586131777082,1.920096678393228,4.533183327742985,3.9348608681133816,6.860690934317453,5.196469851902553,3.935901301247733,43.30996139217554
2017-06-16,Sunam,8.03696858882904,2.471459542001997,5.321209158216204,2.855347386428288,6.253972257886614,5.323611412729536,3.685864423002516,42.814599759324274
2017-06-17,Dhuri,11.338825312527744,2.750597081401132,7.763745351271196,4.198170586065813,7.875747463919899,2.872271093455228,1.6782699715007434,37.68239694319155
2017-06-17,Lehra,8.318995118141174,4.203313499689102,7.096807479858398,5.543082743883133,7.933627277612686,3.918825089931488,0.8608056455850601,31.685070871186138
2017-06-17,Malerkotla,10.270429628235954,1.9406270342213767,9.293315410614014,4.70709799017225,7.176137055669512,2.52060638155256,1.8039167863982064,38.861628549262164
2017-06-17,Moonak,8.271165529886881,4.16421502828598,8.188251376152039,5.639691352844238,6.22054664293925,3.1712519923845925,0.6374581257502238,29.083720595109455
2017-06-17,Sangrur,12.083617550986151,4.514552082334246,9.024458357266017,3.427051816667829,7.465618406023298,3.2221331681524004,1.4207538068294523,38.11502879730809
2017-06-17,Sunam,10.549258368355888,5.22000435420445,8.434493013790675,4.221618149961744,7.327643070902143,3.1535517403057645,1.1305468274014336,36.08520787484368
2017-06-18,Dhuri,16.20341509038752,15.132191961461848,9.798634030602194,3.606168205087835,0.165297345681624,0.0,1.9213658300313083,32.844402164038485
2017-06-18,Lehra,8.546086847782135,7.566121846437454,5.727036893367767,5.211593568325043,0.4871492348611355,0.0,0.4169033374637365,24.712022796549405
2017-06-18,Malerkotla,14.329396384102958,17.222458056041173,10.8791606426239,3.127921393939427,0.1788454484194517,0.0,2.1558316818305423,34.24733032456466
2017-06-18,Moonak,7.476360479990642,6.72628132502238,5.907742182413737,4.801470200220744,0.606562743584315,0.0,0.2694831391175588,22.09248052616796
2017-06-18,Sangrur,15.364713566643852,12.122479166303362,8.40488086427961,4.27453225851059,0.3403645634118999,0.0,1.3248522537095206,32.1433137633652
2017-06-18,Sunam,12.07378155844552,9.634811452456884,6.85615348815918,5.076691440173557,0.3437869234808853,0.0,0.7551922489489827,29.30801811879082
2017-06-19,Dhuri,13.470605850219728,7.921757004477761,0.6411462195894935,0.6972744573246349,0.9229581301862544,0.4952740730209784,2.3001778613437307,34.607531927703285
2017-06-19,Lehra,17.53663730621338,6.0434978902339935,2.004293642938137,0.7583598867058754,0.9538727216422558,0.6474498473107815,1.4306932166218758,26.114903573544158
2017-06-19,Malerkotla,12.074410029820031,9.305586423192706,0.4551278437886919,0.605991287955216,0.7599688640662602,0.8614582983510835,2.4748234237943376,32.52579219738642
2017-06-19,Moonak,17.749842325846355,6.637594938278198,1.9010256826877596,0.6321902299920718,0.7875895996888479,0.9694345196088155,1.3965001503626506,20.82416317354228
2017-06-19,Sangrur,15.859397070748466,7.29531329018729,0.9929595163890294,0.6975803737129483,1.012331839118685,0.663176811167172,1.766693013054984,34.89645407077466
2017-06-19,Sunam,17.13413885661534,6.793978895459857,1.1620138095957893,0.5781817606517247,0.9761243207114084,0.6988159811922482,1.3567733934947424,31.482460933149248
2017-06-20,Dhuri,4.869649843736128,4.34989875013178,0.1541780500926754,0.0385534688407047,0.0076138460585339,0.1180664158680222,2.094134623354132,18.23012856534353
2017-06-20,Lehra,3.4127238541841507,4.848641335964203,1.2974418438971045,0.0024733431164349,0.0062826126231811,0.1235035117715597,1.8830690011382103,18.39816441056935
2017-06-20,Malerkotla,4.624952597277505,4.207568756171635,0.0668702010464455,0.0687491105802889,0.0283322804856912,0.2389750940991299,2.3250164815357754,14.963128760457037
2017-06-20,Moonak,2.7317358255386357,4.303417921066284,1.3394089539845784,0.0020327569897441,0.0142125655741741,0.0997853297740221,1.639676570892334,18.249214337117706
2017-06-20,Sangrur,4.1341335943767,3.7582666959081377,0.3208459852529423,0.0386621674406342,0.0126786381338856,0.1087989191125546,2.0709454034055983,24.045812715827097
2017-06-20,Sunam,3.519856325217656,3.753284105232784,0.7741893221225057,0.0144423081822294,0.014559888214405,0.0817366241078291,1.8641824424266813,21.106837718703275
2017-06-21,Dhuri,1.8643883791836824,0.424271211028099,0.0,0.1506070040843703,0.8640886409716173,2.0998576120896773,4.001237208192999,44.63661798946232
2017-06-21,Lehra,2.485233634710312,0.4237160813063383,0.0,0.1437172009609639,0.825214184820652,1.3122826516628263,4.191896170377731,54.514753359669875
2017-06-21,Malerkotla,1.784898212977818,0.3566686947430883,0.0,0.1020728610455989,1.0977202632597514,2.469588020018169,4.797314141477857,39.41382150309426
2017-06-21,Moonak,3.419870376586914,0.4431550055742264,0.0,0.1262810248881578,0.8243895719448725,0.9781715323527654,4.6217712958653765,62.76664793762295
2017-06-21,Sangrur,2.307402180773871,0.4527590881500925,0.0,0.1803983489849737,1.0511122601372855,2.0400898456573486,4.219795967851367,62.208635000311915
2017-06-21,Sunam,2.4550762602261136,0.484172767826489,0.0,0.193398865205901,0.9046098185437066,1.6457158710275377,4.142238991601126,61.65653795771407
2017-06-22,Dhuri,0.014552880777046,0.0,0.3496533185243606,0.7983302528207953,1.4147714918309993,4.622942859476263,7.872016538273204,66.1852915417492
2017-06-22,Lehra,0.1092279283329844,0.0,0.0128190283867297,0.3519419990479946,1.024703498929739,6.771614164113998,7.941666960716248,92.50344401951796
2017-06-22,Malerkotla,0.0005684852076228,0.0,0.4030885121652058,0.8120155547346387,1.2060830784695489,3.694058188370296,7.216828158923557,58.33766664309161
2017-06-22,Moonak,0.1985454298555851,0.0,0.0041665347525849,0.4507194310426712,1.0851665139198303,6.38178014755249,7.555931727091472,94.98128194185983
2017-06-22,Sangrur,0.0307280269584485,0.0,0.1779338319652847,0.623791788305555,1.3517125163759505,5.399339028767177,8.683766313961574,87.58244249807645
2017-06-22,Sunam,0.0862092160220657,0.0,0.0674385498610458,0.4612826577254704,1.317001955849784,6.590015360287258,8.435047439166478,91.45869117082184
2017-06-23,Dhuri,0.0,0.0,0.2498522048646753,1.6595818129452793,2.7451253587549385,4.966702862219377,1.0231904604218225,75.58597481088687
2017-06-23,Lehra,0.0,0.0,0.1796536962501704,2.505177393555641,3.79337677359581,7.47097784280777,0.8442942537367344,106.09819830722334
2017-06-23,Malerkotla,0.0,0.0,0.1468609068542719,1.475755444594792,2.252423282180513,3.300169433866228,1.291350087949208,67.04379354381845
2017-06-23,Moonak,0.0,0.0,0.077915617575248,2.1565435032049813,4.447319507598877,6.327224850654602,1.3056812634070714,112.58132970488606
2017-06-23,Sangrur,0.0,0.0,0.2823386234896524,2.0209039407117024,3.06609194619315,6.363890545708792,0.999527654477528,102.52451980039744
2017-06-23,Sunam,0.0,0.0,0.2370285830859627,2.3142637567860738,3.810800646032606,7.576081582478115,0.9428083896636964,105.0645619389306
2017-06-24,Dhuri,0.0340423155152662,0.5897112095897848,1.4283357100053269,4.30554770339619,7.713395530527288,0.1881401166319847,0.0749100737951018,76.24788263380874
2017-06-24,Lehra,0.0661088383058086,0.6569943632930517,1.507592000067234,3.4846777468919754,14.110296785831451,0.4662626069039106,0.6472970983013511,106.32374326282704
2017-06-24,Malerkotla,0.0318517455432031,0.4562132720436369,1.412393793463707,4.158750517027719,6.938859769276211,0.1139550139861447,0.0843722929379769,67.72947134911526
2017-06-24,Moonak,0.0895434785634279,0.3391563246647517,1.379550019900004,3.5502421458562217,19.739509105682373,0.6207786401112875,1.9250772297382357,112.95678800846552
2017-06-24,Sangrur,0.0746793476864695,0.6150302631514413,1.4184869868414742,4.610240765980312,9.149936727115088,0.2698584709848676,0.1214365184839282,103.04492101651249
2017-06-24,Sunam,0.0987358320770519,0.6939840880887849,1.4918904176780157,4.531440683773586,13.13056823185512,0.4164292131151472,0.2942930933620248,105.42705523727703
2017-06-25,Dhuri,0.5371971171010624,2.4591964429075066,11.420462608337402,34.9791786887429,11.305296030911531,2.5249111544002187,1.07217599587007,76.35775396637469
2017-06-25,Lehra,0.2845336217433214,1.6534410938620567,9.96098068356514,23.47074818611145,11.53372061252594,1.5827081725001335,2.783034175634384,106.360353411578
2017-06-25,Malerkotla,0.7452972212008068,3.4961884192058017,11.378302233559744,31.292915276118688,10.594107730048044,2.2297655088560924,1.2246298151356834,67.90322726657725
2017-06-25,Moonak,0.1955175461868445,2.019453376531601,7.797918121019999,15.875623226165771,8.833606322606405,1.2144121130307517,3.857921163241069,113.03056779961001
2017-06-25,Sangrur,0.4519893495099885,2.285146579146385,11.4838775907244,34.5057054247175,14.126877546310425,2.4773461520671844,1.693348573786872,103.10352341086713
2017-06-25,Sunam,0.3562512812869889,2.037136822938919,10.181365370750427,28.24864367076329,13.01428941317967,2.185590956892286,2.318235695362091,105.46789500028298
2017-06-26,Dhuri,0.11915716342628,1.0871741338209673,12.260396003723145,4.482985214753584,15.028286630457098,2.193013299595226,1.2187217365611682,70.95529657046873
2017-06-26,Lehra,0.077603698708117,1.4400232657790184,10.572870194911957,3.890678927302361,16.653270602226257,4.037821263074875,1.098541397601366,102.60246011968046
2017-06-26,Malerkotla,0.1083270258137158,1.3624857876982008,13.40669059753418,6.882237144878933,9.58841599736895,1.8733721375465395,0.9662974434239524,63.774159034898425
2017-06-26,Moonak,0.1708066090941429,1.7629474401474,10.857372681299845,3.473619262377421,9.90130058924357,4.857193191846212,1.2030986944834392,111.60081458719911
2017-06-26,Sangrur,0.0752336619687931,1.3790265428168431,14.4342565877097,3.7548221264566695,19.34204384258815,3.0740829876491,1.4408433671508516,97.35102161156327
2017-06-26,Sunam,0.0618550277182034,1.5883866378239222,13.00946627344404,3.8147541795458113,18.11235008920942,3.851457783154079,1.4082656417574202,100.79906200165262
2017-06-27,Dhuri,1.4370774220336566,9.86938931725242,10.82497822154652,3.337016235698353,2.4830402569337324,9.073158697648482,11.38352160020308,58.258296787327296
2017-06-27,Lehra,1.4639469534158709,7.776404500007629,8.668752610683441,6.728089779615402,11.533974051475523,19.99628853797913,10.854566216468813,87.99598043778528
2017-06-27,Malerkotla,1.6817790120840073,10.370003700256348,13.071567228862218,3.481098907334464,1.7266459677900587,6.1720370054245,9.189392668860298,53.15443314724641
2017-06-27,Moonak,1.780243327220281,7.560779253641765,8.296085079511007,10.969031890233358,15.505749066670736,19.17768621444702,10.584827661514282,94.83105452652698
2017-06-27,Sangrur,2.0968286160911838,8.304873602730888,10.722790275301252,3.760470007147108,5.371087917259762,13.559302874973842,15.680856330054146,79.21863500322226
2017-06-27,Sunam,1.698339270693915,7.582520093236651,9.02393272944859,4.731528495039258,8.872497882161822,16.93852421215602,14.074572597231183,84.45517833979677
2017-06-28,Dhuri,17.889159549366344,3.862291271036321,4.1623403592543164,2.647567109628157,7.4875429760326035,6.263348232616078,25.26180362701416,31.941637758683978
2017-06-28,Lehra,15.195295691490172,4.83517687022686,4.350620180368424,2.2677103355526924,4.840196222066879,6.029712677001953,16.13724970817566,51.88161425837036
2017-06-28,Malerkotla,18.10624783379691,3.2983381918498447,2.539241237299783,2.996734687260219,7.161372372082302,6.8616174800055365,24.13376535688128,28.97374047817735
2017-06-28,Moonak,16.13179087638855,6.6485146681467695,2.483371595541636,2.7038753430048623,3.9812442660331726,6.830680410067241,14.996363798777262,50.31517810499658
2017-06-28,Sangrur,21.16211199760437,5.266195399420602,5.310663274356297,2.79561990073749,6.970680628504072,6.187324966703143,24.51687812805176,41.07474293164396
2017-06-28,Sunam,18.089840957096644,5.19733852999551,5.078541338443756,2.519695656640189,5.840597663606916,6.34990542275565,19.58466754640852,43.9069328763558
2017-06-29,Dhuri,5.190485932610252,0.2220171063461087,0.1375045276839624,2.375420646233992,2.69089336828752,7.761451937935569,2.586488734592091,13.314298813790817
2017-06-29,Lehra,5.442355036735535,0.2188497907482087,0.216753036249429,1.4600836858153343,5.11278510093689,2.5094752237200737,2.39373891800642,14.611823470102925
2017-06-29,Malerkotla,4.66992278609957,0.3695735255522387,0.2574146214340414,2.4729749304907664,2.886057053293501,6.592260846069881,2.603425094059536,14.094984542141907
2017-06-29,Moonak,5.123279174168904,0.8167238508661588,0.6316024462381998,1.4406963686148326,4.478020370006561,2.0940600434939065,2.547995309034983,19.014756785128693
2017-06-29,Sangrur,6.156274863651821,0.3188653717349682,0.2557743319443294,2.423061966896057,2.9146594490323747,5.355780516351972,2.438990925039564,17.99497072349387
2017-06-29,Sunam,6.094623701913016,0.2990014651524169,0.1846096510333674,1.8965271200452527,3.4291379962648665,3.829490567956652,2.34649504508291,15.79277437099846
2017-06-30,Dhuri,2.0956186110323127,1.8326659852808167,2.07008575851267,1.6066381389444524,4.2885002439672295,2.176033383066004,1.989381383765828,7.97430555966055
2017-06-30,Lehra,1.3857750445604324,2.791748695075512,1.2363606914877892,1.6855266727507114,1.4600903429090977,2.676366940140724,1.869790114462376,2.2918944804680663
2017-06-30,Malerkotla,2.417395578963416,2.01575037411281,2.4701171602521623,1.5909907753978456,7.1290732111249655,1.4683378977434975,2.044107790504183,9.825111331362999
2017-06-30,Moonak,1.6406174898147583,4.518094042936961,1.13136492172877,2.6738862792650857,1.700976421435674,2.7520207166671757,2.5602505207061768,2.7041855914256097
2017-06-30,Sangrur,2.272189112646239,3.6307806617447302,1.783723152109555,2.3603784378085817,3.523921038423265,2.7292215653828213,2.053030333348683,6.981741210952056
2017-06-30,Sunam,1.91898193529674,3.6582798744950975,1.489310153893062,2.509729972907475,2.446841759341104,2.7927078774997165,1.816841372421809,4.870567825693161
2017-07-01,Dhuri,0.0947406553578647,0.7160964811390097,0.9234733608635988,3.7611041610891167,13.216859644109553,2.371144273064353,1.1079992868683557,7.510614594552741
2017-07-01,Lehra,0.2687399946153164,0.5591648854315281,0.4562304997816682,1.3070883974432943,6.65390008687973,2.004781275987625,1.5044403225183487,2.10915632411474
2017-07-01,Malerkotla,0.1369940683777843,0.8814865393298013,0.8624853576932635,4.732589244842529,12.623997024127416,2.58636857356344,0.6667903065681458,9.51473264836601
2017-07-01,Moonak,0.496027834713459,1.0026664386192958,0.5717013428608576,1.058984284599622,4.980894525845845,1.8402041395505269,1.931845744450887,2.3731310960910474
2017-07-01,Sangrur,0.2643818802067211,0.9369382389954158,1.375729956797191,3.799998168434416,11.794090270996094,2.185956418514252,1.47735224877085,6.640057532653112
2017-07-01,Sunam,0.2960307124469961,0.7173170777303832,1.09747029202325,2.483308506863458,9.214861392974854,2.1461561109338487,1.83067267707416,4.603153090621527
2017-07-02,Dhuri,0.2493188327009027,0.0158444630744105,2.385664343833924,8.757783651351929,3.853887720541521,1.773420333862305,4.618347959084944,8.202500479387496
2017-07-02,Lehra,0.3709829654544592,0.2488689124584198,1.3230159655213356,4.189754396677017,3.972937718033791,1.2338328137993813,2.311225570738316,2.4386620008171436
2017-07-02,Malerkotla,0.2698520975453513,0.0009258702463869,2.86186551621982,9.179137672696797,3.826412098748343,2.5807684617383138,5.723744528634208,10.172075115782043
2017-07-02,Moonak,0.3449911375840505,0.220438669125239,1.4471365014712017,4.698778331279755,4.34071151415507,0.9826743056376775,3.4011422793070474,2.6911874353459813
2017-07-02,Sangrur,0.313322506312813,0.0513907501673592,2.6847643426486423,8.245662689208984,4.884101067270551,1.3307164162397385,4.314762954201017,7.582769801063443
2017-07-02,Sunam,0.3096581032233579,0.1597529434199844,2.01951978462083,6.323117630822318,4.883161357470921,1.0315421691962652,3.1745788838182176,5.294325451146078
2017-07-03,Dhuri,0.6213378418575634,4.749682047150352,8.515482945875688,6.729348334399137,1.7775075869126753,5.088434728709134,27.385820215398613,10.954168021887698
2017-07-03,Lehra,1.3257397785782814,2.570391595363617,4.482756927609444,4.541822701692581,1.0458889082074163,1.039162628352642,22.66587221622467,5.412588660648592
2017-07-03,Malerkotla,0.4098728650382587,5.772060241018023,9.586944818496704,5.180200414998191,1.9526014157703944,7.49555720601763,25.546476670673915,13.227251345023426
2017-07-03,Moonak,1.2353312075138092,2.9265472292900085,5.314600229263306,3.9694239099820456,0.9036430368820826,0.947530080874761,16.624470790227253,8.942176175490701
2017-07-03,Sangrur,0.860333691750254,3.097690624850137,7.2197356905256,6.675216402326312,2.0353930379663194,3.3997854122093747,26.50606414249965,10.630392030279339
2017-07-03,Sunam,0.9931308222668512,2.811479151248932,5.683314033917019,5.119854893003192,1.5160701189722334,1.93569963318961,23.9071843283517,8.689058179654648
2017-07-04,Dhuri,1.4924999529665166,2.311157291585749,1.487244633111087,0.2846254896033894,0.0728231495754285,0.185390791432424,8.167472817681052,13.437490013465865
2017-07-04,Lehra,1.0231384076178074,2.3264270424842834,1.256322130560875,0.3007054971531033,0.0648712739348411,0.1394550180993974,6.473688036203384,6.98531088607028
2017-07-04,Malerkotla,1.6619657107761927,2.3314793493066515,1.6434144079685211,0.1666067545967442,0.0709214076133711,0.2779652183609349,8.309995004108973,18.743422339283974
2017-07-04,Moonak,1.2614301691452663,1.8098520338535309,1.1390041758616765,0.3487289175391197,0.0420286748558282,0.0648441715165972,5.189547260602315,10.115374487001171
2017-07-04,Sangrur,1.6426910502570016,2.4484874052660808,1.718528253691537,0.2647233046591282,0.0968374792220337,0.1626908960086958,6.51158618927002,11.495992155408315
2017-07-04,Sunam,1.3314823784998484,2.3881441184452603,1.5315185700144087,0.2524303804550852,0.1057168220036796,0.1343183732990707,6.262839198112488,9.734520244918208
2017-07-05,Dhuri,1.1410822705789043,1.2126334607601166,0.0451171107124537,0.3934389718554236,1.024278012188998,11.91031317277388,6.341911380941218,19.418695227115755
2017-07-05,Lehra,1.2606832273304462,2.444270253181457,0.0155692111584357,0.0605059226509183,0.4083962701261043,11.78030252456665,6.13755390048027,12.138331490537798
2017-07-05,Malerkotla,1.2740560557161058,1.1008306188242776,0.0858075865544378,0.5116874660764422,1.8209702606712068,10.766361611230034,7.078909993171692,27.5293043911701
2017-07-05,Moonak,1.821915070215861,2.535767475763957,0.0253934045322239,0.0480069418748219,0.3720760693152745,10.324714183807371,7.672421375910441,14.275645420538773
2017-07-05,Sangrur,1.4023628532886503,1.780370661190578,0.0803372271891151,0.2567049403275762,0.8828920115317617,11.758929286684308,6.564961978367397,14.414127076195156
2017-07-05,Sunam,1.4552735005106243,2.133120051452092,0.0524335314652749,0.1359648699206965,0.5540722565991538,11.777950286865234,5.893088408878872,12.849113027491564
2017-07-06,Dhuri,1.2455486005002805,0.0,0.0380584398199888,3.682543657042764,11.400113452564586,12.441488526084209,12.54288643056696,19.735195761452797
2017-07-06,Lehra,1.0381411910057068,0.0009159754699794,0.0176186717872042,2.4761473909020424,6.079978108406067,11.70231395959854,5.388561278581619,11.858626431403287
2017-07-06,Malerkotla,1.6459794555391585,0.001614466542378,0.1067478032782673,3.870832519871848,13.692039081028527,13.354557854788643,10.203812786511012,31.384950704515603
2017-07-06,Moonak,0.8217292179663976,0.0001948041802582,0.048580872050176,1.5584747592608137,6.930327455202739,11.527196009953816,3.907824595769247,13.534180233693263
2017-07-06,Sangrur,1.0136794937508449,0.0004896106817925,0.0167530788790567,3.581135766846793,12.024698989731926,14.941637022154673,9.96554696559906,12.6461988313135
2017-07-06,Sunam,0.9430644937923977,0.000694696550324,0.0233825140167027,2.957640520163945,9.04886565889631,14.509760958807808,7.299592307635716,11.471538804588544
2017-07-07,Dhuri,0.0,0.4302330599589781,1.7176549543033948,6.756962992928245,17.31854031302712,6.813554742119529,3.1598230600357056,15.792301157789524
2017-07-07,Lehra,0.0,0.0255983496317639,1.3096525706350803,4.752404272556305,11.4932923913002,4.854015305638313,2.2548526227474213,10.696520971784455
2017-07-07,Malerkotla,0.0,0.6932209921734673,2.035247266292572,8.508736423083715,18.06181471688407,8.406042967523847,4.121709542615073,27.04947783862839
2017-07-07,Moonak,0.0,0.0110053954801211,0.856922780474027,4.368108193079631,10.152958710988363,3.3207980593045554,2.2917922933896384,12.36568458134175
2017-07-07,Sangrur,0.0,0.1705860447670732,1.5916050161634172,5.450035963739667,18.152866091047013,5.114971569606236,2.3196422968591963,8.777323496211148
2017-07-07,Sunam,0.0,0.0842763083055615,1.5767531735556466,5.00049226624625,15.89517947605678,4.385776511260441,2.1089510236467635,8.845242740300336
2017-07-08,Dhuri,0.0956208981912244,0.5624616958878257,3.91762003031644,6.552846670150757,2.8436284498734907,0.2842631482265212,0.6800897432999178,16.046670250666796
2017-07-08,Lehra,0.0,0.4303858261555433,3.0973608642816544,8.362050861120224,1.518732637166977,0.3891813885420561,0.4935286529362201,10.999168392439906
2017-07-08,Malerkotla,0.1468772680631705,0.6556493863463402,6.003588242190225,7.32961630821228,4.236305807318006,0.3938425034284591,1.2166986869914191,27.09036508880977
2017-07-08,Moonak,0.0,0.2623123079538345,2.924602131048838,8.588087797164917,1.589398245016734,0.5554698929190636,0.5875955621401469,12.552253250426437
2017-07-08,Sangrur,0.0518615325979356,0.5848191274063927,3.9181563002722606,6.747033255440848,2.188862076827458,0.3211852785732065,0.7125446663371154,8.891429097004574
2017-07-08,Sunam,0.0116050147251891,0.4872281955821173,3.123266398906708,6.988395844187055,1.5221234602587563,0.3547688568277018,0.5147584080696106,9.005795227839576
2017-07-09,Dhuri,0.38520040566271,3.997714963826266,5.815178925340826,5.579937219619751,1.943990701978857,1.7888030897487293,3.096835829994895,18.799196120026135
2017-07-09,Lehra,0.1961029935628175,3.3876668363809586,3.339497148990631,2.7478922307491302,1.2998935282230375,1.6216700077056885,2.776320695877075,16.549980860292557
2017-07-09,Malerkotla,0.5039041798029628,4.199836722442082,8.265649812562126,7.58194933618818,2.6938637111868178,2.303737372159958,3.382356584072113,31.573144362814766
2017-07-09,Moonak,0.1521212309598922,3.72319503625234,4.713430643081665,2.51584792137146,1.3725915849208832,1.964519739151001,3.773508469263712,19.86040338303848
2017-07-09,Sangrur,0.347842483648232,4.237382309777396,4.993582785129547,5.347475017820086,2.0568198412656784,1.9084652960300448,3.2508834089551653,11.210540582560741
2017-07-09,Sunam,0.2228531582014901,4.041392947946276,3.873958468437195,3.6291701027325214,1.7389581756932395,1.799420254571097,3.158599879060473,12.754753653675724
2017-07-10,Dhuri,3.320843469012867,8.450926520607688,10.536958174272018,1.695506139235063,2.936067093502392,6.856469306078824,15.67148173939098,19.86933002645881
2017-07-10,Lehra,1.4167583212256432,3.1889069080352783,4.001934677362442,0.7446568571031094,1.455107532441616,4.779149740934372,12.624671876430511,16.845965508170465
2017-07-10,Malerkotla,4.106913762433188,10.758016160556249,10.72180940423693,2.5182089507579803,3.9950362699372426,7.582043153899057,16.33900444848197,35.735269618008864
2017-07-10,Moonak,1.1795903990666072,3.745316803455353,3.392772515614828,1.027080367008845,1.2249690840641658,5.930741945902507,9.309611717859903,17.216509690193632
2017-07-10,Sangrur,2.8344382430825914,6.301287582942417,7.609542625291007,1.53264647935118,2.3598345730985915,6.553420782089233,16.275332382747106,10.564972938876442
2017-07-10,Sunam,2.150703021458217,4.452938054289136,5.651434796197074,1.0685323561940874,1.7628170720168523,5.554486547197614,14.839877435139249,12.135110796011134
2017-07-11,Dhuri,18.66196224906228,6.169365731152621,2.066549133170734,3.2448088147423486,4.518894022161311,1.9396707036278464,3.021073969927701,20.428104438410635
2017-07-11,Lehra,12.43114173412323,4.678959906101227,1.5734956413507462,11.332748770713806,4.170916274189949,1.0580959394574163,3.154083386063576,18.469341208387323
2017-07-11,Malerkotla,19.47209678377424,6.98210152557918,2.5037495834486827,3.939845468316759,4.191147276333401,1.8867849579879217,3.099324268954141,36.75384667442247
2017-07-11,Moonak,12.087311029434204,4.265167355537415,1.6728656888008118,9.011010885238647,3.0280876557032266,0.7345338861147562,3.6566175619761143,19.1508435560215
2017-07-11,Sangrur,17.57029472078596,5.530081033706665,2.1999581711632863,4.223435078348432,3.8673281329018727,1.538559057882854,3.821236482688359,12.234899362186932
2017-07-11,Sunam,15.199506419045584,4.96400020803724,2.0568919394697462,7.104542544909886,3.6966345565659657,1.3016336624111449,3.730905388082777,13.731576806070171
2017-07-12,Dhuri,5.842727184295654,0.8240638158538125,0.825010437857021,10.208938035097988,9.856206503781406,21.492991664192893,11.28390411897139,14.551987823472444
2017-07-12,Lehra,3.3826034516096115,0.7694990113377571,0.7063559740781784,6.9476547837257385,7.945878952741623,11.770679622888563,7.747890502214432,14.508609518791008
2017-07-12,Malerkotla,6.007230639457703,1.072667766894613,1.1296387548957552,10.955167770385742,8.701730370521545,16.02438988004412,10.532456840787615,27.83267574150537
2017-07-12,Moonak,3.110934873421987,1.012400711576144,0.8988094677527746,6.426628549893697,6.22924264272054,6.179890116055806,6.98076860109965,17.58423483452593
2017-07-12,Sangrur,5.617359033652714,0.8881547621318272,0.8302827168788228,9.658352375030518,7.928431613104684,17.436613866261073,10.46801335471017,9.672426479911117
2017-07-12,Sunam,4.713825396129063,0.8794685900211334,0.7830780446529388,8.379091245787484,8.173607741083417,13.58763609613691,9.150993313108172,11.411518920720779
2017-07-13,Dhuri,0.1660581227730621,0.2816495109688152,2.7023486549204048,3.032227841290561,12.962722821669145,12.472882270812988,2.755793522704731,12.245509511214397
2017-07-13,Lehra,0.7029441073536873,0.4738637767732143,2.699922114610672,3.154677629470825,12.22624295949936,13.655585587024689,5.085295528173447,18.464812447941576
2017-07-13,Malerkotla,0.1330777400040201,0.4955974146723747,2.999440465654646,3.0532616632325307,13.701520715441022,10.015230281012398,2.310672253370285,21.595958491280633
2017-07-13,Moonak,0.7946960031986237,0.8034304728110632,2.3828744689623518,2.7663904229799905,13.056281010309856,10.34342328707377,4.094170888264974,21.391406283114204
2017-07-13,Sangrur,0.3816629685461521,0.3557412257151944,2.929329344204494,3.2240510753222877,12.647860288619995,13.075329576219833,3.6355186445372447,10.308750447606943
2017-07-13,Sunam,0.5118822913084712,0.5028649110879216,2.5503971917288646,2.887886498655592,11.756016765322004,12.90293574333191,4.329879522323608,13.46995619804774
2017-07-14,Dhuri,1.1169715090231462,4.28041667288,6.516239946538752,4.173122070052407,5.659546115181663,9.281887097792191,9.950850573453035,16.94259104096185
2017-07-14,Lehra,2.617731988430023,4.589407384395599,6.099991619586945,3.992999345064163,6.355556756258011,14.538675129413605,3.4944809079170227,26.25044597264278
2017-07-14,Malerkotla,1.2121422673974718,5.622214657919748,6.321308016777039,3.935842820576259,5.368388652801514,8.085580740656171,11.496690545763288,26.46564633263098
2017-07-14,Moonak,2.9953406850496926,4.975764830907186,6.104017019271851,4.251102685928345,5.900282104810079,19.135230541229248,2.537635564804077,29.164022922431705
2017-07-14,Sangrur,1.8429564535617828,4.033388086727688,6.045476283345904,4.740180449826377,5.264074112687792,11.531954867499216,7.018115043640137,15.48850143649565
2017-07-14,Sunam,2.2522693318980083,4.073667466640472,5.493871893201556,4.208054653235844,5.330866941383907,13.953056573867798,4.632658949920109,21.237727847897084
2017-07-15,Dhuri,4.4872450503436,9.911056128415195,9.249409458853982,11.028167984702373,10.493608908219771,17.06611394882202,4.234668211503462,16.887622702628743
2017-07-15,Lehra,2.38304004073143,7.6897313594818115,5.236235350370407,6.082964241504669,5.831991523504257,12.956449270248411,2.8746228218078613,26.488731858632974
2017-07-15,Malerkotla,4.973204689366477,8.629056249346052,8.405524236815316,10.757069008690973,9.33502631528037,11.321580937930516,3.853861161640712,26.422367503526182
2017-07-15,Moonak,2.312700549761454,7.267810742060344,4.425842742125194,5.8151551485061646,5.307921568552653,8.981369415918985,2.9662449955940247,29.275437559401436
2017-07-15,Sangrur,4.600109355790274,8.353011795452662,8.938010828835624,9.06086117880685,10.415028197424752,18.08958285195487,4.74336531332561,15.5525212437622
2017-07-15,Sunam,3.583568130220686,7.956965071814401,6.9316834551947455,7.076186861310687,8.572179743221827,15.502692529133387,3.5017116154943198,21.49192028034093
2017-07-16,Dhuri,2.1478091207417576,16.38009075684981,9.621116052974354,10.585044427351518,10.398796211589469,9.29215856031938,7.855207616632635,14.385638512486127
2017-07-16,Lehra,1.2179751843214035,17.2078258395195,5.7788108587265015,10.130086064338684,9.456248760223389,5.893148750066757,3.3790278881788254,21.03942601697726
2017-07-16,Malerkotla,2.8319339411599294,14.255239282335554,9.067908150809153,8.974862592560905,9.672234279768809,10.138982091631208,7.732964379446847,22.514792116674865
2017-07-16,Moonak,0.9373035430908204,21.09075911839803,4.026653170585632,7.517346541086833,8.755661805470785,5.199732263882955,1.827829937140147,21.98311626812571
2017-07-16,Sangrur,1.719167560338974,18.424220493861608,7.366595472608294,10.20411913735526,11.104394912719728,7.352647219385419,6.690626502037048,13.326780250063134
2017-07-16,Sunam,1.138341213975634,18.29507201058524,6.19378011567252,10.170094932828633,10.549108028411863,6.081668376922607,4.353710353374481,17.860264751526156
2017-07-17,Dhuri,9.85258919542486,5.956804275512695,1.0179460726001046,6.009105519814924,6.65454498204318,10.702456430955367,5.994824474508112,12.153590803222643
2017-07-17,Lehra,7.018499255180359,5.626687973737717,1.6744267418980598,5.951698064804077,13.677031993865969,5.592119991779327,5.695601671934128,18.50964935375675
2017-07-17,Malerkotla,12.395398923328944,5.800198810441153,1.5385831871203013,6.279681767736163,8.363407816205706,12.088881526674545,6.421599132674081,17.406683500231956
2017-07-17,Moonak,6.01325798034668,4.550885677337647,1.5321182211240132,6.837681730588277,14.502590576807656,5.461803555488586,4.997927745183309,19.318773046232096
2017-07-17,Sangrur,8.967520730836052,5.930022035326276,1.150030949286052,7.956906267574856,7.456433619771685,11.839984008244103,6.802315524646214,12.046673642017097
2017-07-17,Sunam,7.86105101449149,6.021858249391828,1.2169273304087775,7.029077359608242,9.215931006840297,9.126453382628304,6.7243852615356445,16.038068211868943
2017-07-18,Dhuri,2.690988399765708,5.339195175604387,12.881473714655096,3.9510207067836416,2.848139307715676,2.3916841366074304,1.711862948807803,14.74638629057157
2017-07-18,Lehra,3.974180787801743,3.975953608751297,18.570043444633484,3.077547311782837,3.2055366784334183,3.071178749203682,1.66489776968956,17.94489107122672
2017-07-18,Malerkotla,2.543313524552754,7.7390240005084445,11.24469542503357,4.800491571426392,3.367307662963867,2.4334868022373746,2.5004825464316776,21.21182205511723
2017-07-18,Moonak,3.925032496452332,4.916397531827291,17.32128580411275,3.89897890885671,3.995350559552511,2.4101776281992597,2.3413597444693246,18.796583147371827
2017-07-18,Sangrur,3.190922881875719,5.702491760253906,14.486762387411934,3.115630490439279,3.1607997800622667,2.423202020781381,1.8250603250094823,13.608533097643084
2017-07-18,Sunam,3.571203351020813,4.359604614121573,16.18455570084708,2.8985069394111638,2.578962436744145,2.382252446242741,1.5153583926813945,17.47079321385317
2017-07-19,Dhuri,0.6162414902990515,0.8143812228332866,0.4902808747508309,3.82843279838562,4.69454428282651,10.008123722943392,11.041831450028852,16.929959631329353
2017-07-19,Lehra,1.5319964438676834,0.6880521271377802,0.5177915692329407,3.9975555688142776,6.769529312849045,4.45770175755024,8.202799439430237,17.093449336368806
2017-07-19,Malerkotla,0.4714302846363613,1.5438585366521562,0.7648561469146183,4.119061478546688,5.002882906368801,12.892642498016356,10.787560292652676,26.735053508736506
2017-07-19,Moonak,1.4444654484589894,1.3494150588909786,0.5010088831186295,3.652074674765269,8.69657532374064,4.51581597328186,7.4332412878672285,16.43768352813991
2017-07-19,Sangrur,0.8573718262570245,0.6978592212711062,0.4326740056276321,3.971663517611368,6.248608214514596,9.063119752066475,10.223594290869576,15.220638885204327
2017-07-19,Sunam,1.325993897659438,0.7345249988138676,0.3710082109485353,3.7744527629443576,7.338452049664089,6.667016267776489,9.563159533909388,17.261993244181472
2017-07-20,Dhuri,2.653860265558416,2.8212960850108755,2.8159372481432827,3.3010062629526318,6.222279808738015,6.517077879472212,4.784167289733887,23.02249405406705
2017-07-20,Lehra,2.3879750594496727,1.6473126634955406,1.3806687593460083,2.895420283079148,4.358085423707962,3.256489783525467,1.349071279168129,15.084082402178845
2017-07-20,Malerkotla,3.2257901089532037,3.44344300031662,4.084349198000772,3.5097329446247647,7.264861566679818,7.800565259797232,5.958607281957354,33.06559858953558
2017-07-20,Moonak,3.002185126145681,1.2006006042162578,1.2318455924590428,2.4595263997713723,4.279323259989421,2.913334190845489,1.1891108254591625,13.635317779941195
2017-07-20,Sangrur,2.745203388588769,2.214271541152681,1.93998179265431,3.25292523418154,5.8520029953547885,6.058233448437282,3.182317316532135,21.334981911368033
2017-07-20,Sunam,2.6692251009600505,1.8354479585375103,1.3422054733548845,2.82303740297045,5.0011374950408936,4.333730723176684,2.006155482360295,18.32580694013404
2017-07-21,Dhuri,0.5095740190961144,2.1815164522691206,1.224414424462752,2.696338176727295,5.259050347588279,2.911173186518929,3.481172366575761,20.097882952536054
2017-07-21,Lehra,0.2259539142251014,2.036259889602661,1.3500357829034328,1.625189170241356,7.405134916305542,0.8487243950366974,2.9831437170505524,7.24357261088345
2017-07-21,Malerkotla,0.6725429956402097,2.143854341336659,1.7161854420389449,2.9604522500719344,5.242672545569284,4.0512849773679465,3.447228763784681,31.599872734307844
2017-07-21,Moonak,0.0602911602084835,1.647895981868108,1.8368886709213257,1.9225864708423612,9.221486965815226,1.1675746788581212,3.110990285873413,5.778831429689355
2017-07-21,Sangrur,0.4240470283797809,2.7045926536832536,0.874885082244873,2.457495770284108,5.760475192751203,2.2904255943638936,3.6353531564985,16.586719958260666
2017-07-21,Sunam,0.2990926685077803,2.6722132989338467,0.9671669772693088,1.970592141151428,5.864474143300738,1.5150628260203771,3.524317681789398,10.642086536612773
2017-07-22,Dhuri,3.16431514783339,11.293421962044455,6.4973742745139385,4.345212177796797,9.311800956726074,8.63791212168607,13.730767380107531,22.833038873003105
2017-07-22,Lehra,3.1012762933969498,3.138634614646435,3.9211187437176704,2.4854053035378456,2.828169852495193,3.776221245527268,13.697945177555084,11.080178338491988
2017-07-22,Malerkotla,2.686541037900107,13.437964745930262,6.238526497568403,4.468781624521528,10.876326765332903,9.560709033693586,12.170454808643886,35.01314414163076
2017-07-22,Moonak,3.210422615210215,1.3608842293421428,3.621222545703252,1.1841856986284256,3.2355044881502786,3.59254382054011,12.72848137219747,10.835333473866205
2017-07-22,Sangrur,3.471413263252803,8.961834464754377,8.926167522157941,4.178072163036892,6.298586641039167,6.705682345799038,15.49191781452724,19.866339352182994
2017-07-22,Sunam,2.897503929478781,5.192043261868613,7.42351633310318,3.2807958253792355,4.40192129782268,4.667455460344042,14.815328359603882,12.709918010267694
2017-07-23,Dhuri,1.7429086565971377,2.820010710846294,4.896761092272672,3.330363642085682,9.456973682750355,15.561563405123623,24.564222595908426,24.120436624330708
2017-07-23,Lehra,3.331317618489265,1.3385774940252304,1.3728830739855766,4.832282096147537,8.152329206466675,16.240316808223724,22.874916553497314,11.865374273498224
2017-07-23,Malerkotla,1.2753304072788785,3.64650901726314,5.824833767754691,3.656123680727823,10.22464736870357,16.661559104919434,23.44619389942714,37.175875104307416
2017-07-23,Moonak,3.6008116205533347,1.1105637550354004,1.699992060661316,4.501198172569275,5.5362788438797,19.070746103922527,24.29007562001546,11.524288983814191
2017-07-23,Sangrur,2.254885358469827,1.59022861293384,3.906149183000837,3.534679089273725,8.867149267877851,15.699264253888812,23.47170945576259,20.913692592209827
2017-07-23,Sunam,2.70944801398686,1.3688527388232097,2.4851267763546536,4.4810882295881,8.969109092439924,16.579601764678955,22.787797723497665,13.09901072613482
2017-07-24,Dhuri,8.498717264695602,1.5480515956878662,3.306114576079629,4.308690591291948,9.386530854485253,10.878527186133644,16.533852750604805,65.51196099708352
2017-07-24,Lehra,4.346462696790695,1.1000405922532082,1.540508508682251,6.730783611536026,7.178654789924622,12.49054515361786,10.940799295902252,41.49474862795959
2017-07-24,Malerkotla,11.683913009507316,2.3653105241911754,5.504653717790331,4.7610605869974405,10.892918246132988,11.700570634433202,21.700051954814366,72.13214146113467
2017-07-24,Moonak,4.053619126478831,1.038857951760292,1.0248999148607254,5.965450286865234,8.340540846188864,9.172280152638754,11.030732949574787,33.223750305593015
2017-07-24,Sangrur,8.381296123777117,1.4164555136646544,2.1832151668412343,4.21168224300657,9.142692804336548,13.49316566331046,10.74677586555481,59.461157824711805
2017-07-24,Sunam,6.02809032372066,1.2137608166251863,1.6601524970361166,5.342342887605939,7.926104732922146,13.071242094039915,10.25393887928554,42.12447583656973
2017-07-25,Dhuri,2.115446345372633,1.3726055134426465,1.899552198973569,8.83623953299089,16.339247356761586,13.8183987790888,11.37287187576294,71.94172482156053
2017-07-25,Lehra,1.4794208258390429,0.4139465633779764,0.4431163854897022,3.293066591024399,10.689101576805117,8.644748359918594,9.906230807304382,50.02976034980807
2017-07-25,Malerkotla,2.25241865004812,1.55857276065009,2.4359617020402635,9.93072291782924,20.81292700767517,17.612443855830602,12.755411556788854,75.19604936314836
2017-07-25,Moonak,1.3018101751804352,0.2883513706425826,0.2352886429677406,2.5485249062379203,12.364469210306805,8.257355292638143,8.675732572873434,46.095195803795306
2017-07-25,Sangrur,2.1561966751302992,0.8982021744762149,1.743658878973552,7.566751752580915,19.62941861152649,13.870136601584298,11.247283833367485,65.02975210055456
2017-07-25,Sunam,1.950074570519584,0.5639200263789722,0.8847559115716389,5.517592770712716,14.95798853465489,10.700609479631696,9.81459959915706,47.64733362192135
2017-07-26,Dhuri,3.878664406863126,3.8735118996013296,13.591593699021772,14.452788179570978,6.028561353683472,7.451566717841408,11.977247628298672,74.11628772034729
2017-07-26,Lehra,2.2965502068400383,3.5019422620534897,10.41645634174347,17.645856201648712,7.621383398771286,5.328898578882217,5.055576100945473,51.81374601144549
2017-07-26,Malerkotla,5.036817908287048,5.191981426307133,16.18819100516183,14.269754750388008,6.791391611099243,10.28744387626648,15.428041866847447,76.27844707962304
2017-07-26,Moonak,1.5647991597652435,3.4443018635114035,9.67540923754374,17.427374203999836,7.051636020342509,4.613322575887044,6.54441765944163,48.378655081667965
2017-07-26,Sangrur,3.380687875407083,4.731979829924447,13.006123542785645,16.973594767706736,5.919507350240435,6.799051983015878,11.708494016102382,66.16985711686023
2017-07-26,Sunam,2.51851264493806,4.003524720668793,11.420115198407856,17.645621912819998,7.094025816236224,6.116265041487558,8.603407314845494,49.43467724465612
2017-07-27,Dhuri,1.3972258540717035,5.570425282825124,8.19174827228893,12.649309375069356,23.168815092606977,22.92124158685857,16.77703194184737,68.85750112866444
2017-07-27,Lehra,1.3759629279375076,3.3737350702285767,9.614622235298157,12.572267353534698,22.683112263679504,19.128539502620697,6.390737116336823,50.36927003144774
2017-07-27,Malerkotla,1.1255219600030355,8.445373092378889,7.440046565873282,12.486863919666837,21.03573107719421,23.49449212210519,19.908982617514475,71.19505445540307
2017-07-27,Moonak,0.8999496350685755,3.778119285901388,8.949432889620462,12.935080607732138,21.38480027516683,20.536443551381428,6.512019316355388,48.22644999087652
2017-07-27,Sangrur,1.8694079049995969,3.8685756581170216,7.635466405323574,14.079843282699583,23.61146252495902,25.71381187438965,15.413346086229597,60.87935526866168
2017-07-27,Sunam,1.6756432567323958,3.7064915043967113,8.20952422278268,14.039617095674789,24.13060746874128,24.292471068246023,11.065411158970424,47.125567909402875
2017-07-28,Dhuri,0.3930640369653702,7.028602318330244,33.33400379527699,20.4612868048928,12.272662162780762,5.56522950259122,4.543431086973711,67.63594806106178
2017-07-28,Lehra,0.0450552372494712,3.530821070075035,16.170842707157135,11.303694993257524,7.712089478969574,4.543396785855293,3.166045278310776,50.45423527059938
2017-07-28,Malerkotla,0.7593648944582257,10.782440287726264,37.24762419291905,22.13435125350952,14.022791181291852,7.581033979143415,5.383042326995304,68.99090477784299
2017-07-28,Moonak,0.0327886024800439,3.136933982372284,10.481453855832418,7.891650915145874,6.344650685787201,4.584953169027965,3.545803884665171,48.35593363813428
2017-07-28,Sangrur,0.2277107084436076,6.155984282493591,27.51520163672311,15.829999072211129,11.235649415424891,5.737312086990902,4.895354500838688,60.726177629495794
2017-07-28,Sunam,0.1206196212608899,4.338688296931131,21.192374229431152,13.400611128125872,10.040684274264745,5.590917672429766,4.289088521684919,47.156189306722155
2017-07-29,Dhuri,4.967325481501493,13.8757549199191,12.886138265783137,8.936253395947544,3.7147949825633657,0.3447191176766699,0.6377254033630545,65.4084977469807
2017-07-29,Lehra,2.404415860772133,8.773534595966339,7.915096372365951,12.23020362854004,1.4464379623532295,0.0597888047341257,0.8637296445667744,46.52552132382528
2017-07-29,Malerkotla,6.4022916214806695,15.72535855429513,13.70127592767988,9.519912736756462,4.506424852779934,0.767512845141547,0.711513523544584,66.21282264428834
2017-07-29,Moonak,3.133589585622152,9.596407334009806,7.786777098973592,14.284451087315878,1.8796639740467072,0.0745614211385448,1.0899250507354736,43.587381054872225
2017-07-29,Sangrur,4.833579957485199,13.169252463749476,14.493317808423724,10.643086433410645,4.6134247950145175,0.3011621158303959,1.048134622829301,57.88533855978937
2017-07-29,Sunam,3.603110381535121,10.978905950273786,11.493835244859968,11.147062812532695,2.890274371419634,0.1567686877346464,1.0492374173232488,45.14982314308741
2017-07-30,Dhuri,35.86579539559104,8.795085343447598,3.460759471763264,1.008301094174385,0.3184007047252221,0.0345490762371231,0.0092150266070596,73.13200768515381
2017-07-30,Lehra,17.973642945289612,7.003060162067413,1.0653273984789848,0.0986839439719915,0.0608815648593008,0.0466198006470222,0.0036568867872119,51.66489899604352
2017-07-30,Malerkotla,35.21774196624756,9.338118927819387,4.972935191222599,2.3022594962801253,0.4039448680622237,0.138647013942578,0.0409399200829544,72.47623913832719
2017-07-30,Moonak,16.737518390019734,7.6445504029591875,1.2399369577566783,0.0802072475974758,0.090746381940941,0.0860055886829892,0.0310825280224283,48.94365747022079
2017-07-30,Sangrur,35.57062864303589,9.276599781853813,3.1155891248158047,0.4852902865303414,0.4275295649256025,0.0265542730090341,0.0148559677264919,69.161315946544
2017-07-30,Sunam,28.405753680637904,9.262305515153068,1.918950123446328,0.2326088872339044,0.2062890205000128,0.0176551779066877,0.0026313664399952,53.7110074723103
2017-07-31,Dhuri,16.829665444113992,28.9992394880815,21.23258209228516,10.435002673755992,2.8607617833397607,1.4507875686342069,5.208666736429388,45.2683909941518
2017-07-31,Lehra,14.609555006027222,19.221095383167267,17.280193388462067,5.783706918358803,1.710186846554279,1.0142166391015053,5.276073634624481,40.01967171646241
2017-07-31,Malerkotla,16.759031227656774,28.07934917722429,20.956706047058105,9.009727375847952,3.5051055337701524,1.2997919874531882,5.760481408664158,51.715295500893674
2017-07-31,Moonak,15.08029556274414,15.472152630488075,12.41199239095052,3.306778053442637,1.5510974029699962,1.5937585234642029,6.384992082913716,47.487316330044166
2017-07-31,Sangrur,17.36188895361764,30.35033975328718,21.53556067602975,10.510284185409546,3.3825461949620927,1.8771642191069464,5.6901780026299615,51.29161311161485
2017-07-31,Sunam,15.75675995009286,25.441378934042795,19.198401927948,7.958437715257917,2.5181243206773485,1.3521936280386788,5.481539939131055,45.32608638357278
2017-08-01,Dhuri,5.664241248911077,0.9946500225500629,0.9518865617838772,0.8895811248909343,2.685164538296786,4.556326931173151,6.231505610726097,37.79921158186885
2017-08-01,Lehra,2.563225731253624,0.5049232766032219,0.8680181577801704,2.015279471874237,1.865922838449478,2.8431956470012665,6.470754265785217,34.43987128846178
2017-08-01,Malerkotla,8.700697949954442,1.6567120530775614,1.53052596109254,0.8885701894760132,2.776145087821143,4.855193189212254,6.318049873624529,41.791282957064965
2017-08-01,Moonak,2.548420558373133,0.3428786483903726,1.2092155317465465,2.578743835290273,1.7056273221969604,2.880648374557495,8.325952331225077,37.38737964852963
2017-08-01,Sangrur,5.578259834221432,1.1377522008759635,1.2775596784693857,1.2644251457282476,2.768118730613164,5.159233331680298,8.238748277936663,47.23484285607309
2017-08-01,Sunam,3.934767808232989,0.784963920712471,1.053432102714266,1.6865413572107042,2.3386250436306,4.264212029320853,8.572237270218986,41.27830826603169
2017-08-02,Dhuri,1.2532322339036248,0.1364553946663033,0.2919060594656251,0.1314256399531256,5.002961451357061,6.200275811282071,4.431619893420827,41.57036119967924
2017-08-02,Lehra,0.2366860485635697,0.0192286460660398,0.4712918419390917,0.4250065311789512,4.584098160266876,4.762183964252472,8.826406091451645,39.086332058005205
2017-08-02,Malerkotla,2.6954127784286226,0.2443240279597895,0.3895778387252773,0.3522375284561089,5.607004412582943,6.245650461741856,3.900723644665309,43.498294899240136
2017-08-02,Moonak,0.3196225985884666,0.0349233891659726,0.7471325546503067,0.6842432220776876,5.272870143254598,6.091603517532349,10.87157940864563,40.54429835925954
2017-08-02,Sangrur,1.7110846553530012,0.1694081316901637,0.6130216377122062,0.1284860539516168,5.1965067982673645,6.780238134520395,6.440239667892456,53.74210184598733
2017-08-02,Sunam,0.7712799723127058,0.082145083629127,0.5971740553421634,0.2780126915978534,4.953596149172101,5.802549472876957,8.649612205369133,47.37601741678124
2017-08-03,Dhuri,0.1548460017551075,0.1273421235382557,1.0210086703300476,1.3698485304008832,2.1585761417042124,9.49321816184304,10.415408004413951,43.720364193428885
2017-08-03,Lehra,0.034058566292515,0.3650452010333538,1.2403115965425968,1.2755372263491154,1.9112469181418417,12.304819583892822,8.596433907747269,41.72872361836977
2017-08-03,Malerkotla,0.1397575289011001,0.0448480388149619,0.8584744419370379,1.7129324142421996,2.8351761485849107,10.13616132736206,10.24549664769854,45.75062382384425
2017-08-03,Moonak,0.0268900962158416,0.4286143357555071,1.6407517294089,1.5108943184216816,2.2690072854359946,16.82128930091858,9.85542345046997,41.49061896475238
2017-08-03,Sangrur,0.1758395992219448,0.2565293413187776,1.4485266102211816,1.8348871448210309,2.7556160475526537,11.303149700164797,11.678093467439924,56.3431307833593
2017-08-03,Sunam,0.1103720088888492,0.3971648631351335,1.648744938629014,1.619674557021686,2.6111668731485094,13.66355746132987,11.098514182226998,50.18442844086745
2017-08-04,Dhuri,0.0124320668877441,0.584287784316323,1.9749461737546052,4.701525655659762,10.86268453164534,0.7517491402951154,2.0011830709197302,43.31245689761886
2017-08-04,Lehra,0.0389010225189849,1.1851499304175377,2.1651962399482727,3.929702773690224,19.41904056072235,4.120539978146553,1.7794676050543785,42.230191338187964
2017-08-04,Malerkotla,0.016271214533065,0.5327895347561155,2.057313804115568,5.564305526869638,11.762281332697189,1.386648952960968,1.8589923552104408,44.63770369709292
2017-08-04,Moonak,0.078391833230853,1.4033114314079285,2.0133149325847626,5.001010914643605,28.44473950068156,5.730367700258891,1.572025905052821,41.67236911086641
2017-08-04,Sangrur,0.0473362422365296,0.7653640317065376,2.351873231785638,4.413774771349771,15.136761767523629,1.349083200097084,2.167358377150127,56.575602747758744
2017-08-04,Sunam,0.0620698150180812,1.095979488321713,2.4836270255701884,4.675178459712437,19.38090661593846,2.533035301736423,2.0212705177920207,50.7355414620074
2017-08-05,Dhuri,0.5081356967037375,0.9325457377867266,5.703434619036588,19.86298595775257,14.871680736541748,9.32135313207453,9.33962642062794,42.62092449661931
2017-08-05,Lehra,0.4993659630417824,1.004957016557455,4.4934587478637695,19.91393756866455,17.51820433139801,2.937684118747711,5.154489502310753,41.94143425834947
2017-08-05,Malerkotla,0.4642844157559531,1.076462416776589,6.269579001835415,18.497256755828857,11.124662569590978,10.512204953602382,9.41653026853289,43.81083188668293
2017-08-05,Moonak,0.697184239824613,0.9014552434285482,3.8024741609891257,20.291393915812176,14.802687803904217,2.1400760809580484,4.915387829144795,41.31766088155808
2017-08-05,Sangrur,0.4834120353417737,1.1136363255126136,6.219219173703875,21.307440280914307,17.21804666519165,8.713376249585833,9.235367059707642,56.130202074518856
2017-08-05,Sunam,0.4874743915029934,1.2168873250484469,5.4022355164800375,22.5478458404541,18.92848127228873,5.8592310803277154,7.990478515625,50.43424191777571
2017-08-06,Dhuri,5.3251824378967285,7.7133610682054,12.180953632701527,10.58272602341392,16.28940760005604,11.43624700199474,4.106186628341675,33.362190439215766
2017-08-06,Lehra,6.920879572629929,6.387277513742447,6.856714367866516,7.279534637928009,15.268206179141998,14.183616638183594,8.012396574020386,35.7262488328913
2017-08-06,Malerkotla,5.251580808843885,9.616690465382169,14.48299094608852,12.205593620027814,17.533928564616613,10.512323686054774,3.8501918571335927,34.88021871036672
2017-08-06,Moonak,7.444799343744914,8.106189648310343,7.626129945119222,8.810723900794983,14.631632010142008,13.957271814346312,7.100562453269959,35.04391252410996
2017-08-06,Sangrur,7.471072026661464,7.832508563995361,13.477159976959229,11.271500962121149,16.4891254901886,12.692510843276978,5.220071392399924,43.65725992773666
2017-08-06,Sunam,7.53609163420541,6.989892499787467,10.739046113831655,9.628450904573713,16.41535496711731,13.064890282494682,6.249832783426557,41.054798153558295
2017-08-07,Dhuri,2.832849762656472,2.0868635827844795,0.5300349606709047,1.453670477325266,3.800773425535722,3.308505806055936,5.756883166053078,18.307661962070213
2017-08-07,Lehra,3.7620610147714615,1.2138471342623234,0.1051588479895144,0.3665713761001825,4.530526846647263,2.7885178923606877,9.697498202323914,17.61547969512315
2017-08-07,Malerkotla,2.837042842592512,2.411089650222233,1.1995894089341164,2.6424449511936734,4.524710748876844,3.826388112136296,5.107335107667105,18.590467878670566
2017-08-07,Moonak,3.9485150575637817,1.234231154123942,0.227501668035984,0.3313827415307362,4.194698075453441,2.9981411695480347,8.904930114746094,14.45349614377494
2017-08-07,Sangrur,3.414600321224757,2.176485870565687,0.6137465925088951,0.9989896725331034,3.988359613077981,3.727573539529528,7.428780351366315,22.079117067677252
2017-08-07,Sunam,3.5284604004451205,1.7665465899876185,0.3001260612426059,0.5680784178631646,4.100955137184688,3.546115585735866,9.545421191624232,19.884871896730015
2017-08-08,Dhuri,1.401825690811331,1.357239473949779,0.0515722404657439,4.800785194743764,3.544235359538685,1.0792272226376969,2.8586984222585503,13.899911058087534
2017-08-08,Lehra,2.2287697941064835,2.1835955753922462,0.0,1.2107075825333595,5.258838683366776,0.9207593612372876,2.570696622133255,12.456871386377273
2017-08-08,Malerkotla,2.289711905377252,1.709374617253031,0.1611098790807383,6.744302877358028,3.7994688834462846,1.2932957453387124,2.7832069056374684,15.096652450023907
2017-08-08,Moonak,3.5235913594563804,2.1995985905329385,0.0005258263554424,1.2930997212727864,5.077133695284526,1.174503395954768,3.615837037563324,9.53092015983518
2017-08-08,Sangrur,2.058445089629718,1.4406090123312814,0.024843880424409,4.48663803083556,4.1148821370942255,1.0326181884322847,3.049760750361852,16.93529808176656
2017-08-08,Sunam,2.0915170311927795,1.7907243115561349,0.0043637177940191,2.8005555995873044,4.719563160623823,0.8705709023135049,2.9021868663174764,14.937215951180908
2017-08-09,Dhuri,0.4164251346479762,0.003411930472463,0.9761298623951998,4.216944607821378,3.0392424193295566,4.123070240020752,1.0881001570008018,5.626540489668752
2017-08-09,Lehra,0.0547001771628856,0.0,0.2666137311607599,1.818553887307644,2.6297812461853027,2.845195636153221,6.058394446969032,5.710104609282524
2017-08-09,Malerkotla,0.638948991894722,0.0112196484780205,1.7228242137602396,5.310735038348606,3.0224747913224355,4.754460990428925,1.0662868001631327,6.706365278300307
2017-08-09,Moonak,0.0552781436902781,7.152848896415283e-05,0.3388725779950619,2.053471753994624,2.0856692294279733,3.869883418083191,7.137847979863484,3.889883348184993
2017-08-09,Sangrur,0.4147308085645948,0.0034712296370084,0.8879300068531718,3.240425224815096,2.326733904225485,4.002414243561881,1.9070549777575905,7.333404934072764
2017-08-09,Sunam,0.1994141724758914,0.0002027134178206,0.4753079297287123,2.3761655560561588,2.715083794934409,3.43353055204664,3.4561088510922024,6.511572040765574
2017-08-10,Dhuri,0.2501721361821348,3.337386120449413,7.726165793158791,8.698689460754395,7.159449967471036,3.9337200576608833,1.4672623168338428,1.7216097088741176
2017-08-10,Lehra,0.2495542448014021,1.1641555912792685,5.134638264775276,7.139508455991745,4.693350583314896,2.023182563483715,0.91990028321743,2.1317000271823727
2017-08-10,Malerkotla,0.2739837792302881,3.930359022957938,8.740222777639117,8.800418019294739,7.6858974524906705,4.24824903692518,1.6131572425365448,1.5484109166187583
2017-08-10,Moonak,0.1860457733273506,1.1942184170087178,5.383538007736206,6.037042776743571,4.249115228652954,1.273173520962397,1.0327638536691666,1.9200482650959643
2017-08-10,Sangrur,0.2825249076953956,3.480661932911192,8.047527602740697,8.145042419433594,6.4071250302451,3.686756951468332,1.6330609279019492,2.7387084626529448
2017-08-10,Sunam,0.3082148677536419,1.9736516220229008,7.192489521844046,7.541885427066258,5.198238781520298,2.6955723592213223,1.3213311348642622,2.5844933182165435
2017-08-11,Dhuri,0.4295817335898226,0.5339632345871492,0.769373281435533,0.0733733767728236,0.3814541169188239,0.1999748389829289,0.1785394671288403,1.4863175219880895
2017-08-11,Lehra,0.0147219207428861,0.134633972775191,0.1708315308205783,0.0193186086544301,0.2858560783788562,0.2452774634584784,1.1775568909943104,1.5006038924543423
2017-08-11,Malerkotla,0.7844411869134221,0.8290295898914337,1.4260539816958564,0.2411966540717653,0.5277013917054448,0.3317489570805004,0.1836967564054898,1.371024174987057
2017-08-11,Moonak,0.0139356510480865,0.088534546084702,0.1161775663495063,0.0351927066221833,0.50972497711579,0.4940028488636017,3.3577160239219666,1.5771850971728156
2017-08-11,Sangrur,0.2998343599694116,0.4237565941044262,0.7300086989998817,0.0405964895284601,0.4295702286596809,0.2134014618183885,0.2989120089582034,2.23774773765231
2017-08-11,Sunam,0.1145456393382379,0.234671558120421,0.362179873245103,0.0152468159295884,0.4282599809978689,0.2444458199398858,0.8150321202618735,1.9121415564150435
2017-08-12,Dhuri,0.3673721727999774,0.7774458419192921,0.0464147717522626,0.0265434378313577,0.079330194318159,0.4446722038767554,0.3280458599328995,2.067616643134649
2017-08-12,Lehra,0.1181704634800553,0.1395783978514373,0.0,0.0,0.0086645943811163,0.7885188795626163,0.0728308857651427,1.7509267615218773
2017-08-12,Malerkotla,0.5516792972173009,1.54324044074331,0.1219934012208666,0.0626186537057427,0.1636884776609284,0.4021300066794668,0.4888179046767099,2.0261535817966863
2017-08-12,Moonak,0.0306532384517292,0.105851387605071,0.0011567547141263,7.229716963289927e-05,0.0087893329715977,0.6528046478827795,0.0902679540837804,1.9454953772388777
2017-08-12,Sangrur,0.2600415019052369,0.5545972830482891,0.0171669563195402,0.0508612660092434,0.1039215480725813,0.5628558109913554,0.2434563381331307,3.356376483837084
2017-08-12,Sunam,0.1885373350232839,0.2773309648036957,0.0026064030784514,0.0086546230761866,0.0430608529630782,0.6711987991418157,0.1664368458358305,2.8482223314643793
2017-08-13,Dhuri,2.740189877423373,1.1919128732247786,0.0992483472959561,0.0,0.0098178914790465,4.813391772183505,8.80142948844216,1.40868473688918
2017-08-13,Lehra,1.4507159888744354,0.8915645852684975,0.0642618448473513,0.0,0.0,2.565438851714134,3.325291931629181,1.6162113047873796
2017-08-13,Malerkotla,3.4746658546583995,1.0970421178000314,0.1027543603309563,0.0,0.0363712126522191,6.057061553001404,9.391271199498858,1.3000555147460195
2017-08-13,Moonak,1.180531193812688,0.6943365981181463,0.0325833375876148,0.0,0.0,1.5563235382239025,2.0498326222101846,1.8035986080661697
2017-08-13,Sangrur,2.080206334590912,1.3293882140091486,0.1302385154579367,0.0,0.017443126874111,4.667525623525892,7.164514916283744,2.5496401490208793
2017-08-13,Sunam,1.7780306466988154,1.193645566701889,0.0908103168808988,0.0,0.0023146998927196,3.22939555985587,5.296604999474117,2.516648005305265
2017-08-14,Dhuri,0.0480937510305507,0.0,0.0,0.0844972249628468,3.861413554711776,2.6454503373666243,1.2747305252335288,11.383358003923018
2017-08-14,Lehra,0.0,0.0,0.0,0.1887697800993919,3.28281207382679,1.4753418006002903,0.8086079396307468,16.97143216031853
2017-08-14,Malerkotla,0.1362090309017471,0.0,0.0,0.1899476979992219,4.517452376229422,2.3208277225494385,1.3078044312340873,12.330847427095843
2017-08-14,Moonak,0.0,0.0,0.0,0.2334605877598126,4.289594531059265,0.8913522958755493,0.8897713273763657,26.690584991145304
2017-08-14,Sangrur,0.0020116106939635,0.0,0.0,0.082076361835269,4.166985409600394,3.07631373831204,1.3504529276064463,16.00472684837913
2017-08-14,Sunam,0.0,0.0,0.0,0.1070759452081152,3.733353708471571,2.298746258020401,0.8263779814754214,17.763841957322686
2017-08-15,Dhuri,0.0,0.0,0.0329354900697415,1.072874689644033,3.86995821649378,2.6917102987116035,7.940481597726995,15.009163119284446
2017-08-15,Lehra,0.0,0.0,0.0164896636269986,0.7411327548325062,2.369538754224777,4.266675844788551,8.354402124881744,23.041846231676324
2017-08-15,Malerkotla,0.0,0.0,0.0395487910469195,1.4838094072682515,4.183990631784711,1.6422605131353651,7.460162622588021,17.157397018102934
2017-08-15,Moonak,0.0,0.0,0.0462707563613851,0.4985956574479739,2.78508851925532,4.165691256523132,7.155791719754537,38.773443176144085
2017-08-15,Sangrur,0.0,0.0,0.0633130278687791,0.9119019338062831,3.312568545341492,3.280668761048998,9.084562846592494,21.886132255088317
2017-08-15,Sunam,0.0,0.0,0.0438734521573808,0.7398019315940993,2.534597571407045,3.968272490160806,9.577949592045377,22.957275624341438
2017-08-16,Dhuri,0.0,0.0,0.1655315645039081,0.1659837134859778,4.452178228985179,9.869035005569458,7.2326988957145,22.274904558536235
2017-08-16,Lehra,0.0,0.0,0.0144108808599412,0.1094786203466355,3.2238278090953827,13.22708386182785,11.363746345043182,31.107498752052884
2017-08-16,Malerkotla,0.0,0.0,0.1472495879445757,0.2843105553516319,4.834195051874433,9.461746164730616,6.1611362355096,25.18728690566789
2017-08-16,Moonak,0.0,0.0,0.0290789025990913,0.2174181913336118,3.3053258260091147,14.127685546875,13.21911040941874,48.42968395084366
2017-08-16,Sangrur,0.0,0.0,0.1770794059016875,0.1751192711027605,4.625381061008999,11.81212820325579,7.749827282769339,31.747511858886803
2017-08-16,Sunam,0.0,0.0,0.0638379621585565,0.157510227457221,3.730184784957341,12.92357689993722,9.443398492676872,31.02917247921451
2017-08-17,Dhuri,0.0,0.4762158055197109,4.476836106993935,4.059783144430681,5.761274662884799,13.306704261086203,10.3917405388572,26.39626663562401
2017-08-17,Lehra,0.0,0.4263952784240246,6.410043030977249,9.947779297828674,7.59943351149559,10.91846251487732,11.134679973125458,36.43628393918799
2017-08-17,Malerkotla,0.0,0.5075922736099788,3.887037353856223,2.628327582563673,5.642301576478141,12.071242707116264,10.548756224768502,28.858708096818958
2017-08-17,Moonak,0.0001121349050663,0.7408784081538519,6.495814243952434,12.485978285471598,9.56042754650116,12.295541445414225,11.598410288492838,52.50529309123532
2017-08-17,Sangrur,0.0,0.4545764843268053,6.473435129438128,6.672229749815805,7.106324195861816,14.673017467771258,10.14892029762268,35.87586544643173
2017-08-17,Sunam,0.0,0.4773609835122313,6.7963670662471225,8.88099571636745,7.684802225657871,13.425932203020368,10.6361871106284,35.39818963161665
2017-08-18,Dhuri,0.1097457852553237,0.092424233190038,0.2907467704604972,1.9589866941625425,0.8602659675208005,1.1635918752713637,1.6208869056268171,41.85468775968725
2017-08-18,Lehra,0.2519476003944874,0.712500998750329,0.3721450795419514,2.265752963721752,2.1534042209386826,0.8006311543285847,1.392094649374485,59.01899940354192
2017-08-18,Malerkotla,0.1172123939863273,0.1447234624730689,0.6467956538711276,2.4663136899471283,0.8282010619129453,1.5808121008532388,1.9046926753861564,41.46396589103222
2017-08-18,Moonak,0.3890254249175389,1.226663718620936,0.9784860437115034,2.749355763196945,3.088139096895853,0.9318678379058838,0.9011985063552856,73.51801072280418
2017-08-18,Sangrur,0.1958717541503054,0.2605624963928546,0.3727262326117073,2.4434309559209004,1.3140746908528464,1.0343998564141137,1.326422780752182,54.905017730601244
2017-08-18,Sunam,0.2626789499606405,0.5900570617190429,0.4890240577182599,2.406102188995906,1.638578480907849,0.8902257084846497,1.2818299574511391,54.88376294604924
2017-08-19,Dhuri,9.918648026206276,12.330624016848477,6.214579018679532,4.3137570727955215,7.6058290221474385,1.4927455241029912,1.7362797910516912,42.28710822087703
2017-08-19,Lehra,11.630471050739288,14.018497228622437,6.433774143457413,2.0246229246258736,4.717781335115433,1.3944339454174042,1.8234988674521448,59.52932691733513
2017-08-19,Malerkotla,8.27710655757359,10.070073808942524,4.721038120133536,4.184153744152614,7.099415234157017,1.4816763358456748,2.427726319858006,42.015008341876914
2017-08-19,Moonak,9.9401326974233,10.694124221801758,6.569265445073445,2.2990676164627075,4.067861954371135,2.078792701164881,1.5773007770379384,73.95660390336876
2017-08-19,Sangrur,9.440513065883092,13.845394032342094,7.204847233636039,4.674075296946934,7.252708486148289,1.9694168439933235,1.982167397226606,54.7223212229001
2017-08-19,Sunam,10.342235037258693,14.846835340772357,7.395122613225665,3.653281603540693,6.357852969850812,2.103258103132248,1.783441688333239,54.71135140448549
2017-08-20,Dhuri,3.1973530162464487,3.27615504915064,2.1563602848486467,0.8481017378243533,1.116079563444311,6.646181626753374,1.254422664642334,43.05486200968682
2017-08-20,Lehra,3.941662311553955,3.376187711954117,3.487440139055252,0.706258986145258,0.5975583177059889,2.961203172802925,0.3189967134967446,60.431201475700185
2017-08-20,Malerkotla,3.1852125184876576,2.342406856162208,1.5028113978249686,1.0869215897151403,1.1470148031200682,5.693379095622471,1.7038059745516096,42.91983572522267
2017-08-20,Moonak,4.164481321970622,2.9226965506871543,3.4765145778656006,0.7530619849761327,0.4161860470970471,1.9998959104220075,0.3729584974547227,74.36225687356135
2017-08-20,Sangrur,3.930684804916382,3.976382809025901,2.7422182900565013,1.1372787292514528,0.9563541497503008,4.9454191667693,0.995908365717956,55.5689253192412
2017-08-20,Sunam,4.570228253092084,4.180002774511065,3.5205364312444414,0.9934740151677812,0.8408237738268716,4.233148608888898,0.7058518614087786,55.72169268927095
2017-08-21,Dhuri,0.6873253909024325,1.4694903763857754,6.305684371428057,1.9107743501663208,2.986946550282565,0.9936342483217064,7.336331497539174,35.49868827747254
2017-08-21,Lehra,0.8451607041060925,2.3982765525579453,5.254014551639557,1.081642359495163,2.617292732000351,1.4520382955670357,9.444392144680023,46.589395445695715
2017-08-21,Malerkotla,0.910312050155231,1.414866434676307,6.560650399753025,2.8006153958184377,3.660846378122057,1.5314480023724693,5.60588150365012,35.56553660830749
2017-08-21,Moonak,1.16835451622804,2.452870547771454,5.245640993118286,1.2773641298214595,2.753377099831899,1.6971404552459717,7.431397398312886,50.416216613417234
2017-08-21,Sangrur,0.6764739836965289,1.995559275150299,6.88329599584852,2.6643634949411665,3.5732072421482632,1.174115574785641,9.496712412152972,44.45872888965013
2017-08-21,Sunam,0.7009916965450559,2.193136653729848,6.546014751706805,1.7551547544343131,3.0644837532724654,1.2756038563592094,9.464771951947894,42.6037932472098
2017-08-22,Dhuri,1.8068636709993533,5.961071794683283,0.9076130254702136,0.7748510891740973,0.1854591003873131,0.219768284058029,1.043314053253694,34.625906435457495
2017-08-22,Lehra,0.6686293333768845,4.059864863753319,0.7110969871282578,0.9908685497939588,0.0193989762628916,0.9886647500097752,1.285884529352188,41.668138168734174
2017-08-22,Malerkotla,2.5684834889003207,6.292584231921604,1.1506412348576955,1.0136808987174717,0.1720731229122196,0.2614733457033123,1.0069610391344344,36.31086413630595
2017-08-22,Moonak,0.6990744173526764,4.24339371919632,1.1189635694026947,1.123707686861356,0.0019358219530355,0.9585573375225068,1.2428415715694427,40.905370022498396
2017-08-22,Sangrur,1.7272023899214608,6.097704666001456,0.9047641562564032,0.9799987780196326,0.1467556112578937,0.3838927415864808,1.1953562668391635,39.35172501239353
2017-08-22,Sunam,1.1986563397305352,5.045367555958884,0.850372026009219,0.994842740041869,0.0560306291860927,0.6089770804558482,1.3046840642179762,37.45467256165382
2017-08-23,Dhuri,0.4570069502700459,1.692610263824463,3.333355730230158,0.3582598011602055,7.305585839531639,0.7409863580356945,2.086692224849354,35.008115349285546
2017-08-23,Lehra,0.7666889689862728,1.3399339318275452,5.266566455364227,0.5460436129942536,11.934658885002136,1.0969623774290085,1.3683217950165272,42.370988814974226
2017-08-23,Malerkotla,0.4485170309032713,1.8509487339428488,3.0034380640302385,0.4787633940577507,5.406345588820321,0.6860209916319165,2.535460540226528,33.75824117430797
2017-08-23,Moonak,0.6940855036179224,1.105533426006635,4.697877327601115,1.3152668128410976,11.403598149617514,1.6266051530838013,1.3931325525045395,37.877885496779896
2017-08-23,Sangrur,0.5659252820270402,1.6559223192078727,3.560521100248609,0.3138389619333403,10.206331934247698,0.9079635483878,2.762648058789117,40.343293018236864
2017-08-23,Sunam,0.5531753514494214,1.5659620676721846,4.38680101292474,0.3611653848950352,11.880949871880668,1.14511119893619,2.063838464873178,39.67531271266387
2017-08-24,Dhuri,2.9885741472244263,2.847326397895813,0.2760967388749122,1.9866031029007647,0.6868082664229653,1.596509407867085,4.349350929260254,56.36161938857702
2017-08-24,Lehra,1.533033899962902,2.9966295659542084,1.7920454367995262,3.04927359521389,1.5161928720772266,0.6931027099490166,3.532643347978592,81.7615300361072
2017-08-24,Malerkotla,3.610704898834229,2.692596546241216,0.2979652466518538,1.9927694967814853,0.59200341041599,1.6262110493012838,4.973635349954877,60.700771409938376
2017-08-24,Moonak,1.3140028516451518,2.4151795705159507,2.1700411836306253,2.833247403303782,1.2796521584192913,0.4997102667888005,3.4976447025934854,73.34650850419463
2017-08-24,Sangrur,2.5321836386408125,2.698590508529118,0.5122204497456551,2.3345258917127336,0.6400863698550633,0.705767630466393,4.136973653520856,66.7780203301311
2017-08-24,Sunam,1.8295569973332544,2.542849702494485,1.0481565871409009,2.7172653589929854,0.6619890481233597,0.5051522920174258,4.162861858095441,76.50878457273481
2017-08-25,Dhuri,2.7686827941374346,0.8904732181267305,1.6632044586268335,6.823447834361684,6.03329348564148,7.760981147939509,9.192630941217596,74.0599452859585
2017-08-25,Lehra,1.7597070336341858,0.1824185065925121,0.8208887539803982,12.677457571029665,8.446329683065414,8.917131960391998,8.889523416757584,110.38489485736369
2017-08-25,Malerkotla,2.6783126166888644,1.501169787985938,2.070666398320879,4.913760261876242,4.830207586288452,5.200338704245431,8.488925797598702,74.64977309358795
2017-08-25,Moonak,1.133948877453804,0.138207026446859,1.1334246695041656,12.443944374720257,9.414642453193665,6.335671305656433,8.715102394421896,93.70599480398951
2017-08-25,Sangrur,2.215560112680708,0.7530091969030244,1.1454051903315954,8.430082270077296,7.080068298748562,7.507227659225464,8.89533529962812,90.6318019444136
2017-08-25,Sunam,1.9446004714284624,0.3902927807399204,0.8020151193652835,11.206932817186628,8.502601947103228,9.348722730364118,9.511092918259758,100.1312274529875
2017-08-26,Dhuri,0.0,0.120735558935187,0.580430880188942,3.8380214192650537,14.231256875124844,13.880691051483154,35.14760130101984,84.24073209172406
2017-08-26,Lehra,0.0,0.1073159533552825,0.6154736373573542,4.31690801680088,17.069637298583984,20.65462100505829,24.63999879360199,117.8895639475878
2017-08-26,Malerkotla,0.0,0.0540786717486168,0.4397659919091633,2.8921228732381548,14.316226243972778,12.159501041684832,35.81447546822684,83.56023262677094
2017-08-26,Moonak,0.0,0.0463178378219405,0.775161345799764,2.9605321486790976,17.95110360781352,19.5635290145874,18.655918041865032,96.91506920329279
2017-08-26,Sangrur,0.0,0.1468625728573118,0.8596781811543873,4.990924835205078,14.419338124138967,14.576567377362933,32.36733899797712,103.67124059400496
2017-08-26,Sunam,0.0,0.1247985541288341,0.7504975476435253,4.940734539713178,15.189502613885065,17.348111527306692,28.16848993301392,109.96958686168473
2017-08-27,Dhuri,0.7723587182435122,1.2209033126180822,0.4576740373264659,9.743664524771953,21.423315048217773,11.093248627402566,10.404756849462336,85.85993261844997
2017-08-27,Lehra,0.4785219691693783,2.274008348584175,0.1422114667948335,9.95327651500702,17.117127239704132,6.08860644698143,6.428072929382324,120.65554688859298
2017-08-27,Malerkotla,1.0954712011984415,0.6303199082612991,0.5236546652657645,9.132678883416313,18.16939602579389,12.033948932375226,7.931772555623736,84.0875477845825
2017-08-27,Moonak,0.506454182167848,2.103781769673029,0.1627594325691461,8.736424485842386,14.476717074712118,5.681218802928925,5.409408311049144,98.31436936492368
2017-08-27,Sangrur,0.5885842453156199,1.497399736727987,0.6030526033469609,10.32139253616333,22.52513667515346,10.26452716759273,9.53604086807796,106.40487576887175
2017-08-27,Sunam,0.5537356393677848,2.248396451984133,0.3732288458517619,10.978642054966516,20.792796066829137,8.412193775177002,8.022171446255275,112.59981306238734
2017-08-28,Dhuri,3.744311376051469,0.3917071778665889,17.332879586653277,26.57187973369252,19.202713186090644,3.685730468143116,4.829543373801491,85.3316447240086
2017-08-28,Lehra,5.319350600242615,1.905429691076279,20.15680980682373,34.348273396492004,21.25895035266876,4.543326705694199,1.8294504657387731,120.4008495701022
2017-08-28,Malerkotla,2.659891822508403,0.4411077084285872,16.494986023221696,24.616376536233084,16.1204138142722,4.390054626124246,5.97575180871146,81.94366172136118
2017-08-28,Moonak,5.267322500546773,2.8650854031244912,18.899714867273968,34.383242766062416,19.857067902882893,4.907756209373474,2.852839340766271,97.84484918631169
2017-08-28,Sangrur,4.059971196310861,0.9527858314769608,17.68645920072283,29.596217564174108,19.383267743246897,3.637536295822688,4.166940936020443,106.1653598653909
2017-08-28,Sunam,4.527389807360513,1.513605805380004,19.21843297140939,34.199969564165386,19.993323598589217,3.751505127974919,2.387664279767445,112.01492035940096
2017-08-29,Dhuri,3.728438464078036,19.24552128531716,53.42036039179022,20.757344245910645,10.383739688179707,6.59362303126942,4.494798096743497,88.40768761115363
2017-08-29,Lehra,4.904230296611786,30.01685035228729,40.680442810058594,22.900769114494324,11.031448125839232,7.439895838499069,2.1324577778577805,126.17031154938674
2017-08-29,Malerkotla,4.575713651520865,15.855569532939366,47.231387274605886,19.989108903067454,9.264800548553469,5.740598440170288,4.919845955712455,79.96677982181843
2017-08-29,Moonak,6.91912563641866,31.802464485168457,33.16289949417114,27.2428895632426,9.997694969177246,7.5177834033966064,2.371140549580256,98.36146781972303
2017-08-29,Sangrur,3.488004233155932,21.83399282182966,50.355578013828826,21.552149977002824,10.055855853216988,6.749402352741787,3.781694812434061,112.38348707460189
2017-08-29,Sunam,4.051776451723916,25.82746315002441,44.080760274614605,22.858959538596014,10.401643310274396,7.0675735133034845,2.7144759041922435,118.91220995754904
2017-08-30,Dhuri,20.41663750735196,32.53987624428489,14.168925762176514,9.32608745314858,9.022088440981776,2.624888349663128,2.1230980537154456,81.95532344183414
2017-08-30,Lehra,22.635578870773315,27.40185308456421,10.081223726272585,8.23465895652771,11.63514268398285,0.7811900116503239,2.3643669337034225,119.6489153411194
2017-08-30,Malerkotla,19.329465321132115,29.258656978607178,15.810231958116804,11.301315546035768,7.856481960841587,4.575411490031651,2.7595686316490173,75.30665877810016
2017-08-30,Moonak,18.28431248664856,19.79490637779236,6.188634594281514,7.181390285491943,10.627907594045004,0.7746442506710688,1.8083834648132324,92.70045533684906
2017-08-30,Sangrur,22.461137090410507,33.20336021695818,13.708455460412162,9.549840944153924,9.58680064337594,2.3446585706302097,2.516194151980536,103.03580347946877
2017-08-30,Sunam,21.534289360046387,30.00528294699533,11.488847426005773,8.56550475529262,9.823240552629745,1.37659766631467,2.315627919776099,110.23297359206312
2017-08-31,Dhuri,28.496366414156828,16.125998063520953,7.573226603594693,3.644239382310347,1.9245314760641616,0.9906832115216688,0.2045251330868764,60.045197934155425
2017-08-31,Lehra,45.052897453308105,20.86719965934753,5.42727991938591,2.218146435916424,1.4094421416521072,0.9272930175065994,0.0642812943551689,80.88839093256533
2017-08-31,Malerkotla,25.447369371141708,17.231175456728256,7.696553809302194,3.41589002098356,2.227953157254628,1.0290332053388869,0.3481669505792005,46.74907982774256
2017-08-31,Moonak,41.022580782572426,23.955679098765057,4.124830226103465,1.733355849981308,1.5954936742782593,0.6242227802673975,0.0544343665242195,58.10740570950856
2017-08-31,Sangrur,32.82055745806013,18.610874584742955,6.833074910300119,3.463326326438359,1.932743276868548,1.135738370673997,0.1652026469154017,77.81634201398826
2017-08-31,Sunam,38.63149452209473,20.45666023663112,6.3914810589381625,2.829222219330924,1.7932821767670768,1.1452410114662988,0.1026075206963079,73.93707066813174
2017-09-01,Dhuri,21.45055970278653,6.6709347854961045,2.268690976229581,1.3229825550859624,0.7729346074841239,0.750414565205574,0.7565833194689318,27.201265584452074
2017-09-01,Lehra,20.716154098510746,4.142315566539764,1.8609553575515747,0.5531290490180254,0.1920536402612924,0.2606746023520827,0.1959739443846047,30.157097605373504
2017-09-01,Malerkotla,18.74048410143171,5.602075031825474,1.7377977498940058,1.6024731865950994,1.0472493512289864,1.2725623846054075,1.01849841432912,20.49294852218591
2017-09-01,Moonak,23.96166721979777,3.565453211466471,1.5615680813789368,0.6199732422828674,0.0988895981572568,0.2869985774159431,0.2807122853895028,17.437681661859646
2017-09-01,Sangrur,19.63505567823137,6.054691808564322,2.262821171964918,1.1224780870335442,0.6721347261752401,0.8324446981506688,0.6201701589993068,35.09207542651386
2017-09-01,Sunam,17.986553600856237,4.992574725832258,2.011869545493807,0.8806081999625478,0.35476683772036,0.4704727126019342,0.3948187977075577,31.034255602952452
2017-09-02,Dhuri,5.057696602561257,2.5972315073013306,1.1014981161464343,1.5133759000084617,0.2146108025176958,0.1040270927954803,0.1590249741619283,15.848666675945967
2017-09-02,Lehra,5.129831269383431,1.9370285272598269,0.4807563945651054,1.2834272719919682,0.2288799528032541,0.1496028052642941,0.0853806713130325,21.727427460400833
2017-09-02,Malerkotla,4.042327037879399,2.4096097222396304,1.1023612064974648,1.2774183792727334,0.1538323217204638,0.0879940403891461,0.2816812257681574,10.269707185275012
2017-09-02,Moonak,3.866742114226023,1.2465749830007553,0.2908034808933735,0.8860890716314316,0.1856069266796112,0.1983227096498012,0.0837238415454824,13.185363637752364
2017-09-02,Sangrur,4.5107661826269965,2.178758668048041,0.7949031484978539,1.3092874799455916,0.2189557272940874,0.1656140128948859,0.0709186316733913,20.827072254187858
2017-09-02,Sunam,4.319727582590921,1.6320411690643857,0.5090922628130231,1.098174214363098,0.199960548164589,0.1291708709406001,0.0602866020053625,20.20492227960557
2017-09-03,Dhuri,1.8624698682264849,0.3022249307144772,1.749271121892062,1.5528576319867915,0.205352421849966,0.0,0.0155489581891081,13.51446361548789
2017-09-03,Lehra,1.599290233105421,0.6282981093972921,1.93882267922163,0.7604716643691063,0.0050694593010121,0.0,0.0,18.099825324409117
2017-09-03,Malerkotla,1.879352825028556,0.5868968372898442,1.3646510924611772,1.4336543381214142,0.2352866966809545,0.0,0.0483183087781071,8.986555412519238
2017-09-03,Moonak,1.3578239679336548,0.6544620742400488,1.6160307725270588,0.5275246078769366,0.0045534853513042,0.0,0.0,11.43618566049799
2017-09-03,Sangrur,1.8326006914888109,0.3274763024279049,1.8587255733353751,1.279643476009369,0.1305661722685077,0.0,0.0005964387507577,17.197570695729954
2017-09-03,Sunam,1.5188092163630895,0.3179856741002628,1.7115224940436229,0.8145885722977775,0.0444989912045587,0.0,0.0,16.574696551859418
2017-09-04,Dhuri,2.548353005539288,2.738364978270097,0.7280654555017297,0.1039267768236723,0.0093214453663676,0.0,2.319669945673509,12.257126960518471
2017-09-04,Lehra,2.505592353641987,3.1838425248861317,0.2825894448906183,0.0666438632179051,0.0,0.0081469914584886,2.4874152764678,17.805673732817286
2017-09-04,Malerkotla,2.5021317771502902,2.8046598604747226,0.9966325632163456,0.1671594844332763,0.0132493092179564,0.0,1.6193507058279857,8.02607812274447
2017-09-04,Moonak,2.238943745692571,2.542028079430262,0.2979934799174468,0.0749674250061313,5.665513648030659e-05,0.0048660561248349,1.972100536028544,11.611505107240749
2017-09-04,Sangrur,2.723600046975272,2.747057463441576,0.5228868414248738,0.1117767296465379,0.0013210883709169,0.0,2.471524604729244,15.710731212925676
2017-09-04,Sunam,2.4416335310254778,2.470071937356676,0.3191010217581476,0.0911518669953303,0.0001759610271879,9.053702732282024e-05,2.534375931535448,15.585243881853422
2017-09-05,Dhuri,2.058950711380352,1.3858268423513933,1.5679036649790676,0.1337103714997118,0.0,0.0152831530537117,0.4943826821717349,6.354162639821329
2017-09-05,Lehra,2.5591207295656204,0.9279477968811988,0.4143499322235584,0.4767887573689222,0.0,0.0025914750804076,0.493056888692081,11.446098996083677
2017-09-05,Malerkotla,1.6367378788334983,1.6467447791780745,1.4256656702075683,0.0401054041576571,0.0009246941855443,0.0760521380496876,0.5360610112547874,4.440254997431406
2017-09-05,Moonak,2.166547735532125,0.8865518718957901,0.3359695859253406,0.4973215435942014,0.0,0.0163830554423232,0.5113571733236313,8.853583758442417
2017-09-05,Sangrur,2.165177047252655,1.2433455416134425,0.9828249620539802,0.1502254384769392,0.0,0.0194859488068946,0.4659118737493242,8.312226066082573
2017-09-05,Sunam,2.3210280622754778,0.9627434951918464,0.5670694315007755,0.2683865412005356,0.0,0.0033934824584451,0.4383004829287529,8.46293708878248
2017-09-06,Dhuri,1.1513954346830195,0.051129950210452,0.0,0.0018515918107533,0.0,0.1253270022571087,1.7395410971208052,5.537610954055021
2017-09-06,Lehra,1.8523481860756876,0.022188935894519,0.0,0.0,0.0,0.3481180435046553,0.7083769086748362,9.54112265587029
2017-09-06,Malerkotla,1.0305257099015372,0.1260612673525299,0.0030037261687019,0.0038527329327605,0.0042194791271218,0.169253815763763,1.799163098846163,3.8112032617191463
2017-09-06,Moonak,1.4994650582472484,0.0131386490150665,0.0,0.0,0.0,0.2096850735445817,0.2768793851137161,8.23761222371556
2017-09-06,Sangrur,1.3830483087471552,0.0055217022641694,0.0,0.0,0.0,0.1358721914834209,1.5550544261932373,7.159225558051073
2017-09-06,Sunam,1.4820845084530967,0.0018947830955897,0.0,0.0,0.0,0.2082778341802103,0.9906849775995528,7.140690161396074
2017-09-07,Dhuri,0.0017879700753837,0.0,0.0037010650266893,1.8935100056908347,0.9436250925064088,3.201754104007374,2.734669826247476,2.426309762192247
2017-09-07,Lehra,0.0039750715950503,0.0,0.0,0.6116596013307571,0.90269186347723,2.5165210366249084,2.7059526592493057,3.9693087644288694
2017-09-07,Malerkotla,0.0,0.0014852998221093,0.022524876287207,2.5185911442552293,0.8751159948962075,2.4608938012804304,2.6053467265197208,2.1084367947867753
2017-09-07,Moonak,0.0,0.0,0.0,0.3459671804060538,0.7713371266921362,2.2286373178164163,1.8834993342558544,3.767542892237379
2017-09-07,Sangrur,0.0052826454796429,0.0,0.0043818029891034,1.843680271080562,0.7099293576819556,3.65684277670724,2.267034888267517,2.1103772568836647
2017-09-07,Sunam,0.0038108726896877,0.0,0.0001165762078016,1.1118240995066506,0.6687415944678443,2.8354804941586087,2.1811178028583527,2.595576379563493
2017-09-08,Dhuri,0.0,0.1489826577969572,0.6595067598602988,0.2025090090253136,0.4021617939526384,1.9697435606609688,0.0,2.0889191760913235
2017-09-08,Lehra,0.0,0.075153270503506,0.3776810523122549,0.1934817051514983,0.6289610452950001,1.320122841745615,0.0,3.5282640357487054
2017-09-08,Malerkotla,0.0,0.1137468029877969,0.6970715799501964,0.2343003563582897,0.4501716696790286,1.8132274874619076,0.0,1.800843335121148
2017-09-08,Moonak,0.0,0.0580378991241256,0.2798403662939866,0.1569960452616214,0.4547887369990349,0.9291899849971136,0.0,3.1503797841958217
2017-09-08,Sangrur,0.0,0.0891478987676756,0.5456181349498885,0.1509905247283833,0.3691839852503368,1.9527446372168404,0.0,1.8855335707279703
2017-09-08,Sunam,0.0,0.0793786143351878,0.4157981021063668,0.124819168554885,0.3551977973963533,1.4096596539020538,0.0,2.3614785000220984
2017-09-09,Dhuri,0.0,0.7651062533259392,1.2635873854160309,6.028111533685164,0.2958618808876384,0.0546860939569094,0.0640365423803979,5.221227734931439
2017-09-09,Lehra,0.0272648545796982,0.7594792619347572,0.94393103197217,6.358796179294586,0.467551707290113,0.3080410780385136,0.0534569444134831,4.843862560964179
2017-09-09,Malerkotla,0.0,0.3385547740118844,1.0597210718052728,3.339200104985918,0.2050470103110586,0.0164922981223623,0.0689944654170956,4.334599252792019
2017-09-09,Moonak,0.0160051359174152,0.3871550435821215,0.5552174796660742,4.236622512340546,0.1854378196100393,0.1889470989505449,0.0184711774345487,4.536688746412542
2017-09-09,Sangrur,0.0,0.5782979144049543,1.017050291810717,5.711157006876809,0.2894703107220785,0.1212906901325498,0.0306605874460988,3.9067178113624057
2017-09-09,Sunam,0.0003294743863599,0.4995380629386221,0.7859675415924617,5.638205936976841,0.2805151196994951,0.1674455795437097,0.0257999527633988,3.080330993039258
2017-09-10,Dhuri,0.5081340196457776,0.5960788320411335,0.8352873785929247,1.000691427425905,0.140825769779357,0.0114010746633125,0.0,5.022935857384681
2017-09-10,Lehra,0.6359472945332527,0.1030042292550206,0.9489293918013572,1.2874256148934364,0.1986692114733159,0.0487321961554698,0.0,5.522431576088184
2017-09-10,Malerkotla,0.6731654022421155,0.8076767878873008,0.7821004454578672,0.8643587955406734,0.1968764876281576,0.0004476465983316,0.0,4.0521256664031995
2017-09-10,Moonak,0.5841228887438774,0.0881993699197967,0.726977119843165,1.0682906607786815,0.2279063078264395,0.014431282877922,0.0,5.020096088574739
2017-09-10,Sangrur,0.58576350659132,0.4036270694008895,0.768939057631152,1.0417011912379943,0.2373245456921202,0.0178018575367916,0.0,4.157340041148474
2017-09-10,Sunam,0.5734467559627124,0.1886431830269949,0.8326263704470226,1.0429657037769045,0.1762554771932108,0.0301331816839852,0.0,4.022714768946249
2017-09-11,Dhuri,1.231719669970599,0.1639654822647571,0.9581174173138358,0.0,0.0,0.0,0.0,4.2824828200710146
2017-09-11,Lehra,0.6756515484303236,0.2304240567609667,2.371802158653736,0.0515335072996094,0.0,0.0,0.0,4.177345527864326
2017-09-11,Malerkotla,1.8526166081428528,0.1720335770930562,0.5400316459792001,0.0,0.0,0.0,0.0,3.383980982734721
2017-09-11,Moonak,0.6324268678824106,0.2981716059148311,1.8874791860580444,0.0431550567348798,0.0,0.0,0.0,3.783284583966378
2017-09-11,Sangrur,1.2909086708511626,0.1395513928894485,1.2293137588671277,0.0,0.0,0.0,0.0,3.349022435762055
2017-09-11,Sunam,0.8052488661238125,0.1946167951183659,1.6696592654500688,0.0008878792037389,0.0,0.0,0.0,3.2229558448167404
2017-09-12,Dhuri,1.1672213944521816,1.1130466352809558,0.0,0.7586275339126587,9.520908680829136,1.862262731248682,0.0,4.082429302520545
2017-09-12,Lehra,0.4750736113637686,2.608621470630169,0.0,0.2269943607971072,14.125625908374786,3.015120208263397,0.0,3.406218207859778
2017-09-12,Malerkotla,1.431698699082647,0.7277271917888096,0.0,0.9250735001904624,8.286212767873492,1.9771709612437656,0.0,3.2557581979008106
2017-09-12,Moonak,0.3877820844451586,1.7382736802101135,0.0,0.358234350879987,10.961323340733848,2.5059126019477844,0.0,3.002157158939736
2017-09-12,Sangrur,0.779295238001006,1.2019654171807426,0.0,0.4496764072350093,9.301782403673444,2.213884979486465,0.0,3.277392794721173
2017-09-12,Sunam,0.4645269231072494,1.547330528497696,0.0,0.2809509041586092,9.646697316850934,2.3473554849624634,0.0,2.949405476370186
2017-09-13,Dhuri,0.0913733542812141,0.0,0.0,0.0,0.0,0.0,0.0120219710198315,3.652560521403189
2017-09-13,Lehra,0.0088318806374445,0.0,0.0,0.0,0.0,0.0,0.0438865105388686,3.2786596013143514
2017-09-13,Malerkotla,0.0818685575920556,0.0,0.0,0.0,0.0,0.0,0.0196981347398832,3.0105989186816697
2017-09-13,Moonak,0.0,0.0,0.0,0.0,0.0,0.0,0.0533339083194732,2.6341975498511174
2017-09-13,Sangrur,0.0339734411266233,0.0,0.0,0.0,0.0,0.0,0.0459632285720934,2.9425051373952456
2017-09-13,Sunam,0.0154861458410908,0.0,0.0,0.0,0.0,0.0,0.0626925095982317,2.801066117470752
2017-09-14,Dhuri,0.0013113449465229,0.0,0.0,0.0,0.420885142954913,10.647052894939076,9.186901742761783,3.188944231082898
2017-09-14,Lehra,0.0,0.0,0.0,0.0,1.0268400870263577,4.622730270028114,8.497309058904648,2.886129687368378
2017-09-14,Malerkotla,0.0,0.0,0.0,0.0,0.1635029044534479,10.7938244002206,9.299214856965202,2.651447622605793
2017-09-14,Moonak,0.0,0.0,0.0,0.0,0.8594272683064142,2.174902359644572,5.206406712532044,2.1512507313379996
2017-09-14,Sangrur,0.0018540534822802,0.0,0.0,0.0,0.7262987792491913,8.591314996991839,7.657234242984226,2.62166191497759
2017-09-14,Sunam,0.0005441562097985,0.0,0.0,0.0,0.9335232696362904,6.54527577332088,8.007657102176122,2.4183637619347556
2017-09-15,Dhuri,0.0,0.0,0.0,0.0,0.0,1.4421869706023822,21.15491763028232,7.838069378600329
2017-09-15,Lehra,0.0,0.0,0.0,0.0,0.001870582877018,1.196970146149397,15.523613452911375,7.051686174205969
2017-09-15,Malerkotla,0.0,0.0,0.0,0.0,0.0,1.9640979511397223,20.416934967041016,7.514883488301365
2017-09-15,Moonak,0.0,0.0,0.0,0.0,0.0125858672351265,1.4803516864776611,12.916873534520468,6.124936455432646
2017-09-15,Sangrur,0.0,0.0,0.0,0.0,3.2899716253658493e-05,1.7508763330323356,17.951409442084177,6.261951413533588
2017-09-15,Sunam,0.0,0.0,0.0,0.0,0.0003494080322395,1.3842154805149351,15.062832593917848,5.993553619109707
2017-09-16,Dhuri,0.0,0.0,0.0,1.7514833970503374,21.22214581749656,39.136886770075016,0.0,6.390304578092133
2017-09-16,Lehra,0.0,0.0,0.0,2.65032659471035,31.982096195220947,18.686407268047333,0.0,8.020446467510265
2017-09-16,Malerkotla,0.0,0.0,0.0,1.5487278742449624,16.734737873077393,33.74125330788748,3.625322382764093e-05,6.757941543142355
2017-09-16,Moonak,0.0,0.0,0.0,2.8367159366607666,30.21590169270833,13.043306350708008,9.810017460646728e-05,7.295470916800603
2017-09-16,Sangrur,0.0,0.0,0.0,1.4869398857866014,19.8273492540632,35.018487317221506,0.0014225853540535,5.925940577713991
2017-09-16,Sunam,0.0,0.0,0.0,2.0064341681344167,25.037812573569163,27.44407878603254,0.0002123772532546,7.376418296254156
2017-09-17,Dhuri,0.0,0.0,0.0,9.20725161379034,21.270699414339933,18.71358160539107,4.351822983134877,6.390304578092133
2017-09-17,Lehra,0.0,0.0,0.0,5.217008322477341,34.518561601638794,32.3747638463974,8.60381904244423,7.259326912325626
2017-09-17,Malerkotla,0.0,0.0,0.0022562919766642,9.73984922681536,20.670147827693395,19.876835073743543,3.7240400314331055,6.7175763379618205
2017-09-17,Moonak,0.0,0.0,0.0011442674634357,4.545811156431834,36.26719808578491,36.07684008280436,10.60228411356608,6.719036649657847
2017-09-17,Sangrur,0.0,0.0,0.0038259119859763,7.692071148327419,30.705815315246586,24.773669038500103,5.855876105172293,5.5860898466711735
2017-09-17,Sunam,0.0,0.0,0.0007740129450602,6.503944396972656,33.28564303261893,29.57675348009382,7.56970363003867,6.33505831511551
2017-09-18,Dhuri,0.0,0.0,0.2499524216082963,14.857250430367207,15.53284471685236,7.937122236598622,5.607375686818903,7.407384410549202
2017-09-18,Lehra,0.0,0.0,0.6301515381783247,7.954114228487015,7.2868631184101105,15.518335402011871,6.051319718360901,7.2772914105898705
2017-09-18,Malerkotla,0.0,0.0,0.2640194785115974,19.407673699515207,19.415956054415023,9.194547772407532,6.406072514397757,6.782400619306731
2017-09-18,Moonak,0.0,0.0,0.7306136737267176,8.564542770385742,4.755667467912038,17.992310126622517,6.01231324672699,6.844437716495614
2017-09-18,Sangrur,0.0,0.0,0.4348805174231529,11.78668408734458,11.69191939490182,10.001749345234462,5.87046788419996,6.236286656408954
2017-09-18,Sunam,0.0,0.0,0.543466109250273,9.64438247680664,9.219402023724149,13.205859558922905,6.225517111165183,6.3602717712531796
2017-09-19,Dhuri,0.0,0.0644108666191724,1.1719158948822457,0.3381182906979864,0.0,0.0,0.0,9.444328816991826
2017-09-19,Lehra,0.0,0.4958842042833566,1.2315368428826332,0.2649123826995492,0.0,0.0,0.0,8.791607351552894
2017-09-19,Malerkotla,0.0,0.0210272760429818,1.8955229600625376,0.2752045933157205,0.0,0.0,0.0,7.814396657357255
2017-09-19,Moonak,0.0,0.6110441039005915,2.486778130133947,0.1514587573086222,0.0,0.0,0.0014230171218514,7.584997508142474
2017-09-19,Sangrur,0.0,0.1254673918842204,2.37031203002802,0.4856187648006848,0.0,0.0,8.891616848164372e-05,8.350024635210257
2017-09-19,Sunam,0.0,0.2309996996607099,1.924789059907198,0.3448886786188398,0.0,0.0,0.0005079987791499,8.278472389951354
2017-09-20,Dhuri,0.0070301123407923,12.60204961083152,0.589271370660175,0.0,0.0,0.0,0.0085724445102228,9.444328816991826
2017-09-20,Lehra,0.0,17.731196641921997,1.312979882583022,0.0,0.0,0.0,0.2052085367031395,8.78772955967387
2017-09-20,Malerkotla,0.0257107461802661,11.307721308299474,0.9029964891129306,0.0,0.0,0.0,0.0094300874043256,7.820320005369458
2017-09-20,Moonak,0.0,16.620221455891926,2.1836069921652475,0.0,0.0,0.0,0.1608237363398075,7.93874099740179
2017-09-20,Sangrur,0.0021341219378103,13.467864206859044,1.2358788403549366,0.0,0.0,0.0,0.0458207876155419,8.300862622605514
2017-09-20,Sunam,5.2685396180355125e-05,13.892777408872332,1.2286081090569496,0.0,0.0,0.0,0.1207563899723546,8.11119953254678
2017-09-21,Dhuri,2.410713618451899,0.7809650958939032,0.0,0.0,0.0,0.0,0.0,10.079991208533047
2017-09-21,Lehra,2.243045601993799,0.2595155825838446,0.0,0.0,0.0,0.0,0.0,9.025173383170307
2017-09-21,Malerkotla,2.761751528297152,1.3453503107385976,0.0,0.0,0.0,0.0,0.0,9.202369561685469
2017-09-21,Moonak,3.9382707675298056,0.4877096191048622,0.0,0.0,0.0,0.0,0.0,8.320599228994762
2017-09-21,Sangrur,3.108349527631487,1.2716131783755762,0.0,0.0,0.0,0.0,0.0,8.423947575392305
2017-09-21,Sunam,2.9276373982429504,0.6569717557036451,0.0,0.0,0.0,0.0,0.0,8.165918497705226
2017-09-22,Dhuri,2.213729752735658,0.0,0.0,0.0,0.0,0.0,0.0,5.42992868611327
2017-09-22,Lehra,2.908968133851886,0.0,0.0,0.0,0.0,0.0,0.0,5.050138093991413
2017-09-22,Malerkotla,3.788381165691785,0.0,0.0,0.0,0.0,0.0,0.0,4.338112719109146
2017-09-22,Moonak,5.404002865155538,0.0,0.0,0.0,0.0,0.0,0.0,4.660648021064884
2017-09-22,Sangrur,4.696336633392742,0.0,0.0,0.0,0.0,0.0,0.0,4.792630563413007
2017-09-22,Sunam,3.654930163707052,0.0,0.0,0.0,0.0,0.0,0.0,4.597739233168762
2017-09-23,Dhuri,0.0,0.0,0.0,0.0,0.0,0.0,0.0,3.6896866304409137
2017-09-23,Lehra,0.0,0.0,0.0,0.0,0.0,0.0,0.0,2.9646989639639343
2017-09-23,Malerkotla,0.0,0.0,0.0,0.0,0.0,0.0,0.0,2.486683685936164
2017-09-23,Moonak,0.0,0.0,0.0,0.0,0.0,0.0,0.0,2.4377334760360765
2017-09-23,Sangrur,0.0,0.0,0.0,0.0,0.0,0.0,0.0,3.0618124076906303
2017-09-23,Sunam,0.0,0.0,0.0,0.0,0.0,0.0,0.0,2.483461803340037
2017-09-24,Dhuri,0.0,0.0,0.0,0.0,0.0,0.0,0.0,4.204391700705597
2017-09-24,Lehra,0.0,0.0,0.0,0.0,0.0,0.0,0.0,3.4958259276015093
2017-09-24,Malerkotla,0.0,0.0,0.0,0.0,0.0,0.0,0.0,2.937379034860559
2017-09-24,Moonak,0.0,0.0,0.0,0.0,0.0,0.0,0.0,2.8270964629765842
2017-09-24,Sangrur,0.0,0.0,0.0,0.0,0.0,0.0,0.0,3.568695794461773
2017-09-24,Sunam,0.0,0.0,0.0,0.0,0.0,0.0,0.0,2.94198402316708
2017-09-25,Dhuri,0.0,0.0,0.0,0.0,0.0,0.0,0.0,3.702016938513211
2017-09-25,Lehra,0.0,0.0,0.0,0.0,0.0,0.0,0.0,3.7676667775993797
2017-09-25,Malerkotla,0.0,0.0,0.0,0.0,0.0,0.0,0.0,3.325140564652559
2017-09-25,Moonak,0.0,0.0,0.0,0.0,0.0,0.0,0.0,3.0715848120503555
2017-09-25,Sangrur,0.0,0.0,0.0,0.0,0.0,0.0,0.0,3.3607333893574514
2017-09-25,Sunam,0.0,0.0,0.0,0.0,0.0,0.0,0.0,3.1778633197445596
2017-09-26,Dhuri,0.0,0.0,0.0,0.0,0.0,0.0,0.0,2.1797776023352706
2017-09-26,Lehra,0.0,0.0,0.0,0.0,0.0,0.0,0.0,2.543156184898472
2017-09-26,Malerkotla,0.0,0.0,0.0,0.0,0.0,0.0,0.0,2.7457303377389466
2017-09-26,Moonak,0.0,0.0,0.0,0.0,0.0,0.0,0.0,2.700914436315035
2017-09-26,Sangrur,0.0,0.0,0.0,0.0,0.0,0.0,0.0,1.6892298151896084
2017-09-26,Sunam,0.0,0.0,0.0,0.0,0.0,0.0,0.0,1.5207554537615358
2017-09-27,Dhuri,0.0,0.0,0.0,0.0,0.0,0.0,0.0105250477155839,2.6944826725999538
2017-09-27,Lehra,0.0,0.0,0.0,0.0,0.0,0.0,0.0,2.8368393250396102
2017-09-27,Malerkotla,0.0,0.0,0.0,0.0,0.0,0.0,0.0978216347949845,3.1923928008636553
2017-09-27,Moonak,0.0,0.0,0.0,0.0,0.0,0.0,0.0,2.7170603629672576
2017-09-27,Sangrur,0.0,0.0,0.0,0.0,0.0,0.0,0.0017480214592069,2.1806262324278114
2017-09-27,Sunam,0.0,0.0,0.0,0.0,0.0,0.0,0.0,1.9491210638812588
2017-09-28,Dhuri,0.0,0.0,0.0,0.0,0.0,0.0,0.0,2.573525351323416
2017-09-28,Lehra,0.0,0.0,0.0,0.0,0.0,0.0,0.0,3.1305224651807486
2017-09-28,Malerkotla,0.0,0.0,0.0,0.0,0.0,0.0,0.0,2.2629290556845567
2017-09-28,Moonak,0.0,0.0,0.0,0.0,0.0,0.0,0.0,2.724565118314792
2017-09-28,Sangrur,0.0,0.0,0.0,0.0,0.0,0.0,0.0,2.564424666412165
2017-09-28,Sunam,0.0,0.0,0.0,0.0,0.0,0.0,0.0,2.3529243185498556
2017-09-29,Dhuri,0.0,0.0,0.0,0.0,0.0,0.0,0.0,2.573525351323416
2017-09-29,Lehra,0.0,0.0,0.0,0.0,0.0,0.0,0.0,3.4997670634392284
2017-09-29,Malerkotla,0.0,0.0,0.0,0.0,0.0,0.0,0.0,2.2629290556845567
2017-09-29,Moonak,0.0,0.0,0.0,0.0,0.0,0.0,0.0,2.783707845056327
2017-09-29,Sangrur,0.0,0.0,0.0,0.0,0.0,0.0,0.0,2.6450733810821214
2017-09-29,Sunam,0.0,0.0,0.0,0.0,0.0,0.0,0.0,2.7402633180889073
2017-09-30,Dhuri,0.0,0.0,0.0,0.0,0.0,0.0,0.0,2.573525351323416
2017-09-30,Lehra,0.0,0.0,0.0,0.0,0.0,0.0,0.0,3.8690116616977086
2017-09-30,Malerkotla,0.0,0.0,0.0,0.0,0.0,0.0,0.0,2.2629290556845567
2017-09-30,Moonak,0.0,0.0,0.0,0.0,0.0,0.0,0.0,2.874166634833544
2017-09-30,Sangrur,0.0,0.0,0.0,0.0,0.0,0.0,0.0,2.7257220957520785
2017-09-30,Sunam,0.0,0.0,0.0,0.0,0.0,0.0,0.0,3.127602317627959
2018-06-01,Dhuri,0.0,0.0,0.0,0.2215586690740152,0.3315547914667563,0.0383550655943426,0.7080682787028226,14.546190457698604
2018-06-01,Lehra,0.0,0.0,0.0,0.1877350453287363,0.2490019109100103,0.1851933989673853,0.2853520922362804,5.572592413986984
2018-06-01,Malerkotla,0.0,0.0,0.0,0.3081991321274212,0.6701139616114753,0.0530308590470148,0.8189566859177181,20.167425356172753
2018-06-01,Moonak,0.0,0.0,0.0,0.2446818711857001,0.307409015794595,0.4140037459631761,0.298948069413503,4.969471188276588
2018-06-01,Sangrur,0.0,0.0,0.0,0.2471818809530564,0.3443052585103682,0.0788721464175198,0.6578186643975121,11.053708813833833
2018-06-01,Sunam,0.0,0.0,0.0,0.2567889046456132,0.2828856291515486,0.1872817892581224,0.5498307783688817,8.187363871666863
2018-06-02,Dhuri,0.0,0.0,0.0277823050485246,1.0682719891721553,0.2522487498142503,0.0210088411430743,0.0071455121506005,17.88474169372013
2018-06-02,Lehra,0.0,0.0,0.0043237446079729,1.1258606389164925,0.266540914773941,0.0520293562440201,0.0210769277182407,7.3068062262171765
2018-06-02,Malerkotla,0.0,0.0,0.1246032923060868,1.1742149399859565,0.4133047355072839,0.0387031634870384,0.0319683986183788,25.418397217356397
2018-06-02,Moonak,0.0,0.0,0.0192995495162904,1.0867885847886405,0.3802024933199088,0.1097931719074646,0.0478334681441386,7.1192178106758615
2018-06-02,Sangrur,0.0,0.0,0.0444910938718489,1.372682852404458,0.2704721175666366,0.0185844687345836,0.0108040262421127,13.786448555961405
2018-06-02,Sunam,0.0,0.0,0.0154217216851455,1.409227839538029,0.3593117030603545,0.0295381321172629,0.0061839519455263,10.817893442487122
2018-06-03,Dhuri,0.0,0.0,0.0,0.0,0.0308489584236998,0.0498516924086619,0.3378224975683472,21.753326567220576
2018-06-03,Lehra,0.0,0.0,0.0,0.0,0.0152105653687613,0.0677921622991561,0.4193167798221111,16.684518611480346
2018-06-03,Malerkotla,0.0,0.0,0.0,0.0,0.0590545549057424,0.0829727719537913,0.2691659017332962,29.933265587569828
2018-06-03,Moonak,0.0,0.0,0.0,0.0,0.0728804809041321,0.2472939739624659,0.3990001281102498,17.396910493384308
2018-06-03,Sangrur,0.0,0.0,0.0,0.0,0.0443436119988161,0.0903572702248181,0.4644707547766821,20.01031206390562
2018-06-03,Sunam,0.0,0.0,0.0,0.0,0.0275944942009768,0.1196309659363968,0.5738643833569118,19.254656897906056
2018-06-04,Dhuri,0.0003200975436563,7.863019436626928e-05,0.0,8.420691665378399e-05,0.0056484997462989,0.0111526833445003,0.0061420458845201,21.61121440951446
2018-06-04,Lehra,0.0,0.0,0.0,0.0,0.0,0.0,0.0,16.674179110061228
2018-06-04,Malerkotla,0.0015815249270027,0.0003325106073524,0.0,0.001036388639477,0.027345811573988,0.0442993731537301,0.0245346995403191,29.74910593661299
2018-06-04,Moonak,0.0,0.0,0.0,0.0,0.0,0.0,0.0,17.396895343520974
2018-06-04,Sangrur,0.001002103774551,0.0001208488197984,0.0,7.671303774259286e-05,0.0020502887553967,0.0066614313774542,0.0035274239780846,20.01901591981376
2018-06-04,Sunam,2.2353747332155243e-05,4.400015074829915e-06,0.0,0.0,0.000554175075162,0.0026492211116939,0.0010355108835418,19.193293479196242
2018-06-05,Dhuri,0.1364866810088807,0.0014387507743032,0.0008590584303337,0.0960495747117833,0.0143690351502631,0.0665738153356042,0.0006436891390793,19.03408175725719
2018-06-05,Lehra,0.2396025941707193,0.0011045787641705,0.0,0.058394203253556,0.0725594802061095,0.1271692437585443,0.0,16.55370941466282
2018-06-05,Malerkotla,0.1812632251530885,0.004888167228533,0.0048011241950527,0.2360780909657478,0.0091989453150225,0.0415687410693083,0.0005111531603948,22.896446038006907
2018-06-05,Moonak,0.336741687109073,0.0013776275785251,0.0,0.1662260598192612,0.1619134116917848,0.1690696657945712,0.0,17.39664793252494
2018-06-05,Sangrur,0.1431547743933541,0.0042910120641213,0.0005022541341272,0.0884950399132711,0.0284294954368046,0.1141652045771479,0.0003687221178552,18.471913078784407
2018-06-05,Sunam,0.2574918666588409,0.0036683966754935,1.3784627039318106e-05,0.0971772921537714,0.0616126788247908,0.1880150636924164,0.0001458065287027,17.958217264670495
2018-06-06,Dhuri,0.056750800460577,0.0,0.0826703865419734,0.0638776936314322,0.0441448135640133,0.0223123949783092,0.0,7.513741118149535
2018-06-06,Lehra,0.0095410787689615,0.0,0.062265918997582,0.015697189795901,0.0509912200504913,0.0007022456070444,0.0,11.310943655150425
2018-06-06,Malerkotla,0.0524126347154378,0.0,0.0426533185278198,0.0845355186611414,0.0393643863665472,0.0248966039175034,0.0,10.755039369490502
2018-06-06,Moonak,0.0095192188164219,0.0,0.0721268295310437,0.0090806396522869,0.0308875768290211,0.0020359145516219,0.0,12.739825881259145
2018-06-06,Sangrur,0.043756296126438,0.0,0.0910634532836931,0.0513169806051467,0.0435438396691876,0.0089560198622556,0.0,9.565841119594756
2018-06-06,Sunam,0.0358151436916419,0.0,0.1201347400035176,0.0418811119826776,0.0707002290125404,0.0039460706715804,0.0,11.514186505271944
2018-06-07,Dhuri,0.0,0.0023576174386438,0.0091201518873938,6.607422255910933e-05,2.5590404799335044e-05,6.876597944938112e-05,0.0,7.514911138484881
2018-06-07,Lehra,0.0,0.000923138577491,0.0013499659253284,2.481555020494852e-05,9.92622062767623e-06,1.4889329577272292e-05,0.0,11.308684663861598
2018-06-07,Malerkotla,0.0,0.0088953442755155,0.0323466833215206,0.0001351016884914,2.9165000634228428e-05,9.621930049823795e-05,0.0,10.884524995237145
2018-06-07,Moonak,0.0,0.0,0.0,0.0,0.0,0.0,0.0,12.737947714339189
2018-06-07,Sangrur,0.0,0.0046048932043569,0.0106961027319942,0.0002302709950267,7.621176025298025e-05,0.0002302709950267,0.0,9.591171424365474
2018-06-07,Sunam,0.0,0.0074803841499877,0.0166673956971083,0.0003799737325087,7.503362992013405e-05,0.0003516302562534,0.0,11.527734218016741
2018-06-08,Dhuri,0.0695415790700777,0.0265001095302233,0.0186596626669845,0.0,0.0,0.0,0.0756010708441449,7.280760016087205
2018-06-08,Lehra,0.0271095440668887,0.0349975670199,0.0096658528885882,0.0,0.0,0.0,0.0342411511435329,11.111926197493363
2018-06-08,Malerkotla,0.0582892986962438,0.0170722574527774,0.0083653143270307,0.0,0.0,0.0,0.054658092516807,10.905344735582668
2018-06-08,Moonak,0.0428492022134984,0.0216100615992521,0.0060308707616059,0.0,0.0,0.0,0.0167019441723823,12.42743930510772
2018-06-08,Sangrur,0.0768091080577245,0.0419008783397397,0.0229997766852778,0.0,0.0,0.0,0.0905707775881247,9.390482963661572
2018-06-08,Sunam,0.0519558118456708,0.0564196793462282,0.0230011235980782,0.0,0.0,0.0,0.0844671268880899,11.298929008629393
2018-06-09,Dhuri,0.0185779394814744,0.0,0.0,0.0,0.0,0.0,2.426516859217868e-05,3.9422087800656773
2018-06-09,Lehra,0.0369965179124847,0.0,0.0,0.0,0.0,0.0,0.0,9.37771238526317
2018-06-09,Malerkotla,0.0446775406183275,0.0002017282758807,0.0,0.0,0.0,0.0,0.0002388492890271,5.654372874399026
2018-06-09,Moonak,0.0269292845623567,0.0,0.0,0.0,0.0,0.0,0.0,10.277692682708446
2018-06-09,Sangrur,0.0686016326986386,0.0,0.0,0.0,0.0,0.0,1.2828712182714038e-06,6.657743221534001
2018-06-09,Sunam,0.0776887602738237,0.0,0.0,0.0,0.0,0.0,0.0,8.668399437809132
2018-06-10,Dhuri,0.0011666462444488,0.0,0.0,0.0,0.002343538505639,0.0104603181508454,0.033656328535554,0.0736239065652311
2018-06-10,Lehra,6.0079096328991e-06,0.0,0.0,0.0,0.0,5.8637197071220726e-05,0.0001595700741745,0.0
2018-06-10,Malerkotla,0.0015878590515967,0.0,0.0,0.0,0.0050451680129169,0.013932430668709,0.0347586020694247,1.1394634189705053
2018-06-10,Moonak,0.0,0.0,0.0,0.0,0.0,0.0,0.0,0.0
2018-06-10,Sangrur,0.0012450825218236,0.0,0.0,0.0,0.0019889967095098,0.0156860454673213,0.0787204475740769,0.4338795993789929
2018-06-10,Sunam,0.000950604627308,0.0,0.0,0.0,3.5274266857803536e-05,0.0049818702141887,0.0257698238960334,0.23163598239019942
2018-06-11,Dhuri,0.0,0.0,0.0156316421926021,1.321239173412323,1.4183447360992432,13.139963670210404,11.593698674982244,0.056427402916933496
2018-06-11,Lehra,0.0,0.0,0.1478160507977008,1.247222177684307,2.5730619579553604,5.581108778715134,14.171157240867617,0.0
2018-06-11,Malerkotla,0.0,0.0,0.0358932757766784,1.2423378740038191,1.3709449065583093,15.221651485988072,9.207337072917394,0.9017719536077319
2018-06-11,Moonak,0.0,0.0,0.3966903661688168,1.167368471622467,2.248286326726278,5.686211943626404,16.278117577234905,0.0
2018-06-11,Sangrur,0.0,0.0,0.0494388390132891,1.5333454268319269,1.7312145360878537,10.416658333369664,11.295210650988988,0.3937063086553787
2018-06-11,Sunam,0.0,0.0,0.1362030634523502,1.3754193484783173,1.9856041882719315,6.80528323990958,11.83998509815761,0.2129279023948998
2018-06-12,Dhuri,0.0,0.0,0.6648693531751633,2.817258455536582,6.568837751041759,1.2910586405884137,3.356393033807928,0.056427402916933496
2018-06-12,Lehra,0.0,0.0,0.4014177192002535,1.52128217369318,4.55400712788105,1.1870064698159697,1.4172914773225784,0.0
2018-06-12,Malerkotla,0.0,0.0,0.9719428079468864,3.4486411213874817,8.231511184147426,1.6284362077713013,4.161206568990435,0.9017719536077319
2018-06-12,Moonak,0.0,0.0,0.5664583891630173,1.5756913324197133,4.682586928208669,1.3325905899206798,1.5964972178141277,0.0
2018-06-12,Sangrur,0.0,0.0,0.704117666397776,2.7387683604444777,6.219013265201023,1.353845802800996,2.571762221200125,0.3924439055301153
2018-06-12,Sunam,0.0,0.0,0.5922778227499553,2.2775400834424158,5.921603168760028,1.3244018341813768,2.003079333475658,0.2111145424334497
2018-06-13,Dhuri,0.0,2.1196576573631982,1.3175326504490592,8.586876132271506,5.276383855126121,1.6038678125901655,0.0165131904438815,0.0402057739664793
2018-06-13,Lehra,0.0,0.3372021354734897,0.7676729150116444,1.329766884446144,2.33673844486475,0.5930282194167376,0.0070760250309831,0.0
2018-06-13,Malerkotla,0.0,3.396211802959442,1.657574181045805,14.193411656788417,5.264516234397888,1.7869272572653634,0.0254952578273202,0.7780218672727988
2018-06-13,Moonak,0.0,0.2950036004185676,0.7842561155557632,1.1834799846013386,1.923833151658376,0.4859608113765716,0.0018183228870232,0.0
2018-06-13,Sangrur,0.0,1.403846793941089,1.5423614127295358,5.549154877662659,5.5758161544799805,1.391790360212326,0.0233634646283462,0.0711624017943637
2018-06-13,Sunam,0.0,0.6818807486976896,1.0778045654296875,2.605128364903586,3.8899035709244862,0.9131097601992744,0.0159798283462545,0.0574688723140573
2018-06-14,Dhuri,0.5433016094294462,1.9079454216090117,14.648637121373955,3.6573645526712593,2.2373559312386946,0.0,0.0009455887868005,0.0284274397943394
2018-06-14,Lehra,0.2067061997950077,1.2119525261223316,9.701297551393507,6.603953063488007,1.3037521615624428,0.0138176017062505,0.0,0.0
2018-06-14,Malerkotla,0.9405037143400736,3.303512006998062,19.313467536653796,4.915876354490008,2.846391958849771,0.0,0.0040678708464838,0.5391764097093116
2018-06-14,Moonak,0.1803514945010344,1.658277173837026,10.156030734380089,7.3184298276901245,1.1808917572100956,0.0049323572893626,0.0,0.0
2018-06-14,Sangrur,0.5335715487599373,2.298629939556122,17.372792312077113,4.539814446653638,2.51096311211586,0.0012237464106874,0.0,0.0415751021231812
2018-06-14,Sunam,0.333807028297867,1.669389905674117,11.853495529719762,5.476655994142805,1.6729539334774015,0.0057007515362264,0.0,0.0402366346902343
2018-06-15,Dhuri,3.109255324710499,5.160618207671425,11.49399150501598,0.4359045394442298,0.0624952983449805,0.0,0.0,0.0
2018-06-15,Lehra,2.152472823858261,2.480474077165127,10.993456542491913,0.1673393934033811,0.0577136306092143,0.0,0.0,0.0
2018-06-15,Malerkotla,2.9017662746565684,6.032574500356402,10.357343537466866,0.348562051142965,0.0424160015370164,1.8247991517585304e-05,0.0,0.0
2018-06-15,Moonak,1.9990631838639576,2.41169806321462,9.036912441253662,0.1293690092861652,0.0263744610516975,0.0,0.0,0.0
2018-06-15,Sangrur,3.2333857672555104,5.243992464882987,12.435394525527954,0.4425631974424635,0.0622987809058811,0.0008101314722028,0.0,0.0
2018-06-15,Sunam,2.6974219168935503,3.679062707083566,12.557094029017858,0.283967808421169,0.0653538674648318,2.1652886061929166e-05,0.0,0.0
2018-06-16,Dhuri,3.238651741634716,5.899239843541926,0.0127615471031855,0.0069808501178737,0.0,0.0,0.0,0.0
2018-06-16,Lehra,1.269749216735363,3.833157494664192,0.0505236112512648,0.0274871636065654,0.0,0.0,0.0,0.0
2018-06-16,Malerkotla,4.307858007294791,5.713565792356219,0.0022401612628267,0.0020291076777669,0.0,0.0,0.000160779163707,0.0
2018-06-16,Moonak,1.06097774207592,3.2488114833831787,0.0787996478999654,0.0120027080411091,0.0,0.0,0.0,0.0
2018-06-16,Sangrur,3.366761156490871,6.956450683729989,0.026333058851638,0.0159313331574334,0.0,0.0,0.0,0.0
2018-06-16,Sunam,2.365564384630748,5.980469788823809,0.033041501351233,0.024308749408062,0.0,0.0,0.0,0.0
2018-06-17,Dhuri,2.365950681946494,1.1449472281065851,0.0022500771076672,0.1212342645634304,0.0,0.0181576464409855,0.0,0.0
2018-06-17,Lehra,1.87942998111248,1.0102843269705772,0.0049254288969677,0.1447174036875367,0.0,0.0346846069442108,0.0,0.0
2018-06-17,Malerkotla,2.007271868841989,1.2460447422095708,0.0007058279651183,0.0829000312036701,0.0016589603827534,0.0358021857183692,0.0,0.0
2018-06-17,Moonak,1.4930300017197926,0.9341282496849695,0.0017904282916182,0.0690995519980788,0.0002842538524419,0.0418964177370071,0.0,0.0
2018-06-17,Sangrur,2.2057133998189653,0.881025744335992,0.0099228653083888,0.1333449131676129,0.000991436278647,0.0027367026445322,0.0,0.0
2018-06-17,Sunam,1.9212596714496613,0.7679956597941262,0.0082778418270338,0.1294353125350816,0.0001821994581925,0.0125544507588659,0.0,0.0
2018-06-18,Dhuri,0.0040358065929136,0.0251103929159316,0.0275543269870633,0.0075860153724947,0.0070468220193023,0.0,0.0178281201621178,0.0
2018-06-18,Lehra,0.0166208043228834,0.0254101252648979,0.0032039545985753,0.0180053786898497,0.0099282678420422,0.0,0.0312763318652287,0.0
2018-06-18,Malerkotla,0.0006146299629108,0.0036215441713076,0.0103608253702986,0.0008486754853558,0.0017108458176673,3.1881033724597986e-05,0.0025423514232118,0.0
2018-06-18,Moonak,0.0102246595973459,0.0109367307353143,0.0007174346537794,0.0027726700645871,0.0051266057222771,7.990448163279021e-06,0.0081265699506426,0.0
2018-06-18,Sangrur,0.005964825108614,0.0328209117287769,0.0187964165816083,0.0142008540777689,0.0082228949239444,0.0001428307784538,0.0285019128932617,0.0
2018-06-18,Sunam,0.0098686064884532,0.038668748157631,0.0113040707905643,0.0207027612258181,0.0153529968062814,2.43378765714754e-05,0.0424948273991633,0.0
2018-06-19,Dhuri,0.4352452470497651,0.1517006043683398,0.0137592611876739,0.0191108882427215,0.0016982413362711,0.0820557795126329,0.0248635492118244,8.150343366904297
2018-06-19,Lehra,0.4936483167111873,0.1374891563318669,0.0917058102786541,0.0112631151350797,0.0,0.0080654017656343,0.0063983754953369,2.8315589288982568
2018-06-19,Malerkotla,0.3901232289416449,0.1136875112674066,0.0089522324997233,0.007594203060892,0.0086552781535179,0.1334983600037438,0.0740598308454666,9.773919587050164
2018-06-19,Moonak,0.482824998597304,0.0943103724469741,0.0854134559631347,0.0008977009468556,0.0,0.0036604127914567,0.0206189673238744,3.2423906666800315
2018-06-19,Sangrur,0.4618728810123035,0.1675072474671261,0.0352915649834488,0.0239888992925573,0.0003112249043104,0.035895736954574,0.0218368019642574,6.935998205076629
2018-06-19,Sunam,0.5132724153144019,0.1357086061366967,0.0709808816068938,0.0151834696381618,0.0,0.0098260762959918,0.016099687033732,4.405066828130964
2018-06-20,Dhuri,0.0721277611499482,0.2154927876862612,0.0371253879910165,0.1235444671051068,0.3850971013307571,0.4483326443217017,0.3403840539130298,26.01700087115524
2018-06-20,Lehra,0.1211346797645092,0.2290335707366466,0.0130869138811249,0.2036440037190914,0.2164889685809612,0.3200609963387251,0.521861968562007,29.398360079986386
2018-06-20,Malerkotla,0.0378739230467804,0.1668401101071919,0.0547926545010081,0.0856258862518838,0.340485332267625,0.5840023128049714,0.3043497364435877,26.568763472920374
2018-06-20,Moonak,0.1019679841895898,0.1890510395169258,0.0032879291490341,0.1338776213427384,0.2017825593551,0.3367199252049128,0.4535115684072177,34.08136901648985
2018-06-20,Sangrur,0.1002795293128916,0.1881290453353098,0.0269759666573788,0.1659108296568904,0.4567321794373648,0.4211728700569698,0.3599077058689935,29.691314509015125
2018-06-20,Sunam,0.1169367182467665,0.1979510275913136,0.0218949360506875,0.2166469315333025,0.3253861154828752,0.3994507640600204,0.4219476814780916,28.972834027001987
2018-06-21,Dhuri,0.4478777931495146,1.208913580937819,0.0774535809389569,0.2931010201573372,0.5725554810328917,1.8652989864349363,0.941121673042124,102.75809092735616
2018-06-21,Lehra,0.644795736297965,2.169177316129208,0.369351090863347,0.7329561747610569,0.4631822481751442,2.091120570898056,0.7873420529067516,88.24126134621916
2018-06-21,Malerkotla,0.3810705095529556,0.7386933756726128,0.022663083509542,0.1675511963133301,0.462433968271528,1.674510508775711,0.9391283925090518,99.99728080545154
2018-06-21,Moonak,0.3835079794128735,1.334855745236079,0.248408538599809,0.4070411858459313,0.3060744280616442,1.644928326209386,0.5694772402445475,84.94956132806456
2018-06-21,Sangrur,0.4790738150477409,1.2952874824404716,0.1492901188986642,0.3590457189295973,0.5828244473252978,2.044774945293154,0.9192967542580196,98.57729196115791
2018-06-21,Sunam,0.5335524241839137,1.57021735395704,0.2799409904650279,0.514734262334449,0.4836185180715152,1.8992835623877389,0.8068954582725253,94.10492617866666
2018-06-22,Dhuri,0.0523041742430491,0.1727705818008292,0.213455472480167,0.2233031791719523,0.0126708089374005,0.3434219130060889,3.7747316035357383,115.66955758372922
2018-06-22,Lehra,0.115295210853219,0.1146821188740432,0.1603312892839312,0.1099998079007491,0.1625287423375994,0.45628815703094,7.875248432159424,101.7802818130813
2018-06-22,Malerkotla,0.0213227101069475,0.0979024757897215,0.2671453545668295,0.235965377784201,0.0036317415568711,0.4648752430719988,2.502543734652656,112.20226824638391
2018-06-22,Moonak,0.0962939175466696,0.0765393481900294,0.1302469701816638,0.0524784092170496,0.083385806530714,0.5839407667517662,4.929725190003713,90.8360197411358
2018-06-22,Sangrur,0.0696488678056214,0.1976540652768952,0.1354585476219654,0.0853815390728414,0.0374656014610081,0.4454134247664894,5.116088143416813,109.39325070472661
2018-06-22,Sunam,0.1031535214611462,0.1682124292211873,0.1095786649467689,0.0678456349165311,0.0696387154914971,0.4307963092412267,6.168103967394147,106.1802669476589
2018-06-23,Dhuri,0.0132252101109109,0.5124772841280157,0.1997265074063431,1.1772995076396249,1.8031815778125413,5.226956540888006,7.981641400944103,119.5621543450878
2018-06-23,Lehra,0.0402373065589927,0.1127167082158848,0.1711844988167286,1.7598539292812347,2.2803274989128117,3.888194888830185,13.120963633060455,105.4712911732505
2018-06-23,Malerkotla,0.0024011258023425,0.5183436551264354,0.2652749291488102,1.358641313655036,1.9080039816243308,5.194111049175263,6.803473540714809,116.03612419420057
2018-06-23,Moonak,0.0082128090240682,0.0726811375158528,0.1736593606571356,1.6239267190297444,2.384863158067068,3.3312033216158548,12.950459003448486,94.2257210857577
2018-06-23,Sangrur,0.0240119695829759,0.4683867895177432,0.1716212366840669,1.4359832831791468,1.94594487122127,5.901258247239249,10.38555543763297,113.56458821610882
2018-06-23,Sunam,0.036549406924418,0.3052695531930242,0.169030930048653,1.402008103472846,1.968559831380844,5.0444450208118985,12.288265602929252,110.68027605558437
2018-06-24,Dhuri,0.0321920823559842,0.1948118636553937,6.59467981078408,11.270841685208408,7.902580499649048,8.270846193486994,9.247010556134311,127.6288308316879
2018-06-24,Lehra,0.0,0.0942260404117405,7.81328010559082,10.4440798163414,6.056829690933228,7.526153415441513,3.652956694364548,113.14459154274785
2018-06-24,Malerkotla,0.0403318641973393,0.2485820720238345,5.601702690124512,13.210422686168126,8.946722762925285,10.27700538294656,11.213274904659816,123.36259662888591
2018-06-24,Moonak,0.0,0.1205930318683385,7.217502156893413,8.709145108858744,5.327229579289754,6.679128527641296,3.449795146783193,100.83282055112224
2018-06-24,Sangrur,0.0104215772922283,0.1518811210989952,7.668984736715043,11.423020022256036,7.797242045402527,7.791121125221252,8.91047055380685,122.5198180370466
2018-06-24,Sunam,0.0034580517967697,0.0949031830366168,8.074000443731036,11.2123635496412,6.843716553279331,8.020226921354022,5.744466023785727,119.89025378057777
2018-06-25,Dhuri,0.0,0.163189045746218,2.289576232433319,1.7830550399693577,3.213369206948714,2.4529271125793457,4.427149696783586,129.56213281067116
2018-06-25,Lehra,0.0,0.1137160009238869,3.446550816297531,1.1283831968903542,2.4740986078977585,1.9375306218862531,2.31090883910656,114.25021395059228
2018-06-25,Malerkotla,0.0,0.1061171086372009,1.9891401742185864,2.389702205147062,3.311016853366579,2.920123824051448,5.918794810771942,125.59266418353434
2018-06-25,Moonak,0.0,0.0589803615584969,4.392835100491841,0.9855539202690125,2.0512406329313917,1.8724319239457448,2.229741265376409,101.73296453423433
2018-06-25,Sangrur,0.0,0.1362299456128052,2.9152546525001526,1.3376419799668449,2.947422444820404,2.636579688106264,3.953803513731276,124.25811810762997
2018-06-25,Sunam,0.0,0.1326669385390622,3.244780557496207,1.225917526653835,2.804503764425005,2.406316246305193,3.1022067410605296,121.345030417825
2018-06-26,Dhuri,29.91173284704035,32.10911091891202,6.955411390824751,3.76091514934193,1.1762280545451425,4.169722492044622,3.331939388405193,126.58946832441137
2018-06-26,Lehra,32.583439111709595,27.180267810821533,4.767952382564545,5.174755662679672,1.164717510342598,0.946086786687374,1.5076352655887604,113.0966373793611
2018-06-26,Malerkotla,31.071637426103862,35.70876932144165,10.732457518577576,3.4807226061820984,1.6836519092321396,6.481461703777313,5.778895037514823,123.49376307037616
2018-06-26,Moonak,33.823087215423584,25.894583066304524,5.908458272616069,4.962730447451274,1.427146355311076,1.0184968908627827,1.335655927658081,99.55773830796969
2018-06-26,Sangrur,33.22565909794399,34.64412089756557,7.001549516405378,4.535999774932861,1.9405098536184853,4.177914031914303,3.135741968240057,120.93741453253774
2018-06-26,Sunam,34.00832905088152,30.96724455697196,5.52275025844574,5.006334747586932,1.7304909633738654,2.392846554517746,2.129037605864661,119.54012038315916
2018-06-27,Dhuri,23.922886761752043,14.836139505559748,7.5292721661654385,7.407242178916931,1.1947948905554684,2.666618065400557,6.190275235609575,130.61994627853548
2018-06-27,Lehra,28.542035460472107,20.215843319892883,7.869836151599884,2.796607479453087,0.8455803450196981,0.5425979811698198,3.0766835510730743,95.4156789208272
2018-06-27,Malerkotla,24.119510378156388,15.275966950825282,8.25153122629438,10.875551291874476,1.713572553225926,4.674929312297276,7.701174463544573,131.33972682931596
2018-06-27,Moonak,24.23724635442098,19.77310578028361,7.642611900965373,3.7417496840159097,1.349962790807088,0.4239857693513234,2.6169283986091614,75.43801942813967
2018-06-27,Sangrur,25.06352179391044,15.8696939264025,9.64466152872358,7.517209802355085,1.3582438118755815,2.0381243973970413,5.515416741371155,116.68061827679703
2018-06-27,Sunam,25.525675909859796,19.6430938243866,8.876380137034825,4.228920366082873,1.1497256926127843,1.0178845535431589,4.181339774812971,109.37264557171112
2018-06-28,Dhuri,2.4716530333865774,2.356817337599668,2.740619285540147,3.688454519618641,6.2132203145460645,11.897600238973444,3.815543619069186,55.368235766847164
2018-06-28,Lehra,1.6520159915089607,1.1186340935528278,1.987967364490032,1.5307938680052755,1.7816194966435432,4.531346812844276,4.649105057120323,36.99105683306501
2018-06-28,Malerkotla,2.37163821714265,2.637652869735445,3.5214145524161204,5.08799912248339,9.35979972566877,17.585005283355713,3.0091052055358887,59.32280029509039
2018-06-28,Moonak,0.7874802028139433,1.368380606174469,1.7228557467460632,0.9088733245929084,1.451506793498993,3.7457475463549295,4.635388771692912,24.895787280531838
2018-06-28,Sangrur,1.8073905599968771,1.3585608920880727,3.339834140879767,3.082895879234586,4.792671297277723,8.26080801657268,4.602169530732291,48.989117497342974
2018-06-28,Sunam,1.5912476181983948,1.2717249797923225,2.6306122498852864,2.152936224426542,2.8755205401352475,6.112087879862104,5.000144737107413,45.097119622240356
2018-06-29,Dhuri,2.215797207572244,5.474308371543884,21.52577963742343,9.6576228575273,9.920439806851476,2.637461944059892,0.6591779616746035,42.636209136392694
2018-06-29,Lehra,1.5333198457956314,4.853791654109955,15.099144220352173,7.824694365262985,3.779673367738724,2.2364683523774147,0.1826940020546317,23.452036366202865
2018-06-29,Malerkotla,2.8509343479360854,5.454157607895987,22.18482538631984,10.51354089805058,13.740251643317086,2.3635999943528856,0.7071423424141747,47.25252425351452
2018-06-29,Moonak,1.7746205627918243,5.909162958463033,13.650777260462442,7.581571102142334,2.9972490072250366,2.196359167496363,0.1321098071833451,19.009328867460592
2018-06-29,Sangrur,1.2494046560355596,6.833384232861655,19.328031505857197,10.540387988090515,7.717179536819458,2.886604275022234,0.6349645501800946,38.263261475779544
2018-06-29,Sunam,1.4130003367151531,6.471625557967594,17.322492633547103,9.58881574017661,5.683302674974714,2.759443410805293,0.3500498080892222,33.04652048111699
2018-06-30,Dhuri,0.2196982834826816,0.8795165961438959,3.299194942821156,3.60833585804159,0.3769306073134595,0.0,0.007268266164994,38.743612375034104
2018-06-30,Lehra,0.1665311977267265,0.0929481461644172,1.191619448363781,0.2755087427794933,0.2514628637582063,0.0012341285619186,0.0100388734717853,19.761027006033668
2018-06-30,Malerkotla,0.235456608235836,2.0897576936653683,5.071826696395874,6.462185110364642,0.2510221177445991,0.0,0.0003132967519507,43.418668305697864
2018-06-30,Moonak,0.2371985105176766,0.0350641144129137,0.6937172909577688,0.2866678896049658,0.148769120996197,0.0081877418172856,0.0027999441178205,15.619627522838702
2018-06-30,Sangrur,0.2081369661859103,0.3471082365140319,2.4702581678118025,2.1630721922431677,0.2616827666227306,0.0,0.0094493081144589,34.09192396439734
2018-06-30,Sunam,0.2032083294221333,0.1649793051183223,1.8027487184320177,0.7929811786328044,0.2295335901102849,0.0001819468369441,0.0153719553823715,28.54651137319151
2018-07-01,Dhuri,3.288249362598766,4.050710206682032,14.515290650454434,2.9540186795321377,0.0,0.0,0.0,30.676935888434006
2018-07-01,Lehra,3.0433854162693024,1.5175317898392675,5.021102666854858,1.3674225360155106,0.0329082469688728,0.0,0.0,12.087726636536333
2018-07-01,Malerkotla,2.978727945259639,6.879710367747715,16.3407552923475,3.3685953191348483,0.0,0.0,0.0,36.09219596364031
2018-07-01,Moonak,2.385514517625173,2.266157388687134,4.141777416070302,1.2790781160195668,0.0748162440334757,0.0,0.0,9.012528057474166
2018-07-01,Sangrur,3.375422946044377,2.863099306821823,12.41498351097107,2.573020488023758,0.0017043734343522,0.0,0.0,25.13669414345956
2018-07-01,Sunam,3.210145728928702,2.160262448447092,8.56048219544547,1.82449808716774,0.0088276024492058,0.0,0.0,19.33653364819812
2018-07-02,Dhuri,6.152043190869418,4.369703043590892,1.0151808099313215,0.2077072716572068,0.0,0.0,0.0,28.96331685013756
2018-07-02,Lehra,3.6433142721652985,0.5463576000183821,0.3551747426390648,0.1315490677952766,0.0,0.0,0.0004778087168233,10.982104228691902
2018-07-02,Malerkotla,8.72190603188106,7.890699250357492,1.2947528213262558,0.2576694978134973,0.0,0.0,0.0099194379290565,34.06920485917002
2018-07-02,Moonak,3.226107954978943,0.5090043619275093,0.373806024591128,0.1944209039211273,0.0,0.0,0.0004992166844507,8.112384074362074
2018-07-02,Sangrur,5.315180608204433,3.4977849711264883,0.952230115021978,0.1312923012966556,0.0,0.0,0.0059667195060423,23.499227646041284
2018-07-02,Sunam,4.228901522500174,1.6061019407851356,0.629483408161572,0.1285521318869931,0.0,0.0,0.0004788252658077,17.902095362296105
2018-07-03,Dhuri,8.709591713818638,0.0967952605675567,0.0,0.0,0.0,0.3421143130822615,2.0666052753275093,25.181549353380696
2018-07-03,Lehra,6.6764019429683685,0.4019944462925195,0.0333143380703404,0.0,0.0,0.1950932126492262,1.7687592208385468,9.304121871024826
2018-07-03,Malerkotla,7.113702314240592,0.0253347581185932,0.0,0.0,0.0,0.5317436275737626,2.5679683089256287,27.67219650274686
2018-07-03,Moonak,5.834534327189128,0.4969705864787102,0.0484928836425145,0.0,0.0,0.2062406490246454,1.344611724217733,7.0452196339466955
2018-07-03,Sangrur,10.110074860709052,0.1596893547102809,0.0016482830251334,0.0,0.0,0.2538335892770971,2.316608497074672,20.640996297073755
2018-07-03,Sunam,9.89946494783674,0.2565529506121363,0.0081784853329216,0.0,0.0,0.1682080357734646,2.189368882349559,15.463284266807
2018-07-04,Dhuri,1.044619235125455,0.0,0.0,0.0,0.0,0.7393102429129861,1.5264750014651904,3.9396889017721395
2018-07-04,Lehra,1.188534528017044,0.0,0.0,0.0,0.0,1.76442039757967,1.1724680550396442,1.114179523428089
2018-07-04,Malerkotla,1.027778936283929,0.0,0.0,0.0,0.0,0.8476225414446422,1.9317142622811452,4.3947017650480245
2018-07-04,Moonak,1.0245925883452098,0.0,0.0,0.0,0.0,1.9311572412649791,1.0554207762082417,1.5820072996417573
2018-07-04,Sangrur,0.9450374160494124,0.0,0.0,0.0,0.0,0.8941265940666199,1.819696358272008,2.922897952099184
2018-07-04,Sunam,0.9389196570430484,0.0,0.0,0.0,0.0,1.1591186225414276,1.578970832484109,1.8245819294267172
2018-07-05,Dhuri,0.0656346444209868,0.0,0.0,0.0,0.2152552983977577,0.4936624006791548,0.8082562969489531,7.513924487511282
2018-07-05,Lehra,0.3012866461649537,0.0010222152777714,0.0,0.0,0.1106985250953584,1.168438769876957,1.1781698651611805,4.814786752801476
2018-07-05,Malerkotla,0.0048285530647262,0.0,0.0,0.0,0.1659638884344271,0.4765632301568985,1.100740233702319,10.945201049883114
2018-07-05,Moonak,0.2052703412870566,0.0,0.0,0.0,0.0383296104458471,1.1907183229923248,2.115360458691915,6.988892107721041
2018-07-05,Sangrur,0.1451068743398147,0.0004648293168949,0.0,0.0,0.2307060052241598,0.7314658037253788,1.3376818597316742,7.108817236183115
2018-07-05,Sunam,0.2995195473943438,0.0007552948206596,0.0,0.0,0.1706170832206096,0.9037596381136348,1.4041202345064707,4.836541486649883
2018-07-06,Dhuri,0.0,0.0,0.1181939080865545,0.1649782779541882,0.2476680583574555,4.558015097271312,4.541079488667575,12.791951033345951
2018-07-06,Lehra,0.0,0.0,0.0356840833555907,0.1573424087837338,0.153388827573508,2.1124153919517994,3.207894966006279,11.059744398375528
2018-07-06,Malerkotla,0.0,0.0,0.2621354701529656,0.1908463883612837,0.5571996702679566,4.333390542439052,4.76745604617255,19.780524283677746
2018-07-06,Moonak,0.0,0.0,0.1145684886723756,0.244218710809946,0.2107606095572312,1.5497983992099762,2.536301205555598,14.106986002568728
2018-07-06,Sangrur,0.0,0.0,0.1556822521046602,0.2153467214001076,0.2529273916568075,2.99597442150116,3.798778976712908,13.64648376269163
2018-07-06,Sunam,0.0,0.0,0.0814350665147815,0.2573178362633501,0.1117294990856732,2.0472841454403743,3.1999305529253825,10.393008862745937
2018-07-07,Dhuri,0.0,0.0,0.030164221150864,0.1451576934619383,0.715217648582025,4.02438853003762,6.87966140833768,14.260138366410967
2018-07-07,Lehra,0.0,0.0,0.0238346807163907,0.1785577833652496,0.6717654764652252,3.652095630764961,5.226303696632385,12.090177889075806
2018-07-07,Malerkotla,0.0,0.0,0.1225061692031366,0.3710521297263248,1.0379033769880022,4.426233547074454,7.044352940150669,22.52074817370185
2018-07-07,Moonak,0.0,0.0,0.108117353481551,0.2730440323551495,0.8089838723341624,3.516846319039663,5.863670190175374,15.358308675069205
2018-07-07,Sangrur,0.0,0.0,0.0600798179428758,0.1902180299428957,0.703448657478605,4.693589525563376,7.615224174090794,16.02425926050275
2018-07-07,Sunam,0.0,0.0,0.0375571790833159,0.1265990887103336,0.7154849065201623,4.274290876729148,6.812436648777553,11.554934451911587
2018-07-08,Dhuri,0.0,0.0,0.0458308975635604,3.1790265170010654,3.869940150867809,1.857379214330153,2.1783856586976484,14.608391812846465
2018-07-08,Lehra,0.0,0.0,0.0550242869649082,2.569653987884521,2.7739468067884445,2.62649917602539,2.2320958226919174,12.651433518864344
2018-07-08,Malerkotla,0.0,0.0004505506949499,0.0971278843602963,3.974731658186232,6.021411197526114,1.44839993757861,2.052788708891188,23.31416387492264
2018-07-08,Moonak,0.0,0.0,0.0487779518589377,2.659268101056417,3.222556074460348,2.7288607160250344,2.2783116002877555,16.42743633654632
2018-07-08,Sangrur,0.0,0.0010214850605864,0.0610784839373081,2.576690422637122,4.472980039460318,2.354955277272633,2.0551198167460307,16.491419721865405
2018-07-08,Sunam,0.0,2.860961831174791e-05,0.0531637546872454,2.647393567221505,3.4174636942999705,2.518683442047664,1.9180017965180531,12.03406951989287
2018-07-09,Dhuri,0.0060830243270505,1.525143645026467,5.363642367449674,9.657229510220615,1.5667722441933372,1.8898937702178955,16.952522841366854,45.04815867705048
2018-07-09,Lehra,0.0101201353681972,1.0388715527951715,4.066109970211983,5.911039352416992,1.216771937906742,3.601116642355919,8.211913257837296,30.941216582697056
2018-07-09,Malerkotla,0.039647610558729,1.7598398157528468,5.8708288839885165,9.534546664782932,2.132829819406782,2.3861258583409444,21.699887241636,51.276198511669364
2018-07-09,Moonak,0.0367977462398509,1.1314717928568525,4.101776699225108,5.997979958852132,1.3894328077634177,3.747061610221863,6.436087767283122,28.53157104084478
2018-07-09,Sangrur,0.0069102096437875,1.528098423566137,5.224541451249804,8.192127432141985,1.4499021151236124,2.145181234393801,16.376747046198165,47.454955162032434
2018-07-09,Sunam,0.0011794174622212,1.3363661851201738,4.511191163744245,7.058980277606419,1.2562788873910904,2.879273670060294,11.83133339881897,35.0682119207742
2018-07-10,Dhuri,0.0025627636139027,3.541552478616888,4.777584292671897,3.209385492584922,2.460383534431457,3.083395605737513,25.302446018565785,57.35798478184269
2018-07-10,Lehra,0.0024825612781569,2.438371613621712,2.905753016471863,0.6713376343250275,2.873586744070053,2.388939507305622,25.43530285358429,38.92143392475613
2018-07-10,Malerkotla,0.0042529940255917,4.12766569001334,4.752762283597674,4.620428434440068,2.0084031522274017,4.608755077634539,24.520516599927628,62.75523644533075
2018-07-10,Moonak,5.708455864805728e-05,3.021695514520009,2.203247527281443,0.4163039823373158,2.1532743175824485,3.528246521949768,27.96828031539917,36.305070906091984
2018-07-10,Sangrur,0.0053570716076397,3.195884666272572,4.343963861465454,1.9048063840184888,2.63910539661135,3.8230435805661336,28.9500538281032,59.58463080382647
2018-07-10,Sunam,0.0030443359948029,2.894915819168091,3.5418313315936496,1.0249594726732798,2.7879930394036427,3.3930366592747823,28.239989008222302,44.34448431566669
2018-07-11,Dhuri,2.111454811963168,2.244357027790763,6.437236135656184,4.561614079908892,20.473359368064187,12.806819222190164,4.345686002211138,61.939525747764186
2018-07-11,Lehra,1.2769465446472168,1.3870964348316193,6.5887670814991,2.419279865920544,16.327898502349854,7.479990005493164,2.943835735321045,45.21552550532535
2018-07-11,Malerkotla,2.557786558355604,4.011710294655392,9.73893323966435,4.271846830844879,21.79410719871521,15.23075897353036,4.526160316807883,68.30338747236723
2018-07-11,Moonak,1.5948858509461086,1.9411596059799197,6.5957324504852295,2.2272016406059265,18.21302326520284,7.311370452245076,2.709686835606893,43.581835330029605
2018-07-11,Sangrur,2.607513506497656,2.0801313583339964,6.281304103987558,3.959992902619498,26.315932989120483,13.917304004941668,4.051783297743116,66.53711625049019
2018-07-11,Sunam,2.194946765899658,1.4844319692679817,6.589702316692898,3.340020511831556,22.536530017852783,10.008066943713596,3.9231321215629578,50.835108983412965
2018-07-12,Dhuri,3.5215967893600464,4.703083330934698,9.26820841702548,13.63996731151234,23.81966668909246,13.080274711955678,3.356383887204257,67.06795043571216
2018-07-12,Lehra,1.476609542965889,3.02442629635334,4.495246410369873,4.341536164283752,13.98097413778305,9.27629655599594,4.820373401045799,53.35473447987671
2018-07-12,Malerkotla,4.765951820782253,5.09779783657619,10.558242865971156,18.443755183901107,22.418318680354528,10.54518130847386,4.650941789150238,71.15639991328851
2018-07-12,Moonak,1.6739181280136108,3.648889720439911,3.543628017107645,3.812398314476013,12.399201075236002,6.983192165692647,6.657849113146464,51.373006047790206
2018-07-12,Sangrur,3.512134305068425,4.616835968835013,7.667166079793658,11.195911032812935,23.037766116006036,11.507006117275782,3.573879190853664,69.92442509556109
2018-07-12,Sunam,2.125286204474313,3.687797520841871,5.517979724066598,6.324090191296169,18.163500990186417,10.232969897133964,4.197654656001499,58.68878397864224
2018-07-13,Dhuri,3.392606507648121,4.8130436377091845,17.787270632657137,5.358956629579717,2.8561790748076006,25.278271848505195,8.366945266723633,71.14837513309429
2018-07-13,Lehra,3.4581046104431152,2.6980218440294266,11.231472909450533,5.929149478673935,1.2461702562868595,14.820254981517792,8.135546296834946,50.741666659652765
2018-07-13,Malerkotla,3.161946032728468,5.510966352054051,18.690898861203877,5.793726750782558,3.137171345097678,21.67031649180821,7.593354225158691,74.66861772027775
2018-07-13,Moonak,3.671362260977427,2.586631079514821,12.983726183573404,5.953744252522786,1.6108684539794922,14.625432650248207,9.273598551750185,47.44572674267841
2018-07-13,Sangrur,3.468440387930189,3.307419717311859,17.56988215446472,5.940418864999499,2.742104572909219,27.27013295037406,8.150928837912423,70.70419151701748
2018-07-13,Sunam,3.589773723057338,2.7543407593454634,14.928627388817924,5.445249974727631,2.230759492942265,21.25162931850978,8.505734869412013,57.94336003103516
2018-07-14,Dhuri,0.1504193056713451,12.309587001800535,21.851110978560012,20.363891168074176,13.10803695158525,6.362423680045388,14.359014424410733,82.45215432871109
2018-07-14,Lehra,0.2729149805381894,10.290391504764557,17.182498812675476,11.465841352939606,11.372279226779938,4.122942239046097,16.287993788719177,59.73245287870901
2018-07-14,Malerkotla,0.1968960565115724,16.053918531962804,22.555097443716868,20.23732188769749,12.751109838485718,7.956062010356358,11.521313905715942,82.52698558182344
2018-07-14,Moonak,0.2478251581390698,11.866540431976318,20.006276210149128,10.671610116958618,12.00918142000834,4.12816725174586,14.898415327072144,57.858686990526955
2018-07-14,Sangrur,0.1760248988866806,12.054123895508903,21.45623973437718,17.63201536451067,13.74150368145534,5.15393556867327,18.575828790664676,79.06549092715807
2018-07-14,Sunam,0.1849410736135074,11.27777796132224,20.47270447867257,14.196699891771589,12.244407619748795,4.17522634778704,19.701726572854177,66.95712325812353
2018-07-15,Dhuri,0.5988875045017763,13.408373789353805,9.518665205348622,12.262427460063588,7.08345441384749,2.77711803262884,1.7610527547923,86.65935037287626
2018-07-15,Lehra,1.1040035337209702,14.174723982810974,9.06785386800766,7.327818512916565,13.340241551399233,4.0780144184827805,0.8926643915474415,69.3134973979656
2018-07-15,Malerkotla,0.893765709229878,15.64370894432068,11.470834050859724,17.689843109675817,7.526771102632795,4.674355515411922,3.616252771445683,86.37990699463657
2018-07-15,Moonak,0.950066422422727,15.076025565465292,7.893393516540527,6.75153112411499,16.65400020281474,4.429482579231262,1.134158084789912,71.17604620588796
2018-07-15,Sangrur,0.9640643894672394,15.279792955943517,9.542426671300616,10.2864111661911,9.198767474719457,3.647802859544754,1.5690250854407035,84.66351770141958
2018-07-15,Sunam,1.0870090212140764,15.06090978213719,9.105822086334229,7.658806204795837,11.345242994172231,3.587492653301784,0.823074500475611,74.32200148793923
2018-07-16,Dhuri,4.675591609694741,5.974428306926381,10.470926371487703,22.45459426533092,7.472786231474443,7.873743945902044,34.60033113306219,68.61945301261913
2018-07-16,Lehra,2.467842236161232,5.1665318608284,5.565427839756012,14.61481374502182,6.415437489748001,5.345222473144531,18.62004494667053,57.68799703837786
2018-07-16,Malerkotla,6.286420898778098,7.293462753295898,11.69024269921439,22.079177447727748,7.182190554482596,10.968761103493827,34.83864641189575,72.00487565522393
2018-07-16,Moonak,2.9488259156545005,5.975657939910889,4.382322768370311,15.407974243164062,5.99049452940623,6.115114847819011,14.588165839513143,64.66777791907674
2018-07-16,Sangrur,4.734023358140673,7.012277228491647,11.15680057661874,23.531524521963934,8.02434972354344,7.82047895022801,32.39078596660069,64.84442247723484
2018-07-16,Sunam,3.2782393523624966,5.570151933601925,7.882626737867083,18.60709125655038,6.785498397690909,5.353282485689435,24.819247041429797,59.76007472254041
2018-07-17,Dhuri,1.4533309882337395,5.243759567087347,8.71794861013239,5.9358557571064345,18.13629016009244,28.09480762481689,10.486157287250863,68.78617099249632
2018-07-17,Lehra,1.5275277867913246,6.1817337572574615,7.874852240085602,6.056413978338242,13.434906661510468,21.5034818649292,5.072550445795059,62.46839609102571
2018-07-17,Malerkotla,1.8505525503839768,5.482496500015259,8.531630141394478,6.774353759629386,19.33354394776481,27.782673154558456,10.456969158990043,72.01596217066759
2018-07-17,Moonak,1.1742924253145854,5.534620086352031,7.258786638577779,6.63084093729655,13.525490601857504,15.118018786112469,3.7837668657302856,67.61532444746155
2018-07-17,Sangrur,1.664075894015176,6.279517531394959,8.147217801639012,5.358324519225529,20.629859481539047,30.67183351516724,10.4372798374721,64.86457994636486
2018-07-17,Sunam,1.6527149847575595,6.170117224965777,8.25851777621678,5.358518327985491,17.256062780107772,26.821024213518417,7.666955164500645,63.3747421659067
2018-07-18,Dhuri,2.113584182479165,0.4903925413435155,6.428287549452349,12.603634357452393,11.09825494072654,9.127173510464756,8.476111130280929,79.54230921966217
2018-07-18,Lehra,1.8063930794596672,0.6175595074892044,4.209910601377487,17.910258173942566,7.712332189083099,6.582850128412247,12.035908699035645,74.58380175033884
2018-07-18,Malerkotla,2.2500992715358734,0.8125939986535481,6.527917521340506,11.630598374775476,15.387181895119804,9.059775829315186,7.817982128688267,78.52410769973483
2018-07-18,Moonak,1.6449472506841023,0.841638391216596,4.548011998335521,19.61269187927246,7.7417958577473955,6.425172050793965,12.76858917872111,78.21117854233775
2018-07-18,Sangrur,2.338516111884798,0.6807997242680618,6.184687989098685,15.189525025231498,10.167980194091797,10.288377148764472,10.249023301260811,74.32981502670174
2018-07-18,Sunam,2.208998841898782,0.683705421430724,5.697784645216806,17.85639466558184,8.4911755834307,8.946365220206124,11.98826163155692,75.42283552589686
2018-07-19,Dhuri,2.633669538931413,5.307791298085993,16.748762347481467,15.812808990478516,13.744067885658955,15.555311072956432,13.539773550900549,97.10591972113308
2018-07-19,Lehra,3.58464252948761,7.8733766078948975,9.880257427692412,17.839171290397644,12.038551568984984,8.45539379119873,9.800021767616272,86.08681951297922
2018-07-19,Malerkotla,1.7325121036597662,4.923634776047298,17.972399371010916,15.007996695382255,13.468235628945488,15.458559581211636,17.72266823904855,87.98870832061485
2018-07-19,Moonak,3.260921597480774,8.220452308654785,9.78760035832723,17.89724604288737,11.591191291809082,6.312169154485066,11.8662531375885,82.77475298624516
2018-07-19,Sangrur,3.617105986390795,7.510545969009399,15.555707693099976,19.816814422607425,12.153847541127886,14.792990241731916,12.968300444739205,99.95754977018203
2018-07-19,Sunam,3.7834218314715793,8.976895008768354,12.776976278850013,20.40089954648699,12.077525206974574,11.155642441340856,12.209007944379534,95.14364269363529
2018-07-20,Dhuri,3.847338578917764,18.1680326461792,42.10947383533824,19.513342944058504,26.360999887639824,13.34499792619185,10.576202154159546,94.720443642804
2018-07-20,Lehra,4.80072808265686,13.822020649909971,27.7070107460022,16.467179358005524,19.851195454597477,19.93811583518982,12.153750479221344,86.54364863487139
2018-07-20,Malerkotla,4.00644976752145,20.92705406461443,33.16254023143223,20.11177839551653,23.65284463337489,13.68548573766436,9.034036823681422,81.61959768281807
2018-07-20,Moonak,4.894161542256673,13.788453896840414,24.37831465403239,16.219460884730022,19.22122796376546,21.062933762868244,11.982994000116983,82.39890858077311
2018-07-20,Sangrur,4.526056042739323,18.10524191175188,36.89313261849539,19.301580088479177,26.483823708125524,14.080483095986503,12.439942291804725,100.02155540401051
2018-07-20,Sunam,4.987148744719369,15.885248592921666,32.531006472451345,18.42354886872428,24.13433837890625,17.489958558763778,13.12946094785418,95.60515219274866
2018-07-21,Dhuri,8.795538468794389,5.9135613874955615,13.007470867850564,25.774217865683816,25.813952359286223,8.200031648982655,8.06422454660589,107.45421443436929
2018-07-21,Lehra,9.296608448028564,3.9909775108098975,11.821394264698029,26.0953506231308,21.765647053718567,4.442585870623589,5.934979557991028,99.35523497158566
2018-07-21,Malerkotla,9.509381975446429,5.22652154309409,14.1753055368151,25.266453334263392,26.72758422579084,9.823036006518771,8.388083032199315,88.46590299893705
2018-07-21,Moonak,10.495214859644571,4.554313123226166,14.70500667889913,23.71186351776123,20.295145988464355,3.4236595829327903,5.896718343098958,88.22719253600447
2018-07-21,Sangrur,9.755728312901088,6.42963308947427,13.81092986038753,28.013289179120743,27.71045698438372,6.991256645747593,7.607102479253497,115.59769430435944
2018-07-21,Sunam,9.568108473505292,5.4933907474790304,13.078177724565778,28.660201140812465,26.3864323752267,5.442418796675546,7.305000032697405,108.94857100644118
2018-07-22,Dhuri,6.947192213752053,16.98882449756969,17.27024589885365,11.591516494750977,1.442210067402233,2.0699131326241926,1.6816630146720193,108.91919766166924
2018-07-22,Lehra,6.491465926170349,13.171607077121736,11.052995800971985,16.68748378753662,4.712273970246315,1.258979149162769,0.7920972518622875,101.9365766879022
2018-07-22,Malerkotla,8.652756656919207,18.50843937056405,20.05341482162476,9.946776151657104,1.3628005470548357,2.6589701090540205,2.381714331252234,89.79360536691689
2018-07-22,Moonak,6.229970653851827,15.934828758239746,12.165210167566936,17.151028156280518,6.121223092079163,1.3398741483688354,1.2495216975609462,84.91589205334944
2018-07-22,Sangrur,6.893973793302264,16.871738604136876,16.196819135120936,15.002883570534843,2.523802561419351,1.865557530096599,1.2399483897856305,118.84550789972889
2018-07-22,Sunam,6.4503790480749945,16.10236488069807,13.392013379505702,17.26576430456979,4.524648572717394,1.4690649892602647,0.9608515969344548,113.19725900151207
2018-07-23,Dhuri,14.39719312841242,38.00203470750289,14.543572946028275,12.889967398210006,7.1923252235759385,3.573673042384061,9.677964839068323,100.11372918542921
2018-07-23,Lehra,6.832508325576782,36.774909019470215,11.945762395858765,10.093681514263151,2.7436285614967346,1.6377101317048073,8.705866128206253,96.07688289026626
2018-07-23,Malerkotla,16.511979750224523,38.446629660470144,14.541895968573431,12.73520575250898,8.834367632865906,5.669431218079159,8.609312534332275,80.7741473938028
2018-07-23,Moonak,5.932610948880513,40.29299259185791,12.455591996510824,10.603956699371338,2.605457693338394,1.669945220152537,8.618001341819763,79.76723308516783
2018-07-23,Sangrur,13.525640487670898,50.73186438424246,16.45380231312343,12.381063120705742,6.537809286798749,3.5661367646285465,10.718235731124878,111.0953393711975
2018-07-23,Sunam,9.719934940338137,43.05600479670933,13.66241455078125,11.110721588134766,4.2044258798871725,2.2841914679322923,10.533280679157802,106.20862980706612
2018-07-24,Dhuri,20.076929699290883,4.104678815061396,4.836863409389149,6.25626143542203,3.83230016448281,9.96452739021995,4.9705282774838535,89.22497063775927
2018-07-24,Lehra,15.244489669799805,2.669873997569084,2.9957062900066376,5.439152002334595,2.8917839974164963,9.024044543504717,7.1579559445381165,83.72439500716322
2018-07-24,Malerkotla,18.643322978700912,5.803716727665493,5.514282601220267,6.201724035399301,3.8003119996615817,9.225897891180855,4.221222681658609,72.11433061485491
2018-07-24,Moonak,16.43504802385966,3.95009994506836,3.585494558016459,6.683126290639241,3.5004290342330933,9.264397382736206,8.026961008707682,69.42918420186835
2018-07-24,Sangrur,20.76273012161255,3.331733925001962,5.304898866585323,7.494523525238037,3.998767784663609,11.26498007774353,6.73254086290087,101.83573923872245
2018-07-24,Sunam,19.78368718283517,3.2188429066113065,4.530947344643729,7.236184103148324,3.944210640021733,11.067387240273613,7.758113707814898,94.50621892429294
2018-07-25,Dhuri,7.209609573537653,6.155354824933139,6.404672319238836,1.7429542866620151,2.8181856112046675,4.635457515716553,1.9062260443514043,75.61131827771301
2018-07-25,Lehra,7.649830877780914,3.836493447422981,3.394560739398002,0.6255780532956123,2.9626411497592926,4.588164120912552,1.0942258015275002,66.85940928817229
2018-07-25,Malerkotla,8.610785382134575,6.42293609891619,6.418588740485055,2.6167554557323456,2.7708932161331177,4.472730040550232,2.381238324301584,59.69866156631504
2018-07-25,Moonak,8.533693075180054,3.354021430015564,2.7912068565686545,0.56076397250096,3.0396095911661782,4.259876509507497,1.3723997672398884,55.32750104885747
2018-07-25,Sangrur,8.322547571999687,7.154301166534424,5.380280801228115,1.3799850940704346,3.026547942842756,4.61975416966847,1.716119293655668,87.92689486283916
2018-07-25,Sunam,8.456449457577296,5.590940194470542,4.507498409066882,0.879005423613957,2.922451138496399,4.693134273801531,1.4796589016914368,77.59265653123275
2018-07-26,Dhuri,2.553578951142051,3.599687890572981,0.7937780699946664,3.304322340271689,1.2867704331874847,0.5340876999226484,2.0097509839318017,48.626723577410885
2018-07-26,Lehra,3.450237676501274,1.934488132596016,0.6693733297288418,4.113665044307709,0.4374417327344417,1.0840686485171318,0.8516054451465607,45.44243673213365
2018-07-26,Malerkotla,2.9473910416875566,4.594540808882032,0.8830162882804871,2.319511992590768,1.5978074967861176,0.3825197454009737,2.943229969058718,40.1109468523413
2018-07-26,Moonak,7.2403422594070435,3.1522762775421143,1.0095012038946152,4.992001295089722,0.6284818897644678,0.9843858778476716,1.1713758955399196,39.279204625952964
2018-07-26,Sangrur,3.960114926099777,3.2964595215661183,0.862832750592913,4.002115087849753,1.1686127058097295,0.7096326872706413,2.052886603134019,54.51347062308053
2018-07-26,Sunam,4.101421560559954,2.769571236201695,0.8503729658467429,4.568649760314396,0.7281431896345956,0.776296562382153,1.4186627375228065,48.20317344465895
2018-07-27,Dhuri,2.9073565981604834,9.252323735844003,1.7308263128454036,4.121439359404824,5.663445494391701,0.9198923110961914,1.291671790859916,43.7942072642039
2018-07-27,Lehra,1.7784976102411747,5.129205495119095,0.9325539469718932,2.7637437134981155,4.7556138932704926,1.4205777794122696,0.4666748493909836,41.387027518857266
2018-07-27,Malerkotla,3.149589470454625,9.85944366455078,1.9134250027792796,3.240598269871303,4.0413563932691305,0.9112765725169863,1.4880691639014654,36.063178026822534
2018-07-27,Moonak,2.6633152663707733,5.608897785345714,1.3221032321453094,2.6456885735193887,4.790958046913147,1.941301107406616,0.4261450270811717,36.518941279447624
2018-07-27,Sangrur,4.492377536637442,7.653363517352512,2.018124437757901,3.5266864725521634,6.408892546381269,1.2785770233188356,1.33521511725017,49.051114800554174
2018-07-27,Sunam,3.398513632161277,6.847848108836582,1.6124231921775,2.9903055684907094,6.0187874521527975,1.300133773258754,0.8159847834280559,43.30996233736929
2018-07-28,Dhuri,2.320075127211484,1.5666676380417563,3.925987026908181,0.6418773315169595,0.7661765542897311,0.1092813380739905,0.055446649308909,18.915778248152375
2018-07-28,Lehra,0.7910839430987835,1.508524514734745,1.7884819507598877,0.5613022912293673,0.3796126767992973,0.2249669088050723,0.0431425704155117,18.63143110663107
2018-07-28,Malerkotla,2.5175094519342696,1.987071692943573,3.7328071423939297,0.8779747922505651,0.974527969956398,0.2071696473285555,0.0530697096671376,19.12937510328456
2018-07-28,Moonak,0.776034489274025,1.823823243379593,2.19196680188179,0.6937407876054446,0.4726011877258618,0.5191817606488863,0.0253647156059741,19.062839231447324
2018-07-28,Sangrur,2.201747877257211,1.8184473982879092,4.287681724343981,0.9491648109895844,0.902355854000364,0.2177668038223471,0.0660000494016068,23.283530825340748
2018-07-28,Sunam,1.6227098533085411,1.6834760052817208,3.0261375350611552,0.8247611820697784,0.6389314883521625,0.2645241160477911,0.0592494517830865,19.998875279231093
2018-07-29,Dhuri,1.036775908686898,0.7302120951088992,1.2990997325290332,0.1985517608171159,0.0206650819057937,0.0062671075680885,0.0125250132987275,13.585319837569225
2018-07-29,Lehra,0.3497963501140475,0.264842658303678,0.0840277448296547,0.2464450388215482,0.0,0.0814682738855481,0.4539779964834451,6.81011037990399
2018-07-29,Malerkotla,1.335616335272789,1.2222319607223784,1.747585437127522,0.227073073387146,0.0693570108352495,0.0005375227753704,0.001488723667405,13.630556191018384
2018-07-29,Moonak,0.4743698636690776,0.4054268250862757,0.0549407911021262,0.1555329728871584,0.0,0.0823911540210247,0.667479857802391,9.9351025089349
2018-07-29,Sangrur,0.9976601121681076,0.7714487564350877,0.9001951313444546,0.3069786192583186,0.0112916564934753,0.0192500847375153,0.0860613987648061,15.181253445986183
2018-07-29,Sunam,0.6825211324862072,0.5280272864869663,0.4113919391695942,0.4310857126755373,0.0022027046548568,0.0543349978314446,0.3216396359992878,9.069933867262526
2018-07-30,Dhuri,0.3449502912434665,0.0180544721026142,0.0206825713076713,0.0267679995052855,0.0,0.0079727616976015,0.1025011685084213,15.094678743853207
2018-07-30,Lehra,0.2697627926245332,0.051283206557855,0.0007717580738244,0.0228573280910495,0.0,0.0,0.0366135804797522,10.332421581995064
2018-07-30,Malerkotla,0.3434787759823458,0.0168257412691933,0.0358104974563632,0.021357510330355,0.0,0.0159418657255758,0.1177070726241384,17.005937432118557
2018-07-30,Moonak,0.3609124161303043,0.0494671699901421,0.0001085543190129,0.0059562288515735,0.0,0.0012483747365574,0.0496909657182792,14.021109114755237
2018-07-30,Sangrur,0.5297726084079061,0.0540987942367792,0.0151509012877275,0.0216083174683652,0.0,0.0001852313102322,0.147492343360292,17.44143346214069
2018-07-30,Sunam,0.4528040497430733,0.0497208604189966,0.0040066092270925,0.0233571357176905,0.0,0.0002915825628276,0.0988336192177874,12.669306833413945
2018-07-31,Dhuri,0.0351791660438969,0.0,0.0017595283411951,0.3209950742735104,3.3993991179899736,1.3386527516625144,8.951397332278164,16.313274172862158
2018-07-31,Lehra,0.1449841908179223,0.0,0.0,0.1318307444453239,2.01596899330616,0.9938415847718716,6.236909568309784,12.953541341621712
2018-07-31,Malerkotla,0.0650136523015264,0.0018098417536488,0.0144662528930764,0.7355510517954826,4.297626546451023,2.088728215013232,10.35235469681876,18.842630805405566
2018-07-31,Moonak,0.1959022941688696,0.0002650042103293,0.0,0.1076572102804978,2.0297570725282035,1.262979343533516,5.913646419843038,15.875309165350739
2018-07-31,Sangrur,0.1048020427780491,0.0032794329537344,0.0002774439843571,0.3386544503404626,3.5442326068878174,1.7017222185220038,8.841780849865504,18.00177760091669
2018-07-31,Sunam,0.1594076892361045,0.0001936527634305,0.0,0.158851923021887,2.762518848691668,1.4398718305996483,7.381627457482474,14.994815163530752
2018-08-01,Dhuri,0.0,0.0,0.0,0.1244702373038638,0.4005586809732697,1.1080410182476044,1.8210460435260425,18.18224990384098
2018-08-01,Lehra,0.0,0.0,0.0,0.0333269312395714,0.1362399670761078,0.8150250688195229,1.4244930259883404,17.269853421374094
2018-08-01,Malerkotla,0.001120290727288,0.0,0.0,0.1026680316509945,0.5520905277558735,1.287717519061906,1.5756211940731322,22.774264325210382
2018-08-01,Moonak,0.0,0.0,0.0,0.0128717583138495,0.1235246686264872,0.8528316294153532,1.7528464943170547,16.821922298721198
2018-08-01,Sangrur,0.0,0.0,0.0,0.1048346572954739,0.4294845791799681,1.4033376957689012,2.375756250960486,20.118267030546885
2018-08-01,Sunam,0.0,0.0,0.0,0.0720549795909651,0.296624444425106,1.2467696070671082,2.5329580839191164,19.484299865240732
2018-08-02,Dhuri,0.0251287810758433,0.0056911916895346,0.0166024534687907,1.886235383423892,0.8057058914141222,1.088990944353017,4.087969043038108,20.454294612961696
2018-08-02,Lehra,0.0142821047920733,0.0,0.0133785989019088,1.318192221224308,1.765183374285698,2.055353470146656,2.0896230414509773,16.959621853087814
2018-08-02,Malerkotla,0.0085661726854076,0.0103892736702359,0.0250888206979392,2.210556583745139,0.8036445336682456,1.0305184157831329,5.602940780775888,26.034964825383696
2018-08-02,Moonak,0.0019724621864346,0.0,0.0043489299714565,1.1738053063551586,2.307995686928431,3.5955811142921448,1.803390622138977,16.0867884152375
2018-08-02,Sangrur,0.0274606413108163,0.0001013713938716,0.037641961094258,2.0286386481353214,1.1163801870175771,2.110435377274241,3.7255691502775465,21.740443701572698
2018-08-02,Sunam,0.0209791625633702,0.0,0.0228041488943355,1.6600762435368128,1.5480937893901552,2.4123617878982,2.836164712905884,19.653050358126084
2018-08-03,Dhuri,0.0,0.217297921126539,3.653194286606528,3.737915754318237,8.038657600229437,3.901091022924944,9.665060216730293,20.312350142184954
2018-08-03,Lehra,0.0,0.1223210711032152,1.5880368575453758,1.714693397283554,5.2849359810352325,5.238109976053238,7.2988037168979645,20.5631160565349
2018-08-03,Malerkotla,0.0,0.1773017557071788,4.226735063961574,4.966711265700204,7.235435673168728,3.8886119297572543,12.086380754198348,25.236014556164097
2018-08-03,Moonak,0.0,0.1739103384315967,1.6279630760351818,1.9598495264848077,4.360969523588817,5.33128555615743,7.779771606127421,19.183501569628355
2018-08-03,Sangrur,0.0,0.3050753644534519,3.1233200090272084,3.18007607119424,7.544170073100498,3.720008773463113,10.245606763022286,23.352608480250005
2018-08-03,Sunam,0.0,0.2639948156263147,2.28157776594162,2.2963129452296664,6.48138073512486,4.738163718155453,9.500644598688398,23.107396118011774
2018-08-04,Dhuri,1.0510899153622717,4.520579858259722,4.874176718971946,4.118297566067088,1.918181457302787,4.831350196491588,3.5363764221018013,21.857012979065804
2018-08-04,Lehra,1.1511874198913574,3.973762646317482,6.758268445730209,2.252067670226097,1.465141013264656,2.9086090102791786,4.786277741193771,21.92051063990708
2018-08-04,Malerkotla,1.108513844864709,5.359527570860727,4.33505791425705,4.344021047864642,2.0210472473076413,4.933495146887643,4.109496474266052,27.375254639488688
2018-08-04,Moonak,1.060718983411789,4.028941551844279,7.058446884155273,2.063996821641922,1.668052762746811,2.465641458829244,5.181857466697693,19.666866914540503
2018-08-04,Sangrur,1.3528342438595635,4.907333152634757,6.18342319556645,3.533839923994882,1.8878140619822912,5.182026275566646,4.07650887114661,25.301925970429213
2018-08-04,Sunam,1.2263857062373842,4.403400301933289,7.12606007712228,2.832844538348062,1.665199650185449,4.649337496076312,4.6563729132924765,24.672015661790713
2018-08-05,Dhuri,5.415117263793945,9.07344651222229,3.6175378452647817,1.7489982789213008,7.326303698799827,18.10294316031716,4.949916211041537,28.035568665558596
2018-08-05,Lehra,2.931003957986832,6.007326662540436,2.5722537636756897,2.5951716378331184,3.284429222345352,12.277073323726654,4.699404537677765,22.358682286001294
2018-08-05,Malerkotla,5.8807923793792725,8.65824225970677,3.2085495676313127,2.15081638949258,9.581848399979728,20.29652316229684,6.391004656042371,36.93897833254721
2018-08-05,Moonak,3.221903999646505,5.252549608548482,2.1104882657527924,2.210549215475718,3.657099823156992,12.215636014938354,4.2194575270016985,18.05465152849869
2018-08-05,Sangrur,5.861789337226322,9.307890091623578,3.390384180205209,2.316479125193187,6.68053332396916,18.60206995691572,6.201141246727535,29.550519573032517
2018-08-05,Sunam,4.6667850358145575,7.818144645009722,2.761077263525554,2.5068786910602023,4.86040495123182,15.545174394335064,5.183257954461234,26.289795422341797
2018-08-06,Dhuri,5.331258112734014,1.5290552594444968,6.912250865589488,9.257901538502086,11.012329881841486,10.921750870617954,5.591871196573431,26.557516506300104
2018-08-06,Lehra,5.066877722740173,1.716286800801754,1.648756381124258,5.86100310087204,9.295311719179152,8.734546154737473,6.99972003698349,19.763135404403315
2018-08-06,Malerkotla,5.229171761444637,1.847610490662711,6.821720991815839,9.16363252912249,11.770501852035522,11.909462417875018,4.792742243834904,32.88146499315543
2018-08-06,Moonak,4.9455514550209045,1.6806424260139463,2.327158808708191,4.727521916230519,6.24025575319926,10.282143513361612,4.726628263791402,14.085303094279123
2018-08-06,Sangrur,6.154460736683437,1.523582901273455,6.402505397796631,9.700591036251613,12.995931591306414,12.53944172177996,6.2514552388872415,27.214297319274266
2018-08-06,Sunam,5.50526441846575,1.516921545778002,3.503377412046705,8.004669036184039,11.014267444610596,11.720256328582764,6.595816833632333,23.653464638982555
2018-08-07,Dhuri,5.069082130085338,3.63836635242809,8.250596284866333,2.352150369774212,3.989226427945224,8.335310177369552,3.326407486742193,24.43304232844766
2018-08-07,Lehra,8.365106046199799,1.8341047316789627,4.907129183411598,1.6199429482221603,3.1422282308340077,6.669395685195923,3.2449680268764496,17.633440425975202
2018-08-07,Malerkotla,5.166684022971562,4.573652293000903,10.20804170199803,3.208166982446398,5.669697795595441,9.359255978039332,4.002281785011292,28.78636671945098
2018-08-07,Moonak,9.25139021873474,1.5114719072977705,4.674701730410258,1.311970442533493,3.49992843468984,8.978882431983948,3.6524031360944114,12.106186644341987
2018-08-07,Sangrur,6.93555748462677,3.346814887864249,8.08329142842974,2.467343040875026,4.436207388128553,9.392727153641838,3.953227119786399,24.92192443502388
2018-08-07,Sunam,7.877608401434762,2.430815969194685,6.5175555774143765,1.9933045719351088,3.632782595498221,8.895246062959943,3.942667245864868,21.266270285055302
2018-08-08,Dhuri,2.8169471133839,3.813398816368797,8.339673735878684,23.338732285933062,13.20172999121926,3.6917012388055976,7.777103445746682,28.111495233145323
2018-08-08,Lehra,3.2937551140785217,2.8312322795391083,4.371301710605621,16.369578659534454,9.416419565677645,3.5397118031978607,12.994301736354828,16.228466042925078
2018-08-08,Malerkotla,3.1218418734414235,4.535220869949886,10.043141671589442,22.888249737875803,14.7317681653159,3.7046402863093775,6.323238798550197,30.70593090062695
2018-08-08,Moonak,4.775437513987224,3.985530495643616,4.189049144585927,19.54945619901021,10.69638196627299,3.498696486155192,13.942017396291098,7.73907747787472
2018-08-08,Sangrur,2.698768070765904,5.010437369346619,9.793552586010524,31.42723628452846,13.697909729821342,4.439603728907449,11.378637620380946,26.94180432441595
2018-08-08,Sunam,2.8139430454799106,4.109308098043714,7.443159358842032,25.24144455364772,11.967940262385778,4.474026833261762,12.396458080836704,20.78232623248109
2018-08-09,Dhuri,6.78863035548817,10.903318145058371,10.08986759185791,6.1438728245821865,2.241528250954368,3.0206626762043345,1.1518923233855851,27.54609555644215
2018-08-09,Lehra,6.325379908084869,4.030558452010155,6.41262549161911,5.844265282154083,2.1834499463438988,0.9652803260833024,3.1085323989391327,15.525662310007215
2018-08-09,Malerkotla,6.602114217621939,12.584671940122332,11.183861153466362,8.196214250155858,2.7987364743437086,3.839047219072069,0.9206985809973308,29.79063443543301
2018-08-09,Moonak,6.6773074467976885,3.4777701099713645,5.204519351323445,8.263447403907776,3.3302099903424582,0.8341637973984083,2.558841645717621,8.02626813369923
2018-08-09,Sangrur,8.47529969896589,10.711473737444196,10.7265921660832,7.592599374907357,2.7449263078825816,2.695653421538217,1.3978201150894165,26.88950210377812
2018-08-09,Sunam,8.03548857143947,6.679276619638715,8.740706971713475,7.109369959150042,2.5830087534018924,1.7331214674881523,2.255344135420663,20.329176566547588
2018-08-10,Dhuri,0.7249081243168224,2.1204986463893545,5.7837443351745605,6.785058281638405,0.4958462877707048,0.7090063474395059,5.738952311602506,30.74313445785353
2018-08-10,Lehra,0.2484660604968667,0.7718251086771488,5.3885287046432495,4.104494541883469,0.4103792440146208,1.5766128599643707,2.8391527384519577,17.861935243046545
2018-08-10,Malerkotla,1.2327914472137178,2.524381594998496,5.809134857995169,7.37094647543771,0.6802231584276471,0.7328588494232723,5.835711700575692,33.313088287519555
2018-08-10,Moonak,0.2682456697026888,1.0406234314044316,7.114651878674825,4.204316794872284,0.4584658443927765,2.619707445303599,1.98674742380778,13.75891406419414
2018-08-10,Sangrur,0.6906423100403377,1.9404823694910325,5.899731584957668,6.512021047728402,0.5197993053921631,0.9158364236354828,4.544456447873797,30.894188826317063
2018-08-10,Sunam,0.4742176325193473,1.241385051182338,6.040373069899423,5.76888393504279,0.4247793065650122,1.1894086322614126,3.383087400879179,23.43347870194138
2018-08-11,Dhuri,0.7245419323444366,6.003766731782393,3.120348486033353,3.3946555094285444,0.6707012531432238,1.4135980172590776,3.694915652275085,50.833552532399466
2018-08-11,Lehra,0.2456172183156013,5.223798632621765,3.3084549605846405,2.9099584221839905,0.1922884038649499,1.1129359602928162,1.4990769624710083,31.91325703671534
2018-08-11,Malerkotla,0.8315230746354375,6.220892463411603,4.137307677950178,3.557791445936476,1.1917748376727104,1.0173846908978053,4.413405443940844,56.00279694206658
2018-08-11,Moonak,0.2037289875249067,4.496461848417918,3.394759953022003,2.146758864323298,0.1506085454796751,0.502962107459704,1.5691178490718205,30.655741217165424
2018-08-11,Sangrur,0.8384600377508572,6.120561923299517,3.267424540860312,3.1017621755599976,0.9504928801740918,1.3173008816582816,3.463991037436894,54.372211345727436
2018-08-11,Sunam,0.4956134504505566,5.735189148357937,3.3133521505764554,2.904880200113569,0.4301458352378436,1.079897139753614,2.537737352507455,42.907890157449685
2018-08-12,Dhuri,3.1278705271807583,8.610747467387807,5.831326788122004,0.9606768217953768,9.29354383728721,11.427419272336094,7.189479437741366,45.12844754943915
2018-08-12,Lehra,2.9023918136954308,6.616732567548752,5.42964780330658,2.5978510975837708,8.581655859947205,11.293839871883392,6.817257195711136,31.739500318343943
2018-08-12,Malerkotla,3.6995508713381633,7.7443026304244995,5.56776099545615,0.7003026604652405,6.313699075153896,8.257623417036873,6.218441554478237,47.48838202235777
2018-08-12,Moonak,4.551401694615682,6.614415248235066,5.012987494468689,2.604291458924612,6.885246157646179,7.300906419754028,6.310384194056193,31.651202255098486
2018-08-12,Sangrur,4.572601969752993,8.91896048613957,6.4194782972335815,1.4246903849499566,10.26757115977151,12.304924164499557,7.496891549655369,50.81882869784786
2018-08-12,Sunam,4.11845293215343,8.049515042986188,6.073112453733172,2.3388865760394504,9.418923037392751,12.122549499784196,6.88260407107217,41.585744361605364
2018-08-13,Dhuri,2.376135788180612,5.058004227551547,4.23870435628024,3.210399389266968,2.353887926448475,6.510612791234797,3.5849806287071924,44.11177864278725
2018-08-13,Lehra,1.4783715978264809,2.7405267655849457,4.599992334842682,2.069227859377861,0.645007336512208,5.297498285770416,1.5155373364686966,33.55876663625801
2018-08-13,Malerkotla,3.772673913410732,6.720697743552072,3.921356235231672,3.666423048291888,3.748382202216557,5.762288876942226,4.844465979507992,46.23476460270051
2018-08-13,Moonak,1.455517739057541,2.3994337618350983,3.428846220175425,1.6690230667591095,0.8721349189678828,4.226055959860484,2.068621893723806,35.0402467609546
2018-08-13,Sangrur,1.7749079380716597,4.310010050024305,4.016926544053214,2.7630382009914944,2.2555710013423647,6.945681095123291,3.0579522166933333,53.345464625965874
2018-08-13,Sunam,1.5002921266215188,3.5344521573611667,4.2804054362433295,2.3715459448950638,1.327564106455871,6.371997986521039,2.334396834884371,44.62122368354065
2018-08-14,Dhuri,1.4894588427110151,1.504605163227428,7.132739890705455,4.902701139450073,7.917077498002485,5.694472356276079,6.497633240439675,51.9261982214139
2018-08-14,Lehra,1.362085498869419,1.8410301432013512,3.7876155078411102,3.939512476325035,5.50418546795845,8.908026903867722,15.249326169490814,42.837207175120845
2018-08-14,Malerkotla,1.9994446166924067,1.3654460268361228,6.571320635931833,4.969569342476981,6.060872605868748,5.617945194244385,6.487936905452183,53.474218510756536
2018-08-14,Moonak,1.2982361217339833,1.687479833761851,3.350959817568461,3.8894728620847063,4.646479825178782,7.932160059611003,17.692649523417156,45.95380492439878
2018-08-14,Sangrur,1.3014684787818365,1.95901814528874,6.185309665543692,5.165148479597909,7.546659912381854,6.535530226571219,7.035110984529768,67.32406305144013
2018-08-14,Sunam,1.1968685984611511,2.1216517984867096,5.4283338103975565,4.447686408247266,7.005753602300372,7.638092875480652,10.294886231422424,57.08304583958237
2018-08-15,Dhuri,1.3478887189518325,1.2402946109121495,7.713423728942871,5.737803784283725,1.6642749201167713,2.984196587042375,7.130184238607233,53.986601421585476
2018-08-15,Lehra,1.1110141761600971,1.5282705500721931,3.131525158882141,1.6215605586767197,0.6604021023958921,1.553721748292446,3.365803450345993,46.55359793516246
2018-08-15,Malerkotla,1.1128618610756738,1.354154769863401,9.061302048819403,6.095708591597421,1.954091046537672,3.586586620126452,8.055159739085607,53.583257688182805
2018-08-15,Moonak,1.0869569927453997,1.841156353553136,3.0910197496414185,1.9685238897800448,0.7400037546952566,1.6322286427021029,2.936671495437622,53.673449482694636
2018-08-15,Sangrur,1.4321836701461248,1.4473054707050323,6.751974054745266,4.9804761665208,1.797503309590476,2.57376144187791,6.1916674716132025,73.05348275693167
2018-08-15,Sunam,1.2962521378483092,1.510758604322161,5.063648368631091,3.192915196929659,1.231033301779202,1.9885088162762776,4.744728326797485,61.244383832824596
2018-08-16,Dhuri,7.5526227300817315,12.104135903445156,5.568023963408037,2.5243970589204268,8.9877873767506,11.289047761396928,6.800525426864624,61.102679204497115
2018-08-16,Lehra,8.251039564609528,12.809291303157806,6.170613706111908,1.450912967324257,6.277610629796982,10.077123582363129,4.177790194749832,52.23549154350394
2018-08-16,Malerkotla,7.618970274925232,12.217361995152064,5.03110991205488,3.077529651778085,8.67692198072161,12.076841865267072,8.52930462360382,58.013566120101935
2018-08-16,Moonak,8.872335314750671,12.737264315287272,6.096200466156006,1.3869603673617046,5.472724556922913,10.583492914835611,5.576594154040019,58.458226313252425
2018-08-16,Sangrur,9.231283221926008,12.874252251216344,6.0028254474912375,2.1648477741650174,9.718143565314156,11.941581657954623,5.925604837281363,82.54963409579652
2018-08-16,Sunam,9.908208932195391,13.616210733141218,6.81410825252533,1.7350516617298126,7.891796554837908,11.104813746043614,5.178041696548462,69.15775005448717
2018-08-17,Dhuri,13.114846923134545,10.191629973324863,2.2699431506070225,2.937199354171753,5.694918513298035,1.7642720450054517,2.414404164661061,58.562437198919405
2018-08-17,Lehra,16.10289376974106,10.785914063453674,1.665277749300003,1.9208418875932691,6.961057037115097,1.8127489537000656,1.4793471544981005,47.3534509170097
2018-08-17,Malerkotla,11.227264268057686,8.183351806231908,2.999104372092656,3.560127709593092,7.029981757913317,1.9964977587972368,3.0684276606355394,55.36095089737681
2018-08-17,Moonak,14.565341154734291,9.87102993329366,1.3036877910296123,1.8348366022109983,7.214002092679341,1.6945297916730244,1.9133295118808744,50.68381581688325
2018-08-17,Sangrur,15.8213951587677,10.3818062884467,2.092037464891161,2.602926139320646,7.3683887379510065,1.5826401582786016,2.674134169306074,78.1016602129407
2018-08-17,Sunam,17.428279910768783,11.105154480252947,1.8657624934400832,2.2441059180668423,7.887457694326128,1.581413779939924,2.074884299721037,64.25473648522726
2018-08-18,Dhuri,5.172800627621737,4.169450770724904,0.8551283465190367,0.0131883151321248,0.0193855179558423,2.472517880526456,9.568529519167813,36.44648344687901
2018-08-18,Lehra,3.602407351136208,2.591348335146904,0.3784843673929572,0.0130379004986025,0.0284902028506621,2.023648053407669,11.584175705909727,31.944953880582368
2018-08-18,Malerkotla,5.147041090897152,4.109109589031765,1.2849711605480738,0.0566052107439775,0.1052970449506704,2.7575909154755727,7.943153415407453,30.234093417646367
2018-08-18,Moonak,4.08382111787796,2.7261529167493186,0.4976505835851033,0.0446041386264065,0.0627012097587188,2.2933280070622764,11.247706731160482,33.39968413611821
2018-08-18,Sangrur,4.423987286431449,3.805500473294939,0.9656452866537232,0.0301165334946875,0.0546624427827607,2.5053593984672,10.523306386811392,52.403917532651185
2018-08-18,Sunam,3.806195369788578,3.062156753880637,0.6384225477065358,0.0275092204766614,0.05008911171795,2.388116223471505,11.65420034953526,43.18743444177763
2018-08-19,Dhuri,1.6480416384610264,9.211446198550137,12.94534228064797,5.362494923851707,10.909420360218396,11.035733071240513,4.763006502931768,37.76501347768589
2018-08-19,Lehra,2.2760250493884087,12.392919898033142,10.380393028259276,3.0337666124105453,10.899804711341858,5.3122362941503525,4.412258014082909,31.371773299525845
2018-08-19,Malerkotla,1.3309413577829088,8.327329226902553,13.108242511749268,7.022343465260097,10.393312317984444,12.096204689570836,5.156242387635367,30.76468204283156
2018-08-19,Moonak,1.8816911578178408,12.340639034907024,8.286168297131857,3.3804636001586914,12.27927549680074,4.461449146270752,3.9208089311917615,32.69650839051435
2018-08-19,Sangrur,1.891264421599252,10.834343671798706,11.647953850882391,4.416030585765839,12.334317002977643,9.734884994370598,5.176751749856131,52.640233192658286
2018-08-19,Sunam,2.028599283524922,12.167738846370153,10.69104450089591,3.384236761501857,12.582258462905884,7.715197154453823,4.772121838160923,42.729593250886666
2018-08-20,Dhuri,2.434939823367379,23.403313463384453,19.610778375105426,6.285109996795654,4.827024373141202,8.10653532635082,5.394626433199102,43.016855160497464
2018-08-20,Lehra,1.4220535680651665,18.86213970184326,22.49428105354309,5.931408941745758,4.561987474560738,7.999761044979095,6.901058256626129,38.67400635185001
2018-08-20,Malerkotla,3.88451680966786,23.49584095818656,19.03854124886649,6.562070318630764,5.352527465139117,7.52854585647583,5.06619987317494,35.2048012457278
2018-08-20,Moonak,1.1455771923065186,18.018545627593998,22.104017575581867,8.582380294799805,4.55699235200882,7.805915951728821,7.080281694730123,41.880674650598046
2018-08-20,Sangrur,1.7921751460858757,22.931183883122035,20.627711704799108,7.177234905106681,4.995220303535461,8.132234930992126,6.999379302774157,55.74465609043721
2018-08-20,Sunam,1.2138900586536951,20.891930443899973,21.41793155670166,6.95003354549408,4.45250712122236,8.030035087040492,7.375512974602835,47.279706511418865
2018-08-21,Dhuri,12.489516041495584,3.811423583464189,9.854061430150812,3.776444359259172,0.8518404012376611,0.3008770536292683,0.1519001663069833,54.1542900945842
2018-08-21,Lehra,8.340601414442062,2.8662293404340744,7.34022331237793,1.691679872572422,0.5791649036109447,0.3310850383713841,0.6262225518003106,47.9651187978473
2018-08-21,Malerkotla,12.28291644368853,5.221598769937243,11.41606054987226,4.339750460215977,0.875447439295905,0.3791913507240159,0.1952179223299026,47.332657590563905
2018-08-21,Moonak,9.159411430358888,3.062907119592031,7.146004994710286,1.1655485183000565,0.491023118297259,0.6931602905193964,1.3795724113782246,52.61588730009683
2018-08-21,Sangrur,13.32718552861895,4.033666159425463,9.391581790787834,3.4072294448103224,0.8394679512296405,0.3720394431480339,0.472902949899435,68.37806792933792
2018-08-21,Sunam,12.40391675063542,3.428939955575125,9.133157968521118,2.5328277817794254,0.8020313190562385,0.4477467709886176,0.96403581276536,57.93729518451292
2018-08-22,Dhuri,0.6151036383076147,1.401054168289358,4.059814442287792,1.1538646952672438,1.4407983097163113,0.9870556620034304,6.154065869071267,47.76685726282743
2018-08-22,Lehra,0.3493831325322389,0.5321306940168142,3.7877905815839767,0.8683925271034241,0.7196507379412651,2.1071369871497154,5.196445226669312,46.76766541440591
2018-08-22,Malerkotla,1.3987084009817667,2.1254288128444125,4.225098277841296,1.1839760861226492,1.4583682673318046,0.7186749449798039,5.765621542930603,43.45606209258106
2018-08-22,Moonak,0.6689562102158865,0.660354678829511,3.834683239459992,0.9941116472085316,0.7503156165281931,1.60022634267807,6.131966968377431,53.3551924455462
2018-08-22,Sangrur,0.6655214162809509,1.4437649473547935,4.243165186473301,1.0954787454434805,1.414851529257638,1.36317155616624,6.765339996133532,60.53112540546821
2018-08-22,Sunam,0.5844232775270939,0.9424775881426676,4.304226049355099,1.0545906658683504,1.0726755580731802,1.8818811433655875,7.195934125355312,53.768174959692374
2018-08-23,Dhuri,4.4480967846783726,3.632020722736012,4.449488162994385,1.7838912172750994,0.0616958396170627,3.5020041249015117,3.624131782488389,46.519616566378104
2018-08-23,Lehra,3.15305358171463,3.17573855817318,4.098579078912735,1.299683567136526,0.1762558557093143,1.9645820185542109,1.3024157844483852,50.110892672673714
2018-08-23,Malerkotla,5.356307881219046,4.084617376327515,4.541645211832864,2.0932259431907108,0.1159161270063902,4.184421351977757,5.075557001999447,43.74511186489614
2018-08-23,Moonak,3.893762369950613,2.9350114862124124,4.649963120619456,1.5606818000475566,0.2765367838243643,1.0743366132179897,1.139059990644455,57.018595961723605
2018-08-23,Sangrur,5.530811139515468,3.885821308408465,4.913237946374076,1.6927153851304737,0.1360267396417579,2.158818930387497,1.7850740807397023,57.19577859101823
2018-08-23,Sunam,4.425186523369381,3.3127002460615977,4.750549580369677,1.5201814387525832,0.1604088675895972,1.9150212960583823,1.2577549197844096,54.16765944635905
2018-08-24,Dhuri,3.2856587063182485,5.862130576914007,1.2038179148327222,2.093773370439356,4.079757202755321,2.172441623427652,5.172429160638289,48.5857468992244
2018-08-24,Lehra,1.0725126639008522,7.641786754131317,1.0692402459681034,0.3677397463470697,1.6587970033288002,2.2621263936161995,4.29756772518158,54.752863443489986
2018-08-24,Malerkotla,4.220307733331408,5.926143612180438,1.0046158113649912,2.22548462663378,4.67806099993842,1.817353014435087,4.637285675321307,43.727249742070924
2018-08-24,Moonak,1.0330143918593724,7.21517284711202,0.5976617534955343,0.2190567230184873,1.3682726720968883,1.963670512040456,3.31586100657781,62.82148239418419
2018-08-24,Sangrur,2.72026789188385,6.173701899392264,1.1041295741285595,1.473890696253095,3.2871896709714616,2.2284125132220134,4.696763242994036,61.718391630763215
2018-08-24,Sunam,1.862789728811809,7.1080098152160645,1.1682486023221696,0.7704520289387021,2.533545677150999,2.2442075439861844,4.577098207814353,60.0344394779686
2018-08-25,Dhuri,1.4742454913529484,3.007494026964361,0.8662366135553881,2.2163483066992327,3.2062212879007514,0.9169116670435126,0.1109712289815599,50.745424491462884
2018-08-25,Lehra,1.4252115488052368,1.7507774382829666,0.5084567721933126,7.580702304840088,2.240048363804817,0.3888445207849145,0.1261162024457007,56.35258014581391
2018-08-25,Malerkotla,1.29778687443052,2.331571940864836,0.6673386118241719,1.557142095906394,3.1562112186636244,1.023816549352237,0.159299798309803,46.50354597075355
2018-08-25,Moonak,1.3471143146355946,1.319144477446874,1.337645838658015,9.41810162862142,1.6990895469983418,1.0031174272298813,0.3597137381633122,63.79556028982559
2018-08-25,Sangrur,1.6023949491126197,3.05546795470374,0.773118828024183,3.4429283142089844,3.581269536699568,1.2561898667897498,0.1088898499895419,63.944959526256184
2018-08-25,Sunam,1.6488721455846511,2.653074417795454,0.6131418831646442,5.435534017426627,3.034778722694942,0.6307475864887238,0.1304047531448304,61.660731090707614
2018-08-26,Dhuri,0.7125937329097227,1.2568388472903858,1.490909774195064,3.141222747889432,0.8059561184861443,0.6458897482265126,0.3862836889245293,66.4088830845361
2018-08-26,Lehra,0.5958813577890396,2.876407824456692,1.0559092089533806,2.030978500843048,0.3354109153151512,0.6451775413006544,0.549236161634326,71.11336658398311
2018-08-26,Malerkotla,0.840951029743467,0.8269393177969115,2.011944924082075,2.6473532233919417,0.9194324570042748,0.5278607713324683,0.495021250631128,67.40445675163397
2018-08-26,Moonak,0.7411162505547205,2.918713649113973,1.340645099679629,1.5745551685492198,0.3638194166123867,0.3474890949825446,0.6336540132761002,79.56918929043542
2018-08-26,Sangrur,0.7669956753296512,2.3007375044482097,1.6221214873450145,2.8522946323667253,0.9904597316469465,0.692417425768716,0.5715502564396177,83.84932674574763
2018-08-26,Sunam,0.5144325814076832,2.75880948986326,1.2662825307675771,2.183430995259966,0.5907361885266644,0.6713507037077632,0.4780032267527921,78.12493088810952
2018-08-27,Dhuri,0.2477311976253986,1.1415746022354474,1.0394743193279614,2.6159499179233205,2.61142160133882,3.381708708676425,4.025983084331859,69.43875992172516
2018-08-27,Lehra,0.6244942415505648,0.6084776017814875,3.6853722035884857,4.670702785253525,6.208615362644196,8.398057699203491,8.646730601787567,71.55145156788564
2018-08-27,Malerkotla,0.3431689249617712,1.0555658808776311,0.7598287612199783,2.3800993135997226,1.528248633657183,2.986209613936288,3.859451949596405,73.18664578818495
2018-08-27,Moonak,0.7733552604913712,0.7424073964357376,5.107346057891846,3.1694236596425376,5.743647813796997,7.643588185310364,8.6274201075236,79.10069809809944
2018-08-27,Sangrur,0.4899954758584499,0.8097171751516206,1.896237558552197,4.021245888301304,4.517124218600137,5.071721860340664,4.934368406023298,88.96236799784316
2018-08-27,Sunam,0.5520452697362218,0.6862913412707192,3.003695764711925,5.212504395416805,7.050403816359384,7.496497477803912,7.71541656766619,80.16050228202931
2018-08-28,Dhuri,1.0341427326202393,1.3725698644464666,0.409731810065833,6.095301693136042,8.447888179258866,5.15730433030562,9.465735457160257,49.056361578171924
2018-08-28,Lehra,0.6745367497205734,1.02544953674078,0.5536970756947994,5.5959383845329285,9.709380328655245,6.851882040500641,9.64994564652443,52.78209117495211
2018-08-28,Malerkotla,0.9725059739180972,1.5252869640077864,0.6059053146413395,5.527565138680594,5.952787263052804,4.00774701152529,8.686754993030004,52.84047532949951
2018-08-28,Moonak,0.6619202941656113,1.1177456031243007,0.8181559940179189,5.151446223258972,9.57702394326528,7.396174152692159,8.395369291305542,57.99938983618091
2018-08-28,Sangrur,0.9510086200066976,1.135828673839569,0.547724117657968,6.929990649223328,10.019805295126778,5.952192800385611,8.346716846738543,61.09740290112422
2018-08-28,Sunam,0.8656144546610969,1.0811094748122352,0.6354778281279972,6.805269820349557,10.502288716179985,6.7650578532900125,9.133465324129377,56.273289147741195
2018-08-29,Dhuri,0.4841882281682708,0.1247504990209232,1.1674887023188851,1.1214703754945234,1.2714993438937447,0.9801325323906812,2.2407420440153643,45.82152238967852
2018-08-29,Lehra,0.0212098793708719,0.134362909477204,1.234868012368679,1.7325291223824024,2.3095488473773003,1.872165367007256,2.647244282066822,45.36476184615854
2018-08-29,Malerkotla,0.7635414685521807,0.211673686946077,1.0036655068397522,1.5717074977500098,1.035734657730375,0.917898630457265,2.1602648198604584,50.389000187632405
2018-08-29,Moonak,0.0182686486126234,0.138503214965264,0.7949137091636658,2.505890707174937,1.6376987198988595,2.542469004789988,3.0190482338269558,48.22382815112873
2018-08-29,Sangrur,0.4514727195990937,0.1384066657296248,1.3549653525863374,1.352455660700798,1.4200721979141235,1.9806335483278548,3.056618315832956,56.17210290263173
2018-08-29,Sunam,0.1563539384598178,0.1110432660207152,1.2463723314659936,1.4784574551241738,1.7260978264468056,2.3031513499362126,3.2100322927747453,50.09957095260631
2018-08-30,Dhuri,0.0837643834000284,0.2970706928860057,1.1371253539215436,1.9496669119054624,0.4356505992737683,1.7513781569220803,0.8828554072163322,39.59355698760415
2018-08-30,Lehra,0.0779472355498001,0.4660718776285648,1.668865978717804,4.8485332280397415,5.501799330115318,1.40149287879467,1.0159957967698574,35.895112890475005
2018-08-30,Malerkotla,0.1118311970494687,0.3256459422409534,0.8162357189825603,1.59671185697828,0.5323791605021272,1.7605035305023191,0.7531791616763387,44.83385033882888
2018-08-30,Moonak,0.0827752551995217,0.450095755358537,1.2583138744036355,4.918939848740895,5.806977033615112,0.7275712465246519,0.6645409266153971,39.54465426472149
2018-08-30,Sangrur,0.1635316525186811,0.4090585208364895,1.2735419613974437,3.229398804051536,1.1784655473061971,1.620400220155716,1.3489047693354743,51.54181150223028
2018-08-30,Sunam,0.1377244756690093,0.5109914136784417,1.3202312311955862,4.3034773128373285,2.676707093204771,1.2200460582971573,1.2161294051579066,41.86862495335883
2018-08-31,Dhuri,0.00255516997475,1.0438972196795724,1.4852571053938433,12.816517959941518,1.8179693655534224,6.258553721688011,0.0064325161669826,67.48333224547329
2018-08-31,Lehra,0.0067853982036467,1.346742782741785,3.54656794667244,20.67260354757309,2.222711764276028,12.425431728363035,0.3035579137504101,70.09175554072782
2018-08-31,Malerkotla,0.0058888647805101,1.241638964840344,1.3259920392717637,9.685600382941107,2.1765357000487198,4.270872286387852,0.0022877657819273,65.8406631831124
2018-08-31,Moonak,0.0204747098808487,1.693563888470332,3.244718074798584,17.154825687408447,3.1675625244776406,9.503652572631836,0.2844728169341882,63.302385661492536
2018-08-31,Sangrur,0.0217768137975196,1.2577397610460008,1.8107335652623855,14.03682347706386,2.198799737862178,7.056141410555158,0.0227272113884932,79.88626376398445
2018-08-31,Sunam,0.0128450587924037,1.2107134142092295,2.0722091794013977,15.188372611999512,2.1544749098164693,8.240190352712359,0.0528235090896487,75.11949248720416
2018-09-01,Dhuri,9.458304058421742,11.858210303566672,2.1797074513001875,9.17156457901001,8.078891710801559,1.0887060138312252,0.949156628413634,73.18631869457779
2018-09-01,Lehra,12.131696105003355,19.133421003818512,2.549042113125324,8.688481241464615,12.690630316734314,0.0480285002849996,0.6309500355273485,70.64090412114294
2018-09-01,Malerkotla,9.780244367463249,11.59259305681501,2.195071118218558,10.181847742625646,6.586088248661587,1.7701276966503687,1.260480380484036,69.90317014309001
2018-09-01,Moonak,9.844359715779625,23.56065209706624,3.1496291756629944,8.92400081952413,11.010143597920736,0.0169684666519363,0.8853845049937566,62.889043145947824
2018-09-01,Sangrur,9.630747522626605,13.764511721474785,2.568226256540844,7.001534019197736,7.383785554340908,0.3102516675634043,0.7878552063235215,82.03976381244145
2018-09-01,Sunam,10.970189894948687,17.339213507516043,2.578616563762937,8.285846369607109,10.40635815688542,0.1388926088277782,0.6636281896914754,76.40345117574286
2018-09-02,Dhuri,2.177824459292672,0.2615288065069101,3.656549908898093,1.1163869120857932,1.3247095116160132,0.0807305322960019,0.7610105926340277,94.04721253276138
2018-09-02,Lehra,3.234748959541321,1.0771198086440563,4.086806982755661,1.5528028644621372,0.7330523245036602,0.0,1.1138748936355114,64.31340568958754
2018-09-02,Malerkotla,2.080335110425949,0.2611287414495434,3.137879652636392,0.9592075858797344,0.8110506939036506,0.1872013406828045,0.6276819748537881,87.8107968846469
2018-09-02,Moonak,2.842905789613724,0.9227596521377563,3.601973195870717,1.5188629478216171,0.3516658308605353,0.0013797641731798,0.9385133335987726,52.083059765687075
2018-09-02,Sangrur,3.0293794104031155,0.649581817643983,4.084899987493243,2.116390355995723,0.8830630374806268,0.0654623602916087,0.7790968780006681,85.9246244744926
2018-09-02,Sunam,2.8778988676411763,0.7973491357905524,3.8743964518819536,1.7964929235833031,0.6612935460039547,0.012687753287277,0.7710245038781848,75.85225224654697
2018-09-03,Dhuri,0.4470534026622772,0.0173346396874297,0.0039539526703513,1.87407138672742,2.525468381968412,1.7754384983669629,2.5354196700182827,94.7972396163664
2018-09-03,Lehra,0.5720275212079287,0.0,0.3150233617052436,1.837354801595211,6.375004947185516,2.186107359826565,2.480830267071724,54.216178742994124
2018-09-03,Malerkotla,0.3511933194739478,0.0460891165504498,0.0055490946688223,1.7665097734757833,2.56663264972823,2.05932171855654,2.1163426680224284,93.78727072092838
2018-09-03,Moonak,0.3427584518988927,0.0001015485322568,0.4683214450875918,1.8650817275047304,5.278931419054668,1.7006028095881145,1.7909813821315763,40.648237827914805
2018-09-03,Sangrur,0.5241513507706779,0.0390536921497966,0.0379450132937303,1.1619234148945128,2.6125161732946123,1.621550440788269,2.8208338107381548,80.1343091857849
2018-09-03,Sunam,0.6070576320801463,0.0066367209406702,0.130423760972917,1.1578879058361051,4.157384812831879,1.7736056915351324,2.573482394218445,66.60163573263866
2018-09-04,Dhuri,0.0222983714193105,0.0159431281922893,1.20951016924598,1.2161040577021511,0.217535066333684,0.3546085736968301,0.0434032236649231,101.64646076119777
2018-09-04,Lehra,0.0155020793172298,0.3847690913826227,2.551818169653416,0.1963589687366038,0.070587339811027,0.0576131221605464,0.0,55.43936658398284
2018-09-04,Malerkotla,0.0318671964508082,0.0194524730156574,0.7613420827048165,1.515454990523202,0.1298731035952057,0.628405501799924,0.0637651923046048,103.44799771994974
2018-09-04,Moonak,0.0116877840288604,0.4583384344975154,2.227413922548294,0.246583508948485,0.0783819404120246,0.0473698958909759,8.795386141476531e-05,41.02361588566822
2018-09-04,Sangrur,0.0331484463864139,0.0821872214853231,1.9823754642690927,1.0741702382053648,0.2710950723184006,0.3096842081951244,0.0416217312449589,83.74613586777252
2018-09-04,Sunam,0.0166064378905243,0.1691510461802993,2.2133167343480245,0.5520075171121529,0.1518000257866723,0.1579218823462724,0.0100326739650751,68.10363777929315
2018-09-05,Dhuri,0.6690121807835319,8.905362432653254,7.292431506243619,5.310369968414307,7.535731120543047,1.262303281914104,2.629455165429549,109.68596124062528
2018-09-05,Lehra,0.7714080270379782,2.77813071757555,8.958921372890472,3.3128919526934624,2.4247433580458164,0.3327768417075276,0.6427253223955631,57.30084061296021
2018-09-05,Malerkotla,0.8883133551904133,8.0088552406856,7.025998950004578,5.01733592578343,6.796465652329581,2.5267025509050915,2.9923032351902554,110.89132241781446
2018-09-05,Moonak,1.4067394733428955,2.09701876839002,12.097601175308228,3.3183638056119285,2.159131785233816,0.3540335620443026,0.443538839618365,41.80018518650689
2018-09-05,Sangrur,0.6897814853915146,7.556060876165118,7.137634941509792,4.81068217754364,8.488183881555285,1.2694742466722215,2.016893595457077,93.58273235194098
2018-09-05,Sunam,0.5826738412891116,4.737936241286142,7.5025416272027154,4.107196722711835,5.395500915391104,0.6367551061723914,1.2217775796140944,72.55512224297942
2018-09-06,Dhuri,6.830374284224077,15.2587045322765,7.8224852518601855,8.84441579471935,3.165633721785112,4.735896023837003,9.797892440449107,108.24470064827554
2018-09-06,Lehra,8.16845616698265,5.995210394263268,3.8197302371263504,6.888372212648392,1.8486780039966104,1.1355093605816364,3.8330403864383698,56.45979994496249
2018-09-06,Malerkotla,5.505408150809152,14.599076747894289,7.832838671548026,8.779493144580297,3.476050547191075,6.104333536965506,11.430525268827166,110.16195760787954
2018-09-06,Moonak,7.997134288152059,5.092586874961853,2.785094906886419,6.250330805778503,1.9431670407454171,1.1542932093143463,3.0761795242627463,40.480345003307114
2018-09-06,Sangrur,8.855192695345197,13.836029274123057,7.792708226612636,7.94046551840646,3.201270580291748,5.130803380693708,8.582081096512931,89.85879129774968
2018-09-06,Sunam,9.29693000657218,9.337119085448128,5.593456336430141,5.907956549099514,2.382867408650262,2.7823996203286305,6.129961030823844,70.80990193461945
2018-09-07,Dhuri,3.689340656453913,7.935336047952825,4.911983175711199,0.7427633729847994,0.0,0.01278818836859,0.2300824109803546,76.4625949141662
2018-09-07,Lehra,9.247373759746552,4.214749470353127,2.4922586008906364,0.0822931907023303,0.0,0.0,0.0742682901909574,16.595769782602165
2018-09-07,Malerkotla,2.6326730336461748,8.58089246068682,5.795184331280844,1.3218662291765213,0.0040807793515601,0.0790598849499864,0.3399415777197906,87.10010402331059
2018-09-07,Moonak,10.053951303164164,3.8571115732192993,2.4446323017279306,0.1446696339795986,0.002823288552463,0.0009034522809088,0.0520234477395812,9.8597054374785
2018-09-07,Sangrur,4.549114074025836,5.835143174443926,5.050259449652264,0.6198564956762961,4.659415156181369e-05,0.0186664573848247,0.2189963949578149,54.355465014668326
2018-09-07,Sunam,6.22805266720908,3.879976868629456,3.34209275671414,0.2593801715411246,0.000217897850754,0.0013618616919432,0.1403522881280098,29.77793296494884
2018-09-08,Dhuri,24.107019684531476,6.434280135414817,4.384043476798317,0.2220405245369131,3.109057144685225,35.474896084178575,3.5773583217100664,68.62914218074349
2018-09-08,Lehra,8.224626809358597,1.7538497373461723,3.050960272550583,0.0050983758046641,0.5274522500112653,18.94048172235489,1.6505395099520683,14.369475525004871
2018-09-08,Malerkotla,22.969247613634383,7.063098728656769,4.389981329441071,0.3003777393272945,3.6006156376429965,26.126935039247787,3.80242668730872,80.3725007586631
2018-09-08,Moonak,3.4853189885616302,0.932719570895036,2.385981758435568,0.0039564025937579,0.2501977471013863,9.364578445752462,1.0254145910342534,9.16672322060227
2018-09-08,Sangrur,22.20467758178711,6.13801292010716,5.006979576178959,0.1577891511177378,2.461378106049129,27.840874944414413,2.742472912584032,49.845548963248824
2018-09-08,Sunam,13.382146409579686,3.3398785846573964,4.014949883733477,0.0454811638587021,1.1617413014173508,22.006165845053538,1.9395266345569069,26.70278510604262
2018-09-09,Dhuri,4.486568310044029,0.896271060813557,0.2955774949355559,3.574007272720337,42.706185427579015,1.548409879207611,4.074169018051841,30.4376222217121
2018-09-09,Lehra,2.6251960396766663,0.6555178295820951,0.1041954243555665,3.170551225543022,40.534919023513794,2.1077671572566032,3.6945415437221527,6.9957572182864585
2018-09-09,Malerkotla,5.18072497844696,1.5260610995548112,0.5360648573509285,4.3823809538568765,35.931522369384766,1.354537546634674,3.331761543239866,40.45867784124906
2018-09-09,Moonak,1.7044671376546223,0.6564618994792303,0.0678096557967364,3.016203244527181,27.79511260986328,1.8754741946856184,2.056077301502228,3.741922184440848
2018-09-09,Sangrur,4.791689600263323,1.039310844881194,0.2520274120782103,3.7897565492561887,38.2334737096514,1.501619664686067,3.5886367303984508,24.681724690160358
2018-09-09,Sunam,3.5010735307421004,0.9583276488951274,0.1658777980399983,3.712730279990605,40.94093479428973,1.605998260634286,3.741178529603141,11.28524555971777
2018-09-10,Dhuri,1.7555174448273398,0.057073259641501,10.492476810108531,8.035472371361472,4.281313050876964,2.1617384444583547,0.2412366724827072,26.03396441912318
2018-09-10,Lehra,0.9449087306857108,0.0050625160365598,12.54233318567276,2.896084785461426,2.101450078189373,2.264755629003048,0.8802761845290661,8.052401952388722
2018-09-10,Malerkotla,2.4610800743103027,0.2737364462975944,12.31167789867946,11.268695643969943,5.023712430681501,2.347170685018812,0.3331118409654924,28.023455535820645
2018-09-10,Moonak,1.194149802128474,0.0319329050059119,8.99865194161733,2.2128457029660544,1.549566646416982,1.9961580435434976,0.6424761737386385,5.152123190523365
2018-09-10,Sangrur,1.689264225108283,0.0247919999861291,10.369007553373065,5.359603549752917,3.0822462013789584,1.5761413616793496,0.4678047129086086,22.13648737388833
2018-09-10,Sunam,1.210992842912674,0.0049534371896048,10.877786568232946,3.693555074078696,2.2044162920543124,1.5333482835974013,0.5807573476008007,11.685709779697932
2018-09-11,Dhuri,0.4211397042328661,0.4067692187699405,11.468068903142756,4.916671481999484,1.6127548109401355,0.0795999194749377,0.0,18.537468933088036
2018-09-11,Lehra,0.0729615481104701,0.183698502369225,6.18493065237999,1.6113499477505684,0.7294816970825195,0.1338637352455407,0.0,6.129468226670997
2018-09-11,Malerkotla,1.0943074130586214,0.5230077068720546,11.123497639383588,6.603519601481302,1.9134140184947424,0.0889239956491759,0.0,17.49167585538408
2018-09-11,Moonak,0.0688479592402776,0.0690278746963789,3.757114092508952,0.9154578000307084,0.3892327025532722,0.0859648929908871,0.0,3.9712014707546364
2018-09-11,Sangrur,0.2710805611817964,0.3907742223569325,9.950937696865626,3.038728467055729,1.120724237390927,0.0833628637982266,0.0,17.862348010253186
2018-09-11,Sunam,0.1448569933750799,0.2508979892092092,7.806928396224976,1.7198577565806252,0.6936976366809436,0.0715209521087152,0.0,9.663321408544622
2018-09-12,Dhuri,0.0096479581287977,0.3632810921831564,0.0484007235447114,0.2535839284008199,0.0110239710722287,0.0,0.0,10.13310679825505
2018-09-12,Lehra,0.0,0.3659179527312517,0.0025638355873525,0.0174226138624362,0.0136340615572407,0.0,0.0,4.014636587335801
2018-09-12,Malerkotla,0.0254458715207874,0.1765383599059922,0.1471560900764806,0.3855304654155458,0.0008304346743638,0.0,0.0,9.41224450428722
2018-09-12,Moonak,0.0001399018704735,0.1719208446641763,0.0,0.009436806392235,0.0018667201851106,0.0,0.0,2.904757682841895
2018-09-12,Sangrur,0.0226571852940001,0.4368250327450888,0.0229342617759747,0.1235404899343848,0.0154002611857971,0.0,0.0,7.6429071695926
2018-09-12,Sunam,0.0030368048340148,0.3478994901691164,0.0051253458160707,0.0367354100037898,0.0132280494685151,0.0,0.0,5.0010510377168504
2018-09-13,Dhuri,0.0,0.3021163872697137,4.519362211227417,0.0,0.0,0.0,0.0,9.474590139655225
2018-09-13,Lehra,0.0,0.0,0.9942930284887552,0.0230626296252012,0.0,0.0,0.0,5.389763948504855
2018-09-13,Malerkotla,0.0,0.5522076136299542,2.915714455502374,0.0,0.0,0.0,0.0,7.940008492843827
2018-09-13,Moonak,0.0,0.0,0.444579799969991,0.0,0.0,0.0,0.0,3.4248862882990974
2018-09-13,Sangrur,0.0,0.0806966141930648,4.143039073262896,0.0146861468175692,0.0,0.0,0.0,7.514454040814684
2018-09-13,Sunam,0.0,0.0249112466283674,2.406596677643912,0.0175861704296299,0.0,0.0,0.0,5.5152297996929205
2018-09-14,Dhuri,0.0263635163957422,0.0990655049681663,0.0378352847288955,0.0,0.0,2.3428861173716458,3.5733388553966177,8.859030485087514
2018-09-14,Lehra,0.0,0.0717922577168792,0.0213684654154349,0.0,0.0,1.1910832300782204,4.434603169560432,5.477547995237824
2018-09-14,Malerkotla,0.0721177704898374,0.1020891993705715,0.0403994244656392,0.0,0.0,1.9484954604080744,2.5603700833661214,8.140524454376038
2018-09-14,Moonak,0.0,0.0161480602497855,0.0172910200975214,0.0,0.0,0.6334486454725266,3.323426862557729,3.5557939586233194
2018-09-14,Sangrur,0.0011324020701327,0.0899718369224241,0.0443897442226963,0.0,0.0,2.065581189734595,3.831909171172551,7.4276956433614885
2018-09-14,Sunam,0.0,0.0869565777746694,0.0334278243327779,0.0,0.0,1.439931218113218,3.9277491739818022,5.5929838091970785
2018-09-15,Dhuri,0.9050462699749252,0.0825927383689717,0.0,0.0,0.0,0.0,0.2869426286356015,42.668923317353475
2018-09-15,Lehra,1.003271035850048,0.0,0.0,0.0,0.0,0.0763263517292216,0.0,53.15554144740575
2018-09-15,Malerkotla,0.8798087920461383,0.0531535279005765,0.0,0.0,0.0,0.0,0.6429575035082442,42.732886175433215
2018-09-15,Moonak,1.0923244208097458,0.0,0.0,0.0,0.0,0.0482265804894268,0.0103327507774035,56.39414838481157
2018-09-15,Sangrur,0.3008197473495134,0.0375672460400632,0.0,0.0,0.0,0.0001148835872299,0.3670263881129877,52.95350611304805
2018-09-15,Sunam,0.3438731596938201,0.012318614853679,0.0,0.0,0.0,0.0013984201609023,0.0640230154884713,50.72285531619417
2018-09-16,Dhuri,0.2766973545605486,0.0,0.0,0.0,0.1046528856862675,6.458024447614497,28.2734168659557,97.61960978288697
2018-09-16,Lehra,0.1077838973142206,0.0,0.0,0.0,1.514824453741312,8.804565161466599,22.55292296409607,140.94970209086267
2018-09-16,Malerkotla,0.2722026934581144,0.0,0.0,0.0,0.2039776239544153,5.304931725774493,25.00727312905448,87.88154179109591
2018-09-16,Moonak,0.0307879776228219,0.0,0.0,0.0,2.868580937385559,10.02296487490336,18.227796872456867,127.70901171824207
2018-09-16,Sangrur,0.1524384037059332,0.0,0.0,0.0,0.5443529989570379,10.23165454183306,26.83236265182495,127.60620438547895
2018-09-16,Sunam,0.1379789797855275,0.0,0.0,0.0,1.1259233461959022,9.76261033330645,25.33353206089565,130.84985153284606
2018-09-17,Dhuri,0.0,0.0,0.0,0.1701641397720033,9.963136607950384,69.40607105601917,16.23821462284435,107.61939895838148
2018-09-17,Lehra,0.0,0.0,0.0,0.2489499682560563,12.504139959812164,65.98150253295898,21.57288670539856,149.02243677832098
2018-09-17,Malerkotla,0.0,0.0,0.0,0.2429884057492017,10.999685083116804,79.47178159441266,20.069029467446462,104.19231205280936
2018-09-17,Moonak,0.0,0.0,0.0,0.3021680476764838,13.210517326990765,64.90188217163086,28.59166367848714,131.86846511049532
2018-09-17,Sangrur,0.0,0.0,0.0,0.24119431332552,11.121382866586956,64.36769417354039,15.968234436852592,144.6714320407287
2018-09-17,Sunam,0.0,0.0,0.0,0.3080404158681631,11.58471233504159,64.04305267333984,18.12967225483485,142.103968778957
2018-09-18,Dhuri,0.0,0.0,0.0,3.032171135598963,92.43622623790394,98.09432983398438,19.074743140827525,107.8179139066877
2018-09-18,Lehra,0.0,0.0,0.0,9.101433992385864,96.05703735351562,80.01872611045837,18.486578166484836,149.44444603922423
2018-09-18,Malerkotla,0.0,0.0,0.0,3.3559900735105788,94.08642523629324,109.91391127450126,19.26119273049491,104.25170495620777
2018-09-18,Moonak,0.0,0.0,0.0,12.460420846939089,96.7767111460368,74.43913555145264,16.911388556162517,132.24534200888178
2018-09-18,Sangrur,0.0,0.0,0.0,6.043857148715428,83.87363079616001,75.0641427721296,14.17185091972351,145.01253182723627
2018-09-18,Sunam,0.0,0.0,0.0,7.80674683196204,85.90248162405831,72.54786028180804,15.112701075417656,142.5217514519746
2018-09-19,Dhuri,0.0,0.1886217285963622,48.83450438759544,83.67928036776456,27.840953133322976,8.252831394022161,0.0265291748695414,108.83766379964304
2018-09-19,Lehra,0.0,0.2977054407820105,42.69201445579529,59.02801203727722,24.092177629470825,2.357326716184616,0.0050823352867155,150.00371094330796
2018-09-19,Malerkotla,0.0,0.1349179345582212,47.233276639665874,91.15271404811314,25.263818672725133,8.76001513004303,0.0183853100419842,105.27031507133532
2018-09-19,Moonak,0.0,0.3807609577973683,42.495344479878746,57.27750873565674,24.346656322479248,1.5921742618083954,0.0054415420551473,132.41310055811823
2018-09-19,Sangrur,0.0,0.2275551589471953,44.90736021314349,66.00985527038574,24.944911616189135,4.636824667453766,0.0454827963341293,145.65769012208096
2018-09-19,Sunam,0.0,0.2653248565537588,42.50287628173828,59.58268342699324,24.548727376120432,3.063243133681161,0.0236254271918109,143.09522242544583
2018-09-20,Dhuri,1.3429388485171578,21.11703248457475,24.19593550942161,14.01137417012995,0.0362541289280422,0.0,0.0,113.88914640117306
2018-09-20,Lehra,0.7171041518449783,18.749392807483677,14.35505712032318,11.93248015642166,0.5277153607457876,0.0,0.0,150.7396715416376
2018-09-20,Malerkotla,1.509731262922287,19.877296583993093,25.397584302084788,12.458564860480172,0.0083905312764857,0.0016038622665551,0.0,110.57540868407008
2018-09-20,Moonak,0.6301183352867762,13.266542116800943,8.030399243036905,9.666236281394958,0.502250740925471,0.0,0.0,133.83886757263576
2018-09-20,Sangrur,1.5248333982058937,24.231720243181503,24.22442705290658,17.5369827406747,0.1898444133943745,0.0,0.0,149.25700902303598
2018-09-20,Sunam,1.1439994041408812,22.49215235028948,20.40803623199463,14.826758078166415,0.4265599021954195,0.0,0.0,145.20833488443995
2018-09-21,Dhuri,63.57842740145597,34.09056446769021,25.86600251631303,0.4854134348305789,0.0,0.0118511020184748,0.0,115.33070095806696
2018-09-21,Lehra,64.95340967178345,37.74284088611603,18.70536893606186,0.6530690975487232,0.0,0.0160133826429955,0.0,152.49726122109809
2018-09-21,Malerkotla,58.40000738416399,33.01406594685146,26.23004518236433,0.3386112121599061,0.0,0.0030269793517488,0.0,112.23426327059138
2018-09-21,Moonak,68.2321761449178,37.44262727101644,19.079845905303955,0.9700848360856374,0.0,0.0022253871817762,0.0,134.97276917650035
2018-09-21,Sangrur,58.67611258370536,30.82756049292428,21.97971848079137,0.6460718906351498,0.0,0.0147298654441588,0.0,149.70045510438624
2018-09-21,Sunam,59.43773814610073,32.406884738377165,19.64840487071446,0.8107804687959808,0.0,0.016572103436504,0.0,146.6098906513276
2018-09-22,Dhuri,31.242413954301316,57.33219216086648,0.2238992408595302,0.0,0.0,0.0,0.0,86.1585505734246
2018-09-22,Lehra,31.66598629951477,56.13478422164917,0.3267092490568757,0.0,0.0,0.0,0.0,109.04559249337038
2018-09-22,Malerkotla,30.462433065686906,56.043061120169504,0.1903811701174293,0.0,0.0,0.0,0.0,81.22902494356218
2018-09-22,Moonak,27.208181381225582,47.05067157745361,0.6126804326971372,0.0,0.0,0.0,0.0,85.09844943312123
2018-09-22,Sangrur,27.25140299115862,53.15721593584333,0.3854616159307105,0.0,0.0,0.0,0.0,109.6966748465867
2018-09-22,Sunam,27.314604691096715,51.09950992039272,0.4700718061732394,0.0,0.0,0.0,0.0,105.52839987413714
2018-09-23,Dhuri,22.211484909057617,0.1500810361043973,0.0,0.0,0.0054429035464471,0.0978786197744987,0.0173348469807851,30.393076594008857
2018-09-23,Lehra,23.596720933914185,0.0515356077230535,0.0,0.0,0.0011047925654565,0.1147662019357085,0.073030877043493,19.598306664717217
2018-09-23,Malerkotla,19.65029117039272,0.155638810513275,0.0,0.0,0.0026512434706091,0.0377430593611539,0.0015100310140821,35.13053666196592
2018-09-23,Moonak,27.772083282470703,0.0609009011338154,0.0,0.0,0.0,0.027395364207526,0.0244961325855304,13.613221937545035
2018-09-23,Sangrur,18.300398588180546,0.1232466181474072,0.0,0.0,0.0017374900302716,0.0849830228835344,0.0244430390219869,34.27632289933177
2018-09-23,Sunam,19.596815824508667,0.0924914936934198,0.0,0.0,0.0005275206349324,0.1084051293187907,0.0433334190997162,23.90438968088897
2018-09-24,Dhuri,0.0,0.0,0.0,0.0349180225113576,0.015754988247698,0.0,0.0,12.942859394952565
2018-09-24,Lehra,0.0,0.0,0.0,0.0012958008737768,0.0012958008737768,0.0,0.0,9.298092739459944
2018-09-24,Malerkotla,0.0,0.0,0.0,0.0510788951734347,0.0016586527012155,0.0,0.0,12.218509459327713
2018-09-24,Moonak,0.0003847732053448,0.0,0.0,0.0,0.0,0.0,0.0,6.8146575745951
2018-09-24,Sangrur,0.0,0.0,0.0,0.0054841328611863,0.0137477221183611,0.0,0.0,11.433332743011688
2018-09-24,Sunam,0.0,0.0,0.0,0.0025514469515266,0.0061001692873625,0.0,0.0,9.431274840131072
2018-09-25,Dhuri,0.0,0.0,0.0095458906143903,0.0,0.0,0.0362081233496693,0.0043347201691093,12.868125376828297
2018-09-25,Lehra,0.0,0.0,0.0036409479216672,0.0,0.0,0.0,0.0,9.922220928104668
2018-09-25,Malerkotla,0.0,0.0,0.012287389004736,0.0,0.0,0.0596850596900497,0.0227519208565354,12.215952350300793
2018-09-25,Moonak,0.0,0.0,0.0,0.0,0.0,0.0,0.0,6.640097852862883
2018-09-25,Sangrur,0.0,0.0,0.007650454927768,0.0,0.0,0.0006402197925906,0.0049728771139468,11.314699047174491
2018-09-25,Sunam,0.0,0.0,0.0051606992658759,0.0,0.0,0.0,0.0015796231205708,9.593081325908953
2018-09-26,Dhuri,0.0,0.0,0.0,0.0,0.0,0.0,0.0,14.685193371057302
2018-09-26,Lehra,0.0,0.0,0.0,0.0,0.0,0.0,0.0,11.25011966177674
2018-09-26,Malerkotla,0.0,0.0,0.0,0.0,0.0,0.0,0.0,13.729043047471158
2018-09-26,Moonak,0.0,0.0,0.0,0.0,0.0,0.0,0.0,8.106860430581976
2018-09-26,Sangrur,0.0,0.0,0.0,0.0,0.0,0.0,0.0,12.938485711612378
2018-09-26,Sunam,0.0,0.0,0.0,0.0,0.0,0.0,0.0,10.901111310503754
2018-09-27,Dhuri,0.0,0.0,0.0,0.0,0.0,0.0,0.0,9.614915684302868
2018-09-27,Lehra,0.0,0.0,0.0,0.0,0.0,0.0,0.0,9.093495171557159
2018-09-27,Malerkotla,0.0,0.0,0.0,0.0,0.0,0.0,0.0,8.425124520561198
2018-09-27,Moonak,0.0,0.0,0.0,0.0,0.0,0.0,0.0,6.120448050328585
2018-09-27,Sangrur,0.0,0.0,0.0,0.0,0.0,0.0,0.0,9.142122069264968
2018-09-27,Sunam,0.0,0.0,0.0,0.0,0.0,0.0,0.0,8.17008725262309
2018-09-28,Dhuri,0.0,0.0,0.0,0.0,0.0,0.0,0.0,7.7803696227143675
2018-09-28,Lehra,0.0,0.0,0.0,0.0,0.0,0.0022871901746839,0.0,7.182501942696804
2018-09-28,Malerkotla,0.0,0.0,0.0,0.0,0.0,0.0,0.0,6.503570584476481
2018-09-28,Moonak,0.0,0.0,0.0,0.0,0.0,0.0,0.0,4.806005086461665
2018-09-28,Sangrur,0.0,0.0,0.0,0.0,0.0,0.0012772304596312,0.0,8.27659622292242
2018-09-28,Sunam,0.0,0.0,0.0,0.0,0.0,0.0017648293952723,0.0,6.54745833282007
2018-09-29,Dhuri,0.0,0.0,0.0,0.0,0.0,0.0,0.0,3.3889348338559677
2018-09-29,Lehra,0.0,0.0,0.0,0.0,0.0,0.0,0.0,2.958088415878741
2018-09-29,Malerkotla,0.0,0.0,0.0,0.0,0.0,0.0,0.0,3.0924304739199124
2018-09-29,Moonak,0.0,0.0,0.0,0.0,0.0,0.0,0.0,1.8420280857072922
2018-09-29,Sangrur,0.0,0.0,0.0,0.0,0.0,0.0,0.0,2.8142490538136293
2018-09-29,Sunam,0.0,0.0,0.0,0.0,0.0,0.0,0.0,2.538781879321956
2018-09-30,Dhuri,0.0,0.0,0.0,0.0,0.0,0.0,0.0,3.3889348338559677
2018-09-30,Lehra,0.0,0.0,0.0,0.0,0.0,0.0,0.0,2.958088415878741
2018-09-30,Malerkotla,0.0,0.0,0.0,0.0,0.0,0.0,0.0,3.0924304739199124
2018-09-30,Moonak,0.0,0.0,0.0,0.0,0.0,0.0,0.0,1.8420280857072922
2018-09-30,Sangrur,0.0,0.0,0.0,0.0,0.0,0.0,0.0,2.8142490538136293
2018-09-30,Sunam,0.0,0.0,0.0,0.0,0.0,0.0,0.0,2.538781879321956
2019-06-01,Dhuri,0.0,0.0,0.0,0.0002276756462048,0.0,0.0,0.0,0.0
2019-06-01,Lehra,0.0,0.0,0.0,0.0,0.0,0.0,0.0,0.0
2019-06-01,Malerkotla,0.0,0.0,0.0,0.0016965408576652,0.0,0.0,0.0,0.13942313115888583
2019-06-01,Moonak,0.0,0.0,0.0,0.0,0.0,0.0,0.0,0.0
2019-06-01,Sangrur,0.0,0.0,0.0,0.0,0.0,0.0,0.0,0.0
2019-06-01,Sunam,0.0,0.0,0.0,0.0,0.0,0.0,0.0,0.0
2019-06-02,Dhuri,0.0,0.0,0.0312133496733043,0.0151067744432525,0.0058319906238466,0.0024365938721034,0.0,0.0
2019-06-02,Lehra,0.0,0.0,0.0016989364230539,0.0005824233176099,0.0001109364469584,0.0003899836292475,0.0,0.0
2019-06-02,Malerkotla,0.0,0.0,0.0591833280465964,0.0137789718906528,0.0050960846045719,0.0028715288748831,0.0,0.13942313115888583
2019-06-02,Moonak,0.0,0.0,0.0001843567115429,0.0001217919489135,7.095405142839202e-06,1.904543144822431e-06,0.0,0.0
2019-06-02,Sangrur,0.0,0.0,0.0225457334890961,0.0147487960888871,0.0068360208117935,0.0024429151318534,0.0,0.0
2019-06-02,Sunam,0.0,0.0,0.0208334664535608,0.0092965512158116,0.0036827149233431,0.003674003209848,0.0,0.0
2019-06-03,Dhuri,1.0080252567687156e-05,4.032101027074862e-05,0.0,0.0,0.0,0.0,0.0,0.0
2019-06-03,Lehra,0.0,0.0,0.0,0.0,0.0,0.0,0.0,0.0
2019-06-03,Malerkotla,7.103477297018148e-05,0.0004812241053774,0.0,0.0,0.0,0.0,0.0,0.15814247904151363
2019-06-03,Moonak,0.0,0.0,0.0,0.0,0.0,0.0,0.0,0.0
2019-06-03,Sangrur,0.0,0.0,0.0,0.0,0.0,0.0,0.0,0.0
2019-06-03,Sunam,0.0,0.0,0.0,0.0,0.0,0.0,0.0,0.0
2019-06-04,Dhuri,0.0,0.0,0.0,0.0,0.0,0.0004126290071078,0.0101616749201308,0.5380857387167624
2019-06-04,Lehra,0.0,0.0,0.0,0.0,5.276485808280995e-06,0.0001582945842528,0.0005513928481377,3.087375318591005
2019-06-04,Malerkotla,0.0,0.0,0.0,0.0,0.0,0.0010693241004316,0.0389408865511151,0.26552402540359504
2019-06-04,Moonak,0.0,0.0,0.0,0.0,1.7444514431493492e-06,2.2834951475185036e-05,2.649895638266268e-05,0.7295674036801536
2019-06-04,Sangrur,0.0,0.0,0.0,0.0,0.0,0.0006919573935582,0.0068800268626156,1.30799903346489
2019-06-04,Sunam,0.0,0.0,0.0,0.0,0.0,0.0011705089418683,0.0115404033235141,3.8711110263829287
2019-06-05,Dhuri,5.6686782706740566e-05,0.0,0.0,0.0,0.000539992861873,0.0001113330037531,0.0009375112184154,5.345178586820853
2019-06-05,Lehra,6.642682819801848e-06,0.0,0.0,0.0,5.9784160839626566e-05,0.0001450319396099,6.199837662279606e-05,4.457337331640169
2019-06-05,Malerkotla,8.821187323552035e-05,0.0,0.0,0.0,0.0016464824990732,0.0003613239902965,0.0044195803993066,1.1306948139024564
2019-06-05,Moonak,0.0,0.0,0.0,0.0,0.0,0.0,0.0,1.1019793001913847
2019-06-05,Sangrur,0.0001358626260688,0.0,0.0,0.0,0.0007261874935855,0.0003264628633457,0.0006259113142732,8.090963956841424
2019-06-05,Sunam,2.555982583934175e-05,0.0,0.0,0.0,0.0018847534832145,0.0015755687366306,0.0010548402871271,7.892284513248364
2019-06-06,Dhuri,0.0,0.0,0.0,0.0,0.0037387815484015,0.0001578115516167,3.641804852866864e-05,5.347592229214217
2019-06-06,Lehra,0.0,0.0,0.0,0.0,0.0,0.0,0.0,4.519734980003158
2019-06-06,Malerkotla,0.0,0.0,0.0,0.0,0.0182977764551261,0.0004978524336495,0.0001162457629756,1.0817496351382463
2019-06-06,Moonak,0.0,0.0,0.0,0.0,0.0,0.0,0.0,1.1570219958171997
2019-06-06,Sangrur,0.0,0.0,0.0,0.0,0.0004387615502179,0.0001513004868424,0.0,8.10555243714784
2019-06-06,Sunam,0.0,0.0,0.0,0.0,0.0001380729893623,1.0014441613748204e-05,0.0,7.943525914049125
2019-06-07,Dhuri,0.0,0.0,0.0,0.0032932848659005,0.3045652722093192,0.0023588512346825,0.0031594546903348,5.347592229214217
2019-06-07,Lehra,0.0,0.0,0.0,0.0,0.2940465193241834,0.0406494536437094,0.0,4.519734980003158
2019-06-07,Malerkotla,0.0,0.0,0.0,0.003263879213981,0.2240251904087407,0.0028104020789864,0.0039891343663579,1.0817333255900325
2019-06-07,Moonak,0.0,0.0,0.0,8.824777129727106e-05,0.2613181819518407,0.0238314689292262,0.0,1.1570219958171997
2019-06-07,Sangrur,0.0,0.0,0.0,0.0025203190078692,0.4182587728968688,0.0081891964405908,0.0004245100218603,8.10555243714784
2019-06-07,Sunam,0.0,0.0,0.0,0.0010091742057868,0.4552053851740701,0.0394240288795637,0.0001320951715959,7.943525914049125
2019-06-08,Dhuri,0.0,0.0,0.0,5.730163284376679e-05,0.0211099354597866,0.0026035587219336,0.0308035281936595,5.4323354862814055
2019-06-08,Lehra,0.0,0.0,0.0,0.0,0.0195247840238153,0.0008099246679194,0.0160388827571296,4.523853805508007
2019-06-08,Malerkotla,0.0,0.0,0.0,0.0003678468102797,0.0385874875189204,0.004541093030379,0.0630430920448686,1.0075405459542273
2019-06-08,Moonak,0.0,0.0,0.0,0.0,0.004400804794083,0.0004796899835734,0.0016162540220345,1.1570219958171997
2019-06-08,Sangrur,0.0,0.0,0.0,2.876980553472615e-07,0.024323667844458,0.0026662726681284,0.0288235473230348,8.127006117750303
2019-06-08,Sunam,0.0,0.0,0.0,0.0,0.0324191965046338,0.0019180118431125,0.0281187961310414,7.951888264817013
2019-06-09,Dhuri,0.0,0.0037204421203734,0.0093590331486087,0.0204451462314781,0.0043278793236822,0.0220906605060339,0.0201091983868867,5.4323354862814055
2019-06-09,Lehra,0.0,1.1260450037298142e-05,6.295163075265009e-05,0.0003022905366378,3.022905639227247e-05,9.730200690682976e-05,0.0006687257118755,4.523853805508007
2019-06-09,Malerkotla,1.1666591620139246e-05,0.0116529566003009,0.0143867127896685,0.0259905596945567,0.0085481033311225,0.0471354565317077,0.0314673186013741,1.0075405459542273
2019-06-09,Moonak,0.0,2.567150355995788e-06,2.4815788492560387e-05,0.0002396006602793,8.813882595859468e-05,0.0004081769535938,0.0010268602054566,1.1570219958171997
2019-06-09,Sangrur,0.0,0.0021780441282836,0.0067973424601015,0.0194450353956199,0.003006175457423,0.0113467936103656,0.021935430382395,8.127006117750303
2019-06-09,Sunam,0.0,0.0004824581589153,0.003457465534471,0.0145108060839577,0.0021778194815332,0.0053118044062492,0.0182234354345252,7.951888264817013
2019-06-10,Dhuri,0.03764862770384,0.0464807053689252,0.0,0.0,0.4771692644466053,2.475569172339006,0.1339242373677817,5.4323354862814055
2019-06-10,Lehra,0.0189583115861751,0.0264163499232381,0.0,0.0,0.6041164360940456,1.3711198307573795,0.2554980833083391,4.523853805508007
2019-06-10,Malerkotla,0.0431723209497119,0.0694257784634828,0.0,0.0,0.3059524271105017,1.8035433462687904,0.0910535150074533,0.9888211980715996
2019-06-10,Moonak,0.0048876819588864,0.0213793891016393,0.0,0.0,0.4749573146303494,0.7623612980047861,0.2064249192674954,1.1570219958171997
2019-06-10,Sangrur,0.0387946560180613,0.0215561242907174,0.0,0.0,0.5531859344669751,2.1591209088053023,0.2229280937463045,8.127006117750303
2019-06-10,Sunam,0.0278531247749924,0.0301516030116805,0.0,0.0,0.6411717885306903,1.786867441875594,0.2725383527576923,7.951888264817013
2019-06-11,Dhuri,0.0285100159235298,0.0,0.0,0.0237025372176007,0.6106667979197069,0.1755716746503656,0.4332648461515253,4.894249747564643
2019-06-11,Lehra,0.0680536602158099,0.0004348412767285,0.0,0.0318549023941159,0.4724111389368772,0.1299416432157158,0.2514409935101866,1.436478486917002
2019-06-11,Malerkotla,0.0539087210116641,0.0,0.0,0.0202572581890438,0.4831961499793188,0.2127287717802184,0.500980273953506,0.8814396517095182
2019-06-11,Moonak,0.0583234000951051,0.0026259382235972,0.0,0.0269022839299092,0.2946040431658427,0.0937871178612113,0.1752651954690615,0.42745459213704595
2019-06-11,Sangrur,0.0382557779750121,1.134629565058276e-05,0.0,0.0220724066519843,0.6464768861021314,0.1563636692506926,0.4115140778677804,6.8190070842854125
2019-06-11,Sunam,0.0537040764465928,8.494746829715691e-05,0.0,0.0217913051767806,0.6163935980626515,0.1362985987216234,0.3320639436798436,4.080777238434084
2019-06-12,Dhuri,0.0,0.0025644653995352,1.462291563099081,0.305454015054486,0.4755164926702326,0.8067663664167578,0.920746857469732,0.0871568994605523
2019-06-12,Lehra,0.0,0.0,2.1046435087919235,0.248725407756865,0.5053908675909042,0.9350711647421122,0.947531072422862,0.0665164738678375
2019-06-12,Malerkotla,0.0,0.0028093191753474,0.7262637881296021,0.208572949415871,0.3472486532160214,0.4395342660801751,0.522529869207314,0.016268863210656723
2019-06-12,Moonak,0.0,0.0,1.0932260950406392,0.1169187494864066,0.2626986391842365,0.3371535340944926,0.449830671151479,0.0550426956258149
2019-06-12,Sangrur,0.0,4.26464996832822e-05,1.5971485333783286,0.2598165473235505,0.4208967297204903,0.7771918629961354,0.8570029416254589,0.036042160908879
2019-06-12,Sunam,0.0,0.0,1.9670703411102293,0.2454347227300916,0.486627673464162,0.9406001408185276,0.9029766778860774,0.0596037515686492
2019-06-13,Dhuri,0.0,0.1705668209628625,0.415996447882869,0.1243840527128089,0.0397748406976461,0.0060350092826411,0.0037422882239545,0.0847432570671884
2019-06-13,Lehra,0.0,0.0691669542793533,0.2056829569119145,0.0880816094759211,0.0281283978233659,0.0096428391418612,0.0020251420123287,0.0041188255048489
2019-06-13,Malerkotla,0.0,0.079492520723891,0.2037035561931718,0.0522057933350359,0.0088934173958737,0.0012512229282687,0.0018802530698199,0.0155012234908229
2019-06-13,Moonak,0.0,0.0293324502805868,0.0990651759008566,0.0576277070989211,0.0122797744115814,0.0041087325371336,5.678728575730929e-05,0.0
2019-06-13,Sangrur,0.0,0.1685591712594032,0.405365346797875,0.1560602955786245,0.0552487877596701,0.0117128525557096,0.0041351612017024,0.0214536806024636
2019-06-13,Sunam,0.0,0.1809136053281171,0.4889659200395856,0.2027732711285352,0.079351056633251,0.0204831465047651,0.0047447328148077,0.0083623507678888
2019-06-14,Dhuri,1.6160150983116843,0.94567639448426,1.9802072860977864,0.34576531838287,0.1112255753779953,0.7489864528179169,1.3485486101020463,0.0847432570671884
2019-06-14,Lehra,1.0752083137631416,1.7715333625674248,1.4066480323672297,0.2791249025613069,0.174441123381257,0.6480801645666361,1.7658164501190186,0.0041188255048489
2019-06-14,Malerkotla,1.280338503420353,0.6993997602590493,1.5962184220552444,0.3008687325886318,0.0778576287640524,0.6614949064595359,0.8743061077381883,0.0155012234908229
2019-06-14,Moonak,0.8279631833235422,1.7855868935585022,1.3697344958782196,0.358818502475818,0.1158264105518658,0.4714711457490921,1.5283395051956177,0.0
2019-06-14,Sangrur,1.3935841130358833,1.096663813505854,2.09682092496327,0.3447994323713438,0.0961534776392259,0.6292178077357156,1.474977733833449,0.0214536806024636
2019-06-14,Sunam,1.211294744695936,1.420600801706314,1.8255966859204429,0.299128141786371,0.1180015095908727,0.6128219206418309,1.490560723202569,0.0083623507678888
2019-06-15,Dhuri,1.4389584281227803,0.3127361834049225,0.183888029307127,0.183898429301652,0.091038512235338,0.0062643909768667,0.0131063173017041,0.0
2019-06-15,Lehra,1.0130605697631836,0.1750583089888095,0.3362843953073025,0.1227445695549249,0.163244825322181,0.0543962399242445,0.0162014274392277,0.0
2019-06-15,Malerkotla,1.15099675314767,0.2630311362445354,0.1041412125341594,0.1993359282080616,0.0858839037828147,0.0053142020229383,0.0092727280820586,0.0
2019-06-15,Moonak,0.7736020038525263,0.1556586679071188,0.354879838724931,0.0886197028060754,0.1353034048030773,0.0354957774591942,0.0172765005845576,0.0
2019-06-15,Sangrur,1.3775581951652254,0.2624079185937132,0.1915562844702175,0.1381259565906865,0.096657526679337,0.0082584163714532,0.0084736212614058,0.0
2019-06-15,Sunam,1.0791422809873308,0.1815177031925746,0.2482054382562637,0.1057589881654296,0.1225236095488071,0.0181250993544901,0.0067550511656528,0.0
2019-06-16,Dhuri,0.0661426512101157,0.416268065571785,0.1164956919171593,0.0271444178440354,0.0001882907765155,0.0474824556149542,0.0720733659849925,0.0
2019-06-16,Lehra,0.1432554146740585,0.2813352192752063,0.3025311781093478,0.0294628974515944,0.0013323163375389,0.0038915936620469,0.0555639343801885,0.0
2019-06-16,Malerkotla,0.0221956086378278,0.1882256051924611,0.0378868013503961,0.0069075324489468,0.0001668259716487,0.0305798718680827,0.0401498142746277,0.0
2019-06-16,Moonak,0.1449391031637787,0.2673433863868316,0.2692540145168702,0.0208060881899048,0.0005800271319458,0.0052403000881895,0.0553227706501881,0.0
2019-06-16,Sangrur,0.0893004696949252,0.3658184616693428,0.1696572021714278,0.0306357134249992,0.0001820336895304,0.0200297765383896,0.0576712092650788,0.0
2019-06-16,Sunam,0.1383836261728512,0.4015034096581595,0.302504202284451,0.0411989161054537,0.0002713502451245,0.0102242219415659,0.0628907154147912,0.0
2019-06-17,Dhuri,0.0038752210199494,0.0010400303501889,0.0028166009367189,0.0028303731232881,6.60717837904072e-05,0.0001258409683941,0.0321307371963154,0.0
2019-06-17,Lehra,0.0099973596388736,0.0021241378490231,0.0009050175567608,0.0011262324250083,0.0,0.0002969536938479,0.013055670337053,0.0
2019-06-17,Malerkotla,0.0046800541084459,0.0014404884766138,0.0056667519976534,0.0038533245720567,0.0001626717564379,9.75341839486126e-05,0.0645674687943288,0.0
2019-06-17,Moonak,0.0521111724798781,0.0096438311026455,0.0034378588442981,0.0020875422153494,0.0,0.0003355272872909,0.056124064384979,0.0
2019-06-17,Sangrur,0.0186037915326388,0.0047023405079796,0.0025656192551001,0.0079753548322644,0.0002057129339456,0.0005626885675675,0.0868183866342795,0.0
2019-06-17,Sunam,0.0267223517834541,0.0059722518646075,0.0023666875795892,0.0068332991268107,2.500534583305125e-05,0.0007977387504719,0.0617877979987367,0.0
2019-06-18,Dhuri,0.0733105667274106,0.1182330994104797,0.0492504105310548,0.2880655682899735,0.1018619781190698,0.0746147950941866,0.5806689573959871,0.0
2019-06-18,Lehra,0.0402377846185117,0.0859283837489783,0.0195168106874916,0.0665669050067663,0.0108979868819005,0.0835925748106092,0.1649972316808998,0.0
2019-06-18,Malerkotla,0.0380488666705787,0.0790389274646129,0.0382294640876352,0.1871325240603515,0.0570807872406606,0.0761942361880626,0.3032847499208791,0.0
2019-06-18,Moonak,0.0249773912752668,0.0406122342683374,0.0072602644795551,0.0461970291410883,0.0012810869763294,0.1678329147398471,0.0886008534580469,0.0
2019-06-18,Sangrur,0.0688349766922848,0.1236698699316808,0.0321730465096022,0.2046072637396199,0.0653429735851075,0.0562187556310423,0.5248642585107258,0.0
2019-06-18,Sunam,0.056215403335435,0.1126678333218608,0.0235563282289409,0.1228561255016497,0.0318176749361945,0.0810022448588694,0.2750846677060638,0.0
2019-06-19,Dhuri,0.061153827954761,0.0074845913411329,0.0003026720799177,0.0469305098099126,0.0155598712100816,0.0193803015651858,0.068893172820522,6.708649368516075e-05
2019-06-19,Lehra,0.0839161504372896,0.0809292283593094,0.0,0.0404709940976317,0.0529985510329424,0.0256383717878634,0.0977368093590485,0.0
2019-06-19,Malerkotla,0.0210804046863423,0.0028822877273861,0.0001464043910216,0.0131540677892709,0.0045417176152113,0.0062724415079823,0.0180581215203606,0.0001123656709318138
2019-06-19,Moonak,0.0191378098582693,0.0259024621530746,0.0,0.0067645891516197,0.0177581030196355,0.0059225718772116,0.0294029269910727,0.0
2019-06-19,Sangrur,0.0635439795005368,0.0153446620845768,0.0,0.0430841401627861,0.0217527809186971,0.0222033139112422,0.0797249777554368,0.0
2019-06-19,Sunam,0.0925152662592674,0.0606285783807314,0.0,0.0540609638717017,0.0451518760855833,0.0349789758485193,0.1138257874886871,0.0
2019-06-20,Dhuri,0.0029330957596274,0.0,0.010419516633688,1.0601470551707528,0.4786602482199669,0.613614637743343,0.0012481576612282,0.43279303778465894
2019-06-20,Lehra,0.0239381620776839,0.0,0.1363112293183803,3.8077460676431656,1.8594843447208405,0.9490971080958844,0.0043770969496108,0.0
2019-06-20,Malerkotla,0.0032085132302849,0.0,0.0006796377835728,0.7478205391338894,0.2228441049477883,0.5437502818448203,0.0034378219237883,0.7398162561005198
2019-06-20,Moonak,0.0526440478861331,0.0003701821745683,0.1301257691035668,3.909835934638977,1.5032446285088856,1.124594360589981,0.0182290988353391,0.0
2019-06-20,Sangrur,0.0128658896095917,0.0,0.0260304489638656,1.5313198694161003,0.6503618822566101,0.5500695662839072,0.001298829233357,0.3618314692800732
2019-06-20,Sunam,0.0146590289826105,0.0,0.0543931023151214,2.2221028826066425,0.9255541312907424,0.5340751313737461,0.0030793379368593,0.0011059287264873
2019-06-21,Dhuri,0.0,0.0443014935166998,0.5635373890399933,0.3925948671319268,0.0460268867371434,0.1932986761358651,0.0562568395821885,0.43696451554169874
2019-06-21,Lehra,0.0,0.1572897790465504,0.3308198945596814,0.426952600479126,0.1497160424478352,0.0754074507858604,0.116320171393454,0.0
2019-06-21,Malerkotla,0.0,0.0425494786884103,0.596842457141195,0.4645758154136793,0.004518016628156,0.1698823557900531,0.0398355330606656,0.7407776374198356
2019-06-21,Moonak,0.0,0.4013819098472595,0.3961681748429934,0.4946170871456464,0.0828521143024166,0.0661070433755715,0.1093329545110464,0.0
2019-06-21,Sangrur,0.0,0.0851729655904429,0.598153432565076,0.4200940557888576,0.0842781334317156,0.1322393345513514,0.0751541141819741,0.367576239908878
2019-06-21,Sunam,0.0,0.1497453443839081,0.4973637041236673,0.4453073122671672,0.1238090666010975,0.1115216265565582,0.1249708993626492,0.0011242362812271475
2019-06-22,Dhuri,0.1968485990708524,1.0143303139643236,0.2480474906888875,0.1053867925974455,0.5596798665144227,0.0073744859546422,0.0744963734495368,0.4374501743024579
2019-06-22,Lehra,0.0554991641365631,0.5012133347336203,0.0246442563257005,0.0237114232031672,0.3352049437235109,0.0,0.0117905292481736,0.0
2019-06-22,Malerkotla,0.2299487218260765,1.080059962613242,0.3496354142470019,0.0800553910168153,0.6921811055924211,0.0120742289748575,0.0357946429202067,0.7419865032980549
2019-06-22,Moonak,0.0697872570405403,0.9004669760664304,0.0244744544615969,0.0375811638465772,0.4095905820528666,0.0,0.0030879133555572,0.0
2019-06-22,Sangrur,0.1748396546712943,1.3813164745058333,0.248134865292481,0.1247605394039835,0.8704626581498555,0.0040082608715498,0.0622803512628057,0.3802693917266325
2019-06-22,Sunam,0.1322857870587281,1.1663060443741935,0.1097279897491846,0.0764961194113961,0.6580724226576942,0.0010175499306309,0.0405751004083348,0.0017349178014044878
2019-06-23,Dhuri,1.2746406901966445,0.30244861475446,0.2754986855116757,0.2733476802029393,0.2991895885630087,0.0,0.0111380194800651,0.9378533873336897
2019-06-23,Lehra,1.210599314421415,0.3659416045993566,0.172786146402359,0.1035039257258176,0.1906293341889977,0.0,0.0,0.0
2019-06-23,Malerkotla,1.4256578513554163,0.37419750222138,0.3647662507636206,0.4918006924646241,0.2763027995824814,0.0,0.0158435587737975,1.1760688718528574
2019-06-23,Moonak,1.6946906646092732,0.5265292028586069,0.1343969826896985,0.1149607766419649,0.1775605008006096,0.0,0.0,0.0
2019-06-23,Sangrur,1.2516332417726517,0.4321943055838346,0.3251521023256438,0.204882693610021,0.2764523324689695,0.0,0.0066774219158105,0.8004057633572326
2019-06-23,Sunam,1.2172981458050864,0.4441773800977638,0.2386130408516951,0.147236855700612,0.2393395070518766,0.0,0.0017914208749841,0.0044313049019598875
2019-06-24,Dhuri,0.2844813608310439,0.0267105632546273,0.1054498221386562,0.0344509387981485,0.0,0.0305273610336536,0.1130201818252151,2.533183782290117
2019-06-24,Lehra,0.0711581381037831,0.0585339576937258,0.0276304064318537,0.0043408943820395,0.0,0.0079159467277349,0.0889961703214794,0.8921509588736637
2019-06-24,Malerkotla,0.3446109236351081,0.0123194504329668,0.145367151924542,0.0237921971628176,0.0,0.0504184789024293,0.0828759582447154,1.8080561872026704
2019-06-24,Moonak,0.0765319156150023,0.0459089161207278,0.052267680875957,0.0004816668200267,0.0,0.0132762124606718,0.1368506588041782,0.3088729918907853
2019-06-24,Sangrur,0.2342829850635358,0.0325759793382271,0.0560940031760505,0.0171538130629674,0.0,0.029037705909494,0.1441706764910902,2.075607289361145
2019-06-24,Sunam,0.1277249907808644,0.0456653377373835,0.0363678940837936,0.0088508675606655,0.0,0.0147908322147226,0.1315229646861553,1.2707143835494499
2019-06-25,Dhuri,0.0626358516852964,0.263916863636537,0.0361753128130327,0.202853685752912,0.9440633302385156,2.8320183916525408,0.6316187991337343,2.533183782290117
2019-06-25,Lehra,0.0448550354340113,0.4233474526554346,0.0449712997069582,0.2723887972533703,0.5397562924772501,0.9601983949542046,0.8569905050098896,0.8921509588736637
2019-06-25,Malerkotla,0.0362278280912765,0.2283900007605552,0.0207809930933373,0.1805700015808855,1.1522687716143472,2.9459043783800944,0.5881647786923817,1.8080984087058651
2019-06-25,Moonak,0.0121748948149615,0.2365337088704109,0.037722064803044,0.2240796238183975,0.425707792242368,0.7665630131959915,0.8391960362593333,0.30894701506463074
2019-06-25,Sangrur,0.0466449667500065,0.2501738215131419,0.046850898402876,0.2043406356658254,0.956031539610454,1.8687622887747628,0.6440109887293407,2.075611683471353
2019-06-25,Sunam,0.0399396894333351,0.27033334571336,0.0511209246968584,0.1968333353953702,0.7449934503861836,1.275136879512242,0.6943302814449582,1.2707143835494499
2019-06-26,Dhuri,0.0846192164515907,0.0376558132808316,0.0,0.3067203529856421,4.583831722086126,0.0324190294539386,0.0831426249986345,2.7262359270103214
2019-06-26,Lehra,0.0711664822883904,0.0010612769983708,0.0,0.3667143266648054,5.565030217170715,0.3774618040770292,0.2608085470274091,0.9518072680757674
2019-06-26,Malerkotla,0.0745092283136078,0.0321830061729997,0.0003176551420308,0.2782707256930215,3.458744866507394,0.0497796138016773,0.0842960038488464,2.0006044742690006
2019-06-26,Moonak,0.0552101815119385,0.0,0.0,0.3776141727964083,4.746907452742259,0.4315162127216657,0.3445142383376757,0.33257755392922145
2019-06-26,Sangrur,0.0632366804139954,0.0290893032880766,0.0,0.3629749853696142,5.877906935555594,0.094823431489723,0.1723708042076655,2.4541874128920025
2019-06-26,Sunam,0.051984565598624,0.0088035624441025,0.0,0.4400113469788006,7.237228240285601,0.2163581097764628,0.2330248765647411,1.5153996170657673
2019-06-27,Dhuri,0.0061834138098426,0.0,0.0,0.0871938653290271,0.0007286434305239,0.0,0.0584519515660676,6.869679691013323
2019-06-27,Lehra,0.0006546500007971,0.0,0.0,0.0068912887218175,0.0002182166354032,0.0,0.0331289201276376,1.55088645634192
2019-06-27,Malerkotla,0.0099300572182983,0.0,0.0,0.0788445544562169,0.0008184035687008,0.0,0.1004511712651167,5.564354542086802
2019-06-27,Moonak,3.5213852243032306e-05,0.0,0.0,0.0007244325970532,0.0,0.0,0.007744049692216,0.45491328836733547
2019-06-27,Sangrur,0.0140132706312994,0.0,0.0,0.0622362713994724,0.0007064058029625,0.0,0.0321651659157526,5.4212443823964325
2019-06-27,Sunam,0.0034256250655744,0.0,0.0,0.0250169829149464,0.0002468261871919,0.0,0.031010602218365,3.492719714626818
2019-06-28,Dhuri,0.0279211145402355,0.0080939801833169,0.0006951642175078,0.0,0.0684675418094478,1.1224212592298335,1.2996936440467834,9.477785947564282
2019-06-28,Lehra,0.0442459948826581,0.0051934231014456,0.0013173696934245,0.0,0.1226807339116931,0.9064247757196426,3.985689952969551,2.6979808372114515
2019-06-28,Malerkotla,0.0179516956476228,0.0121239243141774,0.0001404732174705,0.0,0.0687175272365233,1.1749998586518424,0.9563272297382356,7.52889821032256
2019-06-28,Moonak,0.054716657847166,0.0102237581353013,0.0,0.0,0.137026966859897,0.6786158631245295,3.664811670780182,0.8406488270009229
2019-06-28,Sangrur,0.0269042170673076,0.0010003508234928,0.0013151587668939,0.0,0.151551797121231,1.1711620880024771,2.112297377416066,8.362683308023907
2019-06-28,Sunam,0.0358363739214837,0.0003789172998429,0.001066658903645,0.0,0.1558014158425586,1.0189024550574166,3.1002688833645413,6.00920957975239
2019-06-29,Dhuri,0.0241115252826024,0.0248436074788597,0.0,0.0120043897133489,2.917129093950445,7.679030981930819,0.4650439186529679,11.212319267161082
2019-06-29,Lehra,0.0107270010194042,0.010422801162349,0.0,0.0047453983424929,2.237595923244953,3.430834859609604,0.4156952518969774,3.0613048819855635
2019-06-29,Malerkotla,0.0176073997946722,0.0171559418085962,0.0001538891062539,0.0225984810053237,3.13212508388928,9.089419841766356,0.6017824581691197,10.691498018951538
2019-06-29,Moonak,0.0047148736969878,0.002841277862899,0.0005488056146229,0.0116769064916297,2.3772466679414115,3.788560966650645,0.4041597669323285,1.6491501108069309
2019-06-29,Sangrur,0.0197034815625686,0.022542035922275,0.0016219908970275,0.0161859547120652,3.431659894330161,5.527130203587668,0.4145385814564569,9.75437983774133
2019-06-29,Sunam,0.0113150183626982,0.0184839375849281,0.0001315378384398,0.0094217848964035,2.921777699674879,4.081435739994049,0.3890900047762053,6.507392143259267
2019-06-30,Dhuri,0.0422330004247752,0.0172851372467861,0.0,0.0462087012234736,0.7177742611278187,0.2698298089883544,0.1444927037439563,19.130640356577967
2019-06-30,Lehra,0.0712631985079497,0.0152024170383811,0.0,0.0472871173988096,1.0104934088885784,0.0236399473506025,0.1086706027854234,12.823536296610396
2019-06-30,Malerkotla,0.0158591994300617,0.0095428736032252,0.0002865301212295,0.0720417754325483,0.7199227990848678,0.4019022796835218,0.1733734070190361,16.757601733046535
2019-06-30,Moonak,0.0405347289827962,0.0047781889443285,0.0006222904194146,0.1304706111550331,0.9601558794577916,0.00960460153874,0.1127611808478832,8.937354723559386
2019-06-30,Sangrur,0.0543265570886433,0.0118159261453131,0.0036778281043682,0.0762442491000651,1.1683509637202536,0.1839835204716239,0.1946540251374244,18.7279713438193
2019-06-30,Sunam,0.0577905046354447,0.0115590924313957,0.0004309276451489,0.0751617716492286,1.1540391338723046,0.0824978392837303,0.1921959338443619,16.770220629921372
2019-07-01,Dhuri,0.0,0.0,0.0,0.476312866942449,0.3435821397738023,0.3898769874464382,0.8237258900295604,20.385532783553323
2019-07-01,Lehra,0.0,0.0,0.0323035396868363,0.0955261462368071,0.3482878860086202,0.3659168910235166,0.7713756896555424,13.59272267380127
2019-07-01,Malerkotla,0.0001939384050534,0.0,0.0008544731369641,0.8351521641016006,0.5122612033571515,0.4506941299353327,1.397280222603253,18.295757185532306
2019-07-01,Moonak,0.0,0.0,0.0418421832534174,0.1715199910104274,0.4557820608218511,0.208934236317873,0.796855499347051,11.6326862407781
2019-07-01,Sangrur,0.0,0.0,0.0005562448204727,0.2493116209017379,0.3270252815314701,0.493545372571264,0.9042539777500288,20.76406369235662
2019-07-01,Sunam,0.0,0.0,0.0015513853826892,0.1271313516689198,0.3353141956031322,0.4081650408250944,0.7829539477825165,17.730995747604595
2019-07-02,Dhuri,0.0,0.4111057743430137,0.4570724313909357,0.3163532404737039,2.0651346878571943,3.272398840297352,4.606108253652399,27.045276833843776
2019-07-02,Lehra,0.0,1.027436938136816,0.5663737058639526,0.0883840706665068,1.417461909353733,1.824004784226417,1.7453976571559906,18.39577928761683
2019-07-02,Malerkotla,0.0002503763701367,0.3479664458760193,0.8193754873105458,0.6174215477492128,1.988628140517644,4.153975827353341,6.40882134437561,25.54194031313749
2019-07-02,Moonak,0.0,0.9439127494891484,0.6162308355172476,0.1340549966941277,1.02134071290493,1.2990578015645344,1.4880971014499664,18.19468061072055
2019-07-02,Sangrur,0.0011030064197257,0.5857570511954171,0.4369528261678559,0.5650491019976991,2.0616587570735385,3.285707899502345,4.9310000240802765,28.296404173260157
2019-07-02,Sunam,2.7290493432831552e-05,0.8398161338908332,0.3210750190275056,0.2381237476531948,1.6980500519275663,2.453004781688963,3.11363183600562,23.04300608519295
2019-07-03,Dhuri,0.4555694528601386,0.2070557854392311,2.282456024126573,0.8637313761494376,1.7801948623223738,1.1519179858944633,7.024449240077626,31.92459461079781
2019-07-03,Lehra,0.8579778932034969,0.5112510845065117,1.3933309614658356,0.2738772621378302,0.7597076594829559,0.3654154296964407,3.5973513573408127,21.253722178688548
2019-07-03,Malerkotla,0.4000518481646265,0.2663506514259747,2.9647212071078166,1.6899405143090658,2.3455019933836803,1.6379835733345576,6.900642582348415,30.894293365636397
2019-07-03,Moonak,0.8956432690223058,0.5680344154437383,1.762839178244273,0.5428575600186983,0.7180442015329996,0.3947925927738349,3.327413578828176,20.41730962206676
2019-07-03,Sangrur,0.6165093045149531,0.3873547182551452,2.460085404770715,0.9061587870653186,1.8290738058941705,1.123027307646615,5.710540558610644,32.55718764962627
2019-07-03,Sunam,0.800703016774995,0.4831338631255286,1.9556173299040116,0.5487625950149128,1.2223841228655403,0.7406504164849009,4.696664869785309,27.050464229967325
2019-07-04,Dhuri,0.0033255622044882,1.6269184676083652,1.1189274435693568,2.280968064611608,6.650212461298162,7.7028233788230205,6.25393947688016,33.31549085224876
2019-07-04,Lehra,0.0101649674761574,1.6295460760593414,1.262782856822014,2.3345481008291245,5.505777269601822,4.1550602465868,6.47167643904686,21.116280975726877
2019-07-04,Malerkotla,0.0032300233828469,1.4550426985536302,0.8504682566438403,2.300303408077785,7.960738778114319,8.635288408824376,7.34891768864223,34.71395271985481
2019-07-04,Moonak,0.0489688939414918,1.781454344590505,1.393374999364217,2.349719444910685,5.026007850964864,4.397671103477478,7.700467785199483,20.575432299951675
2019-07-04,Sangrur,0.0064192150894086,1.704284782920565,1.31061828987939,2.230864371572222,6.175590123449053,7.155488150460379,5.794497472899301,33.10548716559241
2019-07-04,Sunam,0.0097305501819521,1.5275711800370897,1.3197268375328608,2.0962050557136536,5.460234676088605,5.213588901928493,6.201118213789804,26.368421987106924
2019-07-05,Dhuri,0.7657414214177565,1.7888093807480552,0.9363760297948664,6.2715792872688985,7.480647824027321,9.767017949711192,8.5040742484006,31.4907445047104
2019-07-05,Lehra,0.6247763577848673,2.596806690096855,0.9768540002405643,5.243924170732498,4.516700625419617,9.014897376298904,10.188996851444244,19.996313129272785
2019-07-05,Malerkotla,1.203419807766165,1.4975139583860124,0.9544936567544936,6.788062334060669,9.653811165264674,11.94938327584948,8.182984522410802,34.874589613780735
2019-07-05,Moonak,0.7511141349871954,2.362503429253896,1.2742110788822174,5.106114904085795,4.32728495200475,9.78584655125936,9.34815001487732,20.21256739399414
2019-07-05,Sangrur,1.0040338529007775,2.4661976524761746,1.1995892375707626,6.470490251268659,6.451750465801784,10.791984609195165,9.120172807148524,30.464782324232264
2019-07-05,Sunam,0.734395484839167,2.701415487698146,1.1934837996959686,5.712043711117336,4.951446235179901,9.718954835619243,9.171617303575788,23.90937516021763
2019-07-06,Dhuri,0.720324001529,0.5685971067710356,4.459431171417236,4.863583348014138,5.553583296862516,9.097478714856235,12.274376565759832,30.53781483669587
2019-07-06,Lehra,0.8018309511244297,0.6147765293717384,1.4882049709558487,3.756578803062439,5.382222026586533,6.221279710531235,5.546002209186554,19.65861001728253
2019-07-06,Malerkotla,0.6245141231587955,0.756550309913499,6.747827529907227,5.93475193636758,7.20586165360042,11.340797747884478,13.913686343601771,33.352319742952076
2019-07-06,Moonak,0.7899044652779897,0.9067488660415014,1.8798508644104004,3.5771557092666626,5.58629556496938,6.902359922726949,4.531583289305369,19.416154682433618
2019-07-06,Sangrur,0.5900743901729584,0.4356093172516141,4.797020550285067,4.938164557729449,5.473400814192636,8.9695850951331,10.857078552246094,29.379329750839204
2019-07-06,Sunam,0.677732666688306,0.4598560439688818,2.912178661142077,4.479391923972538,5.2947108234678,7.542479361806597,7.820685846464975,23.48853625171505
2019-07-07,Dhuri,0.9533942802385852,0.4582921876148744,0.7080368237061934,1.962494264949452,3.166170672936873,8.61389615318992,11.064327413385564,29.18592916177061
2019-07-07,Lehra,1.613698527216911,0.2019532732665538,1.2857341766357422,1.0154941715300083,2.46929869055748,5.356856316328049,5.020950049161911,11.734868814458055
2019-07-07,Malerkotla,0.596265754529408,0.6105444894305297,0.4117649527532713,1.731987748827253,2.99579062632152,10.973779882703507,13.849236283983505,35.48456784947997
2019-07-07,Moonak,1.48621008793513,0.1994588412344455,1.5319089492162068,0.8342340787251791,1.609416385491689,5.555641055107117,4.8182607889175415,13.106617629998716
2019-07-07,Sangrur,1.397952458688191,0.5253922502909388,1.0297770372458868,1.4882620934929167,3.4267615165029253,8.663373027529035,9.472953200340273,25.604593471243412
2019-07-07,Sunam,1.7862009831837244,0.3282344091151442,1.2065024546214511,1.1481380058186397,2.768268436193466,6.782693147659302,6.838907258851187,16.073130004988425
2019-07-08,Dhuri,0.2985986423763362,0.2963714745234359,0.4269701513377102,1.8408537073568865,1.1063712428916583,7.225103746760975,24.849666595458984,47.24175993900907
2019-07-08,Lehra,0.671444233506918,0.0779470412526279,0.035086138814222,0.1766396616585552,0.3415442835539579,5.132854998111725,16.4727623462677,14.653309005882978
2019-07-08,Malerkotla,0.242474550647395,0.1898078670991318,0.6788329407572746,2.695538763489042,1.4843403909887587,7.032264930861337,23.29457037789481,58.76716103176808
2019-07-08,Moonak,0.9495726724465688,0.0404584974360962,0.0284134146446983,0.1987914138784011,0.4266777150332927,4.148066123326619,15.19865369796753,12.680264362879749
2019-07-08,Sangrur,0.5369234117014068,0.2170460264065436,0.5002639426716736,1.327475471155984,0.9820632115006448,6.477209448814392,23.288766111646375,35.729677705718416
2019-07-08,Sunam,0.5999686270952225,0.1406832234933972,0.1848150060977786,0.6288887326206479,0.6641671370182719,5.478171178272793,20.134008816310335,20.19730087772499
2019-07-09,Dhuri,0.0553789890942756,0.3998746065930886,0.5975944738496434,1.979941853068092,8.349578770724209,25.52021954276345,16.538075360384855,45.25242776762795
2019-07-09,Lehra,0.1143481470644474,0.0327659275208134,0.6181299164891243,0.4924080483615398,5.446310132741928,13.869335889816284,14.332322478294373,12.304010876924202
2019-07-09,Malerkotla,0.2115904073497014,0.5588709988764354,0.8328675478696823,3.249538178954805,9.018146787370954,31.4239023072379,16.526785850524902,56.79660451336808
2019-07-09,Moonak,0.2543069658180077,0.0265456986380741,0.5977061043183008,0.5856350560983022,5.147335886955261,14.492539326349894,15.64996886253357,9.4584874622882
2019-07-09,Sangrur,0.0446225372725166,0.2609327976325793,0.6384203125323568,1.446793475321361,7.680936319487436,20.19953455243792,14.383600882121495,32.1889414765487
2019-07-09,Sunam,0.040896564871738,0.1211336806549557,0.619820379785129,0.9104932280523436,7.018701195716858,17.206469433648245,14.275494813919067,17.835140270354348
2019-07-10,Dhuri,2.866059671748768,1.2951527508822354,1.598928083073009,7.398005593906749,28.13366092335094,19.18079376220703,10.648046146739611,41.12552695781917
2019-07-10,Lehra,1.3502268940210342,0.4271959410980344,0.6339819822460413,5.308593243360519,18.65127044916153,17.034583151340485,9.200965523719788,10.344703521852923
2019-07-10,Malerkotla,3.1616069419043407,1.2813235542603902,1.848849994795663,7.972245625087193,24.93730361121041,17.77973117147173,10.054528951644896,51.78769847641788
2019-07-10,Moonak,1.5139441291491191,0.354007093856732,0.5402496432264646,5.383231163024902,19.476274728775024,16.280406713485718,8.936513225237528,8.484605534772445
2019-07-10,Sangrur,2.934365745101656,1.6520143896341324,1.564037533743041,8.509726677622114,30.28399194989885,21.45489685876029,10.748627202851432,28.58294744707239
2019-07-10,Sunam,2.2119216110025133,0.9874223960297448,1.0778539180755615,7.227781517165048,24.938083376203263,20.126242433275497,9.942626374108452,14.57760213702765
2019-07-11,Dhuri,1.1365331601012836,2.149639376185157,6.569682533090765,10.850151148709385,16.05082095753063,10.764720049771396,0.5572303438728506,36.22884350370067
2019-07-11,Lehra,1.1881602816283705,0.442883962765336,4.447894409298897,7.91797000169754,11.800232350826263,12.182523846626282,0.884689100086689,10.470668010994254
2019-07-11,Malerkotla,1.413901876126017,3.9639265622411455,9.410752892494202,13.577399798801968,16.18860105105809,10.680062924112592,0.4726410305925778,44.66602337747768
2019-07-11,Moonak,1.2927107413609822,0.5682467843095461,6.475860436757405,8.593191782633463,11.406159083048502,16.254019419352215,0.737626334031423,8.815662818657504
2019-07-11,Sangrur,1.2659432696444648,2.180334080542837,6.749775980200086,11.29869646685464,15.70544069153922,10.809723683765956,0.6309053535972323,25.703318093412808
2019-07-11,Sunam,1.096932766692979,1.15648026657956,5.716315874031612,9.5463912997927,13.973061118807111,10.345607655388967,0.6967583362545285,14.088699216785024
2019-07-12,Dhuri,3.814345229755749,8.458376776088368,32.28006024794145,21.99183602766557,17.89156220176003,14.341947035356002,9.833003174174916,37.50666928577746
2019-07-12,Lehra,2.105157658457756,4.94630840420723,36.38771653175354,19.19049656391144,15.291810095310211,8.523597419261932,6.138528823852539,11.612295439181409
2019-07-12,Malerkotla,3.8269871388162886,10.280995624405998,29.856009278978625,22.759579522269117,15.660032170159475,15.773179190499445,10.741236652646746,44.01665989681857
2019-07-12,Moonak,1.9019077618916829,4.993797143300374,36.10939915974935,22.64655955632528,14.815115451812744,7.759955604871114,5.635033369064331,10.058694436008714
2019-07-12,Sangrur,3.635801706995283,7.994476863316128,35.49912296022688,23.618080071040563,18.1088023526328,12.573121070861816,9.071663788386754,27.06160551144669
2019-07-12,Sunam,2.675935975142888,6.170369778360639,38.03335475921631,21.41680540357317,17.176708493913925,9.943566066878182,6.952371392931257,15.494320467121131
2019-07-13,Dhuri,9.612717281688344,22.980753378434613,21.866792158647016,14.748998121781783,8.23286340453408,2.2116868712685327,0.8510394800793041,38.602037412902696
2019-07-13,Lehra,6.727146208286285,16.036242365837097,13.863402903079988,10.8997740149498,7.587194949388504,2.5515192449092865,1.6719150766730309,12.964440648246127
2019-07-13,Malerkotla,10.972521202904838,24.320849418640137,21.42885943821498,17.343054158346995,8.338235190936498,1.5462331452539988,0.8105368465185165,43.71943590169817
2019-07-13,Moonak,6.776293555895488,14.517975171407064,13.862792571385702,11.75526515642802,9.003122647603353,2.1927318374315896,1.5843813916047411,11.940148739235388
2019-07-13,Sangrur,9.453283497265408,23.043928146362305,22.580719811575754,14.40975080217634,8.643280131476265,2.3596926629543304,1.1001512663705009,29.082876351974686
2019-07-13,Sunam,8.493523580687386,20.402765614645823,18.82923105784825,12.811430965151104,8.728746363094874,2.5050645555768694,1.8271991567952293,17.410972854455853
2019-07-14,Dhuri,19.55203845284202,34.924565835432574,14.04658690365878,8.181954470547764,10.190829428759487,2.558032285083424,5.47992467880249,36.99684168998075
2019-07-14,Lehra,13.222741961479189,23.30677700042725,10.412293523550034,3.519811794161797,4.687747627496719,1.6864654198288918,3.879636779427528,14.370331877402776
2019-07-14,Malerkotla,18.64001795223781,33.42015634264265,14.020282779421125,10.607127955981664,10.73483693599701,2.0382671611649648,5.637785230364118,39.09700839362284
2019-07-14,Moonak,13.182485818862917,23.705731709798176,12.151180108388266,4.452659289042155,5.253696242968242,1.62565282980601,4.115031540393829,14.098013963772768
2019-07-14,Sangrur,19.551385981695997,36.71515696389334,15.622084617614746,7.326990144593375,7.8799479348318915,2.4386319432939803,4.805425831249782,27.440917555537915
2019-07-14,Sunam,16.93173405102321,30.267985275813512,13.901400702340265,5.474529658045087,6.495137861796787,2.3675439655780792,4.417838641575405,18.733732382840525
2019-07-15,Dhuri,34.57354753667658,13.024877028031783,13.054590441963889,5.144968422976407,3.6514671607451006,0.4224411289800297,2.530626958066767,21.311811201583367
2019-07-15,Lehra,26.6688095331192,10.883688867092133,14.280986964702606,4.004895016551018,3.093553379178047,0.7642545364797115,1.6717755496501925,21.461600101021325
2019-07-15,Malerkotla,37.6367129598345,12.612681218555997,12.66308423451015,5.53113009248461,3.850434422492981,0.7321124800613948,2.301178578819548,16.11175046173545
2019-07-15,Moonak,27.15480899810791,11.338189681371054,13.832409381866457,3.658296744028727,2.4776084423065186,1.1298543363809586,1.958580017089844,26.003213328249743
2019-07-15,Sangrur,36.04011903490339,13.82704714366368,14.979621308190485,4.778465756348202,3.446675658226013,0.5773199637021337,2.451001495122909,19.194254131652578
2019-07-15,Sunam,30.88821840286255,11.790096657616752,15.050369364874705,4.56099956376212,3.1171695590019226,0.6410188706857818,2.019061348267964,22.079882502987427
2019-07-16,Dhuri,8.149369608272206,2.447883979840712,5.297028714960272,0.7510231814601205,0.8629980981349945,1.0809119750152936,1.2800989692861384,18.054629127613392
2019-07-16,Lehra,13.867601096630096,2.626168340444565,2.02807005494833,0.718775425106287,0.7635131776332855,1.8116935193538664,0.7842885106801987,20.185401980078993
2019-07-16,Malerkotla,8.689115371022906,3.264026863234384,5.749001477445875,1.0678949313504356,0.920105272105762,0.8502597255366189,1.5833466372319631,12.012114324236645
2019-07-16,Moonak,10.593079090118408,3.4472872018814087,1.5920165479183197,0.6130251040061315,0.6008066982030869,1.871767630179723,0.5228546286622683,24.602026306898313
2019-07-16,Sangrur,9.332515580313546,2.7120743904794966,4.168718312467847,0.8047835656574794,0.8412094712257385,1.4041029598031725,1.1748930237122943,15.94979623815352
2019-07-16,Sunam,11.714192288262504,2.6221212659563338,3.155636021069118,0.8535005216087613,0.7973154485225677,1.5344091866697585,1.013182710324015,19.992172007286275
2019-07-17,Dhuri,2.2745928168296814,4.607926823876121,2.5477378964424133,0.4058419262821024,0.0045353956203061,0.0,0.1787333461371335,20.116920704960346
2019-07-17,Lehra,2.7378938794136047,5.947714358568192,0.5336620174348354,0.1013630693778395,0.0016152902680914,0.0,0.1924492074176669,23.80647408550797
2019-07-17,Malerkotla,1.9021221143858773,4.285300144127437,3.0382333312715804,0.4365529444600854,0.0004921164280468,0.0,0.1512440645268985,13.879166872861486
2019-07-17,Moonak,2.6454216837883,5.91836142539978,0.3025782393912474,0.0480981467602153,5.161538138054311e-05,0.0,0.2872519791126251,29.44546902807346
2019-07-17,Sangrur,2.174509346485138,5.040288959230695,1.8302009063107627,0.2806000746786594,0.0053287694130891,0.0,0.2294207587838173,18.815558398905498
2019-07-17,Sunam,2.514107810599463,5.25013404233115,1.1429350078105929,0.191193745338491,0.0026297838693218,0.0,0.2794437608016388,24.475438600579036
2019-07-18,Dhuri,5.798806212165139,0.0333070012486793,0.0351162248777902,0.0,0.8889207894151862,3.3496064056049693,7.907762245698408,24.434985519043053
2019-07-18,Lehra,4.6285675168037415,0.2420750458259135,0.0926646254956722,0.0,0.5129091609269381,2.352707117795944,9.11415046453476,27.697821279422847
2019-07-18,Malerkotla,5.468301790101187,0.0114950916946067,0.0501234044453927,0.0,0.9541196248361042,4.104537112372262,7.350884897368295,16.751937024007063
2019-07-18,Moonak,4.043651421864827,0.3350647961099942,0.0629885978996753,5.544085191407552e-05,0.2767753830800454,2.9106170535087585,9.333550771077476,34.59352846683322
2019-07-18,Sangrur,5.213306273732867,0.0603657502215355,0.0230430139178809,2.9311671304250403e-05,0.7638677422489438,3.6430567630699695,8.870717559541974,23.870312016687517
2019-07-18,Sunam,4.858976364135742,0.0777654621217932,0.0500939945424241,0.0001063291565515,0.5598621847374099,3.0763688257762363,9.596970915794373,29.56752096650864
2019-07-19,Dhuri,0.7396870716051622,0.225699746473269,0.0054807980513115,0.0507852835580706,1.8071065165779807,1.4122979261658408,5.400015722621571,30.273684892745194
2019-07-19,Lehra,0.7813378721475601,0.4802804104983806,0.060796070145443,0.1359597225673496,0.7041153144091368,2.1041205003857613,5.173925369977951,32.099188540696204
2019-07-19,Malerkotla,0.6340920839990888,0.3009489391531263,0.0015103804887205,0.0733013918756374,2.186380458729608,1.9058686111654557,6.092173780713763,21.478210356321544
2019-07-19,Moonak,0.9274026850859324,0.5863701477646828,0.0976622390250365,0.0759093423063556,0.4393917632599671,3.0351436932881675,5.798604687054952,53.24596059279072
2019-07-19,Sangrur,0.783703163266182,0.1998029396470104,0.0164642395435034,0.0901840656463589,1.9957306044442316,1.6328914718968528,5.855431727000645,30.56315717957909
2019-07-19,Sunam,0.6375809269292014,0.2988114660339696,0.0441618376145405,0.1387634724378585,1.2560124737875802,1.83451589516231,5.214137119906289,34.583203983232465
2019-07-20,Dhuri,0.3173937093127857,0.2141613889146935,0.0765384693037379,4.806831977584145,7.950468908656727,6.478866793892601,1.444570541381836,46.7007772681423
2019-07-20,Lehra,0.1188463037833571,0.0802702622022479,0.0088943069567903,3.11914424598217,7.072160512208939,10.060252726078032,2.433363914489746,37.22826574013146
2019-07-20,Malerkotla,0.4804721932326044,0.2428960613906383,0.0800582763871976,5.326305644852774,8.939678055899483,4.691933470112937,1.0170622276408332,39.058392438155025
2019-07-20,Moonak,0.1117196629444758,0.0875523068631688,0.0028043408722927,3.280703822771708,7.154774069786072,10.127546866734823,1.437325527270635,65.86661082458086
2019-07-20,Sangrur,0.1268054015402283,0.2165546602170382,0.0591983441263437,5.174895857061658,8.161386796406337,7.608780435153416,1.7156589861427034,40.5165194063677
2019-07-20,Sunam,0.1031965243497065,0.150392031829272,0.0294720880753759,4.216974343572344,7.637529151780265,10.034543480191912,2.0260217232363567,40.148117863864286
2019-07-21,Dhuri,0.194913662970066,0.1034529669718308,2.926398358561776,22.009900526566938,8.990951017899947,8.394786921414463,3.135736487128518,54.27024463874642
2019-07-21,Lehra,0.0846160273067653,0.0114693018258549,1.4989275708794594,13.585798025131226,9.400254547595978,7.6574349999427795,3.4978262037038803,37.031743957691866
2019-07-21,Malerkotla,0.1107312078986849,0.1084920573713524,3.3800691025597707,22.39629020009722,9.357313479696002,7.340594530105591,3.1536790217672075,46.823832825735394
2019-07-21,Moonak,0.0988464343051115,0.0050232196420741,2.348710020383199,14.913236379623411,11.60652462641398,8.804284254709879,6.292742133140564,67.09679145797598
2019-07-21,Sangrur,0.230597267725638,0.0491366166554923,3.0496963603155955,23.15452527999878,10.350129280771528,9.088952711650304,3.1749076076916287,45.334726328659514
2019-07-21,Sunam,0.1180540715743388,0.0214281689092916,2.37875320655959,18.4843076637813,10.175251075199672,8.478549344199044,3.822480474199568,40.58195150011769
2019-07-22,Dhuri,0.0998864507471973,0.4448830336332321,22.71717071533203,15.233390548012473,9.60277882489291,4.044273040511391,1.7753075144507668,49.61710895829911
2019-07-22,Lehra,0.013909616303863,0.982241738587618,20.253151059150696,9.24330273270607,11.206268310546877,2.8158075362443924,1.2071118354797363,25.6823604711795
2019-07-22,Malerkotla,0.1632366970713649,0.4349292064351694,20.58112846102033,13.123715775353569,7.746498499597822,3.632658158029829,1.2954966064010347,44.690639800769056
2019-07-22,Moonak,0.0348501075059175,1.084256112575531,18.43085813522339,8.03723386923472,11.42177398999532,1.847694545984268,0.7716971188783646,53.718480243012436
2019-07-22,Sangrur,0.0236448280213932,0.582055005644049,23.40819331577846,14.144903148923602,10.818835871560234,3.7755572370120456,1.7834681059632982,40.61787462332972
2019-07-22,Sunam,0.0183154074641476,0.688078261911869,22.69326046534947,11.67605607850211,10.8251257283347,2.979937366076878,1.5435904519898551,31.195045756363946
2019-07-23,Dhuri,0.5387287505648353,9.244184147227894,13.579336036335338,13.207758990201084,2.5661062869158657,0.4765914705666629,4.006558309901845,54.89061418751079
2019-07-23,Lehra,0.7513675689697266,8.296907991170883,14.758103489875792,13.713467717170715,1.861773632466793,0.1096089500933885,2.3518082946538925,25.019963140833326
2019-07-23,Malerkotla,0.3498196112258093,10.209186383656093,16.88449730191912,11.51865690095084,2.3351388105324338,0.9137416588408608,4.781101788793292,52.74892776149902
2019-07-23,Moonak,0.529125951230526,8.65431578954061,21.793344179789223,11.329383929570517,1.416881908973058,0.0853619386131564,2.3599802255630493,52.967592513708745
2019-07-23,Sangrur,0.6299579069018364,9.353404249463765,11.94718483516148,14.097762857164655,2.634543674332755,0.239469879705991,4.061458306653159,41.89196417678917
2019-07-23,Sunam,0.7201009318232536,9.184440544673375,13.292888641357422,14.867850746427264,2.470330349036625,0.1488261403782027,3.1378719891820634,31.164164981736864
2019-07-24,Dhuri,17.51878157528964,18.708049123937432,8.127635283903642,3.6999611962925294,0.0060778212633026,1.2604991441423243,8.553179025650024,59.44117933264564
2019-07-24,Lehra,11.013249635696411,17.599083840847015,10.514679074287416,1.949097715318203,0.0026452891470398,0.4959993101656437,5.251469686627388,21.613212473824593
2019-07-24,Malerkotla,20.853802953447616,20.020815304347447,6.06365522316524,3.992964037827083,0.011098945521683,1.6918800558362688,11.445378065109251,58.46850852711747
2019-07-24,Moonak,12.920313914616903,18.699753920237224,9.068687915802002,1.3945400913556416,0.0201453816456099,0.3388849484423796,7.398644884427388,49.150336868792465
2019-07-24,Sangrur,18.727882283074518,22.575442382267543,8.93715865271432,2.865083515644073,0.0015442206432843,1.0647388973406382,10.05330968754632,41.588918532055246
2019-07-24,Sunam,15.022070407867432,20.59114626475743,9.650868211473735,2.0728441647120883,0.0006813964261839,0.7352549923317773,7.235251673630306,27.461148119127103
2019-07-25,Dhuri,9.538045037876476,7.36620469526811,1.6762836250391873,1.4760378951376134,4.280384182929993,8.761832475662231,13.14758149060336,57.112385665181144
2019-07-25,Lehra,14.077727675437927,7.90479251742363,1.46344143897295,3.5528483241796494,5.058379381895065,7.754208087921143,14.063923358917236,18.023506119006782
2019-07-25,Malerkotla,10.740912658827645,6.822062424251011,1.6492015676839011,0.8762007675000599,3.357421270438603,10.273714133671351,13.03417273930141,59.59174643642313
2019-07-25,Moonak,14.864803870519005,8.619321982065836,1.3061751822630563,2.433419634898504,5.449833035469055,7.750002384185791,16.317906856536865,44.4935731540177
2019-07-25,Sangrur,11.158845220293315,9.028753876686096,1.700409595455442,2.565981102841241,6.18784990480968,10.46415046283177,14.456915174211774,38.08771556943434
2019-07-25,Sunam,12.282527310507636,8.441795825958252,1.5458428519112724,3.140747274671282,6.067608526774815,9.391730495861598,14.05380722454616,23.659526483213824
2019-07-26,Dhuri,18.05452502857555,10.708036075938832,0.5784974802624095,10.098528168418191,20.29110778461803,26.873378580266778,7.700541387904774,59.17320976061412
2019-07-26,Lehra,14.214551329612732,15.45889699459076,0.4049346325919032,9.885028600692747,22.05835783481598,31.113649606704712,8.095736473798752,16.224715074691886
2019-07-26,Malerkotla,17.877308436802455,8.24630948475429,0.6747352480888367,9.068553669112069,16.393685783658707,23.011406557900564,7.55604464667184,64.67448082269125
2019-07-26,Moonak,20.202103853225708,14.45802084604899,0.3978663558761279,11.78596599896749,26.47638289133708,34.92899258931478,11.727661609649658,28.43766001335808
2019-07-26,Sangrur,21.8031233719417,12.288352693830218,0.4177313564079148,11.896378244672505,23.737387112208776,28.73733922413417,7.942278248923166,38.17724707015503
2019-07-26,Sunam,19.04242525781904,13.812789916992188,0.2822201092328344,11.53284215927124,23.93087945665632,28.93986824580601,8.231299979346138,24.495832109577112
2019-07-27,Dhuri,13.23567195372148,0.4791863357478922,17.61861176924272,19.448127659884367,41.04406521537087,12.72055196762085,12.39146596735174,49.37976404974893
2019-07-27,Lehra,28.35490822792053,1.773516222834587,20.592019081115723,30.20151901245117,48.17894268035889,28.715075254440308,24.09670114517212,12.353074864281496
2019-07-27,Malerkotla,9.975148626736232,0.4061489280845438,18.89309014592852,20.392218896320887,47.91255351475307,10.089845827647618,11.8643696308136,56.092218072721295
2019-07-27,Moonak,24.932778040568035,1.0532232771317165,15.656880060831703,29.713396549224854,51.30115667978922,28.7816907564799,21.14945713678996,17.294948700448725
2019-07-27,Sangrur,16.42848195348467,0.8763262427278927,19.13682961463928,19.462484461920603,48.61692108426775,17.01644710132054,14.388163566589355,34.96178762056636
2019-07-27,Sunam,25.03711220196315,1.7652814814022608,22.954317705971853,26.770050934382848,51.63656268801008,25.631685495376587,20.181763172149655,23.34525808248676
2019-07-28,Dhuri,0.2991043024442412,7.989705584265969,24.689564964988016,20.56370700489391,11.703624161806973,9.218065131794322,7.774954709139737,38.25747566566349
2019-07-28,Lehra,0.2868107408285141,2.5183881372213364,21.272621870040894,21.014411568641663,16.294209599494934,7.5768274664878845,6.452004164457321,10.02211926495664
2019-07-28,Malerkotla,0.6333832352289132,11.69541610990252,23.06530727658953,19.81209322384425,9.218331967081342,8.34365623337882,8.559537257466998,46.70394708554128
2019-07-28,Moonak,0.4682853445410728,2.7958436608314514,22.33280022939046,23.3417862256368,16.67672522862752,7.940725366274516,9.82416570186615,14.166867103425645
2019-07-28,Sangrur,0.2928691974708012,6.732994054044996,25.322696958269397,19.206421273095263,12.584355422428676,10.67794396196093,6.952773128237043,28.482050044295132
2019-07-28,Sunam,0.1189056513831019,3.7553156103406633,21.148046357291086,18.34909766060965,13.78927823475429,8.793055994170052,6.164274641445705,20.109503636473946
2019-07-29,Dhuri,0.4969339533285661,16.117216153578326,12.160835829648104,12.28335935419256,5.297288027676669,4.117887832901695,3.3237861936742608,39.53934284006351
2019-07-29,Lehra,0.3213451271876693,11.53025871515274,10.035873055458069,11.33003044128418,4.409389957785606,2.9147884100675583,2.048387974500656,10.668131479229494
2019-07-29,Malerkotla,1.5197197337235724,17.23410415649414,12.017889840262276,11.749569177627563,4.73732944897243,3.74034492458616,3.619226396083832,48.74408739956007
2019-07-29,Moonak,0.6538475453853607,11.9469846089681,11.771861791610718,11.012803316116331,4.12220976750056,3.565991659959157,2.0737561782201133,14.413835297209912
2019-07-29,Sangrur,0.5809928205396447,16.145457199641637,11.65708667891366,11.060010620525905,5.205641661371503,5.145332029887608,3.630871202264513,30.415640741326925
2019-07-29,Sunam,0.3230314810893365,14.438874653407506,11.30849266052246,11.52366052355085,4.956341505050659,4.173857612269265,3.1702065893581937,21.48357857016829
2019-07-30,Dhuri,13.784791296178645,15.811306433244184,12.969468853690408,7.365476586601951,2.328550766814838,3.4765159541910347,1.249994164163416,33.50675515616364
2019-07-30,Lehra,15.167069375514984,18.317161917686462,17.466798305511475,8.591263383626938,4.798026069998741,3.7635287642478943,0.3134400071576237,10.152968445661214
2019-07-30,Malerkotla,14.818088190896171,14.976988554000854,11.148009129932948,7.572135976382664,2.7602735885552,3.348984854561942,1.781950226851872,41.66565808351375
2019-07-30,Moonak,15.00765093167623,16.09739637374878,14.714998881022137,7.959214131037394,5.39210573832194,2.885358432928721,0.3266912251710892,13.225618555340285
2019-07-30,Sangrur,16.692748171942576,18.022241592407227,16.331468514033727,9.06630800451551,3.1252124224390303,4.20227838414056,1.289520999150617,29.147728520804513
2019-07-30,Sunam,16.473356417247228,18.254960298538208,18.027725866862703,8.807172996657235,3.4502114909035817,4.4916998488562445,0.7167526653834752,20.65397727679325
2019-07-31,Dhuri,20.976828054948285,21.662611441178758,12.000250989740543,2.00337722084739,3.518109094012867,15.246025345542217,7.270566160028631,27.02605446793531
2019-07-31,Lehra,16.65356308221817,9.67434388399124,5.8781042993068695,1.5075768455863,0.9857589453458786,5.398530125617981,5.447493195533752,8.980355162038428
2019-07-31,Malerkotla,16.91743472644261,22.24438823972429,13.12617690222604,1.5179487253938402,4.710618419306619,16.56252670288086,7.742312397275652,36.86864941204411
2019-07-31,Moonak,16.69479489326477,7.7654432853062945,5.139637470245361,1.2470961312452953,0.8348401387532552,4.954000989596049,5.138426740964253,10.927053856386365
2019-07-31,Sangrur,21.72867945262364,19.1903075831277,11.453056403568812,2.251662007399968,1.709111922553607,14.546663897378105,8.938578707831246,26.487737515427806
2019-07-31,Sunam,20.394255706242152,14.550959757396154,8.009032879556928,1.8839010894298556,1.1396120148045676,9.749073215893336,7.488373279571533,18.881181807101957
2019-08-01,Dhuri,17.323736104098234,5.835238695144653,3.753572290593928,1.858993681994352,11.24957479130138,5.410885984247381,11.951849959113382,23.978685537229627
2019-08-01,Lehra,11.173528850078585,6.560471385717392,1.990505762398243,2.2659295052289963,10.619877219200134,3.635124921798706,10.16986119747162,8.091111848495547
2019-08-01,Malerkotla,17.63864585331508,5.515160254069737,4.363838366099766,2.023956584078925,11.399321351732526,6.039810470172337,12.900816764150347,31.891404306657694
2019-08-01,Moonak,10.107945283253988,6.99100387096405,2.161711404720942,2.393700142701467,10.961093187332152,4.658462365468343,12.293118476867676,9.824242436193279
2019-08-01,Sangrur,15.964596714292254,6.016525115285601,4.270668319293431,2.386077880859375,12.487321955817086,5.73442257302148,14.663042613438195,24.00036927136077
2019-08-01,Sunam,12.826989752905709,6.30385638986315,3.030585676431656,2.2582500917570933,10.38239470549992,4.30545129094805,12.286482981273108,16.783341849064406
2019-08-02,Dhuri,5.974746053869074,0.292478743601929,2.4832526553760874,24.59020267833363,3.5521442131562666,8.335467858748002,14.019564021717418,14.15622162123527
2019-08-02,Lehra,5.805471926927567,0.7767936922609806,2.092010736465454,29.90558242797852,3.978266954421997,5.762888103723526,7.618093341588974,4.319781668934489
2019-08-02,Malerkotla,6.369450926780701,0.3203773948230913,3.127912129674639,25.038079806736537,2.60256575686591,9.279422794069562,13.553658281053815,21.19077916266147
2019-08-02,Moonak,5.702244202295939,1.0069809158643086,3.5386534531911216,31.89863665898641,5.391530990600586,6.293765266736348,5.426117698351543,5.961821200868147
2019-08-02,Sangrur,6.761247941425869,0.6296165628092629,3.23960480093956,30.55437905447824,4.845656820705959,8.483980860028948,14.48451600755964,15.622089287730043
2019-08-02,Sunam,6.245334880692618,0.7393217704125813,3.029105991125107,32.451807839529856,5.264533775193351,7.691562652587891,11.015292610440936,9.468398013441346
2019-08-03,Dhuri,3.832455927675421,2.0700044523585928,11.267366495999424,14.596103581515225,0.4534354575655677,3.679457545280457,11.985205216841264,5.931145675234796
2019-08-03,Lehra,5.105182319879532,1.3232118263840675,11.51934850215912,18.587188243865967,0.4629964306950569,0.4735698522999882,3.397747680544853,1.6845785380610527
2019-08-03,Malerkotla,3.288667670318058,2.314016201666423,10.564718110220772,9.936477405684334,0.4784829105649675,4.425985038280487,16.049046652657644,12.051714703149905
2019-08-03,Moonak,5.211236119270325,2.167073498169581,15.018143256505333,14.773503621419271,0.3711346834897995,0.2622722461819649,1.6960811416308086,2.5903394065152066
2019-08-03,Sangrur,6.300798433167594,2.664466144783156,14.144778728485107,19.129858459745133,0.3558887445500919,2.9406812531607494,9.401106255395073,6.7640044530773675
2019-08-03,Sunam,6.644391919885363,2.2270156975303377,13.357628209250311,19.862517424992152,0.3578540507171835,1.5092337259224482,5.960454080786024,3.0600782428067945
2019-08-04,Dhuri,1.630584180355072,8.11971699107777,8.644675709984519,0.2707466489889405,5.39553562077609,5.079233375462619,1.4861853610385547,5.633825592957593
2019-08-04,Lehra,0.6269640773534775,5.399864107370377,10.190581262111664,0.0198986719333333,4.50568613409996,3.109859704971313,1.3845243528485298,1.7326654916308497
2019-08-04,Malerkotla,3.737308259521212,11.405457139015198,9.544118114880153,0.5706905083996909,6.657295499529157,6.928859233856201,1.8743116685322352,11.54667515989942
2019-08-04,Moonak,0.5610965962211291,6.218022743860881,12.621684233347574,0.0073107779414082,3.675817231337229,3.203632732232412,1.3824362357457478,2.2769875419659282
2019-08-04,Sangrur,1.632884225675038,9.543844188962664,11.503872854369028,0.0867802443514977,5.565243465559823,4.7021182264600485,1.7459976375102997,6.419724109968606
2019-08-04,Sunam,0.8852222551192556,7.782372542790005,11.011131763458252,0.0215028085346732,4.767887030329023,3.570517216409956,1.5199957873140062,2.938179579702637
2019-08-05,Dhuri,9.017075300216677,11.948679273778742,0.0133456983921033,4.891830801963806,3.209131641821428,3.918449791994962,6.309182167053223,14.543393319671551
2019-08-05,Lehra,5.5577884912490845,6.947800010442734,0.4768683928996324,4.399776324629784,1.5693738535046575,1.0182850547134876,2.024543099105358,3.1261810368262664
2019-08-05,Malerkotla,12.230908632278442,15.407704659870692,0.0103862176682533,5.689133099147251,4.080886908939907,4.77777247769492,7.420480200222561,21.817488866895605
2019-08-05,Moonak,6.944631298383077,9.406057993570965,0.7461596926053365,6.064680337905884,1.6473883887132008,1.0753530661265056,2.6497409542401638,3.545265932744264
2019-08-05,Sangrur,7.62101708139692,10.069359251431056,0.0454704407602548,6.068966950689044,2.178284896271569,2.909979603120259,5.361864813736507,12.742323999367297
2019-08-05,Sunam,6.69083445412772,9.133509687014987,0.0940799246143017,5.999656140804291,1.8780743181705477,1.847974849598748,3.4923218318394254,6.286358972178667
2019-08-06,Dhuri,7.728657180612737,5.668499437245456,2.3103404099291023,0.5686042755842209,0.0132781752300533,0.0108142750845714,0.7044628208333795,21.726296569588968
2019-08-06,Lehra,4.09072145819664,3.215496778488159,0.1598385632969439,0.2146462863311171,0.0,0.0162951891543343,0.5158050935715437,9.664516373608274
2019-08-06,Malerkotla,7.845808012144906,7.931021928787231,3.232082869325365,0.8960595556667873,0.0146512029459699,0.0677362439871233,1.2379235018576895,27.320591404628
2019-08-06,Moonak,4.15740180015564,5.5180989901224775,0.1134324856102466,0.1838834934557477,0.0,0.0090970303669261,0.7859856635332108,10.79070582447224
2019-08-06,Sangrur,6.516968761171613,4.296771287918091,1.2910626871245248,0.8647516745009592,0.0152285967404688,0.017045316635631,0.9394702368548938,19.966738395490673
2019-08-06,Sunam,5.480991755213056,3.870398768356868,0.494397757841008,0.607150463121278,0.0039143266455669,0.0214194379514083,0.7766293670449939,14.199678331987705
2019-08-07,Dhuri,7.822829268195412,3.9542912136424673,0.9420620826157656,0.3966438675468618,0.7526216073469683,4.862561160867864,10.549079938368363,45.18162496592561
2019-08-07,Lehra,7.719376176595688,2.353083230555057,0.2393364361487329,0.0412545151775702,0.4966089148074388,3.744443774223328,4.959884077310562,26.892013326379328
2019-08-07,Malerkotla,6.643330233437674,4.180938797337668,1.254038033740861,0.5657474675348827,1.1690860028777803,5.203087977000645,12.03372733933585,47.88420807291904
2019-08-07,Moonak,7.098098278045654,2.3806012570858,0.0961148431524634,0.023711954941973,0.4876680473486582,3.5889723102251687,5.427459319432576,26.61203036658094
2019-08-07,Sangrur,7.306846593107496,3.439586154052189,0.8337306103536061,0.2419078994010176,0.6604633395160947,4.686001930918012,11.256106070109777,41.508699900423906
2019-08-07,Sunam,7.721352577209473,3.044856471674783,0.470080909452268,0.1087411153795463,0.5829297548958233,4.109066818441663,7.746681043079922,36.35416687288553
2019-08-08,Dhuri,1.456428684971549,0.0035417192954231,0.2949601493098519,1.4457401850006797,3.383203939958052,19.92729412425648,18.188041947104715,54.7336585375227
2019-08-08,Lehra,0.6252153795212507,0.0432871231460012,0.12295474531129,0.1329450837802142,1.5752760395407677,15.231370031833649,12.255954623222353,36.27395231834093
2019-08-08,Malerkotla,1.491466075181961,0.0854981309800807,0.3207551858254841,3.2320267302649364,4.48838530267988,20.082026072910853,17.845591408865793,58.20975173810453
2019-08-08,Moonak,0.1979571466023723,0.1143921023855606,0.0900966368305186,0.210479753712813,1.9247127672036488,14.57868512471517,9.397449175516764,35.80681336251494
2019-08-08,Sangrur,1.345860698393413,0.0068346720779248,0.5311604009142944,0.7499502726963588,3.298684720482145,21.19722979409354,16.539191041673934,52.008560873612886
2019-08-08,Sunam,0.8795576776776995,0.0403129937393324,0.3556769554104124,0.2178035849439246,2.217559060880116,18.11119079589844,14.322042431150164,48.12489074350154
2019-08-09,Dhuri,4.4170795137232,3.1702008572491733,10.790832779624246,8.618234049190175,1.7048991403796456,3.6898203546350654,5.478105848485773,67.74197738537856
2019-08-09,Lehra,2.5307006761431694,0.8340699300169945,5.299178883433342,7.447419434785843,1.975919172167778,4.490380808711052,5.897805243730545,40.06622120491478
2019-08-09,Malerkotla,4.893204680510929,4.76072895526886,13.729698760168892,7.929481676646641,1.8000613280705042,4.45444871698107,5.730701003755842,73.21277103009855
2019-08-09,Moonak,1.2286392549673717,0.5685321241617203,5.231235424677531,6.781612237294515,1.2458444982767105,5.676609555880229,5.121901869773865,41.377805744194106
2019-08-09,Sangrur,3.661562383174896,2.6874821867261613,10.83212295600346,9.746465257235936,2.50421604514122,4.977130183151791,6.068141613687788,62.12462293795336
2019-08-09,Sunam,2.8853934577533176,1.467736508165087,8.114506500107902,8.50391720022474,2.4634967616626198,5.183109334536961,5.830192412648882,53.52635808506819
2019-08-10,Dhuri,1.3639536743814296,8.65144903009588,10.646028258583762,9.56201195716858,14.228786381808192,3.393073146993464,9.552013007077305,164.61981822101546
2019-08-10,Lehra,0.0363811000133864,5.410304218530655,7.689074367284775,12.031022429466248,17.42857837677002,3.368592619895935,8.851870208978653,111.44433541289749
2019-08-10,Malerkotla,2.676460189478738,10.236306207520622,12.048974479947772,10.233799985476905,13.377084221158707,2.7993186031069075,9.60332087108067,168.78744702252246
2019-08-10,Moonak,0.0197788511868566,5.665638407071431,5.757641752560933,10.60707672437032,19.023399353027344,3.674821376800537,8.017499804496765,106.70493224051577
2019-08-10,Sangrur,0.7912525571882725,9.621343220983231,10.487519945417132,11.407802309308734,16.85586360522679,4.201342233589718,10.609093495777676,161.73397655461935
2019-08-10,Sunam,0.2450342134439519,7.945098434175764,9.668386459350586,11.813625267573766,18.70743444987706,4.061025125639779,10.375857761928014,141.48565788808787
2019-08-11,Dhuri,20.721328605305064,5.086324485865506,5.002990126609802,10.770543813705444,10.782538457350295,8.503681876442649,7.291582606055519,164.50247253202045
2019-08-11,Lehra,13.995743215084076,3.8317493349313736,5.194745779037476,10.428587794303894,11.902727782726288,5.407914221286774,8.528200507164001,111.1486883755136
2019-08-11,Malerkotla,24.25083385195051,6.789278558322361,3.690655274050577,10.175139444214958,8.870028053011213,8.994681562696185,6.228371824537005,171.08128118970916
2019-08-11,Moonak,13.819568792978922,3.537375251452128,4.9768119653066,8.408651153246561,13.567464033762612,5.995076537132263,9.320754845937094,106.64726762838296
2019-08-11,Sangrur,24.38254240580968,4.658898830413818,6.189381071499416,13.956357070377894,14.138903481619698,9.411759274346489,9.510169880730766,161.83720336905435
2019-08-11,Sunam,20.46217819622585,3.878320864268712,6.069110189165388,12.351541859763008,14.06352925300598,7.951061487197876,10.50722885131836,140.96315512982468
2019-08-12,Dhuri,4.206575632095337,7.770184148441661,9.286639712073589,7.893000624396584,6.92139313437722,5.770820054140958,9.057506106116556,155.90049015548794
2019-08-12,Lehra,4.1842818558216095,6.637316197156906,6.3790945410728455,4.1371535658836365,5.784757822751999,6.271917313337326,5.587090611457825,110.2154049921982
2019-08-12,Malerkotla,6.234823550496783,9.01991857801165,9.01605692931584,7.321594476699829,7.212999360901969,5.752807063715799,9.90689584187099,160.3958300188361
2019-08-12,Moonak,4.947302142779033,7.565317551294963,4.813966830571492,2.819645563761393,5.982336441675822,6.100096305211385,5.778290708859761,105.46208597662759
2019-08-12,Sangrur,4.56782968555178,7.912315300532749,9.709582805633543,8.132382716451373,7.588713765144348,7.687562601906912,8.027455006326948,155.86489423660888
2019-08-12,Sunam,4.553478121757507,7.883339830807277,7.961487344333103,6.023654154368809,7.0654259238924295,7.228550587381635,7.06854294027601,137.99510720413772
2019-08-13,Dhuri,7.315284859050404,4.414457949725064,11.920302737842906,15.712182478471236,10.521597342057662,3.620004079558633,3.454783407124606,148.07620618150114
2019-08-13,Lehra,3.7135413587093353,4.085419937968254,12.125116407871246,16.63050240278244,12.554472744464874,2.239638142287731,3.906598284840584,103.7129803931252
2019-08-13,Malerkotla,8.09057513305119,5.22271066052573,11.278342826025826,14.856953518731254,9.767770511763436,3.854477439607893,4.223823581423078,152.7656892258641
2019-08-13,Moonak,3.288784166177114,5.792956272761027,12.21444574991862,15.102999289830526,11.925416866938273,1.2739915053049724,3.888356367746989,98.30641111467212
2019-08-13,Sangrur,7.226562908717564,4.908760121890476,12.590698071888514,16.542318173817225,13.263318981443131,4.171018523829324,3.8426110574177335,147.90788430522832
2019-08-13,Sunam,5.211939675467355,4.81478157213756,12.432657582419258,16.168632711683,13.118251153400966,3.267052224704197,3.772183494908469,130.09969744786727
2019-08-14,Dhuri,2.156037308953025,9.64553451538086,19.25578143379905,9.578300454399802,10.803988370028408,2.9187461896376177,0.5268509835004807,123.60018065134365
2019-08-14,Lehra,2.125487022101879,9.909608244895937,14.150798797607422,7.334812790155411,11.146059155464172,5.576871305704117,1.0545844994485378,87.24161872332164
2019-08-14,Malerkotla,2.1881552253450667,11.603594950267247,20.866874081747877,8.398416451045446,9.14705617087228,2.5287301199776784,0.7526116860764367,128.88929325329192
2019-08-14,Moonak,3.127120395501455,10.486897706985474,11.102277358373009,5.028363744417827,7.88625172773997,4.802230437596639,1.520110805829366,83.71544089002985
2019-08-14,Sangrur,2.94070993576731,9.43082538672856,19.25851058959961,11.456788403647286,12.260678597858972,4.786633006164005,0.8707882953541619,125.91991874006904
2019-08-14,Sunam,2.8800798313958302,9.674568925585064,17.202969108309066,10.39675429889134,12.732237883976527,5.626018106937408,1.1182710922190122,108.67849025414009
2019-08-15,Dhuri,5.567831516265869,23.302326202392575,11.571206006136808,6.620759974826466,1.983860286799344,0.0,0.0,114.20780783291576
2019-08-15,Lehra,3.126759245991707,16.937264680862427,10.098906695842745,7.006289124488831,1.9124990701675413,0.0,0.0,79.15760982079418
2019-08-15,Malerkotla,7.144726923533848,21.866906574794225,12.016223124095372,6.721979779856546,1.6745537902627672,0.0,0.0,118.83344936757224
2019-08-15,Moonak,2.293703039487203,15.19252634048462,10.06557790438334,8.651355902353922,1.6355607708295186,0.0007810395521422,0.0,76.81896322217156
2019-08-15,Sangrur,4.662371073450361,23.155557087489537,10.904164143971034,10.191110730171204,2.1542378110545024,0.0,0.0,116.53680632869823
2019-08-15,Sunam,3.678812325000763,20.703142711094447,11.230514662606376,10.186095459120612,2.1444439589977264,0.0,0.0,98.67348233808309
2019-08-16,Dhuri,72.96461937644266,14.08990292115645,0.5303562120957808,0.2558078224008733,0.0046311503657224,0.0,0.2589735036546534,101.5457730161303
2019-08-16,Lehra,58.29770612716675,5.651349484920502,0.1549564083106815,0.0586279113776981,0.0,0.0,0.4123271871358156,78.42852856298865
2019-08-16,Malerkotla,73.75744247436523,17.676506689616613,0.7341457009315491,0.2755766973963806,0.0087929630244616,0.0,0.2575944358749049,104.14322238528666
2019-08-16,Moonak,44.71352005004883,4.733899076779683,0.2131136152893304,0.0503921996181209,6.287385864804189e-05,0.0,0.5445302203297615,76.289861796028
2019-08-16,Sangrur,73.10183266230992,10.425005095345634,0.6126376443675586,0.2285457202898604,0.0108137617270196,0.0,0.3490286043712071,110.48327224083404
2019-08-16,Sunam,67.43435437338692,7.895471096038818,0.378279735999448,0.1499330118032438,0.002351500480602,0.0,0.4189164170197078,96.95699724627717
2019-08-17,Dhuri,65.35829509388317,0.5054374499754473,0.2559605071490461,0.015471628930589,0.1919738108461553,0.0291887231975455,1.761560163714669,5.119373574197979
2019-08-17,Lehra,21.242813885211945,0.3422264261171222,0.1356052043847739,0.0,0.5923651587218046,0.1525777373462915,2.383902557194233,10.631382249593896
2019-08-17,Malerkotla,78.80512700762067,0.3700256826622145,0.2027692999690771,0.0168810145779778,0.1320478330765451,0.005162332668468,1.2650547985519682,8.615025254539553
2019-08-17,Moonak,14.550811807314554,0.1886331625282764,0.1108050247033437,0.0004543865021939,0.3398376815021038,0.0649150060489773,1.107745140790939,14.738499239209343
2019-08-17,Sangrur,52.960137367248535,0.4202591329813003,0.1807057136403662,0.0200697727767484,0.2468525490590504,0.0706655208819678,2.0256637845720564,16.492401086758814
2019-08-17,Sunam,36.50884948457991,0.3411039619573525,0.126810213284833,0.0035536012042679,0.3921679955508028,0.0976200428392205,2.3060750578130995,13.889665684189971
2019-08-18,Dhuri,0.3404280326583169,0.0178721913729201,0.2653774388811805,0.076623953201554,0.6304972090504386,1.6832586418498643,0.2029100940986113,3.9661173554213964
2019-08-18,Lehra,0.2993433373048901,0.0063466438878094,0.0727733740350231,0.0374072506092488,1.83673258125782,1.6975565403699877,0.00267630158487,14.31443533212499
2019-08-18,Malerkotla,0.2575136077191148,0.0259412226400205,0.3077598001275743,0.1484938854617732,0.2326829968286412,2.003038453204291,0.2816700200949396,4.7353299101079065
2019-08-18,Moonak,0.1549838862071434,0.0040858809564573,0.1574649140238762,0.1126565408582488,2.020187149445216,1.9499211708704631,0.0040688233857508,22.615000251885014
2019-08-18,Sangrur,0.2450381466852767,0.0097811537645091,0.2173544171133211,0.240339829187308,1.2223115797553743,1.2631050263132368,0.1280142699501344,18.96137095443126
2019-08-18,Sunam,0.2128373101087553,0.0021009792960415,0.1419918152636715,0.1132499121927789,1.6221317457301276,1.3768248962504523,0.0371181847627407,17.10534528319756
2019-08-19,Dhuri,0.2490033947608687,0.0777443681250919,0.0851409363518045,0.4716446033932946,0.2273774363777854,6.213333021510731,6.402451992034912,7.3669045685156105
2019-08-19,Lehra,0.055188488564454,0.0435886484920047,0.239460090175271,0.8664265275001526,0.2973517868667841,4.500933110713959,8.187670201063156,14.930347568544368
2019-08-19,Malerkotla,0.230969063937664,0.0641890253339495,0.0079821557488425,0.5966983155480453,0.3781055526009628,5.763069306101118,6.196209021977016,6.128113951362909
2019-08-19,Moonak,0.0226034630710879,0.0651213758004208,0.1079468407357732,1.3793769776821136,0.2680796980857849,3.963374316692352,9.533376296361288,21.46701381061148
2019-08-19,Sangrur,0.1885100651000227,0.0568344126721577,0.1807073115238121,0.3200611110244478,0.3094516481672014,5.167476236820221,6.725807547569275,24.252668473608797
2019-08-19,Sunam,0.1265241306807313,0.0664299471037728,0.2664289309510163,0.7729423184479985,0.2945762340511594,5.036247892039163,7.931811009134565,20.964055988805956
2019-08-20,Dhuri,0.0,0.0084100285206328,0.0051091054708442,0.0,0.877206108786843,1.9134766838767312,4.004304972561923,7.85240661008415
2019-08-20,Lehra,0.0,0.0028923627942276,0.0,0.0,0.205161060206592,3.0160626769065857,5.684644192457199,15.407878789204226
2019-08-20,Malerkotla,0.0,0.0146441977205021,0.0121387571894696,0.0,1.3649808721882957,1.9860892040388924,4.014632548604693,6.27965773207401
2019-08-20,Moonak,0.0,0.002920074116749,0.0,0.0,0.2144708881775538,2.730362117290497,6.19800333182017,21.45266078465812
2019-08-20,Sangrur,0.0,0.0097416629016931,0.0096597857191227,0.0,0.6509951661740031,3.1660522563116893,4.842660767691476,25.381059008583478
2019-08-20,Sunam,0.0,0.0092937954551806,0.0022044296139418,0.0,0.4013770919825349,3.513360457760947,5.288883192198617,22.13428390189418
2019-08-21,Dhuri,0.0,0.0,0.0025322288751009,0.4290129671042615,0.781184350902384,3.3798094662753018,3.5346180850809272,8.481183518324793
2019-08-21,Lehra,0.0,0.0,0.0,0.4084680555388331,0.232894301880151,1.1419784501194954,2.46826109290123,14.82880042356447
2019-08-21,Malerkotla,0.0,0.0,0.0008547776357902,0.6147450762135642,0.6645724666970116,4.276947029999325,4.75328128678458,6.566840084052058
2019-08-21,Moonak,0.0,0.0,0.0,0.2808283601577083,0.0891494716828068,0.8820296426614126,2.411762018998464,20.243102774453412
2019-08-21,Sangrur,0.0,0.0,0.0084338389736201,0.7805111344371524,0.6725795481886182,3.2100586082254137,3.2505309922354564,26.38049710133233
2019-08-21,Sunam,0.0,0.0,0.002242548698892,0.8118714594415256,0.4115617671715362,2.0041156836918423,2.5703238461698805,22.081436888715803
2019-08-22,Dhuri,0.0,0.0562964260408824,1.2257573306560516,0.3882569108497012,1.4995032277974216,3.889569878578186,3.991429979150945,12.514478004548288
2019-08-22,Lehra,0.0,0.040755275695119,0.5779426917433739,0.706403736025095,1.389546200633049,4.2044476717710495,1.8705922439694405,14.061086617666216
2019-08-22,Malerkotla,0.0,0.1137740803283772,1.8749049731663292,0.279185002669692,2.289067315203803,3.411900613989149,4.341540660176959,9.42206548799378
2019-08-22,Moonak,0.0,0.0646334767031173,0.6682969381411871,0.8760050386190414,1.5190741121768951,3.61864451567332,1.9129963119824729,18.007025544663712
2019-08-22,Sangrur,0.0,0.0964679154068497,1.3153777101210185,0.2837954570672342,0.908761978149414,5.140327853815896,3.14469644853047,30.39255737634459
2019-08-22,Sunam,0.0,0.0789674337886806,0.9488095971090452,0.3980763448136193,1.1385293560368674,4.588594538824899,2.261997457061495,22.53266122698848
2019-08-23,Dhuri,0.1675839263268492,0.1257044969295913,0.014036924408918,4.068108786236156,2.7360960895364936,0.6013800339265303,1.4807020588354631,14.705447389581511
2019-08-23,Lehra,0.0276012415997684,0.175236564129591,0.1831134972162544,2.0096277445554733,3.1835692524909973,0.2159707997925579,0.5446641612797976,11.79137074056197
2019-08-23,Malerkotla,0.2876311498028891,0.2683786358684301,0.0151786239252292,3.647063059466226,2.6719390877655576,1.1017367839813232,1.6014196148940496,10.090743957435258
2019-08-23,Moonak,0.0297476544898624,0.1514939734091361,0.2806404754519462,1.665643533070882,3.226623257001241,0.3066632846991221,0.4152653502921263,13.048914437931527
2019-08-23,Sangrur,0.1840205239464662,0.1287803394453866,0.0788637399673461,3.686058734144484,3.147025031702859,0.3261458149978092,1.093115387218339,29.963388420661772
2019-08-23,Sunam,0.0860823692221726,0.0920559270307421,0.1222219535016587,2.701483760561262,3.1146587218557085,0.1660570095160178,0.8057335806744439,21.112518184278
2019-08-24,Dhuri,2.510160191492601,0.929255868900906,0.6546256907961585,1.7657170241529292,0.9711018448526209,4.678751815449108,1.9141410914334385,20.64766571225433
2019-08-24,Lehra,2.5873652696609497,1.101623311638832,0.963560301810503,0.6485019102692604,0.3454180853441357,4.258192449808121,1.2766677848994732,10.553245042600944
2019-08-24,Malerkotla,2.460374448980604,0.545268853860242,0.8268239370414189,1.4998473993369512,1.0631278731993266,5.3204141940389365,2.137070336512157,12.629778211618985
2019-08-24,Moonak,2.496812383333842,1.1151928901672363,1.3605946898460388,0.425586240986983,0.3165042797724406,3.1578060388565063,1.3203528225421906,9.518019862453286
2019-08-24,Sangrur,2.988528268677848,1.1432923951319285,0.5058569822992597,1.405976123043469,0.6474211354340825,4.939188531466892,1.8444295206240244,32.3218141992764
2019-08-24,Sunam,2.9909975954464505,1.2269453065735954,0.706924173448767,0.8876264851008143,0.493546653006758,4.917801533426557,1.5685342656714576,22.747124843587436
2019-08-25,Dhuri,0.4867510199546814,0.1098955930633978,0.5384435111826117,0.2151951769536191,3.4491299282420766,7.70540282943032,5.552337169647217,34.90422645794578
2019-08-25,Lehra,0.3780365530401468,0.3844853956252336,0.0519358552992343,0.015345786436228,1.790791280567646,5.228130251169205,7.616320103406906,19.01675300176032
2019-08-25,Malerkotla,0.741643386227744,0.0537388717223491,0.5739288862262454,0.570259802043438,4.4328824537140985,7.521894574165344,5.464567201478141,27.931052409432876
2019-08-25,Moonak,0.5969987908999125,0.5600101773937544,0.0154498072030643,0.0266027923983832,1.688349058230718,4.859044750531514,7.2238231499989825,12.493695176524971
2019-08-25,Sangrur,0.4204290328281266,0.1953848698841674,0.4864704970802579,0.1237079343492431,3.3441998277391707,8.002863611493792,6.71353166443961,38.041686683210855
2019-08-25,Sunam,0.403571856873376,0.2078346104494162,0.2112245112657547,0.0553176973148116,2.5258130644048964,6.992866277694702,7.50548129422324,31.857742586303907
2019-08-26,Dhuri,0.0,0.3417844941670244,2.8705500689419834,2.325330517508767,2.811266779899597,5.296129898591475,3.821177406744523,32.74659668799441
2019-08-26,Lehra,0.2498528971336782,0.2718534041196108,1.049002330750227,1.4368796236813068,2.988337144255638,4.633740484714508,7.667452394962311,20.433856592951017
2019-08-26,Malerkotla,2.7257922088860403e-05,0.474062079829829,3.318628558090755,2.0519220403262546,3.106503520693098,5.118276766368321,3.156899545873914,28.18937914415063
2019-08-26,Moonak,0.4931715553005536,0.1369270955522855,0.8936465829610825,0.9477757116158804,3.659161567687988,3.877827882766724,7.051219542821248,17.88173629502252
2019-08-26,Sangrur,0.0119661998386228,0.2685225286654064,3.037566678864615,2.129312353474753,2.4698841954980577,5.38741740158626,4.709253132343292,35.08313330855204
2019-08-26,Sunam,0.0776858537990067,0.2157028200370924,2.207075351050922,1.965749489409583,2.458515988928931,5.003603322165353,6.108104739870344,29.567953421982608
2019-08-27,Dhuri,0.267937114292925,4.100196805867282,4.567466432398016,4.539167230779475,4.920369700952009,1.9387115836143491,1.395392661744898,33.97273922036577
2019-08-27,Lehra,0.4668535990640521,4.054996162652969,2.1328145787119865,2.522659093141556,3.811542958021164,1.303074024617672,1.4612541422247889,21.887271206187457
2019-08-27,Malerkotla,0.0968470906040498,4.3466355460030695,4.703853096280779,4.658734951700483,5.459214840616498,1.766873380967549,1.6976397590977803,30.832176103516087
2019-08-27,Moonak,0.2466586406032244,5.445625106493632,1.7738602062066395,2.5926844775676727,3.613052248954773,1.112975925207138,1.6807108720143635,19.965541066419085
2019-08-27,Sangrur,0.3503479052867208,4.316770868641989,3.4902494634900774,4.016385895865304,4.673740276268551,1.6921782749039789,1.6944896493639263,35.897561735866965
2019-08-27,Sunam,0.3346009452694228,4.146302223205566,2.5313649560723985,3.389231503009796,4.059988813740866,1.5261939295700615,1.6276307829788752,30.513213352451803
2019-08-28,Dhuri,2.2308293255892666,7.290210788900202,8.455446980216287,10.055155515670776,5.802308147603815,1.4402895190499043,6.331968784332275,51.528971088886834
2019-08-28,Lehra,0.9334335774183272,6.376322597265244,5.772982597351074,9.405776351690292,4.466414704918861,2.679053381085396,7.077273339033127,27.570487273898525
2019-08-28,Malerkotla,3.0006177851131985,8.801058990614754,9.451764345169067,12.146046127591816,5.390413880348206,1.7606571785041265,7.789534091949463,55.892094655698614
2019-08-28,Moonak,0.8409283061822256,6.804151018460591,4.972186346848805,9.593318859736124,4.118541657924652,3.919368465741476,6.710326472918193,26.498657738640382
2019-08-28,Sangrur,2.0662599269832884,6.421070916312082,7.433165277753558,10.133618916784014,5.379433989524841,1.9231315170015608,5.44244818176542,51.93860123901726
2019-08-28,Sunam,1.3264256013291222,5.8014253207615445,6.279230390276227,8.48431168283735,4.531701522214072,2.5151945650577545,5.445552894047329,39.69089453211182
2019-08-29,Dhuri,13.74882359938188,9.531940460205078,20.09475378556685,10.768988912755791,3.6974835829301314,4.493976712226868,2.273801765658639,51.74807049986419
2019-08-29,Lehra,9.487752676010132,5.704852104187012,19.25544762611389,12.19749641418457,3.307111829519272,2.018212489783764,2.645776569843292,29.840245229654617
2019-08-29,Malerkotla,14.487772260393417,12.48685918535505,21.80535234723772,9.01461332184928,3.632603756019048,5.7319110717092245,2.4452422303812846,57.63439782436582
2019-08-29,Moonak,8.641037821769714,5.105273246765137,17.755489746729534,10.107182343800863,3.8820011417071023,2.2995349566141763,3.397111733754476,30.498063488036298
2019-08-29,Sangrur,12.608104978288925,7.837044256074088,19.210670607430597,10.555452176502772,3.5617450220244278,3.6112711429595943,2.379871423755373,51.4773837434574
2019-08-29,Sunam,11.228729145867485,6.188022954123361,18.469349486487253,11.19945216178894,3.418966429574149,2.220676988363266,2.4396244628088817,40.80522789270324
2019-08-30,Dhuri,2.223392329432748,13.425597320903432,7.877329436215487,9.116350867531516,2.445180183107203,3.649916486306624,0.5452578379349275,50.75541167214443
2019-08-30,Lehra,1.7882698699831965,9.9655202627182,10.31164300441742,10.659151434898376,2.3447837978601456,2.467042937874794,0.4431803105399012,31.236246889478622
2019-08-30,Malerkotla,2.9788789578846524,12.77099360738482,5.553545279162271,7.53161118711744,2.923037580081395,4.486083839620862,0.6014623418450356,57.45698761483211
2019-08-30,Moonak,1.7780331869920094,9.651420831680298,8.567291657129923,10.543932358423868,2.8106793959935508,2.750445773204168,0.9960141728321712,32.30765498775114
2019-08-30,Sangrur,2.430094293185643,12.450443642480034,8.575416360582624,8.883861150060381,3.166325147662844,3.972902374608176,0.7023117595485279,49.547353684685085
2019-08-30,Sunam,2.0884113907814026,11.700602735791888,9.74550722326551,10.286272764205933,2.660658653293337,3.69873966063772,0.653134070869003,40.26624122998844
2019-08-31,Dhuri,17.76997930353338,18.99159795587713,6.073842070319436,12.979421095414596,5.325722737745806,6.096884792501276,10.237791754982688,45.937560383283646
2019-08-31,Lehra,13.827975988388062,16.72140234708786,5.73970302939415,8.082420498132706,2.387172117829323,2.946141213178634,7.187040954828262,30.69674988734988
2019-08-31,Malerkotla,15.17617188181196,15.379155363355364,4.753864594868252,13.584329877580917,5.545471940721784,5.054512424128396,8.701739004680089,55.21296110696913
2019-08-31,Moonak,11.767648061116535,11.903330246607462,4.663584748903911,8.740528265635172,1.8231427172819772,1.795782307783763,4.908344864845276,33.52886793188924
2019-08-31,Sangrur,15.279007502964564,16.214000054768153,6.007878277982984,10.658193247658868,4.322915954249246,4.914646463734763,8.957176617213658,43.365795175469685
2019-08-31,Sunam,13.33177559716361,15.12378260067531,5.765366315841675,8.218097516468593,2.5993801610810414,3.6976938247680655,6.967824220657349,35.46225475503168
2019-09-01,Dhuri,9.501364491202615,5.426823941144076,7.085656794634732,2.843514214862477,0.1092116466977379,1.682631010358984,5.807589986107566,33.06916948153122
2019-09-01,Lehra,10.714297890663149,5.486603826284409,6.262340217828751,2.5584645569324493,0.1133419224061071,1.4190084040164948,4.206434860825539,19.75747094487683
2019-09-01,Malerkotla,7.97698312146323,4.62452848468508,7.02380245072501,2.93644164289747,0.1164386615689311,1.895754269191197,5.6323579379490445,41.115264729241886
2019-09-01,Moonak,6.586712161699931,4.291561444600423,4.923985878626506,2.84199325243632,0.1266411021351814,1.1280142664909365,4.196210086345673,23.335478567705163
2019-09-01,Sangrur,9.355336274419512,5.020263203552791,7.459831476211548,2.716095447540283,0.1796125085758311,1.1870469131640025,5.835975170135498,34.89749868342265
2019-09-01,Sunam,9.190614240510124,4.784798273018429,6.804759178842817,2.511943966150284,0.1665283659739153,1.284993759223393,5.302451951163156,24.118875824717772
2019-09-02,Dhuri,0.9327846968715842,7.781554655595259,3.911055304787376,1.0039413652636788,0.6056330163370479,0.0071106101386249,7.88646953756159,30.013390341194974
2019-09-02,Lehra,0.7166628949344158,5.178849369287491,2.3783998116850853,1.7182823419570925,0.4617725871503353,0.0448545157560147,7.131128698587418,16.426418560924045
2019-09-02,Malerkotla,1.1995248304946082,7.85593969481332,3.151712383542742,0.7324881340776171,0.6275835345898356,0.0225528931394884,5.708482163293021,37.96114456976897
2019-09-02,Moonak,0.917211224635442,4.971712648868561,2.0117681125799813,1.7217892408370972,0.6264339362581571,0.1020031714191039,5.837095657984416,17.768710265417035
2019-09-02,Sangrur,1.209833295217582,7.325956446783883,3.5476511972291127,1.0405957571097784,0.5019553527235985,0.0198841483465262,8.191530312810626,30.134689341338365
2019-09-02,Sunam,1.0784240407603127,6.006094591958182,3.0687682884080068,1.3666012287139893,0.4965221264532634,0.0152812450791576,7.724332741328648,20.686019582059956
2019-09-03,Dhuri,4.968821503899314,4.570658152753657,0.7805044894868677,5.712636687538841,2.3630406260490417,0.1941195929592306,0.568188107826493,28.50072756248074
2019-09-03,Lehra,4.689846366643906,4.110125869512558,1.2439547888934612,4.872318476438522,3.3983732163906097,0.1687071877531707,0.4362401198595762,14.49839394537794
2019-09-03,Malerkotla,4.432780938489096,4.243103759629386,0.8368030701364789,5.73121098109654,1.459796177489417,0.0997601867254291,0.3471927068063191,35.46880928223864
2019-09-03,Moonak,3.695427437623342,3.3923715949058533,1.2551849136749904,4.879484752813975,3.2075513005256653,0.0399257948932548,0.3151562847197056,15.642609568268306
2019-09-03,Sangrur,4.8443242737225125,4.322139927319118,1.0705873497894831,5.203342284475054,2.465257695743016,0.1484373327943363,0.5506334209016391,28.391441613431986
2019-09-03,Sunam,5.043438187667301,4.031558309282575,1.3540409484079905,5.18425863129752,2.8894435422761098,0.1414013972971588,0.5629891774484089,18.641513370509518
2019-09-04,Dhuri,1.016368026083166,0.1479369574649767,1.3502230590040034,0.5730605477636511,0.4569054381413893,0.9489902041175148,1.5362256656993518,10.378553446438321
2019-09-04,Lehra,0.1675411271862685,0.0913294020574539,1.637280598282814,0.5579756461083889,0.426452524960041,0.3466737288981676,0.6554194986820221,10.751353417509446
2019-09-04,Malerkotla,1.5683064120156425,0.2480492798079337,1.3382674029895238,0.5085858484464032,0.3593536636659077,1.224850514105388,1.8642935114247456,10.31244105943146
2019-09-04,Moonak,0.2165986951440572,0.0963005448381106,1.4384283423423767,0.6768711904684702,0.2631221438447634,0.3792675323784351,0.9926115175088248,10.607758477505175
2019-09-04,Sangrur,0.7891698522227151,0.2743627868060554,1.3199924060276575,0.8042887513126645,0.4225458885942186,0.8979282331253801,1.3174302194799696,11.1115646125505
2019-09-04,Sunam,0.410402562469244,0.1615169114832367,1.3809378615447454,0.7259529541645732,0.4177490664379937,0.6018286528331893,0.9152890422514508,9.705225599453824
2019-09-05,Dhuri,0.3165883990851315,0.0311423092075115,0.2191726152192462,0.2591769993305206,0.1107476753267374,0.0040447593200951,2.0939371423287825,6.673698891704191
2019-09-05,Lehra,0.2513113608583808,0.0814458804670721,0.2157581895589828,0.6160302516072989,0.0484604185912758,0.0,7.868418157100677,10.449628313182343
2019-09-05,Malerkotla,0.3660860231944493,0.06642357133595,0.2169898716466767,0.1192795624956488,0.1358286325952836,0.0181862310273572,1.828192280871528,5.9073530226979125
2019-09-05,Moonak,0.4303575828671455,0.0767147988080978,0.147386643414696,1.0467064430316289,0.0761719075962901,0.000206550292205,9.376927336057028,7.8462406389437565
2019-09-05,Sangrur,0.2197344659694603,0.083735936953287,0.1875820952866758,0.3443272076547146,0.0634336035166468,0.0044871499495846,3.0439200401306152,7.770174980226212
2019-09-05,Sunam,0.2943952818002019,0.0783136377244123,0.195597832756383,0.6662932804652623,0.0624804846676332,0.0009110639512073,5.642442311559405,9.303991560811472
2019-09-06,Dhuri,0.0849034498361024,0.0230763375505127,0.4612614878199317,0.1073176081884991,0.1087577192282134,1.1158043579621748,2.2725530808622185,5.439835558141147
2019-09-06,Lehra,0.0350618578959256,0.0011761975474655,0.0261807785427663,0.060486672213301,0.0261807785427663,0.7875956073403358,2.332784131169319,12.89318203419375
2019-09-06,Malerkotla,0.1393283026825104,0.045155934457268,0.5651840705956731,0.0758598104917577,0.1375114650332502,1.1909034933362688,1.9069850998265403,4.762664437864996
2019-09-06,Moonak,0.0113937524923433,0.0,0.0140078345624109,0.0328661267024775,0.0123615259459863,0.5975111275911331,1.905466357866923,7.552013455942346
2019-09-06,Sangrur,0.0742785377161843,0.0196791039946089,0.3292564757700477,0.1287454680672713,0.1229663752684635,1.0245447009801865,2.309990440096174,6.920053184203633
2019-09-06,Sunam,0.0527481202568326,0.005217229608596,0.1190912202665848,0.0789866697575364,0.065516886833523,0.8342843396323067,2.177631216389792,10.137586004323827
2019-09-07,Dhuri,0.96493522958322,0.012139755428176,1.2360989451408386,1.1998263922604648,0.2933361100202257,0.2044310495257377,0.2635646117004481,4.446909142049369
2019-09-07,Lehra,0.5586570054292679,0.0066206561168655,1.2022323980927467,0.9494985491037368,0.0725575065589509,0.117565622087568,0.1404218305833637,15.08862503157519
2019-09-07,Malerkotla,0.8898258251803262,0.0141922843925255,1.0382508039474487,1.5823848758425032,0.4722687431744167,0.4151977582701615,0.3809834138623306,3.9031042023506455
2019-09-07,Moonak,0.2244524906078974,0.0063173515566935,0.7522399971882502,1.239371195435524,0.114788453405102,0.0804311139509081,0.278322438398997,7.323148892358405
2019-09-07,Sangrur,0.8399522708995002,0.0390569465234875,1.1487400233745575,0.8500198934759412,0.3404759150663657,0.1498327555933169,0.1266007151986871,6.323343181081118
2019-09-07,Sunam,0.6406685401286397,0.0215258487899388,1.0227033283029283,0.7931381261774472,0.1666868838614651,0.0946405978341187,0.1227206273802689,11.10385010988599
2019-09-08,Dhuri,0.0,0.0,0.270357763225382,0.0162501734766093,1.0487054992805829,2.762271891940724,1.6564026149836453,3.335485169807429
2019-09-08,Lehra,0.0,0.0,0.4627311062067747,0.0,0.961824893951416,2.506079323589802,0.7621212489902973,16.38622844585033
2019-09-08,Malerkotla,0.0,0.0,0.2841238736041954,0.0555802728049457,0.8334842941590718,2.00270358153752,1.412928608911378,2.861248073747958
2019-09-08,Moonak,0.0,0.0,0.6113832667469978,0.000694515183568,1.0376770446697872,2.225696394840876,0.4403472592433293,7.547372262123968
2019-09-08,Sangrur,0.0,0.0,0.4546418642359121,0.006509095230805,1.034339212945529,2.834377046142305,1.229554438165256,5.7910222084177505
2019-09-08,Sunam,0.0,0.0,0.4441696096743856,0.0003416136439357,0.946757007922445,2.6430097988673618,0.7869102678128651,11.595055337048008
2019-09-09,Dhuri,0.0,0.2527055198496038,0.3411540565165606,0.6626935370943763,0.7057570801539854,0.2196847749027339,6.316122835332697,3.378150312264497
2019-09-09,Lehra,0.0,1.0586177930235865,0.870510209351778,1.6629242226481438,0.0086510435503441,0.1020470407092943,3.183884024620056,16.401778462610583
2019-09-09,Malerkotla,0.0,0.150354875517743,0.2026242514007858,0.4952605302844728,1.1570111619574683,0.31209867979799,6.865915332521711,2.868377718179753
2019-09-09,Moonak,0.0,0.6314567600687345,0.8409563352664312,0.9045402954022088,0.0465543440853556,0.1015741874774297,2.7271679838498435,7.563249261220799
2019-09-09,Sangrur,0.0,0.3634187600442341,0.3936904642198767,0.8604707696608135,0.1945131075169359,0.1464503210570131,3.923410645553044,5.873216705436388
2019-09-09,Sunam,0.0,0.4912732892802783,0.6161266246012279,1.0657743449722017,0.0494947866869292,0.0597679895082754,2.8406359468187605,11.649902911770408
2019-09-10,Dhuri,0.0,0.0440566904250193,0.2726536430418491,0.8742643432183699,5.176465923135931,2.871555599299344,0.4407511726021766,5.040782865319519
2019-09-10,Lehra,0.0,0.005081069713924,0.2493576444685459,2.021034896373749,2.2134811393916607,2.528795957565308,0.476952888071537,18.763960346702376
2019-09-10,Malerkotla,0.0,0.107303667015263,0.1441380526604397,0.3958774900862148,6.084393211773464,2.6737479397228787,0.30430761298963,4.570588661363304
2019-09-10,Moonak,0.0,0.0307980549211303,0.4834522282083829,2.0065017342567444,2.021918406089147,2.0193734566370645,0.5268514131506284,8.625584727705263
2019-09-10,Sangrur,0.0,0.0283429617660918,0.2233834628547941,1.0277932467205184,4.494207497153964,2.802588403224945,0.3893198402864592,7.752728547902851
2019-09-10,Sunam,0.0,0.0054158900789583,0.2148685426052127,1.4991919824055262,3.340180286339351,2.579177745750972,0.3953801648957388,13.461251096827933
2019-09-11,Dhuri,0.0186995585364374,1.117432320659811,3.384077321399342,3.718647989359769,1.468315390023318,0.0815453514118086,0.0669831276701932,5.95233864660858
2019-09-11,Lehra,0.2065337002277374,0.7152404841035604,2.8315759375691414,8.68343722820282,0.4712785519659519,0.2881590211763978,0.2661511562764644,18.99507047860625
2019-09-11,Malerkotla,0.0179080896445416,0.9191905515534536,2.152623231921877,3.4300959365708485,1.4672560266086034,0.0350685726485348,0.0582581093268735,4.965464984672145
2019-09-11,Moonak,0.2570467653373877,0.5961690098047256,1.761337399482727,3.674919451276461,0.2180076284954945,0.1438953721274932,0.2322450267771879,9.504164146809504
2019-09-11,Sangrur,0.088428688368627,1.2082434871367045,3.4094369326319014,3.189575989331518,1.0432408941643578,0.1518697634871517,0.16973412436034,8.301901758420803
2019-09-11,Sunam,0.1522855408755796,0.8787841839449746,3.104031358446394,4.448790801422937,0.6919091109718595,0.2151000151144606,0.3135093381362302,14.203269379149358
2019-09-12,Dhuri,0.0982283889316022,0.1073148287832737,0.0,0.0,2.334703998132185,0.600018020380627,2.0811219161207024,5.622071261149861
2019-09-12,Lehra,0.0119577865116298,0.2541528809815645,0.0,0.0,0.4439200749620795,0.3032407201826572,2.220678947865963,16.629219203637813
2019-09-12,Malerkotla,0.158196802384087,0.1257401973541294,0.0,0.0005826989987066,2.7443476745060518,0.6147958593709129,1.259825881038393,4.877510006237953
2019-09-12,Moonak,0.0133162582448373,0.1281948719794551,0.0,0.0,0.5447099730372429,0.3152926589051882,1.9746955434481304,8.253928792058234
2019-09-12,Sangrur,0.1637219107111117,0.1222100031695195,0.0,0.0024230750942868,1.8805539437702723,0.5563411345439297,2.170540085860661,7.233919079439124
2019-09-12,Sunam,0.0602874005812087,0.1303064028532909,0.0,9.413183267627445e-05,0.9949842313570636,0.4110029951802322,2.086404664175851,11.450493942133036
2019-09-13,Dhuri,0.0647070780396461,0.0,0.036767450753938,1.075527012348175,0.2651506459171122,1.023694397373633,7.342163476076993,6.831014940270778
2019-09-13,Lehra,0.0093599497340619,0.0,0.0228741617756895,0.3197172787040472,0.4793609399348497,0.5524946451187134,6.715813189744949,12.488763420545906
2019-09-13,Malerkotla,0.0795628782361745,0.0061097408096039,0.0343109007725226,0.9713403859308788,0.406910525900977,2.0086091735533307,7.868262393133981,5.771172937147675
2019-09-13,Moonak,0.0,0.0001089762178404,0.0189909733987102,0.150330426171422,0.414766917626063,0.447955975929896,6.793806791305542,6.9169910691494145
2019-09-13,Sangrur,0.0597656822231199,0.0019236053672752,0.1005880229308136,1.0981090111391885,0.3528720736503601,1.1738407393651349,6.166724903242929,7.776196991585469
2019-09-13,Sunam,0.0226598762175334,0.0002981490854706,0.0660183139012328,0.6016435942479542,0.3299948759377002,0.7603485105293137,5.6028644016810825,9.724288832161182
2019-09-14,Dhuri,0.0104320227507163,0.0,0.248667641796849,0.3810154741460627,0.63889764520255,0.1212903713299469,0.8060855472629721,11.229272472377765
2019-09-14,Lehra,0.0,0.0,0.1035695483442395,0.6946480013430119,0.3704838017001748,0.2056147931143641,1.7704212702810764,11.375124367145338
2019-09-14,Malerkotla,0.0424622696591541,0.0049947032488749,0.1907279366361243,0.4984294495412281,0.6703414863773755,0.1951681339581097,0.2536252087780407,10.106667335256049
2019-09-14,Moonak,0.0,0.0002374854520894,0.1072758771479129,0.9974129249652228,0.3469759126504262,0.1311297897870341,0.7606138214468956,7.999582044958602
2019-09-14,Sangrur,0.0014935046700494,0.0048535840053643,0.3318061786038535,0.205003337668521,0.3429330672536577,0.1537248087780816,1.0338530002960138,11.031247809259856
2019-09-14,Sunam,0.0,0.0006289404949971,0.2328285888901778,0.4167481937578746,0.2374664608921323,0.1005800998370562,1.3648074599249025,10.196741761888415
2019-09-15,Dhuri,0.0076250599125738,0.3544415960257703,0.3120844127102332,0.8486986769871279,0.0464071883735331,0.0138081486061723,0.0420060158622535,11.148556890116817
2019-09-15,Lehra,0.0,0.0810253865201957,0.2873418098315596,0.0515992958680726,0.0044931234369869,0.0557332696043886,0.1045182826928794,12.327224283902915
2019-09-15,Malerkotla,0.0489667376636394,0.6549501717090607,0.3484105318784714,1.3623357372624534,0.0643684712371655,0.0024844584175817,0.0895323124714195,10.048519696627878
2019-09-15,Moonak,0.0001183066439504,0.24024390305082,0.4449461102485657,0.050068934680894,0.0188860406633466,0.0851103424405058,0.1752771884202957,10.35410008988493
2019-09-15,Sangrur,0.0056820858569283,0.3645384785320077,0.2762011545045035,0.7256200244384152,0.0353293021741722,0.0143724869870181,0.0752803115174174,10.924220840871545
2019-09-15,Sunam,0.0004110164009034,0.1887180703758661,0.3259312760617052,0.2935978901306433,0.0130546250314052,0.0199758378023813,0.0713830576610884,10.549592674484298
2019-09-16,Dhuri,0.1187329363416541,0.2395285767587748,1.9044771140271968,0.0183784769297662,0.0033691608802076,0.0,0.0,11.31371967127784
2019-09-16,Lehra,0.2143353787250816,0.3816008809953928,0.4131246646866202,0.0,0.0,0.0,0.0,13.398499919893585
2019-09-16,Malerkotla,0.1313055285385676,0.20908176739301,1.92823167358126,0.0481243380345404,0.0210485151037573,0.0,0.0003110266822789,9.987313379970425
2019-09-16,Moonak,0.2404444317022959,0.3384126077095667,0.2285616807639598,0.0,0.0,0.0,0.0,11.009467943470812
2019-09-16,Sangrur,0.1781326412622417,0.3420789167284965,1.6143509532724107,0.0006770559120923,0.0004905680211127,0.0,0.0,11.142763918778188
2019-09-16,Sunam,0.1149279412680438,0.2734682389668056,0.8299589189035552,0.0,0.0,0.0,0.0,11.240001854412156
2019-09-17,Dhuri,0.1820578673346476,0.1925114731897007,0.8679354407570579,1.5628204237331045,0.0,0.0,0.6523850641467355,10.094521442191448
2019-09-17,Lehra,0.5264659654349089,0.0026647972990758,0.2471134290099144,3.393811672925949,0.0026647972990758,0.0,0.4930299837142229,11.3795727203802
2019-09-17,Malerkotla,0.1410192791372537,0.3343024663627147,1.1497985678059714,1.3307563023907798,0.0,0.0003704165407855,0.5802716091275215,8.4032940162501
2019-09-17,Moonak,0.4091523264845212,0.013577926903963,0.227049550662438,2.4719498654206595,0.016443900608768,0.000421466693903,0.1841953558226426,10.092346895575293
2019-09-17,Sangrur,0.2563395372458866,0.0500925448390522,0.6394197376711028,2.1332406444208964,7.786704061020697e-05,0.0015251510277656,0.5247680151036808,9.872538459245556
2019-09-17,Sunam,0.2779975294002464,0.0124278530877615,0.4097048028239182,2.259675932782037,0.0005963788966515,0.0001842387719079,0.4270560858505113,9.891063620066747
2019-09-18,Dhuri,4.786333864385432,0.4140356982296163,1.8231821710413152,0.9737594561143356,0.0,0.9023857496001504,2.569476517764005,9.73649741678843
2019-09-18,Lehra,1.5055808946490288,1.0924163907766342,4.44208037853241,4.126481115818024,0.005547688313527,1.5409879386425018,2.545017398893833,9.704472603002703
2019-09-18,Malerkotla,5.889287275927408,0.513366407581738,1.3457765110901423,1.0105344631842204,0.0,0.7375040192689214,2.292944380215236,8.102000064994874
2019-09-18,Moonak,0.5149307797352473,1.4318546156088512,4.822293599446614,4.701753576596578,0.0296708999667316,1.149275208512942,4.042489389578502,8.090723858949854
2019-09-18,Sangrur,2.505339665072305,0.4907502276556832,2.171780300991876,1.3516913162810462,0.0,0.9533619199480328,3.038204312324524,10.164720599386076
2019-09-18,Sunam,1.71715418781553,0.7253283645425525,2.993960908481053,2.400509979043688,0.0005095926878441,1.2147565909794398,2.889883198908397,8.963286727379801
2019-09-19,Dhuri,2.455524076115001,4.117743719707836,0.1449009694836356,0.8096925968473608,3.611096208745783,3.050013542175293,14.02943299033425,11.69297147847657
2019-09-19,Lehra,1.3996734395623207,2.070373460650444,0.7887142896652222,0.0509282938437536,0.1711610741913318,1.4140526950359344,5.945005685091019,12.721588602541212
2019-09-19,Malerkotla,2.058336943387985,3.738315709999629,0.2253835955634713,1.0998127268893378,4.025315029280526,2.9458699992724826,14.84229598726545,8.902302456128279
2019-09-19,Moonak,1.150463988383611,1.3478224923213322,0.7531078855196635,0.0355989635766794,0.1070791833723584,1.155853619178136,4.061255792776744,12.549814455490711
2019-09-19,Sangrur,1.9010363391467504,3.177033168928964,0.1871340796351432,0.1016724118297653,1.9825129743133272,2.3665772761617387,10.857446687562126,11.829830648748032
2019-09-19,Sunam,1.3108946957758494,2.604280982698713,0.4655998444982937,0.0480540904349514,0.7935772415782724,2.1611697546073367,7.932916504996164,10.495696254728864
2019-09-20,Dhuri,1.3519478169354526,1.672877848148346,0.0,0.035028991501101,2.21184699643742,6.191117763519287,8.493737849322232,11.053189131007727
2019-09-20,Lehra,0.4859364572912454,3.0806673914194107,0.0,0.0,1.3416364565491676,3.95308580994606,4.054330006241798,13.05294889932698
2019-09-20,Malerkotla,1.3448051171643394,1.142579406499863,6.363426967124854e-05,0.0646828577321555,2.8339137945856367,9.035329256738937,11.05477397782462,9.050948009697633
2019-09-20,Moonak,0.3575916215777397,3.463244398434957,0.0002666362367259,0.0,1.0385001748800278,3.737931370735169,3.740803380807241,13.065046334164263
2019-09-20,Sangrur,1.0934699667351586,2.7849876348461424,0.0022878982459328,0.0010922975239476,2.090278606329645,5.0391106605529785,9.40454752104623,11.138856344536594
2019-09-20,Sunam,0.8311337232589722,3.7271989243371135,0.000565013648676,0.0,1.4927738308906555,4.391071804932186,6.590807744434902,10.430963349358978
2019-09-21,Dhuri,2.029003593054685,0.1307728500528769,0.0752024287357926,0.8401705487207933,16.180729042400014,19.96553204276345,18.33981357921253,9.830258230827525
2019-09-21,Lehra,2.7100511640310287,0.0,0.0,1.1412126161158085,11.29557329416275,14.192813038825989,9.97370344400406,15.81569001534686
2019-09-21,Malerkotla,2.225636439664023,0.3936071007379463,0.3038130226944174,2.035953528114728,14.281102112361364,19.706089530672347,18.5242429460798,9.295980045328005
2019-09-21,Moonak,2.2235201001167297,0.0,0.0,1.0850991904735563,6.97903843720754,7.377167542775472,6.183046877384186,15.483316740417887
2019-09-21,Sangrur,1.9085324832371304,0.0091577972218926,0.0072359525532062,0.3726793748459646,16.114497661590576,14.605504206248693,14.011360798563276,10.683289642798911
2019-09-21,Sunam,2.221135041543416,7.05321435816586e-05,7.05321435816586e-05,0.5732349040252822,13.614785296576365,12.807652337210518,11.473665578024727,11.924437672192791
2019-09-22,Dhuri,1.4269206523895264,0.1073460636914453,0.4610137709162452,1.9203551845117048,7.2884837280620225,1.6208353557369926,2.698256340893832,11.993211581203955
2019-09-22,Lehra,1.6542870551347733,0.0,0.1033230188768357,0.1191629770910367,2.438482530415058,0.588842349126935,2.3328001126647,14.020375835190704
2019-09-22,Malerkotla,1.3109296560287476,0.3134958847825016,0.8039975613355637,3.0439367422035764,8.75108003616333,2.2155662093843733,2.171811427388872,13.142862404767602
2019-09-22,Moonak,1.0558358530203502,0.0013339817523956,0.0737421967399617,0.1065446787203351,0.933953252931436,0.7440969546635946,1.7604233026504517,13.248017709552963
2019-09-22,Sangrur,1.554935749088015,0.0865779150543468,0.4212768572781767,0.9544384905270168,5.575545157705035,1.4766142410891396,2.6010821035930087,13.25606874000178
2019-09-22,Sunam,1.8225032091140747,0.0132494024666292,0.2182859014719724,0.406755339886461,3.712665949548994,0.8425215472068105,2.4650416927678243,11.62237967328039
2019-09-23,Dhuri,0.9170311987400056,0.4213927462697029,1.291214867071672,8.90574353391474,6.697510134090077,16.059175404635344,5.02455548806624,18.516155302028206
2019-09-23,Lehra,0.0750130537198856,0.2746677948161959,0.6534430412575603,3.7163774222135535,2.6798432767391205,15.262488842010498,4.708254233002663,17.83611488358895
2019-09-23,Malerkotla,0.8707185174737658,0.1378213555685111,2.1707778743335178,10.401087318147932,8.412879603249687,12.943403720855711,3.9946795531681607,22.01855589441423
2019-09-23,Moonak,0.0417550038546323,0.1373699263979991,0.636880117158095,2.7183969219525657,2.241560290257136,9.16068696975708,3.4248000184694924,17.415839505255136
2019-09-23,Sangrur,0.4512697085738182,0.5085363898958478,0.9402701663119452,7.14793108190809,4.624594339302608,13.92808733667646,4.443078773362296,18.947457748398726
2019-09-23,Sunam,0.1925911439715751,0.3960606285503932,0.3290187647300107,4.9441989575113565,3.2772071872438704,13.860976253237045,4.087591801370893,15.573201260889642
2019-09-24,Dhuri,0.0676159199157899,2.255692373622548,8.742797396399759,8.923847436904907,13.341101928190753,2.406144553964788,32.68641896681352,22.446935967289622
2019-09-24,Lehra,0.9116864521056414,1.9204383566975596,5.524467378854752,7.072972446680069,21.135425209999084,2.947313368320465,24.61129879951477,18.476957812501063
2019-09-24,Malerkotla,0.0405410671207521,2.6667541478361403,9.05454536846706,8.152138352394104,10.71374760355268,1.7376639757837569,30.74526030676705,26.02251304688287
2019-09-24,Moonak,1.246146410703659,1.4598191877206166,5.710633178551992,6.671148657798767,16.779045422871906,2.4451984763145447,20.130867958068848,19.128203863896246
2019-09-24,Sangrur,0.1298646108313862,1.9470949641295845,7.971533979688372,8.99491434437888,15.059555803026472,2.57138677580016,30.877086571284703,21.68287342573555
2019-09-24,Sunam,0.3118184443031038,1.8683219168867384,6.617045828274319,7.963601912770953,19.179577827453613,2.693496380533491,26.008468014853342,16.536340853615844
2019-09-25,Dhuri,5.559939200227911,5.813867633992976,13.163626194000244,11.971529137004506,13.256777503273703,28.83379416032271,10.565635074268688,24.60313638516992
2019-09-25,Lehra,2.67829916626215,2.961144007742405,15.77312159538269,13.97467440366745,13.859414637088776,27.081658124923703,12.003995537757874,18.877311516281996
2019-09-25,Malerkotla,10.583632571356636,7.36705756187439,14.781205211366926,13.54089423588344,14.651212113244194,33.68190554210118,9.076711348124912,29.14062736515133
2019-09-25,Moonak,3.098983665307363,2.4511219461758933,13.300105412801107,13.170185963312784,13.534786701202393,24.460556348164875,8.944180568059286,20.852796304492045
2019-09-25,Sangrur,4.539449457611356,5.646431292806353,12.208330597196309,11.413703441619871,11.642619132995604,24.64550760814122,9.785861781665258,22.71210367407897
2019-09-25,Sunam,3.4305700276579176,4.584030083247593,13.247809444155012,11.816010917936053,11.45031247820173,25.59743125098092,10.353331020900182,16.92684242459935
2019-09-26,Dhuri,5.690185568549416,5.621213479475542,18.38271531191739,10.981880708174272,6.770651167089289,6.502697186036543,5.046597502448342,25.976537432833084
2019-09-26,Lehra,0.3378013726323843,6.404618412256241,34.05605947971344,15.29709392786026,4.831111684441567,8.899062514305115,14.25746649503708,17.779635714933878
2019-09-26,Malerkotla,7.787394114903042,5.782696919781821,11.311829703194755,11.91666453225272,6.9856818573815485,5.888597301074436,4.359220675059727,30.42468281860153
2019-09-26,Moonak,0.6247286734481653,4.931769092877706,32.42203537623087,16.673415978749592,4.610318422317505,8.429159879684448,16.26975989341736,19.444642918173383
2019-09-26,Sangrur,2.602452290909631,6.611110261508396,21.38541054725647,11.871382185391017,6.246190190315247,6.833486761365618,5.962608269282749,23.26023654571098
2019-09-26,Sunam,1.1751200599329812,7.023051653589521,29.20461205073765,14.231941870280677,5.764492528779166,7.743119648524693,8.658071841512408,18.07034829150828
2019-09-27,Dhuri,12.759667526591908,8.68174706805836,6.186132496053522,4.058353608304804,11.829172307794744,8.79068730094216,4.527890541336753,26.18173095396766
2019-09-27,Lehra,10.00716358423233,9.588206619024277,7.281335294246674,2.494925782084465,13.353635907173157,20.895554542541504,6.039956748485565,17.360596586307977
2019-09-27,Malerkotla,15.17576278959002,8.719311475753784,7.039402195385525,6.125379656042371,13.168553863252912,7.216077923774719,3.656011951821191,30.280441475320345
2019-09-27,Moonak,7.867266217867534,8.231698950131735,7.500051140785217,2.347560226917267,10.884483019510904,23.011456966400143,4.703004757563273,19.408734125570632
2019-09-27,Sangrur,11.06128430366516,8.515900543757848,5.670022964477539,3.213793554476329,11.289459705352783,11.324532645089286,4.624824532440731,22.86542228320367
2019-09-27,Sunam,9.74895587989262,8.980313505445208,6.39143671308245,2.707421141011374,12.173616000584191,15.900043249130247,5.3763125623975485,17.63028357027467
2019-09-28,Dhuri,2.203946243632924,5.59574142369357,21.547400734641336,6.887013392014937,5.16155929998918,0.7441204664382067,0.2966115765950896,22.137494154616356
2019-09-28,Lehra,1.3200688362121582,4.720878019928932,22.1052520275116,6.261586621403694,5.124777421355248,1.224175937473774,0.2895488021895289,11.712706331809041
2019-09-28,Malerkotla,2.2051020520074025,5.041331938334873,17.533893210547312,5.824275374412537,4.95504458461489,0.3779266215860843,0.3360687462346894,25.014818988188306
2019-09-28,Moonak,0.981842557589213,2.72259916861852,13.06378404299418,4.043879707654317,3.4261277516682944,0.7509970466295878,0.222626286248366,14.670654998928905
2019-09-28,Sangrur,2.208630932228906,6.448427745274135,23.473784855433877,7.699551071439471,5.459677815437317,0.8400537925107139,0.4753715060651302,18.647272547182112
2019-09-28,Sunam,1.9435059215341293,6.056688359805516,25.038122245243617,7.598760809217181,5.780558739389692,1.1306664964982442,0.407170331371682,12.974876980100166
2019-09-29,Dhuri,1.4718452258543535,8.123820911754262,0.2109676531770012,6.237462282180786,1.2082522863691505,0.2826760729605501,0.136923227797855,19.437610613733007
2019-09-29,Lehra,2.9880484715104103,7.797302633523941,0.1896816482767462,5.353102803230286,1.1538397446274755,0.058803646476008,0.3159040622413158,9.611667806559309
2019-09-29,Malerkotla,1.9619381938661848,8.332729986735753,0.2084836911942277,6.185607407774244,1.700379205601556,0.3904834144881793,0.070071149825318,20.768087214885636
2019-09-29,Moonak,2.267017881075541,5.684794346491496,0.1897887960076332,4.293935437997182,0.9223624169826508,0.0427801444505651,0.2398515517512957,12.804557066064104
2019-09-29,Sangrur,1.4085340925625391,8.15092922960009,0.2335916241364819,5.091911332947867,1.066235112292426,0.1624417996832302,0.1211374485200005,14.942646400373961
2019-09-29,Sunam,1.462120818240302,7.939456752368382,0.1609445911433015,4.955018775803702,0.9781084890876498,0.0939583239544715,0.1655770677274891,10.756953795436663
2019-09-30,Dhuri,0.1982115297154947,5.169206012379039,2.909172903407704,0.8796256347136064,0.0010236166973217,0.0,0.0,13.776044993896233
2019-09-30,Lehra,0.9612092860043048,7.44407132267952,1.8741639405488968,4.159836336970329,0.0036793750477954,0.0353340385481715,0.0,7.333897793950204
2019-09-30,Malerkotla,0.1173141196902309,4.196912288665772,2.400198553289686,0.7817811071872711,0.0047128296490492,0.0,0.0,12.340911240767067
2019-09-30,Moonak,0.7970256159702936,6.089935898780823,1.0454894304275513,2.924455493688584,0.0,0.0179002640846495,0.0,9.914260081838638
2019-09-30,Sangrur,0.3226241767406463,6.405467987060547,3.3412565078054155,1.3022590024130685,0.0028977155618901,0.002509553256719,0.0,10.271298340155983
2019-09-30,Sunam,0.5381674330149379,6.303511193820408,2.524331731455667,1.822172965322222,0.0028221947140991,0.0106943543755083,0.0,8.051545625415198
2021-06-01,Dhuri,1.25093074278398,0.2844941494139758,0.1488110490820624,0.103385949676687,0.2543833702802658,0.5330353623086755,0.4157058312134309,17.810593883129698
2021-06-01,Lehra,1.0642980188131332,0.334968239068985,0.0311400661012157,0.0886520817875862,0.106012679869309,0.5762315094470978,0.5085414554923773,7.487864737199048
2021-06-01,Malerkotla,1.3264125287532806,0.3376754836312362,0.147667896002531,0.0873350181749888,0.3561529921633856,0.6477884735379901,0.5273157922284943,21.927392998020377
2021-06-01,Moonak,0.9816849827766418,0.364136869708697,0.0030569044756703,0.0877476129680872,0.1080824347833792,0.5496816858649254,0.5314688260356585,8.424579366905322
2021-06-01,Sangrur,1.193664095231465,0.2781863718160561,0.1140237296266215,0.1049801991986376,0.2221534973276513,0.5744325816631317,0.4377274577106748,17.494450601802736
2021-06-01,Sunam,1.2438172016824995,0.3194331654480525,0.0664650198803948,0.1021379771243248,0.1861867079777377,0.6225484992776599,0.4977651195866721,11.25495893879265
2021-06-02,Dhuri,1.1429127779873935,0.7698985825885426,0.5619155927137895,0.8813672824339434,1.536010043187575,0.3474985232407396,0.3441999486901543,19.057880495691297
2021-06-02,Lehra,1.2911650016903875,0.8398901484906673,0.7415219619870186,0.9305605739355088,1.2831696942448616,0.6162128373980522,0.2877565855160355,7.487864737199048
2021-06-02,Malerkotla,1.1715761146375112,0.7831891179084778,0.5887955586825099,0.9236395188740322,1.7744313095297133,0.3013510507132326,0.4704393350652286,24.44845018818104
2021-06-02,Moonak,1.2658271888891857,0.6164016723632812,0.594479945798715,0.7475772301355997,1.193884551525116,0.7152033895254135,0.2813201807439327,8.42477901667751
2021-06-02,Sangrur,1.2320178321429662,0.7673951440623829,0.6370599897844451,0.928697007043021,1.452232756784984,0.5001142919063568,0.4204172875199999,17.560702262722522
2021-06-02,Sunam,1.3532975145748682,0.8470048627683094,0.6975305165563311,0.994592649596078,1.4104519912174769,0.6254137424486024,0.4114212484232017,11.258482208579158
2021-06-03,Dhuri,0.841600854288448,0.6865813840519298,0.5029303255406293,1.153169889341701,0.3067160262302918,0.4183745235204696,2.112620223652233,19.276023498825204
2021-06-03,Lehra,0.8593971841037273,1.3110238760709765,0.8549362495541573,0.9867428094148636,0.340872747823596,0.2189710503444075,1.348794236779213,7.921247522466497
2021-06-03,Malerkotla,0.8046953422682626,0.689163863658905,0.5463896191545895,1.5379285854952676,0.2968893274664879,0.5021619072982243,2.7913824234689986,25.809528158205683
2021-06-03,Moonak,0.6879202375809351,1.2353347440560658,0.6602668066819509,1.046144738793373,0.280621737241745,0.1475944574922323,1.18509641289711,8.95668996599453
2021-06-03,Sangrur,0.8438836165836879,0.8402788021734783,0.6367552397506577,1.1411382172788893,0.3509748051209109,0.4109270828110831,2.084126199994768,17.91754195672481
2021-06-03,Sunam,0.8723686571632113,1.1081396618059702,0.7478446683713368,1.036455744079181,0.4128848516515323,0.3126476199499198,1.7499162469591414,11.816460627022654
2021-06-04,Dhuri,0.2780570570718158,0.2266450517556884,0.2592695545066487,0.0167646321298723,0.1228330663659355,1.1626905771819027,1.9957944317297505,19.430643143608048
2021-06-04,Lehra,0.6866081058979034,0.1829132102429866,0.4794727172702551,0.1592488326132297,0.1437081824988126,1.1096872463822365,1.594932809472084,7.925081196348676
2021-06-04,Malerkotla,0.2744481760476316,0.3327896477920668,0.2910585696143763,0.0343123193763728,0.1549569477460214,1.561044386454991,2.497975255761828,26.149911361755084
2021-06-04,Moonak,0.6267758905887604,0.1713338295618693,0.5379203334450722,0.2766129511098067,0.1799847185611724,1.075902447104454,1.5607471366723378,8.9589400891123
2021-06-04,Sangrur,0.4027003252080509,0.2378507299082619,0.4203200271087033,0.0639149528994624,0.2154296220147184,1.2724770584276743,2.534900712115424,18.08684779985486
2021-06-04,Sunam,0.4747428308640207,0.1711115991430623,0.4045714789203235,0.1135436134146792,0.1980145241000822,1.0456949323415756,1.82264706492424,11.862804559692016
2021-06-05,Dhuri,0.0137525723231109,0.0913068293170495,0.0,0.0068762861615554,0.1372995650903745,0.582589553161101,2.365267910740592,31.22650752744689
2021-06-05,Lehra,0.0053013916913187,0.1837438978254795,0.0,0.0,0.0753886145539581,0.2528621247038245,1.7045670300722122,21.16707682926931
2021-06-05,Malerkotla,0.0695635098963975,0.1091307194105216,0.0,0.0383045415593577,0.1834438762494496,0.7517389293227877,3.3035281045096263,36.99626688939448
2021-06-05,Moonak,0.0374894180955986,0.19010907659928,0.0,0.0,0.0663021899138887,0.1995208524167537,1.5847159028053284,24.52697689057208
2021-06-05,Sangrur,0.0065006715179021,0.1537241651011364,0.0,0.0051472347529072,0.1499446436230625,0.5443988921386855,2.636666706630162,31.10627329609482
2021-06-05,Sunam,0.0012233809767557,0.1645562087318726,0.0,0.0001010566816798,0.0974682944693735,0.377744517156056,2.0569876517568315,25.824916288710433
2021-06-06,Dhuri,0.0,0.0,0.0,0.110112536359917,0.9508495872670952,6.0744453776966445,5.5161123492501,27.127414910373076
2021-06-06,Lehra,0.0,0.0,0.0,0.0553227560594677,0.3589238040149212,3.442419931292534,2.974243059754372,20.67542271556177
2021-06-06,Malerkotla,0.0003768539255751,0.0,0.0,0.115972317356084,1.3155886275427682,6.571587358202253,5.800352879932949,32.06940584988084
2021-06-06,Moonak,0.0,0.0,0.0,0.0598969863106807,0.398557352523009,4.243565162022908,3.300487538178762,22.58643086339829
2021-06-06,Sangrur,0.0,0.0,0.0,0.0804760598444512,0.6823239709649768,5.532343362058912,4.365034103393555,29.187609838506326
2021-06-06,Sunam,0.0,0.0,0.0,0.0673263164769325,0.4841134526899883,4.4628287724086215,3.639434916632516,27.879911937454484
2021-06-07,Dhuri,0.0,0.0,0.0,0.2204862385988235,0.6173276603221893,1.7171180194074458,1.2389820705760608,28.25963917711195
2021-06-07,Lehra,0.0,0.0,0.0,0.1086802603676915,0.3501169001683593,1.0479919835925102,0.9278374090790747,21.118551518600746
2021-06-07,Malerkotla,0.0,0.0,0.0,0.3217437522751944,0.8269209755318505,2.126688246216093,1.4807753988674708,32.73610801004273
2021-06-07,Moonak,0.0,0.0,0.0,0.0891041910896698,0.2594174854457378,0.8159423023462296,0.748619963725408,22.9211363464845
2021-06-07,Sangrur,0.0,0.0,0.0,0.1862627557877983,0.51576010457107,1.5851068432841982,1.0992566687720162,29.553197828056362
2021-06-07,Sunam,0.0,0.0,0.0,0.1532854954046862,0.4474408105015754,1.35092117530959,1.0851726510695048,28.36179743673662
2021-06-08,Dhuri,0.0,0.0,0.1513794199986891,0.9340748976577412,3.301241495392539,1.305514481934634,0.4973226352171464,31.52755366384564
2021-06-08,Lehra,0.0,0.0,0.0783822329249233,0.4250018242746591,1.6489321291446686,0.7453841455280781,0.3387146517634392,42.2602202883716
2021-06-08,Malerkotla,0.0,0.0,0.220959152494158,1.3836178800889425,4.246849732739585,1.3263574923787798,0.5517717589225087,34.06471352110218
2021-06-08,Moonak,0.0,0.0,0.0804212816680471,0.3448626374204953,1.2501665552457173,0.510026715695858,0.2213962996999422,40.35648418493503
2021-06-08,Sangrur,0.0,0.0,0.158405187140618,0.9305862124477114,3.06451439005988,1.363862863608769,0.5067745585526738,35.8259108938706
2021-06-08,Sunam,0.0,0.0,0.1318465559078114,0.6717206090688705,2.422642639705113,1.096103970493589,0.448540092578956,42.39301089987333
2021-06-09,Dhuri,0.0,0.1321996948258443,0.3609435727650469,1.8411837166005915,1.0252201475880365,0.7629665827209299,2.0069258429787378,30.280267051284042
2021-06-09,Lehra,0.0,0.0425712529104203,0.1426963643170893,1.346210066229105,0.8472346551716328,0.5828802194446325,1.7643056213855743,42.2602202883716
2021-06-09,Malerkotla,0.0,0.1555827044482742,0.4098856183035033,2.194365578038352,1.0234153036560332,0.8120126702955791,2.2287440981183733,31.386703196287687
2021-06-09,Moonak,0.0,0.0574575463930765,0.1724574534843365,1.9398319721221924,1.041098912556966,0.9232606515288352,2.6006400883197784,40.35628453516284
2021-06-09,Sangrur,0.0,0.1343599784054926,0.3994585839765412,1.8548001136098589,1.0873248875141144,0.8569652438163757,2.5852405386311665,35.75965923295082
2021-06-09,Sunam,0.0,0.0806031990796327,0.253062722406217,1.70936661532947,1.023903442280633,0.7792787913765226,2.2095500954559872,42.38948763008682
2021-06-10,Dhuri,0.3806890980763869,1.5766890211538835,1.7995033101602034,1.639464188705791,1.9840358170596035,1.2940530641512438,0.6204246499321677,30.062124048150135
2021-06-10,Lehra,0.1362802819348871,0.5687982775270939,1.063718106597662,1.097708709537983,2.121407374739647,1.3940742313861847,0.6328390594571829,41.82683750310415
2021-06-10,Malerkotla,0.495194524526596,2.1653173438140323,2.206334718636104,1.8806835114955904,2.064316464321954,1.0899251635585512,0.5133603300367083,29.921235627563494
2021-06-10,Moonak,0.1307245635737975,0.5519608979423841,1.0254744986693063,1.0892003377278645,2.066262443860372,1.403666506210963,0.51543889939785,39.82437358584582
2021-06-10,Sangrur,0.3060640314860003,1.294015252164432,1.7040564290114812,1.5545544709478103,2.0381447757993425,1.374728445495878,0.6973472312092781,35.40281953894853
2021-06-10,Sunam,0.2067760612283434,0.8337309190205165,1.2997708448341914,1.2338662913867406,2.019238135644368,1.4511839193957192,0.630315475165844,41.83150921164332
2021-06-11,Dhuri,0.8769440623846921,0.8004614548249678,0.9810250211845744,1.8424972079016944,0.9054786671291698,0.1895430128682743,0.1749875691126693,29.90750440336729
2021-06-11,Lehra,0.4228650582954287,0.5769938379526138,0.6569351255893707,1.367617018520832,0.8624239563941956,0.2207253044471144,0.1177903097122907,41.823003829221975
2021-06-11,Malerkotla,1.0044215789863042,0.8919048862797874,1.0227225380284446,1.6921400896140508,0.8074365173067365,0.1813698416309697,0.1589945331215858,29.31008132321627
2021-06-11,Moonak,0.3645743603507678,0.5045105641086897,0.6113730271657308,1.0412572224934895,0.8534497419993082,0.2031415638824304,0.098517886052529,39.82212346272806
2021-06-11,Sangrur,0.7744121977261135,0.7288906233651298,0.874522979770388,1.6743688157626562,0.8597770503589085,0.2179797403514385,0.1551716101488896,35.23351369581848
2021-06-11,Sunam,0.5865609454257148,0.662929223052093,0.7505305026258741,1.5915266424417496,0.8840279430150986,0.2187498839838164,0.1430876268340008,41.78516527897396
2021-06-12,Dhuri,6.952581817453558,6.095560095526955,12.008064421740444,4.805274898355657,1.0404388335618109,0.1676680134101347,0.1389207264239138,18.111640019528448
2021-06-12,Lehra,5.254102021455765,4.77593307197094,10.830243825912476,4.281776383519173,0.5541364904493093,0.7777948789298534,0.0584813494933769,28.58100819630134
2021-06-12,Malerkotla,6.852618200438363,5.758341704096113,10.383268748010908,4.399703238691602,0.9910601505211422,0.0728793214740497,0.1603584659418889,18.13476370099178
2021-06-12,Moonak,4.3614969452222185,3.888405303160349,7.94610063234965,3.34634017944336,0.4483242928981781,0.8297392328580221,0.052495976909995,24.25408666126827
2021-06-12,Sangrur,5.912818942751203,5.30559698172978,9.666431392942156,4.068650432995388,0.8064764056886945,0.2468607319252831,0.085036019927689,22.214088199578523
2021-06-12,Sunam,5.739344375474112,5.211090445518494,10.28839329310826,4.10115647315979,0.6671885081699916,0.4433872614588056,0.068154778131949,27.82305354995555
2021-06-13,Dhuri,2.320721539584073,10.397565668279476,2.53856191851876,1.1096596148881046,0.0347986397418108,0.0760221984237432,0.6062972735274922,4.540671880753937
2021-06-13,Lehra,3.4377798587083817,7.984460383653641,2.928544297814369,1.5739530622959137,0.0,0.1330999759957194,0.6053426321595907,21.75222116170025
2021-06-13,Malerkotla,1.7747803160122462,9.42761892931802,2.25620397073882,0.8455613659960883,0.0635920883755066,0.0720767141985041,0.5540932927812848,2.542495188629255
2021-06-13,Moonak,2.516694992780685,6.240964968999227,2.3177892764409385,1.2702085475126903,0.0,0.189061738550663,0.6319955438375473,17.899964672926618
2021-06-13,Sangrur,2.458906808069774,8.894267916679382,2.479948567492621,1.3547561786004476,0.000494327387839,0.0762641495093703,0.6263493373990059,6.788320564234676
2021-06-13,Sunam,2.826370103018625,7.857577902930124,2.541084975004196,1.455276527575084,0.0,0.0803014448444758,0.5974394711000579,14.677624438772833
2021-06-14,Dhuri,2.1279292621395807,0.6181672608310526,0.2474231577732346,0.0,0.0,0.0516528451645916,0.129216887734153,3.26791448673369
2021-06-14,Lehra,1.003389031626284,0.2628419743850827,0.0992352959583513,0.0075194463861407,0.0,0.0218211154569871,0.0408280813717283,21.141668769770856
2021-06-14,Malerkotla,1.430589999471392,0.4443240123135702,0.1833790535373347,0.0,0.0,0.0505151354840823,0.102038901033146,1.3286055110594523
2021-06-14,Moonak,1.047721082965533,0.2903852586944898,0.0981553557018439,0.0024374641604178,0.0,0.0225140606441224,0.0333738569946338,17.435347838450532
2021-06-14,Sangrur,2.03380523622036,0.5554856945361409,0.2298993337899446,0.0023029126064752,0.0,0.0486929315541471,0.1081009877047368,6.272713065814239
2021-06-14,Sunam,2.005578447665487,0.525318657713277,0.2099995264517409,0.0087814446596894,0.0,0.0406164650007018,0.0943739991635084,14.031213463136712
2021-06-15,Dhuri,0.1405201205475763,0.0381312891205942,0.0021736288075441,0.0059612673649098,0.0382820069895718,0.0251935710813003,0.0095704566602679,0.0
2021-06-15,Lehra,0.1524022810044698,0.0706156188825843,0.0,0.0091919666883768,0.0608054911717772,0.0745397967984899,0.0072132703899114,0.0
2021-06-15,Malerkotla,0.1471747313251918,0.0324246646284466,0.0028551650710661,0.0056740251776708,0.0372816199456532,0.0245416488318629,0.0087451716335635,0.0
2021-06-15,Moonak,0.1144529351343711,0.0493221564490037,0.0,0.0083851587939231,0.0379001495117942,0.0565282171010039,0.0071843614702326,0.0
2021-06-15,Sangrur,0.1934860026064728,0.0684123397638489,0.0041124535283805,0.0083404803486441,0.0662322436234847,0.0486069211661483,0.0147102585428261,0.0
2021-06-15,Sunam,0.2189538969791361,0.0881500787134947,0.0010901109661582,0.0124364793134321,0.0773177882490147,0.0731038777157664,0.008600814350627,0.0
2021-06-16,Dhuri,0.0026400966631957,0.0214112762425264,0.0188187731969678,0.1032987010072578,0.1047471294137225,0.0662993898572908,0.0457363837472671,0.0
2021-06-16,Lehra,7.807144584148773e-05,0.0003116081029475,0.0005432620946521,0.0021133331156306,0.002195235041654,0.0006315449809335,0.0003741034206541,0.0
2021-06-16,Malerkotla,0.0002231516799448,0.0131316919318383,0.0113525978428827,0.0683872972648324,0.0591740130247282,0.0434976381823487,0.0371851842043854,0.0
2021-06-16,Moonak,6.86607343898989e-05,0.0031220141900121,0.0079740678605351,0.0265405259851831,0.0271192147823361,0.0102592452215806,0.001543398531794,0.0
2021-06-16,Sangrur,0.0058315226415288,0.0288176134178814,0.0219549131600485,0.1134969798897925,0.1369241892825812,0.069627433156711,0.0361022407471734,0.0
2021-06-16,Sunam,0.0024694899161009,0.009737752379546,0.0108101178806724,0.054284662457316,0.0605767463649889,0.0211315850631633,0.0137876911695847,0.0
2021-06-17,Dhuri,8.376681415194815e-05,0.0006410066059536,0.0146487409418279,0.0071229880506342,0.001811933576722,0.0003208047313488,0.0021606606261974,0.0
2021-06-17,Lehra,0.0,0.0,0.0,0.0,0.0,0.0,0.0,0.0
2021-06-17,Malerkotla,0.000495145658663,0.0018186123675799,0.0405676234513521,0.0181447654031217,0.0042526815169756,0.0005887784063816,0.0061029039622683,0.0
2021-06-17,Moonak,0.0005232497666535,0.0005232497666535,0.0077444371612121,0.0036439596830556,7.515570420461397e-05,0.0,0.0006411655873913,0.0
2021-06-17,Sangrur,0.0005908004074756,0.0007934213915307,0.011851442977786,0.0057560627215674,0.0014511626213788,0.0002942156279459,0.0020860485466463,0.0
2021-06-17,Sunam,0.0014095010128585,0.0016226466903909,0.0231767354187988,0.0114300431274127,0.0031318585305208,0.0009739259798412,0.0038372966079935,0.0
2021-06-18,Dhuri,0.0011277363254604,0.0069720887325026,0.0014455944765359,0.0,0.0,0.0,0.0013981153976849,0.0
2021-06-18,Lehra,0.0,0.0,0.0,0.0,0.0,0.0,0.0,0.0
2021-06-18,Malerkotla,0.0031353668476055,0.0173994140433413,0.0040210781485906,0.0,0.0,2.3152774831812296e-05,0.0049048140977642,0.0
2021-06-18,Moonak,0.0,0.0,0.0,0.0,0.0,0.0,0.0,0.0
2021-06-18,Sangrur,0.0007405871791499,0.009688989924533,0.0014657458024365,0.0,0.0,0.0,0.0013700718658843,0.0
2021-06-18,Sunam,0.000905157906735,0.0211466562135943,0.0026938119387653,0.0,0.0,0.0,0.0025137256847561,0.0
2021-06-19,Dhuri,0.0006585649151185,0.0,0.0,0.0,0.0,0.0029654441909356,0.0026771962981332,1.342333404022826
2021-06-19,Lehra,0.0,0.0,0.0,0.0,0.0,0.0,0.0,0.0
2021-06-19,Malerkotla,0.0017757474810683,0.0,0.0,0.0,4.936209630354175e-05,0.0077103926201484,0.0070371391650821,2.802428139655273
2021-06-19,Moonak,0.0,0.0,0.0,0.0,0.0,0.0,0.0,0.0
2021-06-19,Sangrur,0.0012121255110417,0.0001350310631096,0.0,0.0,0.0001350310631096,0.003920777168657,0.0023628426383116,0.7050386575619235
2021-06-19,Sunam,0.001825456574027,0.0,0.0,0.0,0.0,0.0075606667835797,0.0044132082423727,0.00323056368353
2021-06-20,Dhuri,0.0,0.0,0.0004642237909138,0.0018568951636552,0.008325445042415,0.0046602016822858,0.0015720512971959,1.342333404022826
2021-06-20,Lehra,0.0,0.0,0.0,0.0,0.0,0.0,0.0,0.0
2021-06-20,Malerkotla,3.2304781987997035e-05,0.0,0.0013702814467251,0.004514938686043,0.0208996908872255,0.0118764270363109,0.0041599189197378,2.802428139655273
2021-06-20,Moonak,0.0,0.0,0.0,0.0,0.0,0.0,0.0,0.0
2021-06-20,Sangrur,7.133303110354714e-05,0.0,0.0005913712583216,0.0018351734948477,0.0073974840342998,0.0043406909597771,0.0008776741534737,0.7050386575619235
2021-06-20,Sunam,0.0,0.0,0.000619506213947,0.0042906744971073,0.0170532011293939,0.0094874407763459,0.0013659294220685,0.00323056368353
2021-06-21,Dhuri,0.0,0.0,0.0072400954044166,0.0158057382255223,0.0164377758360801,0.0059123132883045,0.0015681675503484,1.342333404022826
2021-06-21,Lehra,0.0,0.0,0.0,0.0,0.0,0.0,0.0,0.0
2021-06-21,Malerkotla,0.0,0.0,0.0113119170533276,0.0231853890083065,0.0233291990630927,0.0083029019473802,0.0030320493050177,2.802428139655273
2021-06-21,Moonak,0.0,0.0,0.0,0.0,0.0,0.0,0.0,0.0
2021-06-21,Sangrur,0.0,0.0,0.0060920701933875,0.0136440028685943,0.0154109716989166,0.006300880746234,0.0008701224282309,0.7050386575619235
2021-06-21,Sunam,0.0,0.0,0.0057544951726283,0.0174209167515592,0.0165950354587818,0.0090656020745102,7.259602976513893e-05,0.00323056368353
2021-06-22,Dhuri,0.0,0.0029787436176113,0.0139095927478675,0.0168494488825672,0.0101902879950185,0.0,0.0010947499395115,1.342333404022826
2021-06-22,Lehra,0.0,0.0,0.0,0.0,0.0,0.0,0.0,0.0
2021-06-22,Malerkotla,0.0,0.0048532171609362,0.0145874753153683,0.0200251406516015,0.0110927883132327,0.0,0.002060297044019,2.802428139655273
2021-06-22,Moonak,0.0,0.0,0.0,0.0,0.0,0.0,0.0,0.0
2021-06-22,Sangrur,0.0,8.718691969988868e-05,0.0048258509424548,0.0038059315671229,0.0022018962159303,0.0,4.175516473229176e-05,0.7050386575619235
2021-06-22,Sunam,0.0,4.497893249728284e-05,0.0012685878983964,0.0014334326593338,0.0015157710378324,0.0,0.0,0.00323056368353
2021-06-23,Dhuri,0.0195269475225359,0.0884207900274883,0.0648549895056269,0.0217409454159099,0.0,0.0,0.0072934802420522,1.342333404022826
2021-06-23,Lehra,0.0018741555904853,0.0059318694256944,0.0046512171829817,0.0007925100107968,0.0,0.0,0.0001275552804145,0.0
2021-06-23,Malerkotla,0.0090971298632211,0.0400687699272696,0.0305819899741826,0.0102046539957102,0.0,0.0,0.0048476209859862,2.802428139655273
2021-06-23,Moonak,0.0006137337525918,0.005504285916686,0.0039581678186853,3.587671926652547e-05,0.0,0.0,0.0014754251945608,0.0
2021-06-23,Sangrur,0.0127544983344185,0.0518259445587838,0.0405135589285886,0.0117442122801938,0.0,0.0,0.0008344975462283,0.7050386575619235
2021-06-23,Sunam,0.0080756706302054,0.0318632860934095,0.0239863810462078,0.0058125328775661,0.0,0.0,0.0019260499539086,0.00323056368353
2021-06-24,Dhuri,0.1264733006114098,0.0491744629735793,0.0,0.0,0.0,0.0,0.0385830207861462,1.3953720019963851
2021-06-24,Lehra,0.0001956288033397,6.986742664594203e-05,0.0,0.0,0.0,0.0,6.986742664594203e-05,0.0
2021-06-24,Malerkotla,0.0863619833918554,0.0378962924712271,0.0,0.0,0.0,0.0,0.0226381684104645,2.8864449340980376
2021-06-24,Moonak,7.559520478631991e-06,2.051869766243423e-06,0.0,0.0,0.0,0.0,2.4118470112928967e-06,2.8162468078227107e-06
2021-06-24,Sangrur,0.0554436713989291,0.0184689313589063,0.0,0.0,0.0,0.0,0.019932983925433,0.7116623359212807
2021-06-24,Sunam,0.0087044940862272,0.0029337866664198,0.0,0.0,0.0,0.0,0.0025897229289902,0.004141250201236456
2021-06-25,Dhuri,0.3454532447186383,0.0,0.0,0.0,0.0,0.0686081177131696,0.7329943857409738,2.8447868531466733
2021-06-25,Lehra,0.1743262507952749,0.0,0.0,0.0,0.0,0.0343898562423419,0.3609976312145591,0.0646414242249354
2021-06-25,Malerkotla,0.3804187237152031,0.0,0.0,0.0,0.0,0.1006075985995786,0.8371607001338687,4.281821410650375
2021-06-25,Moonak,0.2590189203619957,0.0,0.0,0.0,0.0,0.0436980878002941,0.4551925261815389,0.014803435945065623
2021-06-25,Sangrur,0.2755348565323012,0.0,0.0,0.0,0.0,0.0586396014051778,0.616278954914638,1.685779472454401
2021-06-25,Sunam,0.2149853434945856,0.0,0.0,0.0,0.0,0.0549725114500948,0.500496683376176,0.5025118464085436
2021-06-26,Dhuri,0.0,0.0,0.0,0.0,0.0103204871781847,0.1368781396780501,0.3575321368195794,4.758175529504646
2021-06-26,Lehra,0.0,0.0,0.0,0.0,0.0027763464495365,0.0036808263830607,0.0252947068511275,0.2708072110464371
2021-06-26,Malerkotla,0.0,0.0,0.0,0.0,0.0172398557520604,0.2711380855845554,0.5570275155561311,3.3795715161086433
2021-06-26,Moonak,0.0,0.0,0.0,0.0,0.0042561225030416,0.0047854994287869,0.0256171091265666,0.029068037773158126
2021-06-26,Sangrur,0.0,0.0,0.0,0.0,0.0116048329592948,0.0649900893165197,0.247872788425801,3.4704497362991984
2021-06-26,Sunam,0.0,0.0,0.0,0.0,0.004233807568588,0.0143916820649922,0.0832119024125859,2.1258381557129686
2021-06-27,Dhuri,0.0,0.0,0.0,0.0,0.3180077672004699,0.5767648775469173,0.4649987789717587,6.2428714567097785
2021-06-27,Lehra,0.0,0.0,0.0,0.0,0.0468796670320443,0.1051437812857329,0.1730894015636295,0.45388583308777775
2021-06-27,Malerkotla,0.0,0.0,0.0,0.0,0.4469487443566322,0.7294258624315262,0.5578466685754913,4.464229514868652
2021-06-27,Moonak,0.0,0.0,0.0,0.0,0.0535348169505596,0.1124627074847618,0.1964409885307153,0.062418115271964524
2021-06-27,Sangrur,0.0,0.0,0.0,0.0,0.2233457038445132,0.4211654854672296,0.3898598679474422,4.930934928510996
2021-06-27,Sunam,0.0,0.0,0.0,0.0,0.0957055738461869,0.1880120925073112,0.2327595188149384,3.2039946846853855
2021-06-28,Dhuri,0.0,0.0,0.007042093869214,0.575700884515589,0.5949077579108152,0.6293008462949232,0.288631681014191,8.654241153693569
2021-06-28,Lehra,0.0,0.0,0.0,0.1530164796859026,0.1839832691475749,0.3842907510697841,0.118441293016076,0.6250249245890234
2021-06-28,Malerkotla,0.0,0.0,0.0385716903755175,0.7767098780189242,0.7820468225649425,0.6879961309688432,0.3941353453057153,6.140943614351064
2021-06-28,Moonak,0.0,0.0,0.0001276232360396,0.1533552395800749,0.2063712800542513,0.4079887097080548,0.1103597109516461,0.07034015373921172
2021-06-28,Sangrur,0.0,0.0,0.0076403975253924,0.4811698922089168,0.4945032106978552,0.5672097951173782,0.2317935430577823,6.524035344709169
2021-06-28,Sunam,0.0,0.0,0.0004944963979401,0.2828754122768129,0.284198021782296,0.4824471079877445,0.1693985573947429,4.452636002212296
2021-06-29,Dhuri,0.0,0.0,0.6662368774414062,0.5465069995685057,0.7675241990522905,0.4985335306687788,0.4372213984077627,8.669373235830665
2021-06-29,Lehra,0.0,0.0,0.1043126143049448,0.1235624579712748,0.2258036560378968,0.2615857236087322,0.1119033358991146,0.6250249245890234
2021-06-29,Malerkotla,0.0,0.0,0.7954580762556621,0.7745561546513012,0.7687861940690449,0.4541650339961052,0.5654051825404167,6.156075208345802
2021-06-29,Moonak,0.0,0.0,0.0903700264170765,0.1037052193035682,0.1535681591679652,0.1558185511579116,0.0960651487112045,0.07751796088542312
2021-06-29,Sangrur,0.0,0.0,0.46264602084245,0.4175736771098205,0.6525993102363178,0.526663672711168,0.2933232337236404,6.537919430994568
2021-06-29,Sunam,0.0,0.0,0.2349723122481788,0.2152323975626911,0.423567316361836,0.4125680620116846,0.1923398665551628,4.464456358179039
2021-06-30,Dhuri,0.0,0.4185229526324706,0.4647687930952419,0.943464848128232,1.1741148693995045,0.8944359963590448,0.5490693869915876,8.677817981501024
2021-06-30,Lehra,0.0,0.0440818318747915,0.0748149695573374,0.3346692901104688,0.3386128107085824,0.2632673783227801,0.1355190742760896,0.6250249245890234
2021-06-30,Malerkotla,0.0,0.6555371614439147,0.6929206699132919,1.1601229161024094,1.4000289120844431,1.0193958218608583,0.7831431563411441,6.166513174691066
2021-06-30,Moonak,0.0,0.0163056321907788,0.0265000713989138,0.2649861176808675,0.2705912664532661,0.2400551562507947,0.1467131314178308,0.07804333334203455
2021-06-30,Sangrur,0.0,0.2421166151762008,0.3634194433689117,0.7619954975587981,0.885823133800711,0.6915053256920406,0.4500662104359695,6.539360395870927
2021-06-30,Sunam,0.0,0.1229305699733751,0.1908133389162165,0.5370655102389199,0.5429992111665862,0.4163603362228189,0.2576218891356672,4.46455328430549
2021-07-01,Dhuri,0.3767409392378547,0.9198659279129722,0.2440269684249704,0.2096996293826536,0.1858071556145494,0.2639604563062841,0.7370731370015577,9.45388847557928
2021-07-01,Lehra,0.0855318214744329,0.1887763608247041,0.0657217360567301,0.0255603795521892,0.0213195915566757,0.0982752102427184,0.2038733148947358,0.6250249245890234
2021-07-01,Malerkotla,0.4237715208104678,0.936788855918816,0.278210553739752,0.2340024821460247,0.1825874503701925,0.3206194639205932,0.7763656420367104,6.60092010396601
2021-07-01,Moonak,0.0572426194945971,0.1193683060506979,0.041017555942138,0.0228179099503904,0.0273604032893975,0.0805172547698021,0.1611229081948598,0.15411405820630453
2021-07-01,Sangrur,0.2396943026355334,0.6384806973593575,0.1593381299504212,0.1274181918374129,0.1246998564207128,0.1842099710234574,0.5185702427157334,6.984263811409402
2021-07-01,Sunam,0.1494538382227931,0.3690530242664473,0.1104640793055296,0.0739616073135818,0.0589802852565688,0.1183091902307101,0.3591183647513389,4.526427981710929
2021-07-02,Dhuri,1.518803054636175,0.9796003157442268,0.4806955524466254,0.0835840939120812,0.0451048266311938,0.6592840416864916,0.3322652713818984,8.069241429641307
2021-07-02,Lehra,1.1461405605077744,0.3655916303396225,0.1817990113049745,0.0,0.0,0.3434862736612558,0.3830968607217073,0.5603835003640879
2021-07-02,Malerkotla,1.5813820702689034,1.149414850132806,0.5444170630403927,0.0863769429602793,0.0818545065288032,0.7409308158925602,0.4350574282663209,5.280636309474583
2021-07-02,Moonak,0.8842834879954656,0.2299844870964686,0.0975633648534615,0.0,0.0,0.2781556285917759,0.3954899484912554,0.16644248651570281
2021-07-02,Sangrur,1.4540585790361678,0.8012796853269849,0.3595339065151555,0.0662162681775433,0.0054964812006801,0.5595713811261314,0.3465700245329312,6.0493295084468865
2021-07-02,Sunam,1.4126730731555397,0.5446290671825409,0.2374391678188528,0.0183931237552315,0.0011303545241909,0.4917571395635605,0.3620426378079823,4.040228561489777
2021-07-03,Dhuri,1.408982141451402,0.1539959484203295,0.0,0.1309480169280008,1.6599349650469692,1.1211449016224255,1.6631497957489707,5.896046917868647
2021-07-03,Lehra,0.7100658006966114,0.1167429010383784,0.0,0.0323474528267979,0.6806957870721817,0.7442527636885643,0.8805279657244682,0.3542177135425862
2021-07-03,Malerkotla,1.4857183077505656,0.1430252162473542,0.0,0.190546913338559,1.7960933851344243,1.2740096641438348,2.026290910584586,4.488120762032953
2021-07-03,Moonak,0.6951286047697067,0.1266229363779226,0.0,0.0116037065939356,0.6565918078025182,0.7858776599168777,1.0312337676684062,0.21378762550100178
2021-07-03,Sangrur,1.170059893812452,0.1144359729119709,0.0,0.0740116971677967,1.317409832562719,1.0014714119689805,1.3576463077749523,4.09279647682831
2021-07-03,Sunam,0.8399825798613685,0.1127448007464408,0.0,0.0571142963932028,0.8804631062916347,0.7858297846146992,1.0077208152839117,2.5467904766417897
2021-07-04,Dhuri,0.2226094671271064,0.0622282656417651,0.0,0.4117454601959748,0.5727409083734859,0.6543386741117998,0.4032849086956544,15.378962514718994
2021-07-04,Lehra,0.1277287947013974,0.0,0.0,0.1565719195641577,0.4589383974671364,0.2193390959873795,0.3878346644341945,9.921636368617882
2021-07-04,Malerkotla,0.2402481612350259,0.051661574148706,0.0,0.3972408127571855,0.6682553685137204,0.7926852841462407,0.5087997998510089,18.993653734312534
2021-07-04,Moonak,0.1319554578512907,0.0,0.0,0.0820175393794973,0.5173279121518135,0.2300276321669419,0.5115846768021584,10.195818812778557
2021-07-04,Sangrur,0.2206185247216905,0.055908765643835,0.0,0.3807434892015798,0.5999415176255363,0.5648662000894547,0.4419497283441679,16.32017989807016
2021-07-04,Sunam,0.1493259032389947,0.0152543617545494,0.0,0.2420633078685828,0.5122696980834007,0.363407699657338,0.3823999336787632,10.91680524699395
2021-07-05,Dhuri,0.0,0.0,0.0353775827256454,0.8510123599659313,1.3807562806389548,4.207610097798434,4.9498712691393765,22.111242148901944
2021-07-05,Lehra,0.0,0.0,0.0773446066305041,0.449058311060071,0.6434291675686836,3.541749641299248,5.593887478113174,29.171858406246205
2021-07-05,Malerkotla,0.0,0.0,0.024478760439836,0.8423195864473071,1.4269404070717948,4.275925006185259,4.833449678761618,27.07061404461699
2021-07-05,Moonak,0.0,0.0,0.0729195450743039,0.3786660581827163,0.5747008348504702,3.609758754571279,5.151228070259094,37.55606368449616
2021-07-05,Sangrur,0.0,0.0,0.044069491459855,0.734665259718895,1.3039128588778632,4.222775025027139,5.673448911734989,29.20596276292941
2021-07-05,Sunam,0.0,0.0,0.0714704551334892,0.5615372061729431,0.972143388220242,3.949703242097582,5.922898658684322,26.02469576190598
2021-07-06,Dhuri,0.0,0.1366877860643646,0.0934498227963393,0.1665600216524167,1.8604428226297551,5.468108047138561,8.578154303810813,27.182751613445532
2021-07-06,Lehra,0.0,0.1280742585659027,0.0932292370125651,0.1840715613216161,1.396457053720951,4.118805915117264,6.287481933832169,33.91871383918283
2021-07-06,Malerkotla,0.0,0.1542288386928183,0.0240389183496258,0.1130812942449535,2.163266292640141,5.994147658348084,8.647543157849993,36.55545894524675
2021-07-06,Moonak,0.0,0.0891879393408695,0.1178375296294689,0.2046504989266395,1.5303648908933003,4.303746521472931,6.2523698806762695,43.29652680707736
2021-07-06,Sangrur,0.0,0.1377000460135085,0.1627813088042395,0.2092841070677553,2.048351130315236,5.797625720500946,8.504616856575012,33.190221265119106
2021-07-06,Sunam,0.0,0.1586656690176044,0.1125479739691529,0.2160118802317551,1.7475190396819795,5.12448125226157,7.6695385490145,29.801573318097905
2021-07-07,Dhuri,0.371032947843725,0.2248680801554159,0.0234753621572797,1.870111096989025,10.38423815640536,9.602969082919032,9.593770417300137,29.26012292337729
2021-07-07,Lehra,0.2477085208520293,0.216498184017837,0.026061427721288,1.2106209471821785,6.203367590904236,6.643172651529312,6.2689982652664185,36.05510402776015
2021-07-07,Malerkotla,0.475940999175821,0.1936254389584064,0.0498023651806371,2.541106879711151,14.25156467301505,12.358522312981744,10.282441122191292,41.21332904851165
2021-07-07,Moonak,0.2027331901093324,0.1757338469227155,0.023413788061589,1.257718990246455,6.536777257919312,7.112385272979736,5.9739095369974775,46.988464314338266
2021-07-07,Sangrur,0.2939265721610614,0.2824009720768247,0.056566672333117,1.7852807896477836,9.961355805397034,8.777735131127494,8.593635746410914,35.49190205038072
2021-07-07,Sunam,0.2513889111578464,0.2441346097205366,0.0115833767839441,1.421073249408177,7.754660776683262,7.654982839311872,7.347481455121722,31.84529377026398
2021-07-08,Dhuri,0.4742935692722147,0.1178865915333682,1.412133000113747,8.243052699349143,17.26099009947343,10.212212866002863,5.8377437158064405,30.618701417900592
2021-07-08,Lehra,0.5164855681359768,0.1185032371431589,1.1448165141046047,6.609575659036636,13.67593365907669,7.515064239501953,4.392172917723656,39.28616432864404
2021-07-08,Malerkotla,0.5135539653045791,0.0921669120767286,1.730492149080549,8.889749458857946,16.983381611960276,9.988138845988685,5.9947371653148105,43.42504682049434
2021-07-08,Moonak,0.4379101569453875,0.1023664648334185,1.1685530543327332,6.997214237848918,13.268589099248253,6.585455616315206,3.8313218553860975,53.245118513024025
2021-07-08,Sangrur,0.4076945366603987,0.0942200068384409,1.626739753144128,9.156037739345006,16.777538095201766,9.64497685432434,6.013765045574734,39.02109032683402
2021-07-08,Sunam,0.4637090329613004,0.1172733333493982,1.408637004239219,7.93280519757952,15.405914102281844,8.606774193899971,5.2876178196498325,34.81900874931888
2021-07-09,Dhuri,0.0232131774960593,1.86341993375258,5.658455350182273,11.726124026558615,10.068445509130305,4.010113033381376,1.9746152433482085,34.888824052764285
2021-07-09,Lehra,0.0928227319382131,1.4096264243125916,4.489930972456932,9.49916011095047,7.115037113428116,3.6954728811979294,1.6954131424427032,42.35776766208497
2021-07-09,Malerkotla,0.0433931700619203,2.139746457338333,5.836803027561733,11.268058334078107,9.979909011295865,4.286388141768319,1.8858903561319624,47.343718230745395
2021-07-09,Moonak,0.0944241018344958,1.500184069077174,4.4171485503514605,10.015844742457071,6.794261693954468,3.5195985039075217,1.6173659563064575,55.62118721379027
2021-07-09,Sangrur,0.0670308732494179,1.9234784415790012,5.979461584772382,12.301002638680597,10.094611695834567,4.2590397000312805,2.0640667421477183,42.50973733242408
2021-07-09,Sunam,0.1153865155231739,1.7739298854555403,5.40593899999346,11.378884315490724,8.805937886238098,4.236417089189802,1.9675980848925452,37.96339684144361
2021-07-10,Dhuri,2.525605158372359,6.7934959368272265,5.976913950660012,9.611354524439031,6.470626592636108,2.126288955861872,0.8014836609363556,34.71925521250955
2021-07-10,Lehra,1.8555291518568997,4.562015980482101,3.483976736664772,7.216438710689545,4.117881953716278,1.262276865541935,0.3696421235799789,43.730763175556035
2021-07-10,Malerkotla,2.832816034555435,7.3380482367106845,6.3785174659320285,11.05250413077218,6.336649860654559,2.3165941536426544,0.8927673293011529,47.45846922928911
2021-07-10,Moonak,2.127286364634832,4.95982813835144,3.5564969182014465,6.912858287493388,3.853126287460327,1.125607192516327,0.3547506779432297,56.86987167583993
2021-07-10,Sangrur,2.8497738369873598,6.723568933350699,5.041402731622968,8.828822101865496,6.109761118888855,1.8812703490257263,0.7363292425870895,43.05775572599742
2021-07-10,Sunam,2.4666001285825456,5.591129107134683,4.252639097826822,7.978950040681021,5.014587725911822,1.461862938744681,0.49566785884755,39.12181936041108
2021-07-11,Dhuri,12.791891618208451,9.940724416212602,7.702338912270286,2.1451430158181624,0.6551632583141327,0.1897729638625275,6.054516467181119,76.5436730835154
2021-07-11,Lehra,7.422967940568924,7.641794741153717,5.619222730398178,1.6820238903164864,0.6779349111020565,0.1753958971239626,4.49975922703743,57.13513579670857
2021-07-11,Malerkotla,14.547404289245604,10.1399598802839,7.99149307182857,2.364412703684398,0.7948942588908332,0.2966285268110888,6.61530693939754,97.55778324950842
2021-07-11,Moonak,6.876057306925456,6.395224332809448,4.599071145057678,1.7441397607326508,0.9300372898578644,0.2270222653945287,4.234327177206676,77.14400673486523
2021-07-11,Sangrur,11.39904819216047,9.325794117791313,6.822648218699864,2.1308879937444414,0.5697565461908068,0.2213445021105664,5.95436704158783,72.98289862419347
2021-07-11,Sunam,9.69099508013044,8.566990852355957,6.256240657397679,1.936722789491926,0.6468931234308651,0.1598981382059199,5.417703935078213,58.44525198670709
2021-07-12,Dhuri,5.598232377659191,3.836519393053922,2.4834393479607324,2.572444048794833,1.3364040580662817,11.861111250790684,18.566764051263984,78.82234822404602
2021-07-12,Lehra,3.74807271361351,3.7353330105543137,2.2265413850545883,1.236978143453598,0.9905171915888786,15.551737785339355,15.944975435733795,52.591146016806135
2021-07-12,Malerkotla,5.982709952763149,3.746830105781555,2.48133613382067,2.890257699148996,1.6569209843873978,11.189421245029994,18.36927110808236,103.16357428856371
2021-07-12,Moonak,4.0320605635643005,3.780772686004639,2.2949607968330383,1.3792366186777751,1.154320200284322,19.54758818944295,17.336846192677815,72.44024217619315
2021-07-12,Sangrur,5.33670267036983,4.045336501938956,2.6137116381100247,3.1211184518677846,1.4627720160143716,13.821776049477714,18.72649690083095,73.11335007157997
2021-07-12,Sunam,4.5724554147039145,3.9692065034593855,2.516958934920175,2.0661551313740865,1.1592258108513696,15.997858319963727,17.844445296696254,54.63697901539585
2021-07-13,Dhuri,3.1347334601662378,1.901233201677149,0.6368696201931346,0.921110299500552,5.195848172361201,11.355549118735574,11.68180461363359,94.8271997662516
2021-07-13,Lehra,2.370721846818924,1.6156322956085205,0.4400764182209968,0.8428116515278816,6.257772117853165,8.878503143787384,7.434003055095673,85.33085061028989
2021-07-13,Malerkotla,3.412116706371308,1.8800804146698544,0.801051024879728,1.0001798527581351,4.830024106161935,10.772347279957362,12.378098487854004,110.86219545374847
2021-07-13,Moonak,2.43569807211558,1.595654418071111,0.5842635581890742,1.0657549897829692,6.57392958799998,8.077605446179708,7.750122388203938,104.39580934899928
2021-07-13,Sangrur,3.1262780853680203,1.9425051510334013,0.754268436559609,1.3225993918521064,6.356856090681894,11.618447474070958,11.820368136678423,92.85617378186586
2021-07-13,Sunam,2.7288220950535367,1.7641857436725072,0.6170666888356209,1.2465267458132334,6.559452738080706,10.265906027385167,9.750867928777422,84.02252273772113
2021-07-14,Dhuri,0.9660169211300936,0.6372707296501506,0.3022524822841991,3.479099089449102,12.276575435291637,11.26162151856856,10.91269046610052,104.13273981619786
2021-07-14,Lehra,0.879213485866785,0.4931233953684568,0.1667665848508477,5.62865549325943,12.213825166225432,8.106350630521774,9.974582493305206,92.82052117677392
2021-07-14,Malerkotla,1.1117527059146337,0.7082871581826892,0.3349627235106059,2.9969374792916432,13.14724486214774,12.13271805218288,10.4503173657826,113.35616120888541
2021-07-14,Moonak,0.9440121501684188,0.5138386189937592,0.2264289148151874,6.509400288263957,13.10153611501058,8.336568474769592,10.200513203938804,106.43300109864437
2021-07-14,Sangrur,1.032461764557021,0.7748582235404423,0.2944137576435293,4.520366217408862,12.624154772077288,10.881863832473757,11.092900003705706,101.99676292100699
2021-07-14,Sunam,1.0328102175678526,0.7298722533243043,0.2047431506216526,5.312782713345119,12.910866941724503,9.939490675926208,10.673068250928608,93.7077266555693
2021-07-15,Dhuri,0.0614014758135784,0.0,0.6275481690060009,7.443359309976751,10.277876767245203,10.057606133547695,4.106846018271013,105.24924820366768
2021-07-15,Lehra,0.084149326197803,0.0,0.8478524163365364,9.401232182979584,9.533853530883787,7.257329136133194,3.898110121488571,93.26574391121831
2021-07-15,Malerkotla,0.0891592233840908,0.0,0.721133387514523,6.9619724580219815,10.511890854154316,10.479295798710414,3.952321486813681,112.90666572317659
2021-07-15,Moonak,0.0803393224875132,0.0,1.0470876892407734,10.722270329793297,9.96491289138794,6.538108348846436,3.85963394244512,102.41366722415123
2021-07-15,Sangrur,0.0638681408017873,0.0,0.7858781282390866,9.209749136652263,11.053414378847394,10.020419120788574,4.472352121557508,101.2406562223257
2021-07-15,Sunam,0.078056924178132,0.0,0.8210436850786209,9.458858268601556,10.315048967088972,8.557366337094988,4.323273531028202,94.4805753308257
2021-07-16,Dhuri,0.0,0.5375055711377751,4.870632995258678,9.83052175695246,9.029347549785268,3.5281328829852017,3.8649300770326094,104.28110852457695
2021-07-16,Lehra,0.0,0.4297418054193258,5.44966521859169,10.736601650714874,7.837837368249893,4.151775062084198,3.2604468017816544,94.10114940923292
2021-07-16,Malerkotla,0.0,0.6828352617365974,5.6036496332713535,10.363056812967573,9.713928597314018,3.3956912074770247,4.03619258744376,111.16949469697263
2021-07-16,Moonak,0.0,0.6378098577260971,6.357633471488953,10.701997598012287,8.694114446640015,4.454487542311351,3.610638459523519,103.66197813916683
2021-07-16,Sangrur,0.0,0.704751504851239,5.767090567520687,11.487434932163785,9.310909714017596,4.307849960667746,4.229443771498544,101.92062656980535
2021-07-16,Sunam,0.0,0.5560965931841305,5.829805288996015,11.391836506979804,8.563775266919817,4.540607716356005,3.8634310705321178,96.14439043944716
2021-07-17,Dhuri,1.7521075768904253,14.749199217016049,12.110016866163772,9.391143105246805,3.061064460060813,1.699616340073672,1.1692503880370746,108.71754007717128
2021-07-17,Lehra,2.043721660971641,16.646351099014282,9.27675747871399,9.270003616809843,3.5179742723703384,1.961860068142414,0.9800918698310852,98.4389921964704
2021-07-17,Malerkotla,2.150422747646059,16.007637092045375,13.826536961964198,9.729097144944328,3.1734427213668823,1.547978162765503,1.229712243591036,112.73462409005457
2021-07-17,Moonak,2.8680880467096963,16.877712170283,8.515316406885782,8.382061878840128,3.936719477176666,1.809606373310089,0.9690491755803426,106.58136225201997
2021-07-17,Sangrur,2.313605704477855,16.615218469074794,11.625565460750035,9.206518837383816,3.187409826687404,1.8194257489272527,1.4644114545413427,107.39175081868714
2021-07-17,Sunam,2.351559864623206,16.9729620047978,10.74417872088296,9.620797514915466,3.2825293030057634,2.0094070434570312,1.347118920513562,101.03708626119462
2021-07-18,Dhuri,35.75188766826283,11.659494009884922,7.354061170057817,5.182865988124501,2.0308760187842627,0.8920806510881945,2.6431024833159014,56.64551019479657
2021-07-18,Lehra,30.808919072151184,7.559788584709167,4.456254675984383,4.512992173433304,2.397355943918228,1.322414591908455,1.88616705685854,75.65908342978503
2021-07-18,Malerkotla,37.80787454332624,13.130767072950093,8.313724109104701,4.484485609190805,1.917744163955961,0.6848995717508453,3.2016172409057617,47.578554428124896
2021-07-18,Moonak,35.52113914489746,7.74803098042806,4.376841902732849,5.321784416834514,2.4997241298357644,1.4419764479001362,1.976832816998164,76.59144250061433
2021-07-18,Sangrur,37.71828290394375,11.528730409485954,7.053055150168283,5.5353541033608575,2.410186201334,1.0321297709430968,3.1729453461510797,64.4900499942229
2021-07-18,Sunam,36.11134699412754,9.55893451826913,5.89519545010158,5.197795493262155,2.49567300932748,1.2136646551745278,2.6204329899379184,72.78248599689131
2021-07-19,Dhuri,13.344242919575084,3.091485792940313,2.1548591310327705,1.914583975618536,0.3916196335445751,0.8356121724302118,7.544497663324529,57.388574025218276
2021-07-19,Lehra,10.88903510570526,1.5813520774245262,1.5868802294135094,1.866575874388218,0.3485582023859024,0.5421351976692677,6.3082495629787445,77.18008220934625
2021-07-19,Malerkotla,13.5029878616333,3.058197217328208,2.627286876950945,2.081129346575056,0.5422298003520284,1.1212356005396162,8.350775446210589,42.24864300844659
2021-07-19,Moonak,11.389067729314169,1.5763543844223022,2.2572939693927765,2.222680995861689,0.513598529001077,0.8262078066666921,7.787707169850667,73.79934771720075
2021-07-19,Sangrur,13.84087313924517,2.7067083290645053,2.168152609041759,2.2294140117509023,0.4429167083331516,0.9413726659757752,8.6744578736169,64.32056291741978
2021-07-19,Sunam,13.279778787067958,2.059204476220267,1.989646545478276,2.170651210205896,0.4089678126786436,0.751438595354557,8.154825278690883,76.40955792814671
2021-07-20,Dhuri,11.047171982851896,3.030969337983565,5.404801043597135,1.0274835391478103,0.4823935939507051,5.011390978639776,10.765721234408293,82.69567741468339
2021-07-20,Lehra,9.364615201950071,2.651326462626457,4.985255748033524,0.8839971236884594,0.3065322898328304,4.918311923742294,8.618294090032578,55.59596440780396
2021-07-20,Malerkotla,9.588395731789726,3.034362886633192,5.326850584575108,1.142976088183267,0.5140040825520243,4.537277962480273,10.982070990971156,82.33243208130645
2021-07-20,Moonak,9.86965831120809,3.0739106933275857,5.566930532455444,1.3950582842032115,0.3500716922183831,5.226475993792216,9.844405015309652,49.548215140456826
2021-07-20,Sangrur,11.759065900530134,3.3676846623420715,5.71429409299578,0.9926187992095948,0.6264690762119633,5.522080455507551,10.760871274130684,77.09619936546672
2021-07-20,Sunam,11.07659115110125,3.075850921017783,5.343060680798122,0.8817960066454751,0.5021190036620412,5.424318296568734,9.665965148380824,65.96468805440855
2021-07-21,Dhuri,6.902394576506182,6.099964315241033,1.2886234494772824,0.0971309946511279,3.945768356323242,10.248553102666682,14.013385165821422,106.33047490794894
2021-07-21,Lehra,5.822028338909149,6.518260985612869,0.7825946770608425,0.0630769199924543,6.489463955163956,9.359074771404266,7.936808854341507,88.9034007155876
2021-07-21,Malerkotla,7.127057296889169,5.9559540918895175,1.5877391610826763,0.2926081883321915,4.036359599658421,11.590122870036534,16.322883708136423,100.7600636295309
2021-07-21,Moonak,6.013728141784668,6.548463185628255,0.7357068906227747,0.2103615906089544,8.650294621785482,9.11631162961324,6.731945633888245,89.1179762000219
2021-07-21,Sangrur,7.515125155448914,6.710260272026062,1.3893277559961592,0.0958888261978115,4.625146763665335,9.66092835153852,13.11486291885376,104.00037508958707
2021-07-21,Sunam,6.880301628793989,6.797689608165196,1.0586273755346025,0.0539429323481661,5.235311686992645,9.141520653452192,10.321222714015416,93.03153595938474
2021-07-22,Dhuri,7.219460010528564,0.79267072271217,0.1232437562536109,4.3155587044629184,12.558192166415129,9.349943247708408,9.839054541154342,105.0270043455272
2021-07-22,Lehra,4.059438243508339,0.4255368784070015,0.0159185376251116,4.028242439031601,9.390826642513275,6.505249589681625,5.186760783195496,87.8149749374809
2021-07-22,Malerkotla,7.140495589801243,1.1782058200665884,0.2500158290245703,4.617751266275134,12.178202050072809,10.09436311040606,10.89378445489066,100.85316242059871
2021-07-22,Moonak,3.727202932039897,0.8348141858975092,0.0503881832895179,4.306313713391622,8.440963745117188,6.149872620900472,5.268594264984131,91.0408073671527
2021-07-22,Sangrur,6.71829092502594,0.5764591747096607,0.1021818370957459,4.914655455521175,12.861520426613945,9.081550376755851,8.898377537727356,104.02323825404005
2021-07-22,Sunam,5.496973974364145,0.5112621448934078,0.0511863722598978,4.689588844776154,11.688609293528966,8.170101693698339,7.380119834627424,91.88320871099971
2021-07-23,Dhuri,0.0530084336007183,0.6541434689001604,6.492343599146063,15.939273487437855,17.802974700927734,11.168257409876045,8.028242631392045,107.29618474198372
2021-07-23,Lehra,0.0911288606002926,0.3429676741361618,5.893660426139832,17.98014748096466,10.857956528663635,6.383964717388153,4.941075414419174,87.11152458545536
2021-07-23,Malerkotla,0.0569449773590479,0.8294141846043723,7.046777895518711,15.177082674843923,20.02979462487357,13.07080670765468,8.711764795439583,102.88394472571977
2021-07-23,Moonak,0.1522746309638023,0.3162275614837805,6.752360820770264,16.32382035255432,10.734299500783283,6.057518362998962,4.779528975486755,90.92995196194131
2021-07-23,Sangrur,0.0489235742549811,0.6289319417306355,6.989172118050711,18.00415485245841,17.025065387998307,10.469699280602592,8.039708597319466,106.82827862926214
2021-07-23,Sunam,0.0475612857512065,0.5314828082919121,6.496160439082554,19.101226261683877,13.47968588556562,8.347976207733154,6.692951883588519,91.80505289336323
2021-07-24,Dhuri,0.4845370927994901,6.072306698018855,13.538917801596902,12.62363373149525,12.485722455111416,8.223485058004206,9.176237171346491,103.41724474846629
2021-07-24,Lehra,0.3572282819077372,5.728688359260559,11.31099808216095,11.19476681947708,8.129738837480545,6.860788106918335,6.834402769804001,89.59302028592573
2021-07-24,Malerkotla,0.7762849187212331,6.933691723006112,14.26964020729065,13.812480006899152,13.81703049795968,9.18207676070077,10.168372869491575,101.00230335664625
2021-07-24,Moonak,0.4231093091269334,6.318044424057007,10.571794191996256,11.016900459925331,8.398288806279501,7.106313228607178,6.874736587206523,100.07108947993402
2021-07-24,Sangrur,0.7624219464404243,7.009973543030875,14.29951650755746,13.48463235582624,12.372020959854126,9.011530654770988,10.04118982383183,103.92705371031853
2021-07-24,Sunam,0.6301996569548335,6.709127868924822,13.27179718017578,12.875383853912354,10.642572471073697,8.156071952411107,8.773672359330314,91.55426034930377
2021-07-25,Dhuri,4.723720799792897,8.70514195615595,14.822375600988217,12.346135139465332,9.519742402163418,9.33029079437256,7.001480384306475,114.18832705179034
2021-07-25,Lehra,4.481968194246292,10.023467004299164,9.83132290840149,7.999145925045013,7.331618696451187,6.239231467247009,5.138194471597672,105.02536734982647
2021-07-25,Malerkotla,5.333226493426731,8.848437360354833,18.289577620370046,13.404434204101562,10.414944682802473,9.711732353482928,8.561189447130475,107.56815721248056
2021-07-25,Moonak,4.831042885780335,9.922159115473429,10.377658367156982,7.442777792612712,6.691885153452556,6.145872235298157,5.266571839650472,116.07634862050247
2021-07-25,Sangrur,5.226426754678998,10.731340782982963,15.563195603234428,12.147549186434064,10.551882352147784,9.6231906243733,7.376933710915702,115.4837289460074
2021-07-25,Sunam,4.877044532980237,10.997910567692347,13.031383139746527,10.466611453465053,9.470692600522725,8.348863669804164,6.451179964201791,106.3934082055735
2021-07-26,Dhuri,10.117919705130838,24.9381086176092,16.489095601168547,10.336043964732776,8.179750767621128,6.947617834264582,7.92335878718983,104.58434019086822
2021-07-26,Lehra,11.075594782829285,19.269809126853943,15.825455069541931,10.135573863983154,7.406030386686325,5.763266921043396,5.30083304643631,89.91579770343841
2021-07-26,Malerkotla,10.168402739933558,27.37487370627267,16.390203714370728,10.11148282459804,8.321200472967965,7.602362905229841,9.091074671064105,101.68128694875078
2021-07-26,Moonak,11.857586781183878,20.630921840667725,16.341009696324665,10.380791664123535,6.893806457519531,6.398404320081075,5.3701936801274615,97.90276341479334
2021-07-26,Sangrur,11.890280859810966,29.030632700238908,18.273795911243983,11.862786633627756,8.99467124257769,7.721889155251639,8.141157116208758,102.83636465538798
2021-07-26,Sunam,11.983610425676618,24.992286137172155,18.376567670277183,11.397069011415754,8.258382081985474,7.057322996003287,6.783278226852417,91.66195147270635
2021-07-27,Dhuri,42.237639513882726,20.244531284679063,12.041286771947687,9.064293883063575,7.763925639065829,11.390723965384744,9.533536780964244,63.798418644458614
2021-07-27,Lehra,30.36044144630432,14.633430540561676,10.665854752063751,7.19750788807869,7.164848744869232,8.350315630435944,6.254778444766998,79.27136018299909
2021-07-27,Malerkotla,46.79739284515381,19.453868048531668,10.81876632145473,8.431942428861346,7.866495626313346,11.835453374045237,10.101565599441528,52.89939260416266
2021-07-27,Moonak,29.77408138910929,14.553968032201132,10.792266368865969,7.138086716334025,7.849374572436015,9.036136945088703,6.428423285484314,91.30036456255326
2021-07-27,Sangrur,43.919903482709614,21.2753370148795,13.387386969157628,10.181424685886928,8.757482494626727,12.36840650013515,9.50796583720616,71.92487939424193
2021-07-27,Sunam,37.46895279203142,17.958349330084665,12.347830738340106,8.733498641422816,8.07685615335192,10.570666210991996,7.712429915155683,74.71075933735355
2021-07-28,Dhuri,28.695927013050422,12.57646656036377,12.21919363195246,8.759902607310902,8.803896947340531,6.205000313845548,4.778574380007657,37.594472803084294
2021-07-28,Lehra,20.29900813102722,10.09051924943924,11.885515630245209,7.907269150018692,7.129558384418488,4.861718013882637,3.191521391272545,40.60241805396028
2021-07-28,Malerkotla,30.06640543256487,12.506217752184186,10.578084468841553,8.087200096675328,9.242624248777116,6.184795958655221,5.210894678320203,38.61040549708442
2021-07-28,Moonak,18.059062957763672,9.360301653544107,10.535313765207926,8.244364301363627,7.310779372851054,4.783065279324849,3.29527215162913,50.03544539934593
2021-07-28,Sangrur,27.242937632969447,14.17209359577724,13.696821825844902,9.760593329157148,9.542914339474269,6.745547294616699,5.214781403541565,40.74693424121384
2021-07-28,Sunam,23.579994337899343,12.290286677224296,13.35775968006679,8.980415957314628,8.395852140017919,5.992252690451486,4.2321566343307495,41.54551816799102
2021-07-29,Dhuri,17.01046961004084,10.03215031190352,7.992081165313721,13.641397476196287,6.373569661920721,3.3649842847477305,4.65116927840493,38.09628978005424
2021-07-29,Lehra,16.71597307920456,9.095031768083572,6.6280282735824585,11.531474649906158,5.883538633584976,2.1873896345496178,3.6289449632167816,39.0206336451736
2021-07-29,Malerkotla,17.256494658333914,10.191739422934395,9.046614340373448,14.718032768794467,7.163784793445042,4.576781911509378,4.92454731464386,39.538364902715244
2021-07-29,Moonak,15.86031969388326,8.627663771311441,7.184131304423015,11.110057751337688,6.120284597078959,2.3590462307135263,3.694435179233551,46.51456876973622
2021-07-29,Sangrur,20.01595871789115,11.38069156238011,9.519552179745263,16.1940415927342,7.451131275721958,4.032128759792873,5.271085688046047,39.052693710876746
2021-07-29,Sunam,20.1048002243042,10.986197539738246,8.878400138446263,15.307597943714686,7.273047872952053,3.2407787357057845,4.93252808707101,40.00754132168821
2021-07-30,Dhuri,7.576974326914007,9.54840181090615,9.914951714602385,8.34424708106301,3.543819535862316,3.175973339514299,1.9308319254355,32.5161185392073
2021-07-30,Lehra,5.742378443479538,9.743387699127195,9.902519583702087,6.841808468103409,3.2443675249814987,2.8387659192085266,1.1887683272361755,37.28743644858796
2021-07-30,Malerkotla,6.470748288290841,8.85874855518341,9.041332381112236,8.168012499809265,3.916631042957306,3.5737918615341187,1.9494871582303728,35.257496470387004
2021-07-30,Moonak,5.079768856366475,10.539363543192543,10.48836628595988,6.940737883249919,3.338616132736206,3.410416920979818,1.2100220918655396,46.59161044146632
2021-07-30,Sangrur,7.907112291881016,10.88570931979588,10.864680903298517,9.374775273459298,4.057427823543549,3.743570974894933,1.8234695196151731,32.93517756595417
2021-07-30,Sunam,6.835915412221636,10.61420634814671,10.57580532346453,8.160128542355128,3.608378767967224,3.3651311823299954,1.4299865024430412,36.93535652404157
2021-07-31,Dhuri,4.41266942024231,5.098395586013794,4.7712508331645616,3.524496761235324,3.5497254241596568,1.3679547851735896,1.178870211948048,31.058910665181457
2021-07-31,Lehra,3.404912769794464,4.493010982871056,4.324670031666756,2.856250509619713,4.208254635334015,1.0647919476032257,1.4917102381587029,29.333967356665177
2021-07-31,Malerkotla,5.122499253068652,5.642691237585885,4.851078578404018,3.780158724103655,3.3140959569386075,1.6353792207581657,1.1901859981673104,34.35497372114194
2021-07-31,Moonak,4.455093781153361,5.017341951529185,4.421273450056712,3.2598336140314736,4.139439920584361,1.2708759357531865,1.3504261175791423,33.999121208992335
2021-07-31,Sangrur,4.881465137004852,5.6506876945495605,5.379678845405579,4.198959239891598,4.643506211893899,1.5847892335483007,1.4105662873813083,29.539809916286337
2021-07-31,Sunam,4.091728610651834,4.948228895664215,4.872622634683337,3.774548496518816,4.758259688104902,1.2909508794546127,1.5050381209169117,31.318141248213394
2021-08-01,Dhuri,3.7309099327434194,4.066956303336403,2.810231777754697,3.78304048018022,2.823122338815169,1.485021179372614,0.8202569782733917,19.594894265876313
2021-08-01,Lehra,4.377454906702042,4.130940958857536,1.8438645601272583,2.708412826061249,2.164597600698471,1.0700899623334408,0.8842933513224125,13.968117151130215
2021-08-01,Malerkotla,4.116731805460794,5.221856491906302,4.3022909334727695,5.182983807155064,3.6445312670298975,2.0276412963867188,1.0186704993247986,27.258341320183607
2021-08-01,Moonak,5.147180000940959,4.129887819290161,2.413888772328695,3.049567401409149,2.450540830691656,1.2395580013593035,0.8772788991530737,18.643873963831673
2021-08-01,Sangrur,4.811772627489908,4.929725434098925,3.3940762409142087,4.621836466448648,3.243328115769795,1.7841252322707857,1.0395018373216902,17.669632452122837
2021-08-01,Sunam,4.680432575089591,4.41826194524765,2.6111586477075304,3.7259926540511,2.66920342189925,1.365215729389872,1.0120126945631844,16.536891547434823
2021-08-02,Dhuri,2.3209196004000576,2.394025835123929,4.18175995349884,3.2046244903044268,1.8544725992462847,0.631370644677769,0.6490548022768714,17.06993982427324
2021-08-02,Lehra,2.1859394013881683,1.4360119253396988,2.6717542558908463,1.7793547585606575,1.7235300317406654,0.7629509512335062,0.501238638535142,14.322024249398929
2021-08-02,Malerkotla,2.375465942280633,2.7762546070984437,4.564425681318555,3.629815638065338,1.8806147490228928,0.7221059192504201,0.7936154295291219,23.119106974505677
2021-08-02,Moonak,2.5940940976142883,1.538571298122406,3.221079428990682,2.0194829205671945,1.796329915523529,0.9934806724389394,0.7497001190980276,20.22400434039866
2021-08-02,Sangrur,2.6121803522109985,2.391423480851309,4.56803069795881,3.126740677016122,2.135024573121752,0.7717048014913287,0.7839463097708566,16.453771271263346
2021-08-02,Sunam,2.47573892559324,1.7839860788413455,3.706407700266157,2.4322594617094317,1.9099672862461636,0.6793686630470412,0.6352587799940791,16.118057786046073
2021-08-03,Dhuri,3.619571853767742,4.270499153570696,3.003882635723461,1.5117651278322393,0.645452000878074,0.7397698502648961,0.6335851956497539,11.47086031984394
2021-08-03,Lehra,1.608745101839304,2.457008369266987,1.8149403929710388,1.4189769066870213,0.5438108760863543,0.287861380726099,0.2906286539509892,9.344055150907957
2021-08-03,Malerkotla,5.142556718417576,5.768328794411251,3.7259474311556136,1.717977604695729,0.9324809695993151,1.0646099426916666,0.7877979299851826,14.621598025555361
2021-08-03,Moonak,1.804078375299772,3.066772699356079,2.167176549633344,1.395463615655899,0.5182912399371465,0.3148093198736508,0.3152581838270028,14.03463349717801
2021-08-03,Sangrur,4.033197419984,5.136393538543156,3.629841502223696,1.7576308378151484,0.7163935601711273,0.8018767397318568,0.668637423643044,11.055755730159845
2021-08-03,Sunam,2.9090022827897752,4.190983214548656,2.9396909177303314,1.6453507925782884,0.646823984171663,0.5948932319879532,0.4759775927024228,10.733680084866903
2021-08-04,Dhuri,0.9762824123555964,0.7972787754102186,0.2788129628381945,0.0711127674545754,0.1350450906902551,0.098722193390131,0.0211191334846344,2.6486525624043313
2021-08-04,Lehra,0.4572643253486603,0.3706533359363675,0.2507513135205954,0.0590365437383297,0.0493895556719508,0.0573972933343611,0.031524832258583,5.079500217101778
2021-08-04,Malerkotla,1.803022431475776,1.4390265090124947,0.4682613259979656,0.136795983250652,0.2801195297922407,0.1910832617431879,0.0334912034616406,3.323091747006262
2021-08-04,Moonak,0.6408583236237367,0.5319454371929169,0.3526776333649953,0.0799692297975222,0.0945042188589771,0.0794028852445383,0.0304288480741282,10.000136971457666
2021-08-04,Sangrur,0.9879583004429672,0.7820251038397795,0.3557636273409506,0.0798652566445525,0.1304646810999007,0.0959444801410427,0.0269675061047434,3.9386772195673743
2021-08-04,Sunam,0.8373605130057383,0.616611825626543,0.365263399813557,0.0724536459601949,0.1105548222247827,0.0945185368182137,0.0303549759171021,5.116652084251447
2021-08-05,Dhuri,0.4913465123284947,0.4713331359353932,0.4779702438549562,0.451443186537786,0.2115722552619197,0.1996113559739156,0.0653898906470699,0.1461101738111772
2021-08-05,Lehra,0.1185610858956351,0.1974467583931982,0.149871616915334,0.1511626151041127,0.0678095471812412,0.0732335257926024,0.0023600913111749,4.073427368666884
2021-08-05,Malerkotla,0.6929065074239459,0.581380236361708,0.652153519647462,0.5691536207284246,0.2785080692597798,0.2669410269175257,0.1206680355327469,0.022061015413436247
2021-08-05,Moonak,0.161788855989774,0.3816831105699141,0.227397392814358,0.2290472897390524,0.0689332936890423,0.0921935761968294,0.004007149846681,9.284788568632909
2021-08-05,Sangrur,0.4224752416568143,0.571233465203217,0.547155287116766,0.5085177485431943,0.2071313187479972,0.2468860513929809,0.0631045640579291,2.3860533628544154
2021-08-05,Sunam,0.25151649144079,0.42853058741561,0.3695571944117546,0.3578607522483383,0.1294232943494405,0.1593780192945684,0.0242194714789677,3.993713429877919
2021-08-06,Dhuri,0.5104881579225714,0.9214317541230808,0.5727089237083088,0.4683201096274636,0.1597450751472603,0.160097353499044,0.0065363577397709,0.09035025721632381
2021-08-06,Lehra,0.3361467267386615,0.619603662751615,0.3924256591126323,0.1801614470314234,0.0480279448674991,0.0304966348630841,0.0,2.6030660858225225
2021-08-06,Malerkotla,0.7249329302992139,1.4071630580084664,0.6205712812287467,0.6164631620049477,0.3053979639496122,0.2591932227036783,0.0480100787909967,0.018745504590055945
2021-08-06,Moonak,0.4203009605407715,0.8828554029266039,0.4864868943889935,0.1923434119671583,0.0556912611549099,0.0112819184238711,0.0,5.667093638324688
2021-08-06,Sangrur,0.648170276411942,1.4331897731338228,0.9244656850184712,0.6421371464218412,0.2152986106063638,0.2538144231906959,0.0061889506344284,1.531782895739679
2021-08-06,Sunam,0.6124920972755977,1.2551071835415704,0.8776376630578723,0.4892488702067307,0.1478884954537664,0.1274595742246934,0.0001206576042542,2.337004512172282
2021-08-07,Dhuri,0.5433301559903405,0.1407311274246736,0.0068785769081759,0.0,0.1137043186886744,0.1198542626066641,0.2808612354777076,0.0771078438118838
2021-08-07,Lehra,0.394645269960165,0.0431079292902722,0.0,0.0,0.0431079292902722,0.0620376225560903,0.1059885921422392,2.3642011765663806
2021-08-07,Malerkotla,0.6159954464861325,0.189821969717741,0.0442580511693709,0.0,0.0904252872403178,0.1523691990545817,0.3673286767942564,0.018262384296533145
2021-08-07,Moonak,0.2740012196203072,0.0432909461669623,0.0,0.0,0.0412221155129373,0.0851902579888701,0.1702033542096614,4.888767037089793
2021-08-07,Sangrur,0.6693696486098426,0.1692332159727811,0.0084463791489335,0.0,0.1337494259434087,0.1227765655411141,0.3167205048458917,1.3021539864853466
2021-08-07,Sunam,0.4792284837790898,0.0864708933180996,0.0001584031353039,0.0,0.0800277231527226,0.0760678441396781,0.1914649029661502,2.0270627436209434
2021-08-08,Dhuri,0.2089085372334176,0.1442138302055272,0.0,0.0,0.0,0.2296029921959747,0.5691154145381667,0.050042427106324096
2021-08-08,Lehra,0.1215868687722832,0.0571021940559148,0.0,0.0,0.0,0.0398839894914999,0.2729481738060713,1.9227431866167988
2021-08-08,Malerkotla,0.2522993556090763,0.1727798150054046,0.0,0.0,0.0,0.2136347190077815,0.5235393558229718,0.017542603614856146
2021-08-08,Moonak,0.1460303148875633,0.0576620381325483,0.0,0.0,0.0,0.0367168777932723,0.2560028346876303,3.939158569285952
2021-08-08,Sangrur,0.2320385278601731,0.1423213092078055,0.0,0.0,0.0,0.1959011710381933,0.5435777338487762,0.9348047596646564
2021-08-08,Sunam,0.174220999370196,0.0996585505615387,0.0,0.0,0.0,0.0996591682279748,0.4237376108233417,1.4600015941176094
2021-08-09,Dhuri,0.0600490117953582,0.0,0.0,0.0302002233749424,0.0636743479831652,0.2831857339902358,0.3777978962117975,0.1088469274231896
2021-08-09,Lehra,0.0,0.0,0.0,0.0118058571824803,0.0036725859827129,0.1246622549369931,0.2269571186043322,0.293711696203704
2021-08-09,Malerkotla,0.0763598756332482,0.0002546524545843,0.0,0.0293582468958837,0.1085093596151896,0.3007874999727521,0.3274134147380079,0.13353280081438604
2021-08-09,Moonak,0.0,0.0,0.0,0.0096284985775128,0.0234231106781711,0.1223864487061898,0.2280630941192309,0.6677103265147429
2021-08-09,Sangrur,0.0567839366516896,0.0,0.0,0.0067565187096728,0.058071709770177,0.3243753537535667,0.4029015313301767,0.47370934740275106
2021-08-09,Sunam,0.0136670916939952,0.0,0.0,0.0019708008039742,0.0141796169835808,0.2296292377369744,0.3396250605583191,0.479774890228082
2021-08-10,Dhuri,0.0,0.0,0.0668841178359633,0.2496604878794063,0.7950882017612457,0.4349303868683902,0.0717517450790513,0.2071936199753206
2021-08-10,Lehra,0.0,0.0,0.0159828583127819,0.1420947476290166,0.5149784237146378,0.3118985071778297,0.0350844365311786,0.0167354032784195
2021-08-10,Malerkotla,0.0,0.0006713696223284,0.1328095000769411,0.2390073958252157,0.922894788639886,0.4992954688412802,0.1007599318400025,0.3721744483292455
2021-08-10,Moonak,0.0,0.0,0.0579403966354827,0.210039942835768,0.6031939660509428,0.3801235382755597,0.0744452690705657,0.0276717839376437
2021-08-10,Sangrur,0.0,0.0032174760209662,0.0348001292773655,0.2322192963744913,0.7358509195702416,0.3560057160045419,0.0893259674776345,0.279591442116129
2021-08-10,Sunam,0.0,9.659009187349252e-05,0.0351656930121992,0.2264876911150557,0.6934010599340711,0.3232963904738426,0.0525625843687781,0.08972053215470313
2021-08-11,Dhuri,0.0,0.0,0.1142662770368836,0.3972964286804199,0.3725391368974339,0.0592036871662871,0.1001059507781809,0.5192529257615005
2021-08-11,Lehra,0.0,0.0,0.0654958942905068,0.187876109033823,0.1624292777851224,0.0637455160031095,0.0580802942859008,0.20420928456020168
2021-08-11,Malerkotla,0.0,0.0049423245114407,0.1503712332674435,0.5407289468816349,0.4360042161175183,0.0927868309829916,0.1116723931793655,0.84782895408349
2021-08-11,Moonak,0.0,0.0,0.0215831335323552,0.187885146588087,0.0529861161485314,0.163595171024402,0.1005844225486119,0.09976025733646121
2021-08-11,Sangrur,0.0,0.0,0.1109234722597258,0.3105000438434737,0.299150002854211,0.0603117469831236,0.0896688341828329,0.4508859224253664
2021-08-11,Sunam,0.0,0.0,0.1129000059195927,0.2573935304369245,0.2214795188712222,0.0576002960359411,0.0692525284497865,0.303818569514933
2021-08-12,Dhuri,0.0090561597713861,0.1430352787402543,0.4191203279928727,0.1307228674942797,0.0804274210875684,0.1627901806072755,0.0979314310984178,0.6017040363241482
2021-08-12,Lehra,0.0,0.0794435082934796,0.1392790828831493,0.0566454512299969,0.0941623509861528,0.0531155819771811,0.0566454512299969,0.2624991215603062
2021-08-12,Malerkotla,0.0320261275129658,0.1901860726731164,0.5464124658278057,0.1396190838090011,0.0798272863030433,0.1877311758164848,0.1427418928859489,0.9568417114360875
2021-08-12,Moonak,0.001661585488667,0.0843565554047624,0.1609843292584022,0.0643153036944568,0.1842004259427388,0.0673061579776306,0.0676384743613501,0.14980480230142582
2021-08-12,Sangrur,0.0058547784241714,0.1412592197635344,0.3680203674095018,0.1307544117527348,0.0957499457789319,0.1572431001280035,0.1134822459093162,0.5548929051507278
2021-08-12,Sunam,0.0006193295121192,0.099533018789121,0.251454534009099,0.0973361033414091,0.093994719375457,0.1048199163217629,0.0904238391667604,0.3784789973041346
2021-08-13,Dhuri,0.0434354853985661,0.5496100444685329,0.148925629529086,0.0397771301425316,0.0,0.0971898008137941,0.585214530879801,11.196502169455913
2021-08-13,Lehra,0.0,0.1664349683560431,0.0824748782906681,0.0,0.0736837706062942,0.0928472862578928,1.0699373111128807,17.955236940413265
2021-08-13,Malerkotla,0.0626578893113349,0.8298964032105037,0.2968011317508561,0.0904259688353964,0.0002988970705441,0.1438904777169227,0.6507513278297016,9.849901851556831
2021-08-13,Moonak,0.0,0.1891565049688021,0.0970767798523108,0.0,0.0970767798523108,0.1667691494027773,1.465180774529775,18.346939013135245
2021-08-13,Sangrur,0.0102617303242108,0.3190925743963037,0.1403677776189787,0.0019543082785925,0.0207796986214816,0.1263063718963946,0.806473647909505,18.685253121708268
2021-08-13,Sunam,0.0022351378574967,0.200055321412427,0.0920680649578571,0.0,0.0577478661601032,0.1160946318081447,0.918896601668426,19.38563927869716
2021-08-14,Dhuri,0.067368846132674,0.4459297237071124,0.0,0.0979686369272795,0.448573040691289,1.802537441253662,5.902839335528287,48.80552073708384
2021-08-14,Lehra,0.0,0.1784142339602112,0.0390966155100613,0.0589223495917394,0.4104204624891281,1.5216892510652542,5.204178482294083,46.89704328637518
2021-08-14,Malerkotla,0.1023812323276485,0.4902121648192405,0.0001392035711822,0.0959971227816173,0.5497595423034259,1.474737742117473,5.121377842766898,52.381182118904654
2021-08-14,Moonak,0.0,0.1321422501156727,0.0734926480799913,0.0729839362514515,0.5233414520819982,1.9256517390410104,5.216518143812816,43.94966298636485
2021-08-14,Sangrur,0.0459422122554055,0.2877220958471298,0.0077626786660403,0.0983460904764277,0.4097835879240717,1.9862111338547297,5.744907855987549,52.875364259906235
2021-08-14,Sunam,0.0099025303414756,0.2153536991349288,0.005172647801893,0.0897717883012124,0.4710577917950494,1.8196069853646413,5.606148787907192,51.83166282368792
2021-08-15,Dhuri,0.0460835480215874,0.0,0.0,1.2442036271095276,4.553279454057867,4.3407933061773125,2.7682113972577183,51.10980875504433
2021-08-15,Lehra,0.0,0.0,0.0,2.545730449259281,4.997884050011635,5.339825689792633,2.7991128116846085,48.57566399134446
2021-08-15,Malerkotla,0.0394853865062551,0.0,0.0001058579738517,1.3026022208588464,4.995400309562683,5.102052424635206,3.417939475604466,55.98231800158558
2021-08-15,Moonak,0.0002480153537665,0.0,0.0022321383779247,3.260086635748545,5.324563225110372,6.837170998255412,3.730967124303182,45.172175141542944
2021-08-15,Sangrur,0.0508271858894399,0.0,0.0029999495018273,1.8642362569059645,5.493716069630215,5.297868277345385,3.234875423567636,54.53490464178792
2021-08-15,Sunam,0.0142511998502803,0.0,0.000363033564229,2.306713517223085,5.339683524199894,5.563941299915314,3.131369471549988,53.494389160240196
2021-08-16,Dhuri,0.0,0.0,0.9757739305496216,6.989734021100131,5.743139440363104,2.378924548625946,1.156133391640403,51.57938759203316
2021-08-16,Lehra,0.0,0.0,1.9416395872831345,6.644857078790665,5.551394999027252,1.7717102989554403,0.9984468519687651,49.190611494816245
2021-08-16,Malerkotla,0.0,0.0,0.9444413099970136,6.993076682090759,6.145718523434231,2.774354568549565,1.547119500381606,56.63171769306757
2021-08-16,Moonak,0.0,0.0,2.214436441659928,5.9384424686431885,5.160261809825897,1.7178060909112294,1.0034100313981371,45.79183785202002
2021-08-16,Sangrur,0.0,0.0,1.3956292739936285,7.918156027793884,6.277602655547006,2.498212597199849,1.4078357155833925,54.99437048450231
2021-08-16,Sunam,0.0,0.0,1.712018915585109,7.306713802473886,5.931707910129002,2.1661115884780884,1.2716335483959742,54.117845819838315
2021-08-17,Dhuri,0.0,0.0299070712009614,4.795327349142595,10.19399525902488,5.480921593579379,0.8401223095980558,0.083581867204471,51.667810308436785
2021-08-17,Lehra,0.0,0.0472978646866977,7.235434979200363,12.891180515289308,4.682642638683319,0.5139745194464922,0.0925808334723115,49.41783733658789
2021-08-17,Malerkotla,0.0,0.0626842762077493,4.383074564593179,9.37065064907074,5.204408373151507,0.929403407233102,0.1362649415220533,56.74649880791965
2021-08-17,Moonak,0.0,0.1478721853345632,9.59293564160665,14.93478012084961,4.428654472033183,0.5409763579567274,0.1611044829090436,46.025048050023486
2021-08-17,Sangrur,0.0,0.0753843502274581,6.204523835863386,12.693079437528338,6.51822943346841,1.145810868058886,0.1257779660767742,55.141215620458965
2021-08-17,Sunam,0.0,0.0552145281939634,7.617511527878897,14.454133476529805,6.336996385029384,0.9775044343301228,0.1304783878315772,54.31768795668633
2021-08-18,Dhuri,0.0,6.497877164320513,17.981987779790703,7.002037178386342,3.2015510364012285,1.1041709591041913,3.3063059828498145,51.396322628894225
2021-08-18,Lehra,0.0,6.939625591039658,14.328330218791962,8.138101398944855,3.736986368894577,1.007636770606041,1.3565063029527664,49.230542168844075
2021-08-18,Malerkotla,0.0014292103504495,7.277994053704398,19.849313735961918,6.575185588427952,3.367760121822357,1.29600390791893,3.668750865118844,56.46159766628213
2021-08-18,Moonak,0.001575000428905,8.314031998316446,15.654622634251911,8.2876797914505,3.8664910991986594,1.4149048229058585,1.4852035144964857,45.95312927797514
2021-08-18,Sangrur,0.0049356499553791,7.916344932147434,18.970774480274745,8.311393652643476,4.002064526081085,1.4277008260999406,2.853067559855325,54.93005749527717
2021-08-18,Sunam,0.0006622191784637,7.633058888571603,16.814009291785105,8.344480446406774,4.120770079748971,1.288587604250227,1.9325493105820248,54.091441406451985
2021-08-19,Dhuri,0.7391806502233852,5.852416840466586,5.440106630325317,2.816825097257441,0.7266398410905491,0.1190411851487376,0.4453533413735303,51.36811489405101
2021-08-19,Lehra,1.0131117962300775,6.408693373203278,9.691010296344755,4.781964212656021,0.3662922633811831,0.0213372892467305,0.5043591596186161,49.18554372526548
2021-08-19,Malerkotla,0.865419979606356,7.53784441947937,5.586030381066458,2.665660653795515,0.891774371266365,0.2120126006858689,0.5515082052775792,56.422972526414036
2021-08-19,Moonak,1.8798719743887584,7.599288622538249,11.06565237045288,5.759403785069783,0.3807299211621284,0.0702514830045402,0.4835783119002978,45.91417025584205
2021-08-19,Sangrur,1.2909685575536318,8.931946294648307,9.85462098462241,5.660198152065277,1.129161868776594,0.1541325847086097,0.6141660617930549,54.887388064170715
2021-08-19,Sunam,1.2553845239537105,7.590866616794041,10.036246742521014,5.716573979173388,0.7184670258845601,0.0716690159668879,0.5278148076363972,54.057524646520584
2021-08-20,Dhuri,3.76116080717607,2.422808061946522,1.5650813417001204,1.021102092482827,0.0143531908450478,0.0,0.1388639425012198,40.821872544167036
2021-08-20,Lehra,3.815614998340607,3.830946773290634,2.035699300467968,0.6441841423511505,0.0604818456340581,0.0,0.0338213738286867,31.49826719926961
2021-08-20,Malerkotla,3.4859349812780107,1.8602573360715595,1.3650829664298467,0.935029787676675,0.0256705457078559,0.0007035324483045,0.211306090333632,47.66390644525111
2021-08-20,Moonak,5.046802381674449,4.784210701783498,2.627409895261129,0.6717572112878164,0.0693427603691816,0.0,0.0068226728083876,27.721784626929505
2021-08-20,Sangrur,4.22046788249697,2.924794818673815,1.9545042387076788,0.942749432155064,0.0362950711111937,0.0,0.0741100879386067,36.74816642833647
2021-08-20,Sunam,4.027547827788761,3.1975866300719127,1.965925152812685,0.7080681536878858,0.0324434880832476,0.0,0.0437814592317278,35.05324791029109
2021-08-21,Dhuri,7.643397678028453,1.5507243952967904,0.0774866262958808,0.0,0.0,0.5825521363453432,2.2402696663683117,3.271299185386731
2021-08-21,Lehra,11.44839197397232,3.196728393435478,0.151235603261739,0.0,0.0,0.3427808443084359,1.5628567337989807,2.700274225003041
2021-08-21,Malerkotla,7.746384978294373,1.7901780945914132,0.1116456231102347,0.0,0.0140022283885627,0.8111515300614494,3.1580301012311662,5.21779758126913
2021-08-21,Moonak,11.912779966990152,4.092389822006226,0.1486997262885173,0.0,0.0,0.3825279474258423,1.6917905608812969,2.249449369330476
2021-08-21,Sangrur,10.371742861611503,2.4329189360141754,0.0687825547398201,0.0,0.0,0.5813805769596782,2.4764744639396667,2.735667052572981
2021-08-21,Sunam,9.800702026912145,2.5128330503191267,0.0911274473848087,0.0,0.0,0.4502819020833288,1.701087508882795,2.83852227110205
2021-08-22,Dhuri,11.101868065920742,1.1828688572753558,0.0,0.0,0.4462291083552621,1.5604443766854026,5.186802170493386,1.4634680413086127
2021-08-22,Lehra,9.868773758411407,1.0895403288304806,0.0,0.0,0.1271972032263875,0.9427311383187772,2.827485129237175,1.3759451028025091
2021-08-22,Malerkotla,8.814901403018407,1.073041130389486,0.0,0.0,0.518421362553324,1.588979525225503,5.430375695228577,1.9974247871817732
2021-08-22,Moonak,8.943487246831259,1.207532376050949,0.0,0.0,0.1781035463015238,0.8798088332017263,3.195644716421763,1.4320210437916145
2021-08-22,Sangrur,11.146641084126063,1.3299743086099625,0.0,0.0,0.3521569621350084,1.6201125021491731,4.609152214867728,1.8650217358964403
2021-08-22,Sunam,11.006806305476598,1.240548619202205,0.0,0.0,0.2094513534435204,1.3150298999888557,3.637309721537999,1.8180409279165628
2021-08-23,Dhuri,0.0518546987494284,0.0,0.0,0.1051347851753234,0.34860751981085,1.5495736869898709,1.4112023873762651,1.3474158356019732
2021-08-23,Lehra,0.0228688869392499,0.0,0.0,0.0,0.0575579206924885,0.765511728823185,1.0750607028603554,0.8756080622829036
2021-08-23,Malerkotla,0.1680542113525527,0.0,0.0,0.0957750377378293,0.5146191897136825,1.7520668762070792,1.5557624697685242,1.7800859685197274
2021-08-23,Moonak,0.0795521872738997,0.0,0.0,0.0,0.0230223932303488,0.7579980244239172,1.1598360588153205,0.934568570049774
2021-08-23,Sangrur,0.0871672364883124,0.0,0.0,0.0908094084089888,0.2221382914909294,1.2353135900838037,1.4926753427301134,1.6091797075655707
2021-08-23,Sunam,0.0513178435087736,0.0,0.0,0.0232169061034385,0.121164453082851,0.9317649219717298,1.2321550909961974,1.3854274036533343
2021-08-24,Dhuri,0.0,0.0,0.0271850181743502,0.3082827248356559,2.0659534443508494,2.814985925501043,4.522640477527272,2.9293067757300193
2021-08-24,Lehra,0.0,0.0,0.0,0.0965219211066141,1.6041240990161896,1.643500290811062,4.177846178412437,1.8042725652150566
2021-08-24,Malerkotla,0.0,0.0,0.0758470823722226,0.3934733974082129,2.1043329068592618,3.2188996502331326,4.560745418071747,3.048998576372452
2021-08-24,Moonak,0.0,0.0,0.0043474873527884,0.1747871028880278,1.5031925837198894,1.7621942261854808,4.4972688754399615,1.4168991782890423
2021-08-24,Sangrur,0.0,0.0,0.0644830603019467,0.239418366657836,1.8544007710048127,2.1958500232015337,3.9991666674613953,3.5524438234818683
2021-08-24,Sunam,0.0,0.0,0.0127143753592723,0.1398333228592361,1.544624251978738,1.6846198226724352,3.436144607407706,2.9403076104389267
2021-08-25,Dhuri,0.0,0.0,0.0359634624963456,0.2894002273678779,1.1471968564120203,3.386823372407393,5.172726479443637,11.936233840576513
2021-08-25,Lehra,0.0,0.0,0.0,0.2221699338406324,1.1742218732833862,4.526015192270279,5.102598428726196,6.042167851444191
2021-08-25,Malerkotla,0.0,0.0,0.064108480167176,0.3168799105499472,1.0924759294305528,3.179302377360208,5.200902198042188,12.356950311889658
2021-08-25,Moonak,0.0,0.0,0.0,0.1609204852332671,1.1744623184204102,4.837115049362183,5.066533128420512,6.498616312547273
2021-08-25,Sangrur,0.0,0.0,0.0016256370249071,0.2351173252931662,1.1709670956645692,4.027347411428179,5.704205904688154,9.108720120698136
2021-08-25,Sunam,0.0,0.0,0.0,0.1968417981905596,1.11158022071634,4.147770481450217,5.102787520204272,7.407922217757051
2021-08-26,Dhuri,0.0,0.2900877852331508,0.800623668865724,1.0567310642112384,2.6072672713886607,7.385587562214244,5.5489419807087295,13.712346971506845
2021-08-26,Lehra,0.0,0.1343989484012127,0.4063358511775732,0.9218624606728554,3.093083754181862,8.981501549482346,8.918792188167572,9.926431247718758
2021-08-26,Malerkotla,0.0,0.3290557712316513,0.9838770202228,1.0694514364004135,2.609827365194048,6.7354550531932285,4.241076929228647,13.14101607133551
2021-08-26,Moonak,0.0,0.116916349157691,0.3603939736882846,0.7387658407290777,3.572295924027761,8.017331083615622,7.67944339911143,12.732065032118651
2021-08-26,Sangrur,0.0,0.1800045802124909,0.6048688164779118,1.0088281674044473,2.5894250784601485,7.214437229292733,6.398816858019147,11.320578584771413
2021-08-26,Sunam,0.0,0.1368280311248132,0.4497367313929966,0.9281931796244212,2.7251230478286743,7.790694355964661,7.582110217639378,9.725775130576672
2021-08-27,Dhuri,0.0132205420470034,0.2370272251692685,1.926129601218484,2.385731827129017,3.384684205055237,3.110519138249484,2.99608453837308,74.06524540842727
2021-08-27,Lehra,0.0,0.4193340595811605,0.9475021660327912,1.9707707464694977,3.714644059538841,4.334845155477524,3.8866711109876633,59.419137863248686
2021-08-27,Malerkotla,0.0685580577036099,0.2527670434543064,2.063050900186812,2.4340095051697324,2.822504690715245,2.8659168822424754,2.383362569979259,49.45761770278055
2021-08-27,Moonak,0.0023762107205887,0.3950541963179906,0.9236016223827996,2.0644476413726807,3.4314237236976624,5.236808657646179,4.042750517527263,51.33505173571781
2021-08-27,Sangrur,0.0085841362098498,0.3217405006289482,1.625416534287589,2.380563574177878,3.601370930671692,3.540471536772592,3.485282633985792,68.00083869421306
2021-08-27,Sunam,0.0011087518318423,0.3390667917472975,1.203724443912506,2.1352044897420064,3.4992520042828152,3.646702195916857,3.560675953115736,65.79146431914307
2021-08-28,Dhuri,1.864197400483218,2.517478097568859,2.887299505147067,4.269743030721491,1.9366413842548025,1.3841291720216924,0.813754141330719,78.61669998350831
2021-08-28,Lehra,1.649324432015419,2.341094806790352,2.884765610098839,5.133911550045013,2.0369704589247704,1.6180006712675097,1.0983947478234768,63.03759666141038
2021-08-28,Malerkotla,2.028707661799022,2.2032769364970077,2.8915519884654453,4.117213351385934,2.016246165548052,1.2126895913055964,0.70030306492533,54.04028949546185
2021-08-28,Moonak,1.7489920457204182,1.961145410935084,2.433376600344976,4.888783931732178,2.14836910367012,1.7310979068279266,0.8573498477538427,55.58198328853764
2021-08-28,Sangrur,1.9431998218808852,2.4607055953570773,3.100963498864855,4.550918613161359,2.0641160905361176,1.42086432661329,0.9727689559970584,71.99202564957704
2021-08-28,Sunam,1.650655597448349,2.3288855169500624,2.8034574389457703,4.418545757021223,1.9592508588518416,1.4091870146138328,1.0449229606560295,70.09983619677368
2021-08-29,Dhuri,3.385377038608898,3.6786876916885376,4.900948459451849,3.1951738487590444,1.229147266257893,1.378346873955293,0.3617192723534324,78.62826120447217
2021-08-29,Lehra,2.315132722258568,3.610784590244293,7.255893588066101,4.415255174040794,2.1721808165311813,3.2143462747335434,0.3197791948914528,63.77989953121143
2021-08-29,Malerkotla,3.6916830710002353,3.841385807309832,3.733306544167655,2.907088969435011,0.9456898868083954,1.0436253568955831,0.2310037538409233,54.13789823401631
2021-08-29,Moonak,1.6916517317295074,3.8625168800354,7.256849964459737,4.199764311313629,2.468614379564921,2.7163670460383096,0.3103177274266879,56.552461432971384
2021-08-29,Sangrur,3.018769477094923,3.712977520057133,5.668635589735849,3.4135351266179765,1.596142930643899,2.1041363179683685,0.3636044625725065,71.80924973108144
2021-08-29,Sunam,2.7054221544946944,3.71948288168226,6.546784724508013,3.847320982388088,1.872266011578696,2.739691359656198,0.3885463550686836,70.2912030587404
2021-08-30,Dhuri,2.4436881921508093,4.0515642816370185,2.732379376888275,0.881544061682441,0.3690263263203881,0.288686339828101,0.3208807334303856,78.95171520048103
2021-08-30,Lehra,3.659282252192497,7.90342789888382,3.759341716766357,1.847583495080471,0.2301178285852074,0.2165170675143599,0.090401197085157,65.26472106658417
2021-08-30,Malerkotla,2.3813975964273726,3.316039332321712,2.151592586721693,0.7097132567848478,0.2915155339453901,0.2574811556509563,0.4730651474424771,54.3332503370586
2021-08-30,Moonak,4.2701051235198975,8.157034794489542,3.514309803644816,1.914269467194875,0.2841078874965508,0.0689215585589408,0.161013076081872,59.2650707963275
2021-08-30,Sangrur,2.733186287539346,5.112795693533761,3.26170346566609,1.1275145283767156,0.3825394734740257,0.3126858217375619,0.3017982132732868,72.5723041584181
2021-08-30,Sunam,3.376032131058829,6.3872426237378805,3.517809612410409,1.351636222430638,0.302322693169117,0.3256705850362777,0.2445361115304487,71.1387552628107
2021-08-31,Dhuri,2.876955845139243,3.442441853609952,3.9587667313489048,0.7639319409023632,0.7801170728423379,0.448318522084843,3.750259919600053,80.4235631138654
2021-08-31,Lehra,2.648984834551811,5.764001131057739,5.244416058063507,1.7716860920190811,0.3389704916626215,0.6277770958840847,3.445789471268654,65.86740074353357
2021-08-31,Malerkotla,2.759761835847582,2.534029023987906,2.9806388872010365,0.404097168041127,0.7262081248419625,0.4558743430035455,3.565964639186859,57.20289630293847
2021-08-31,Moonak,2.8206711212793985,6.38155734539032,4.576490084330241,2.025896519422531,0.3397845377524693,0.6392735143502554,3.521141906579336,63.576707955327585
2021-08-31,Sangrur,2.894431012017386,3.906763085297176,4.456748051302774,1.3683305169854845,0.6405035842742238,0.5859704496605056,3.9924274512699673,71.37177731696902
2021-08-31,Sunam,2.701124276433672,4.70779732295445,4.830367071287973,1.6378425359725952,0.5264874813812119,0.6465044787951878,3.7778962680271695,70.28851771720525
2021-09-01,Dhuri,2.582944084297527,6.952356013384732,1.6218755570324983,1.2137163200161674,1.3013723248785192,6.440569270740856,9.312838207591664,72.07088522755376
2021-09-01,Lehra,6.6039926409721375,10.741857886314392,3.1540472358465195,1.3499635830521584,1.9087137281894684,10.794862627983091,10.10318398475647,62.364649178342674
2021-09-01,Malerkotla,2.2229268039975847,6.351902263505118,1.5047356401171004,1.136889474732535,1.499571070075035,5.849493639809745,9.677948611123222,48.39704503335858
2021-09-01,Moonak,7.583001772562663,11.693134069442747,3.559244612852732,1.3528323968251543,2.694441000620524,11.69546596209208,10.507263422012327,59.82374158985773
2021-09-01,Sangrur,3.729659114565168,8.333702683448792,1.839566720383508,1.2986915132829122,1.7827589682170324,7.58068493434361,9.17979655947004,66.41440111466349
2021-09-01,Sunam,5.048956871032715,9.553731799125671,2.315936629261289,1.2906826989991325,1.929089712245124,9.22850513458252,9.298224789755684,66.3885933592593
2021-09-02,Dhuri,3.0159645839170977,1.913562920960513,0.166669239713387,1.0469941794872284,6.138993718407371,10.243458184328944,11.99258483539928,77.49156243473618
2021-09-02,Lehra,9.833341002464294,3.7609240114688873,0.2642744053155184,1.046313676983118,6.831940680742264,8.66677501797676,11.24122989177704,64.36754784174514
2021-09-02,Malerkotla,1.6698706618377142,1.4139504517827717,0.1385474447160959,0.8306645623275212,5.431157776287624,10.832476241247994,11.478793621063232,54.9789550755927
2021-09-02,Moonak,9.297847986221312,3.553264041741689,0.3172095194458961,1.077766701579094,6.499296863873799,8.156845887502035,10.641117175420126,62.512940789965164
2021-09-02,Sangrur,4.833019443920681,2.690413764544896,0.2286144413852266,1.287303775548935,6.462787185396467,9.7094555241721,13.03404494694301,70.2815090129628
2021-09-02,Sunam,7.396973524774824,3.2621818014553616,0.2444613490785871,1.286400848201343,6.801185897418431,9.366705996649603,12.603680746895929,70.00122063366545
2021-09-03,Dhuri,4.7343782945112745,0.1181417401372031,0.5328726497563449,3.3394088961861352,9.746722871607,15.147062128240412,14.489535505121404,34.853638473308116
2021-09-03,Lehra,6.387260884046555,0.5636133514344692,0.8162384256720543,3.6480094641447063,7.46440052986145,14.892436563968658,16.869088053703308,32.8495698600343
2021-09-03,Malerkotla,3.654676428862981,0.1664402641888175,0.4073391226785524,3.034419596195221,9.356527600969589,13.533700398036412,13.208132675715856,32.95608657671671
2021-09-03,Moonak,7.026207725207011,0.6871605863173803,0.8759844203790029,3.532128393650055,6.793127735455831,12.83819309870402,17.213117043177288,44.58104012737421
2021-09-03,Sangrur,5.296350291797093,0.194871490289058,0.6183853191988808,3.165910848549434,8.340325338499886,13.792494126728602,14.00946491105216,26.950529066446208
2021-09-03,Sunam,5.7981890099389215,0.3747248910367489,0.8022802259240832,3.456360706261226,7.663618104798453,13.801109722682408,15.143346956798007,28.82788607927929
2021-09-04,Dhuri,0.5479509498585354,0.6303210732611743,5.612411303953691,13.466690583662553,16.08334142511541,21.56507726149125,9.80294960195368,49.22304597395183
2021-09-04,Lehra,2.2868468537926674,1.008947554975748,6.506899476051331,12.68361473083496,18.384390115737915,19.04401367902756,13.060316741466522,38.115407229766646
2021-09-04,Malerkotla,0.2987030824380262,0.6169472304838044,5.790743606431144,13.2052720614842,14.518336398260931,20.64593499047416,9.439927441733223,48.626199321400016
2021-09-04,Moonak,3.260057210922241,1.1086081316073737,7.06283704439799,11.168127377827965,17.704627911249798,16.887360254923504,13.403613567352297,48.116882745475145
2021-09-04,Sangrur,1.23886824292796,1.0123018526605196,6.204879437174116,13.34561129978725,17.039261954171316,20.9510988507952,10.788580349513463,35.276790618344016
2021-09-04,Sunam,1.799908344234739,1.1212323031255178,6.451161571911404,12.78672902924674,17.85679418700082,20.22014897210257,11.80212674822126,34.02975506711343
2021-09-05,Dhuri,0.9674954143437472,5.992717807943171,6.912480722774159,12.539169441569936,19.20989617434415,15.0992938821966,6.689091769131747,71.04847820491655
2021-09-05,Lehra,1.4987392611801624,6.103513449430466,7.635922282934189,11.558005452156069,18.486151158809665,15.428621113300323,5.301722317934036,39.81700823080018
2021-09-05,Malerkotla,1.0040265385593687,6.142373204231262,6.640153714588711,12.131606578826904,18.335526875087197,13.989852700914655,6.34096770627158,66.39010829579618
2021-09-05,Moonak,1.8994921048482256,6.513162096341451,6.394382516543071,9.273579359054564,13.955260038375854,13.911018451054892,4.803128023942311,48.96718907389929
2021-09-05,Sangrur,1.2444455197879247,6.27620496068682,7.204055837222508,11.613282782690863,18.173254217420304,14.920233828680855,6.618285093988691,54.6842770176625
2021-09-05,Sunam,1.5049380660057068,6.363540274756296,7.583694628306797,11.528722831181115,18.663348947252548,15.411445004599434,6.072020173072815,40.24524150134099
2021-09-06,Dhuri,5.071883927692067,9.814499551599676,9.155242269689388,15.068072145635432,9.3921987360174,3.628783702850342,3.3739801970395176,70.81401251630771
2021-09-06,Lehra,7.595691591501236,8.016880840063095,8.60303583741188,16.549649000167847,12.278343796730042,3.713687047362328,4.150620400905609,39.25739558205597
2021-09-06,Malerkotla,4.340392742838178,9.091688888413566,9.519582765442983,13.692656244550433,8.304467967578343,3.019781938620976,2.9498066135815213,66.1889835732834
2021-09-06,Moonak,7.651973207791646,6.340825875600179,7.206370155016581,15.467698176701864,13.533008178075155,3.684352258841197,4.042583505312602,47.51296929140576
2021-09-06,Sangrur,6.449413912636893,9.3398414679936,7.741575513567243,15.063947064535958,9.925246170588904,3.9836777448654175,3.605918194566454,55.07521638332347
2021-09-06,Sunam,7.494800227028983,8.731558646474566,7.622350897107806,15.06251427105495,10.706301144191196,3.8542365857533047,3.806381055286952,40.281857836594135
2021-09-07,Dhuri,12.63330888748169,11.192553693597969,11.183715733614834,11.406629649075596,6.766169959848577,4.2065606117248535,3.174488230185075,68.03982793224597
2021-09-07,Lehra,9.031276613473892,8.759888023138046,12.595511615276337,14.224842071533203,8.361559808254242,6.350180268287659,4.238484039902687,38.41630583176234
2021-09-07,Malerkotla,11.679629802703856,11.903090511049545,11.017010280064174,11.091604948043823,6.3217681135450094,3.319881124155862,2.260252284152167,61.78471058944678
2021-09-07,Moonak,6.950997471809387,8.307326078414917,12.090869108835856,15.512699921925863,8.329062581062317,7.092176040013631,3.785651524861654,43.01844683780088
2021-09-07,Sangrur,12.184634957994732,9.137105481965202,11.561701706477574,11.806906597954889,7.207137533596584,4.569022246769497,3.4408394524029324,54.96270739443283
2021-09-07,Sunam,10.563272544315884,8.655682018824987,12.096506799970356,12.482476438794816,7.470906427928379,5.398746882166181,3.80265235049384,40.21677810430599
2021-09-08,Dhuri,8.4359374479814,11.72681713104248,10.430152589624578,6.444972059943459,5.205960837277499,2.6553789377212524,5.120356668125499,67.75949459827814
2021-09-08,Lehra,9.5484679043293,11.41614156961441,14.024344861507416,7.65138253569603,6.093907952308655,3.905458301305771,5.82841157913208,38.020162887841245
2021-09-08,Malerkotla,9.79953908920288,12.421391895839148,9.718504462923322,5.940997294017246,4.403695200170789,1.805128655263356,4.449313393660954,61.99273110388506
2021-09-08,Moonak,9.491620699564615,9.560864249865212,13.46496319770813,8.0728759765625,5.11156177520752,3.270981033643087,5.430333216985066,41.981602920963766
2021-09-08,Sangrur,7.417221120425633,11.059577907834734,12.272151810782296,6.764122707503183,5.165516912937164,3.339530416897365,5.090089440345764,54.78993736349479
2021-09-08,Sunam,8.33249647276742,10.91536293710981,13.537497213908605,7.069601041930063,5.64211688722883,3.8171577027865817,5.216809698513576,40.01093105750088
2021-09-09,Dhuri,10.694499839435924,6.536951476877386,2.58156494660811,0.4677165624770251,0.3713884529742328,1.1286919713020325,1.920804646882144,62.212899026595196
2021-09-09,Lehra,17.213945150375366,7.302393674850464,3.883183166384697,1.8856315091252327,1.6402531005442142,2.72979336977005,3.1612927615642548,32.99455157714027
2021-09-09,Malerkotla,9.321002806935992,6.077606303351266,2.1215613058635165,0.4478640652128628,0.2030604087215449,0.9191090656178338,1.4601052829197474,55.83034815440436
2021-09-09,Moonak,15.512427727381388,6.658188660939534,4.363393565018972,2.6323821345965066,2.28190087278684,2.8877325852712,3.2454198797543845,33.70822227578721
2021-09-09,Sangrur,12.874129159109932,6.885233214923313,3.086117829595293,0.7006369158625603,0.99735361124788,1.6409816103322166,2.7086778368268694,50.10037945096659
2021-09-09,Sunam,14.833576474870954,6.837803959846497,3.3420400278908864,1.280704255614962,1.4673243761062622,2.253541878291539,2.890071153640747,35.04137734194961
2021-09-10,Dhuri,5.138775543733076,7.447388063777577,2.941621032628146,2.026764300736514,2.8739064931869507,4.322432886470448,2.2364357601512563,44.52535075742632
2021-09-10,Lehra,6.6925691068172455,7.479149520397186,3.958971589803696,2.89134132862091,2.9540556967258453,4.573919698596001,2.6592379212379456,15.495670169655941
2021-09-10,Malerkotla,4.014395075184958,6.027165651321411,2.4295312336512973,1.6974038864885057,2.185421483857291,3.5123045699937,1.9283887956823624,41.47858041730304
2021-09-10,Moonak,5.692604382832845,7.680066267649333,3.549226681391398,3.0339268843332925,2.836287796497345,3.842940866947174,2.7032094995180764,13.358099890867825
2021-09-10,Sangrur,4.958688846656254,6.977654354912894,3.165036584649767,2.1958285442420413,2.841308644839696,4.357281182493482,2.258915590388434,36.90547270297663
2021-09-10,Sunam,5.359637388161251,6.570915579795837,3.491267570427486,2.3207737633160184,2.715106580938612,4.364358442170279,2.3961254358291626,20.496692347129823
2021-09-11,Dhuri,8.629893432963978,3.4094283797524194,3.224238308993253,3.7868804823268554,4.351760398257863,3.108646262775768,1.8673970699310305,26.19092251334269
2021-09-11,Lehra,9.45754611492157,5.16539391875267,4.063465982675552,7.324581414461136,7.861979633569717,3.9254183918237686,3.1192913204431534,6.786578286776387
2021-09-11,Malerkotla,7.302855968475342,3.016954277242933,3.0226886016981944,3.0303100517817905,3.9545889667102263,2.6840764539582387,1.6710346639156342,21.562283021899873
2021-09-11,Moonak,7.963790655136108,5.179966529210408,4.105532705783844,7.71978493531545,7.652528762817383,3.887955725193024,2.808685878912608,5.608726435395549
2021-09-11,Sangrur,8.360177687236241,4.112774321011135,3.535258412361145,4.773865614618574,5.157265714236668,3.537117396082197,2.087121912411281,25.068530187912156
2021-09-11,Sunam,8.604353734425136,4.4248999527522495,3.712642320564815,6.015129378863743,6.480962548937116,3.893599901880537,2.5197500458785465,11.155865912756886
2021-09-12,Dhuri,0.9876810691573404,2.404847193848003,3.020354466004805,6.932997335087169,2.0223968137394297,1.117104086008939,1.1728648462078788,4.632316977415618
2021-09-12,Lehra,1.7961482256650925,3.145618855953217,2.0914307683706284,6.343938559293747,2.4021532014012337,1.35591771453619,1.1799210608005524,4.619987211511112
2021-09-12,Malerkotla,0.8455453302179065,2.007687057767596,2.6041409926755086,6.170152596064976,1.966256307704108,0.8481587490865162,0.8545631957905633,3.8044504251516797
2021-09-12,Moonak,1.761727472146352,3.06013164917628,1.5256493091583252,5.082107841968536,2.163530776898066,1.1988856842120488,0.6801192586620649,3.902092697660952
2021-09-12,Sangrur,1.138243922165462,2.6564301678112576,2.777423288140978,6.363577008247376,1.8343323128564015,1.317351187978472,1.540943252188819,5.754871567087768
2021-09-12,Sunam,1.252250965152468,2.674152195453644,2.1246004360062734,5.296649490083967,1.7627154333250863,1.2475493188415254,1.2831608057022097,4.635737935840585
2021-09-13,Dhuri,5.44438065182079,3.802063367583535,2.4765595631165938,3.22140249339017,1.814446966756474,2.6984424591064453,3.7907837412574072,8.78421173326451
2021-09-13,Lehra,8.967202633619308,3.0234648138284683,4.3701967895030975,5.763583391904831,2.6808766275644302,3.238224178552628,3.979798913002014,7.87596321167595
2021-09-13,Malerkotla,4.047891616821289,3.615690222808293,2.2400420819010054,2.180699748652322,1.0269766758595194,2.272168487310409,4.030941503388541,7.928840053922752
2021-09-13,Moonak,7.36430025100708,1.99591260155042,3.434134622414907,4.464593052864075,2.1154966056346893,2.466861665248871,3.770402232805888,5.519101219340927
2021-09-13,Sangrur,5.523830618177142,2.9824435540608,2.4982934509004866,3.616965276854379,1.736987320440156,2.5711303693907603,3.7531542778015137,7.992890839753433
2021-09-13,Sunam,6.68529828957149,3.0090640016964505,3.1158860325813293,4.334290172372546,2.165081420115062,2.870528510638646,3.676304612840925,6.887993207623779
2021-09-14,Dhuri,8.037499709562821,3.0421493595296685,2.198100669817491,0.4189723628488453,6.596910194917158,10.192083185369318,9.243442925539885,19.33290697778383
2021-09-14,Lehra,11.773797869682312,4.773938611149788,3.8775960206985474,3.404545307159424,10.912559390068054,18.88265323638916,16.806408405303955,21.392956735136494
2021-09-14,Malerkotla,7.161905237606594,2.835882689271654,1.7314064374991829,0.2551065813750028,5.86077652658735,9.177774480410983,8.734579495021276,18.765025753705274
2021-09-14,Moonak,10.334999084472656,4.177003006140391,3.478348513444265,3.919239282608032,10.41568144162496,18.427916526794437,16.47995201746623,18.79360187116604
2021-09-14,Sangrur,9.629870925630842,3.974710438932692,2.9276163407734463,0.8844014257192612,8.414699060576302,13.36255955696106,11.901274476732526,17.281815320454974
2021-09-14,Sunam,10.875147376741682,4.454897701740265,3.1746385438101634,1.777042384658541,9.605293580463954,16.379228149141586,14.6049211365836,18.62195274371803
2021-09-15,Dhuri,1.9747958941893144,2.1431587880307976,0.0,1.4357797801494598,4.352327162569219,4.339194482023066,4.901515223763206,27.586188910677176
2021-09-15,Lehra,1.4835078865289688,1.992130070924759,0.0097015957871917,2.3837010115385056,4.127692699432373,5.324462652206421,5.624700888991356,47.443923525077956
2021-09-15,Malerkotla,2.3442501638616835,2.32352694443294,0.0,1.3349645797695433,4.690560826233456,4.817271249634879,5.528708917754037,24.188180355499277
2021-09-15,Moonak,1.1892331937948863,1.6331282258033752,0.0533639375741283,1.9715631206830344,3.4455506205558777,4.514577805995941,4.71477872133255,50.22188346772472
2021-09-15,Sangrur,1.822004279920033,2.281456010682242,0.0,1.824389023440225,4.3069005608558655,4.632335909775326,4.842643507889339,25.32122483471617
2021-09-15,Sunam,1.5303186987127575,2.047805909599577,0.0012595590337046,1.9960765923772537,3.841594355446952,4.532830493790763,4.736617420400892,32.66869892644007
2021-09-16,Dhuri,1.9540270133451985,0.0,1.6904551278461108,8.7290386503393,12.80536040392789,6.459460713646629,8.60372957316312,44.16927655981026
2021-09-16,Lehra,1.89974807202816,0.0,0.6995799727737904,9.519668877124786,13.305248022079468,5.168903037905693,8.288867771625519,101.58102357987913
2021-09-16,Malerkotla,1.763421275785991,0.0,1.888898023537227,8.254918728555952,12.426653282982963,6.7171270336423605,7.018217631748745,39.81646031198269
2021-09-16,Moonak,1.8136082688967388,0.0,0.5615143353740374,8.301185369491577,12.840789794921877,4.880574107170105,7.579829176266988,109.32855029416189
2021-09-16,Sangrur,2.10413726738521,0.0,0.9659000251974378,9.250845210892814,12.84244193349566,5.841087886265346,8.773599880082267,45.24051853396891
2021-09-16,Sunam,1.9087597131729128,0.0,0.7602147374834333,9.412829399108888,12.932541949408394,5.455101898738316,8.734253934451512,68.71424237812431
2021-09-17,Dhuri,0.0,0.9971969073468988,9.131400520151312,15.37630354274403,6.222345438870517,8.010294697501443,12.667473186146127,44.422956254158535
2021-09-17,Lehra,0.0,1.879978723824024,9.312722861766815,17.401248812675476,7.615126520395279,10.131235897541046,13.553715348243712,102.09596746310636
2021-09-17,Malerkotla,0.0,0.7960514192070279,8.873753207070488,13.884364264351982,5.477270705359323,6.900769710540772,11.838970150266375,40.04473156631658
2021-09-17,Moonak,0.0,1.836878478527069,8.368005394935608,15.672452926635742,6.794994115829468,9.50407886505127,12.465050299962362,110.51582487829677
2021-09-17,Sangrur,0.0,1.346683708684785,8.504948633057731,16.663252115249634,6.124105947358268,7.978380084037781,12.90562789780753,45.51511689723584
2021-09-17,Sunam,0.0,1.7953996658325195,8.46484284741538,17.265142611094884,6.544175045830863,8.451832601002284,13.062353815351214,68.90279282580987
2021-09-18,Dhuri,0.2588005655191161,3.606855717572299,3.8952662728049536,4.596510345285589,5.785971056331288,2.405399490486492,1.7379999648440967,43.97381832506218
2021-09-18,Lehra,0.4143894873559475,5.06437885761261,4.832160621881485,4.999907061457634,5.818690925836563,2.454319417476654,1.5481904931366444,102.98025216442777
2021-09-18,Malerkotla,0.1117418649207268,3.011272498539516,3.740358420780727,4.702581337520054,5.666401079722813,1.9032493105956487,1.5650316987718855,39.786261678002546
2021-09-18,Moonak,0.4018487011392911,4.394361575444539,5.128605465094249,5.338429888089498,5.426151831944783,2.163938850164413,1.8124432663122811,112.3639594461807
2021-09-18,Sangrur,0.380454315670899,4.292088142463139,4.564157349722726,4.671244672366551,5.23887426512582,2.377771645784378,1.7114827164581845,45.12039862147454
2021-09-18,Sunam,0.4031385651656559,4.392016334193094,4.493309932095664,4.506072836262839,5.111290574073792,2.197328043835504,1.509158423968724,69.09902806227484
2021-09-19,Dhuri,2.136499724604867,9.213585550134832,7.077250502326272,12.78912656957453,6.018567670475353,2.2416857914491133,2.580210653218356,43.721588052321756
2021-09-19,Lehra,3.202331006526947,11.64174211025238,12.01502788066864,20.894336581230164,10.655573904514313,2.4623032361269,2.794772729277611,103.16319562296634
2021-09-19,Malerkotla,2.029122199331011,8.80819925240108,6.554969736507961,10.336892536708287,4.310654640197754,1.9660100383417949,2.5547884234360287,39.57536374889868
2021-09-19,Moonak,3.3389517267545066,11.473325967788696,13.844895760218302,19.44834287961324,9.28635044892629,2.990250885486603,2.7771887679894767,112.68487769338057
2021-09-19,Sangrur,2.5093121911798204,10.071648750986371,8.564151729856219,15.4055255821773,7.843537245477949,2.4852635051522936,2.847397416830063,45.01997041837382
2021-09-19,Sunam,2.777218971933637,10.577326570238386,10.14137191431863,18.204779114042008,9.326603855405535,2.233641577618463,2.820995105164392,69.13300493340165
2021-09-20,Dhuri,11.125489191575484,14.2132680199363,6.534793441945856,1.3878436251120134,0.7802870896729556,2.3364328037608755,4.176801237193021,39.19987401125396
2021-09-20,Lehra,10.891285717487335,20.21949654817581,11.531844913959503,3.237544029951096,1.4015315994620323,3.651294142007828,5.384115383028984,99.46918614589333
2021-09-20,Malerkotla,10.340066586221967,10.99148975099836,3.964438625744411,0.8306662504162107,0.5976146683096886,2.231115924460547,3.2778173685073853,35.00788343905172
2021-09-20,Moonak,11.18675708770752,21.691075642903645,11.763416131337484,3.314924736817678,2.1845179299513497,3.7954630057017007,5.388397892316182,110.0995592029065
2021-09-20,Sangrur,10.273147991725375,14.841413157326835,7.321843147277832,1.7931244926793235,0.9602953791618348,2.204209642750876,4.609106855733054,41.55043292572571
2021-09-20,Sunam,10.872006143842423,16.828475986208236,9.166915450777326,2.5734257059437886,1.1330850017922265,2.8145042061805725,5.003896287509373,66.31624190868239
2021-09-21,Dhuri,10.587265881625088,12.264153783971611,2.5404569235715,0.6954490515318784,0.8557728122581135,3.2928764061494307,13.084392200816762,28.69774638527383
2021-09-21,Lehra,13.450053215026855,20.447042286396027,2.9607659727334976,0.671138096600771,1.324426606297493,5.20513941347599,12.984962284564972,85.90519715704299
2021-09-21,Malerkotla,8.831856063434056,8.800437331199646,2.205161316054208,0.4779983311891556,0.6166592868311065,2.7042809299060275,11.662027733666555,24.43746675187555
2021-09-21,Moonak,14.34883443514506,20.61179780960083,2.353688985109329,0.6572862217823664,1.0316090484460194,5.49160095055898,12.46356201171875,97.08273247029832
2021-09-21,Sangrur,11.222402368273054,14.344763585499354,2.603826139654432,0.5680156084043639,1.0720880499907903,4.234708445412772,12.290142468043737,32.01851742453336
2021-09-21,Sunam,12.155276809419904,16.903403997421265,2.635855887617384,0.5482101823602404,1.262883961200714,4.784499968801226,12.017253977911812,54.26340754338672
2021-09-22,Dhuri,7.931763583963567,2.238350570201874,1.4543939991430803,1.7292749773372302,4.954499353062023,6.617704261432994,2.02326299385591,20.360494131656694
2021-09-22,Lehra,19.621043860912323,4.680474177002907,1.762191504240036,3.6613650619983673,7.385076075792313,7.569830983877182,4.074343323707581,59.75423874011403
2021-09-22,Malerkotla,5.726747444697788,1.887079438992909,1.6389427866254531,1.5324424760682245,4.221849058355604,6.221626486097064,1.4729263612202237,18.4491550119821
2021-09-22,Moonak,18.74128564198812,4.623120029767354,2.1467649241288504,3.2226193944613137,6.481037060419719,6.925472855567932,2.949267705281576,65.51859789284578
2021-09-22,Sangrur,10.157305666378566,2.558958330324718,1.2349197545221873,1.9566430279186795,5.071862416607993,6.093293070793152,2.499975855861391,23.90398469180086
2021-09-22,Sunam,16.058535507747106,4.057746733937945,1.6828607576234,3.0818651063101634,6.714403407914298,7.364071999277387,3.934858134814671,40.094914795185716
2021-09-23,Dhuri,0.2664154872975566,0.485668042843992,0.9107719686898318,1.441011613065546,0.887559795921499,1.1197247044606642,1.6009684584357522,4.529039051880103
2021-09-23,Lehra,1.085550531744957,0.2853135233744979,2.507978215813637,2.341886028647423,1.4087397530674934,1.4988669753074646,2.0632134526968,6.627157052778251
2021-09-23,Malerkotla,0.0830799608624407,0.5759658696396011,0.7722219718354089,1.637897525514875,0.975139741386686,1.0648960173130035,1.5821062070982796,3.890999052385866
2021-09-23,Moonak,1.009158506989479,0.3654184850553671,2.236571311950684,2.1288482447465262,1.5545571744441986,1.3253283202648165,1.546771248181661,7.36683878079137
2021-09-23,Sangrur,0.3880536361996616,0.5957615615001747,1.4227871554238456,1.3451476522854395,0.8472576162644795,1.3730443843773432,1.8372043243476324,4.897833893463525
2021-09-23,Sunam,0.5885346074189458,0.3858096237693514,1.7126047568661826,1.4919778193746294,0.9380958718912942,1.3940727157252175,1.7195895569665092,4.877949603764093
2021-09-24,Dhuri,0.5825296870686791,1.0038534294475208,1.3138292946598746,3.026115634224632,2.008560679175637,2.8112427321347324,1.3788878998973153,5.540645754224363
2021-09-24,Lehra,0.7919819392263889,1.6397919803857803,1.3560468330979347,3.175394222140312,2.929398462176323,2.330991394817829,1.881930001080036,6.474282992184722
2021-09-24,Malerkotla,0.416063877088683,0.7785941553967339,1.1566245619739806,2.5505636036396027,1.4886198214122228,2.2345444560050964,1.2923854142427444,4.474240243242543
2021-09-24,Moonak,0.7692491660515467,1.590607355038325,1.2201840281486511,2.658724208672841,2.357920477787653,1.632066677014033,1.9152468641599016,6.543956222725033
2021-09-24,Sangrur,0.7832893899508885,1.307118684053421,1.132907007421766,2.9524658066885814,2.288229214293616,3.115760692528316,1.856508799961635,5.82184421790213
2021-09-24,Sunam,0.7241524053471429,1.4059133806398936,1.0417912836585723,2.7274590134620667,2.3136821559497287,2.414522954395839,1.7183790441070284,5.105474645168211
2021-09-25,Dhuri,0.4536402719942006,1.836329384283586,0.6107943586327813,0.1425816545432264,0.5879418497735803,1.093296086246317,1.85723568092693,15.392077632181294
2021-09-25,Lehra,1.0665713287889955,2.748496100306511,2.203823246061802,0.1276349150575697,0.7079965993762016,1.6397849768400192,2.087226338684559,14.747704244531707
2021-09-25,Malerkotla,0.240150942334107,1.7014332711696625,0.5243630068642753,0.0995898974859821,0.5768046900629997,0.9356310282434736,1.7102269104548864,12.011723013787108
2021-09-25,Moonak,0.9978536864121756,2.4465531508127847,2.493484616279602,0.1197037107000748,0.7459555864334106,1.843080759048462,1.8493789335091908,10.41422924703371
2021-09-25,Sangrur,0.6557993463107518,1.83541111435209,0.980260940534728,0.1038929850661328,0.5275825751679284,1.13377231998103,1.913612974541528,15.095148413821896
2021-09-25,Sunam,0.7805518912417548,1.8524406594889504,1.306236288377217,0.0738636415584811,0.5186142740505082,1.194176658987999,1.7627186519759042,14.043270377616214
2021-09-26,Dhuri,0.6062385141849518,0.9582390866496346,1.395113218914379,0.6329487724737688,0.5175790150057186,1.9159628477963533,2.940245509147644,16.689132975606867
2021-09-26,Lehra,0.7355255745351315,1.256655015051365,0.882982425391674,0.7948053404688835,0.1230568592436611,2.245755910873413,1.998940162360668,15.246585512242104
2021-09-26,Malerkotla,0.2056984161692006,0.6975933504956109,1.1809418095009667,0.5417987448828561,0.5363787082689149,1.8554099713053025,2.8215509738240923,13.596963287099996
2021-09-26,Moonak,0.3767395267883937,0.8870163311560949,0.8107688178618749,0.6911293317874273,0.1802390565474828,1.6666374504566193,1.4282618562380474,10.655527322500497
2021-09-26,Sangrur,0.7796544038823673,1.1468632136072432,1.2002900455679213,0.6362923926540783,0.3442368060350418,1.9719924245561875,2.451327553817204,15.67513821825736
2021-09-26,Sunam,0.6875988670757839,1.1201999996389662,0.8730662550245013,0.5819910658257348,0.1834252130772386,1.832803909267698,1.8883250398295264,14.880788890347713
2021-09-27,Dhuri,0.1938769366930831,0.8310263536193154,0.0765454111282121,1.5969486344944348,5.289653387936679,6.681335665962913,5.790382406928322,17.471434911666158
2021-09-27,Lehra,0.3761239480227232,0.7569587752223015,0.2701876210048795,2.02969592064619,5.68716424703598,8.238243281841278,8.171757817268372,16.674742692613712
2021-09-27,Malerkotla,0.1122004997783473,0.9053534013884408,0.1439204120210238,1.436029498066221,5.19787529536656,5.561156800815037,5.6700321435928345,14.731026692837034
2021-09-27,Moonak,0.3233202397823334,0.647580457230409,0.2992088943719864,1.4810228447119396,4.077508747577667,4.990891416867574,6.560013095537822,12.675331266639999
2021-09-27,Sangrur,0.2462924207959856,0.5889138206839561,0.0836633662693202,1.4908336358410972,4.475137267793928,6.087274057524545,5.008822628429958,16.413971907526925
2021-09-27,Sunam,0.2966266348958015,0.7161038454089846,0.1327884319637503,1.648947605064937,4.952421205384391,7.286248752049038,6.259707876614162,15.104183261858468
2021-09-28,Dhuri,0.746781666170467,1.1550003317269413,0.7986253499984741,4.024196787313982,7.401741504669189,9.780101277611472,3.639873179522428,18.41736821768987
2021-09-28,Lehra,0.4970551952719688,1.034123681485653,0.8423346653580666,3.7559651285409927,5.731129676103592,7.93805781006813,2.358274430036545,18.127833439186794
2021-09-28,Malerkotla,0.7649275894675936,0.8771488219499588,0.6728333138993808,3.8986794778278897,6.910851546696255,9.704734189169749,3.935219321932112,15.368460744173666
2021-09-28,Moonak,0.4588635340332985,0.9305207928021748,0.746993770202001,3.48225736618042,4.910345077514648,7.356049140294393,2.2283115486303964,13.8375346554306
2021-09-28,Sangrur,0.5515152460762432,1.016417607665062,0.6935829222202301,3.5906354870115007,5.443220445087978,7.66846455846514,2.81651018347059,18.091767326076827
2021-09-28,Sunam,0.4637282235281808,0.872665788446154,0.6479153037071228,3.405704242842538,4.750525414943695,6.677313021251133,2.21458842924663,16.3050582070991
2021-09-29,Dhuri,0.2273728542707183,1.0884387899528851,7.362169829281894,6.703395236622203,7.741260875355113,3.3829815604469995,0.1819550049575892,20.035361111852932
2021-09-29,Lehra,0.7312450315803289,1.4525549560785294,6.121803820133209,5.332799330353737,6.039696753025055,3.7546043545007706,0.1688047489151358,20.649376012530983
2021-09-29,Malerkotla,0.0885150817755077,1.1200908081872123,8.334995184625898,6.6064223902566095,8.307266405650548,2.9657673920903886,0.1742412067417587,16.573707989660935
2021-09-29,Moonak,0.723648597796758,1.5062872270743053,5.6948481798172,4.55920135974884,5.150653878847758,3.0649733742078147,0.1501814077297846,16.02203328518729
2021-09-29,Sangrur,0.2906421470854963,0.955739860023771,5.931204438209534,5.488362627370017,5.843943187168667,3.354852088860103,0.1556645639772926,19.9473410669641
2021-09-29,Sunam,0.4900697027998311,1.126855092389243,5.210739595549447,4.753107377461025,5.173246383666992,3.236728302070073,0.143296783257808,18.44755848432912
2021-09-30,Dhuri,0.3872406943277879,5.017899686639959,3.319265604019165,3.9184578115289854,0.990935284983028,0.0891308955509554,0.4800998297604648,17.579290400347205
2021-09-30,Lehra,0.2771334443241358,6.279535084962845,4.29156120121479,3.5407005101442337,1.4413922354578972,0.0869400422088801,0.3946210481226444,18.764515502668022
2021-09-30,Malerkotla,0.6275818305356162,5.86847596509116,3.974893723215376,3.700902223587036,1.1708483461822785,0.04989336836817,0.5939010732940265,14.228930047992616
2021-09-30,Moonak,0.1842566368480523,5.002010862032573,3.81795734167099,2.8980247378349304,1.313528190056483,0.0247536529786884,0.2967345466216405,14.4067727734704
2021-09-30,Sangrur,0.3014715601290975,4.871026907648359,3.1214932203292847,3.267918646335602,0.8757530152797699,0.0983923378267458,0.4823200883609908,17.582844715512618
2021-09-30,Sunam,0.2408119631665093,4.999806012426104,3.333839995520456,3.0197668245860507,0.9550814181566238,0.1070145935352359,0.4052010785256113,16.617203795361117
2022-06-01,Dhuri,0.0,0.0,0.0,0.0,0.0,0.0,0.0,0.0
2022-06-01,Lehra,0.0,0.0,0.0,0.0,0.0,0.0,0.0,0.0
2022-06-01,Malerkotla,0.0,0.0,0.0,0.0,0.0,0.0,0.0,0.0
2022-06-01,Moonak,0.0,0.0,0.0,0.0,0.0,0.0,0.0,0.0
2022-06-01,Sangrur,0.0,0.0,0.0,0.0,0.0,0.0,0.0,0.0
2022-06-01,Sunam,0.0,0.0,0.0,0.0,0.0,0.0,0.0,0.0
2022-06-02,Dhuri,0.0,0.0,0.0,0.0,0.0,0.0,0.0,0.0
2022-06-02,Lehra,0.0,0.0,0.0,0.0,0.0,0.0,0.0,0.0
2022-06-02,Malerkotla,0.0,0.0,0.0,0.0,0.0,0.0,0.0,0.0
2022-06-02,Moonak,0.0,0.0,0.0,0.0,0.0,0.0,0.0,0.0
2022-06-02,Sangrur,0.0,0.0,0.0,0.0,0.0,0.0,0.0,0.0
2022-06-02,Sunam,0.0,0.0,0.0,0.0,0.0,0.0,0.0,0.0
2022-06-03,Dhuri,0.0,0.0,0.0,0.0,0.0,0.0,0.024009150664576,0.0
2022-06-03,Lehra,0.0,0.0,0.0,0.0,0.0,0.0,0.0014426272155105,0.0
2022-06-03,Malerkotla,0.0,0.0,0.0,0.0,0.0,9.999953077307769e-05,0.0198668422131699,6.749752155017285e-05
2022-06-03,Moonak,0.0,0.0,0.0,0.0,0.0,0.0,0.0004177664595772,0.0
2022-06-03,Sangrur,0.0,0.0,0.0,0.0,0.0,0.0,0.0253144835296552,0.0
2022-06-03,Sunam,0.0,0.0,0.0,0.0,0.0,0.0,0.0172158094937913,0.0
2022-06-04,Dhuri,0.0,0.0,0.0,0.0,0.0,0.0085080268803391,0.0145592222529971,0.0073373102051801
2022-06-04,Lehra,0.0,0.0,0.0,0.0,0.0,0.0001673630595178,0.0001707235587673,0.0
2022-06-04,Malerkotla,0.0,0.0,0.0,0.0,0.0,0.009987621257356,0.0209631318243087,0.03222900053841017
2022-06-04,Moonak,0.0,0.0,0.0,0.0,0.0,0.0,0.0,0.0
2022-06-04,Sangrur,0.0,0.0,0.0,0.0,0.0,0.0071315859926731,0.0092531554972603,0.0149652011180278
2022-06-04,Sunam,0.0,0.0,0.0,0.0,0.0,0.0056745674467362,0.0049224568408265,0.0381313034373996
2022-06-05,Dhuri,0.0,0.0,0.0,0.0,0.0,0.0,0.0406190548938783,0.0161535814657735
2022-06-05,Lehra,0.0,0.0,0.0,0.0,0.0,0.0,0.0060345102192513,0.0
2022-06-05,Malerkotla,0.0,0.0,0.0,0.0,0.0,0.0,0.0483677385907088,0.054949245804787675
2022-06-05,Moonak,0.0,0.0,0.0,0.0,0.0,0.0,0.0008446243991784,0.0
2022-06-05,Sangrur,0.0,0.0,0.0,0.0,0.0,0.0,0.0328011415300092,0.0455895414913594
2022-06-05,Sunam,0.0,0.0,0.0,0.0,0.0,0.0,0.018791734349049,0.0630699728529094
2022-06-06,Dhuri,0.0,0.0,0.0,0.0603988392447883,0.0911502297967672,0.0442832272330468,0.0593016108667308,0.0189691357577963
2022-06-06,Lehra,0.0,0.0,0.0,0.0155839408980682,0.0279868177894968,0.0086626497359247,0.0108953321396256,0.0
2022-06-06,Malerkotla,0.0,0.0,0.0,0.0591929077303835,0.0947717457477535,0.0565922365390828,0.0728266426761235,0.062373664166356875
2022-06-06,Moonak,0.0,0.0,0.0,0.010815459381168,0.014396354885927,0.0005396072495689,0.0089621724619064,0.0
2022-06-06,Sangrur,0.0,0.0,0.0,0.0565271019669515,0.0896333263122609,0.0319392559052045,0.0458807685146374,0.0554264571873417
2022-06-06,Sunam,0.0,0.0,0.0,0.041749025961118,0.0837110100047928,0.0239257292955049,0.0374339749770505,0.0827326420725522
2022-06-07,Dhuri,0.0,0.0,0.0828223015097054,0.0481049926443533,0.0297104415737769,0.1025731539861722,0.0670946371656927,0.020985262959126498
2022-06-07,Lehra,0.0,0.0,0.0611155359074473,0.0236655332846567,0.0,0.0497695833910256,0.0241682389751076,0.0
2022-06-07,Malerkotla,0.0,2.90206064944089e-06,0.0684110806656203,0.0618474946490355,0.05409122657563,0.1170992525294423,0.0853492718722139,0.06405983627271418
2022-06-07,Moonak,0.0,7.552728978528951e-06,0.0297086294740438,0.0191741321080674,0.0,0.0498817342643936,0.0191741321080674,0.0
2022-06-07,Sangrur,0.0,0.0001731652446324,0.0796587403331484,0.0407604743460459,0.0176969111697482,0.0786801194772124,0.0535029478903327,0.0761222586022884
2022-06-07,Sunam,0.0,2.0729928759724965e-05,0.0981915925762483,0.0367519975905971,0.002972770303521,0.0737815947671021,0.0389903450517782,0.1254006277844846
2022-06-08,Dhuri,0.0,0.0642147208140655,0.0,0.0710507966578006,0.1146050728857517,0.2079299688339233,0.551537807692181,0.030379204314396696
2022-06-08,Lehra,0.0,0.0036259967382648,0.0198993314406834,0.0249817072181031,0.0544704891508445,0.1135180194396525,0.1884977095760405,0.0
2022-06-08,Malerkotla,0.0,0.0429164230424378,0.002533798101857,0.0855475904952202,0.1247140730598143,0.207151326750006,0.6133935611162867,0.09387035805650917
2022-06-08,Moonak,0.0,0.0024609838437754,0.0168733575846999,0.0193343416322022,0.0630549193980793,0.0781520403300722,0.1675794714440902,0.0
2022-06-08,Sangrur,0.0,0.0735459199640899,0.0062424125374361,0.0485913193385515,0.1438247220856802,0.2205038922173636,0.5642779426915305,0.0778337614781618
2022-06-08,Sunam,0.0,0.0279777662695518,0.0159244944266642,0.0376274004312498,0.1029415449925831,0.1698939334601164,0.3514767533966473,0.1266285219209789
2022-06-09,Dhuri,0.0,0.0,0.0,0.0,0.0851922209628603,0.3533380702137947,0.2806150980971076,0.030379204314396696
2022-06-09,Lehra,0.0,0.0,0.0,0.0,0.027455595874926,0.1714835907332599,0.1425757012329995,0.0
2022-06-09,Malerkotla,0.0,0.0,0.0045484370951141,0.0,0.0936696132911103,0.3405056313744613,0.2869224111948694,0.09387035805650917
2022-06-09,Moonak,0.0,0.0,0.0,0.0,0.0214986739059289,0.1262669842690229,0.1021276209503412,0.0
2022-06-09,Sangrur,0.0,0.0,0.0,0.0,0.068109323403665,0.3213176333478519,0.2748167786215033,0.0778337614781618
2022-06-09,Sunam,0.0,0.0,0.0,0.0,0.0563431515225342,0.2819521762430668,0.2184134551456996,0.1266285219209789
2022-06-10,Dhuri,0.0,0.0,0.0,0.1891278709200295,0.1978623216802423,1.1412974487651475,1.4458821307529102,0.030379204314396696
2022-06-10,Lehra,0.0,0.0,0.0,0.071799537166953,0.1109899883158505,0.6209523789584637,1.189039871096611,0.0
2022-06-10,Malerkotla,0.0,0.0,0.0094304184562393,0.2499085973416056,0.2980714296655996,1.5107169619628362,1.7072720953396388,0.09380286053495901
2022-06-10,Moonak,0.0,0.0,0.0,0.0683461890245477,0.1326071315755446,0.5245883415142695,1.0181144972642262,0.0
2022-06-10,Sangrur,0.0,0.0,0.0,0.1540730345462049,0.154964824074081,0.9839292807238442,1.3036298091922487,0.0778337614781618
2022-06-10,Sunam,0.0,0.0,0.0,0.1050982422062328,0.1113837850945336,0.811718042407717,1.3469573301928384,0.1266285219209789
2022-06-11,Dhuri,0.0,0.0,0.0146899461132389,0.0461199872873046,0.932648553089662,1.0027545446699315,1.252859820019115,0.0230418941092166
2022-06-11,Lehra,0.0,0.0,0.0,0.015321772545576,0.3577850335277617,0.4387788083404302,0.4742565546184778,0.0
2022-06-11,Malerkotla,0.0,0.0,0.0241001126622515,0.0555785167297082,0.8472545721701213,0.844168313911983,1.1359535200255255,0.061641357518099
2022-06-11,Moonak,0.0,0.0,0.0,0.003820750687737,0.2212512698024511,0.2616453239073356,0.3224374304215113,0.0
2022-06-11,Sangrur,0.0,0.0,0.0022038932823176,0.0458415816538035,0.8242747145039695,0.9176786563226156,1.0914713399750846,0.06286856036013401
2022-06-11,Sunam,0.0,0.0,4.025799820997885e-05,0.0296493117431444,0.6594634588275637,0.7919715579066958,0.8835711883647102,0.0884972184835793
2022-06-12,Dhuri,0.0,0.0759362273595549,0.2795936180786653,0.8737596544352445,4.1957949941808526,2.3662264455448496,4.232735623012889,0.0142256228486232
2022-06-12,Lehra,0.0,0.135587677359581,0.2268289774656295,0.7449277974665165,2.4306765645742416,1.877402201294899,3.24358044564724,0.0
2022-06-12,Malerkotla,0.0,0.0733180910881076,0.3221606558987072,1.0571996080023902,4.415539579732077,2.324832022190094,3.8081006748335695,0.0389211122517215
2022-06-12,Moonak,0.0,0.1120949704200029,0.207297266771396,0.6830797890822092,1.8043529093265531,1.3892107009887695,2.3410675128300986,0.0
2022-06-12,Sangrur,0.0,0.0918815253036362,0.3125738565410886,0.9170049833399908,3.9780565329960416,2.293766289949417,4.455623967306955,0.032244219986802394
2022-06-12,Sunam,0.0,0.1311886278646332,0.2689842932990619,0.8530727263007846,3.190132362501962,2.15002305167062,3.876173240797861,0.0635585490680695
2022-06-13,Dhuri,0.0027659115042876,0.1622384292158213,0.9015572314912622,1.3992676734924316,1.114368736743927,1.1733857935125178,0.8288782672448591,0.0114100685566004
2022-06-13,Lehra,0.0,0.0911040245555341,0.4825145453214645,0.7857253924012184,0.6415365673601627,0.8581616654992104,0.4481450505554676,0.0
2022-06-13,Malerkotla,0.0124694985903001,0.1628912264215094,0.8107924652951104,1.203207533274378,0.998575412801334,0.8678655698895454,0.672121242753097,0.0314966938901523
2022-06-13,Moonak,0.0,0.0695689531664053,0.3520531530181567,0.5344366182883581,0.4432361200451851,0.6256232187151909,0.2789424955844879,0.0
2022-06-13,Sangrur,0.0003795323594074,0.1374727929277079,0.8360419741698674,1.2534383833408356,0.9945449818457875,1.1365629583597183,0.7037348832402911,0.0224073042908201
2022-06-13,Sunam,0.0,0.1237386039325169,0.7133925770010267,1.1026876143046789,0.9012705598558698,1.08298721909523,0.6021898718816894,0.0438958798484267
2022-06-14,Dhuri,0.3489507802508094,3.6985808936032383,3.170848261226307,3.474425489252264,4.542785243554548,1.7284049554304644,1.0203377252275294,0.0093939413552702
2022-06-14,Lehra,0.2774855950847268,2.522104814648628,2.5157537683844566,2.347756013274193,3.772562354803085,1.7680477425456047,0.8827618844807148,0.0
2022-06-14,Malerkotla,0.3213948501007898,3.714487757001604,2.724078050681523,3.194743394851685,4.192870080471039,1.6259317440646035,0.9980902544089726,0.029810521783795
2022-06-14,Moonak,0.2096466359992822,2.1356128454208374,2.094385117292404,1.7720148265361786,3.13916552066803,1.5558489362398784,0.7708481748898824,0.0
2022-06-14,Sangrur,0.4112605867641313,3.7206750171525136,3.3994890536580766,3.480724300657,4.582384296825954,1.9057243296078272,1.056913094861167,0.0017115028758734
2022-06-14,Sunam,0.3140152235116277,3.075642304761069,3.0809498003550937,2.815480657986232,4.099069535732269,1.8122112921306064,0.9730394291026252,0.0012278941364943
2022-06-15,Dhuri,3.574443383650346,11.573813221671363,7.979696533896706,5.555669611150568,2.594230445948514,1.6974805268374356,0.8080680614167993,0.0
2022-06-15,Lehra,2.164861485362053,7.297245919704437,5.677855730056763,4.238680586218834,2.380912162363529,1.3265818059444427,0.5010058097541332,0.0
2022-06-15,Malerkotla,3.9844508171081534,11.79193821975163,7.668041859354291,5.315500276429312,2.4526245636599406,1.4967811490808214,0.7711901366710663,0.0
2022-06-15,Moonak,1.8126928110917409,5.790040651957194,4.342625280221303,3.7057040333747855,2.1412545442581177,0.9632621258497238,0.3889585683743159,0.0
2022-06-15,Sangrur,3.364097671849387,10.278293541499549,7.201936330114092,5.45442225251879,2.5145892671176364,1.7639004673276628,0.6885160750576428,0.0
2022-06-15,Sunam,2.727015171732221,9.122311643191749,6.53244732107435,4.945900848933628,2.438797597374235,1.588781054530825,0.5921055546828679,0.0
2022-06-16,Dhuri,11.64485701647672,9.033593026074495,3.872045473618941,4.023162299936468,2.783541961149736,0.6532220257954164,0.3480235148559917,0.0
2022-06-16,Lehra,8.973764777183533,7.858007580041885,4.689555913209915,7.096788018941879,3.325679197907448,0.82826017588377,0.1328174986410886,0.0
2022-06-16,Malerkotla,12.533700261797224,9.158585565430778,3.812925858157022,4.102128326892853,2.4031138590403964,0.558927983045578,0.3252093456685543,0.0
2022-06-16,Moonak,6.810786922772725,6.0744335651397705,3.6469886898994446,6.396154920260112,2.582353889942169,0.7008002648750941,0.0339504033327102,0.0
2022-06-16,Sangrur,10.209907940455846,7.974086625235421,3.671564817428589,4.136960906641824,2.720546160425459,0.6356875577143261,0.3363255927605288,0.0
2022-06-16,Sunam,9.856739691325595,8.04839757510594,4.235725070749011,5.62299919128418,3.1144406965800693,0.6872070452996663,0.2495178362088544,0.0
2022-06-17,Dhuri,10.79432418129661,7.226847410202026,5.765774791890925,2.922396193851124,0.3453542495315725,0.0,0.0,0.0
2022-06-17,Lehra,9.702256560325624,8.363756865262985,7.388110548257828,2.370308056473732,0.4302751310169697,0.0,0.0,0.0
2022-06-17,Malerkotla,10.064763477870397,6.798672335488456,4.856734360967364,3.044992216995784,0.2721248870449407,0.0,0.0,0.0
2022-06-17,Moonak,8.381642063458761,7.239362120628357,5.808915177981059,1.8137884438037872,0.4005329186717669,0.0,0.0,0.0
2022-06-17,Sangrur,10.831754888807025,7.580828751836504,6.755147593361991,2.5016380080154965,0.368084148636886,0.0,0.0,0.0
2022-06-17,Sunam,10.088489430291313,7.969157712800162,7.347328407423837,2.3546129635402133,0.4137149719255311,0.0,0.0,0.0
2022-06-18,Dhuri,13.167726343328304,8.109857082366943,7.185852939432317,0.9765431582927704,0.0,0.0,0.0,0.0
2022-06-18,Lehra,19.396241903305054,7.545063704252243,6.079882383346558,0.4612161051481962,0.0,0.0,0.0,0.0
2022-06-18,Malerkotla,11.4514000415802,7.641342776162284,6.11865634577615,1.0137179281030382,0.0,0.0,0.0,0.0
2022-06-18,Moonak,17.442477544148762,7.41212526957194,4.801650782426198,0.4001546278595924,0.0,0.0,0.0,0.0
2022-06-18,Sangrur,14.070026874542236,7.883525712149484,6.475919144494193,0.8610628119536808,0.0,0.0,0.0,0.0
2022-06-18,Sunam,18.12430020741054,8.037819828305926,6.396868075643267,0.6729222919259753,0.0,0.0,0.0,0.0
2022-06-19,Dhuri,4.12769458510659,4.240511623295871,0.5068502669984644,0.0,0.0,0.0,0.0,0.0
2022-06-19,Lehra,5.360643595457077,3.800386816263199,0.3238031696528196,0.0,0.0,0.0,0.0,0.0
2022-06-19,Malerkotla,3.72274797303336,3.544939764908382,0.468329664851938,0.0,0.0,0.0,0.0,0.0008435604424448683
2022-06-19,Moonak,5.0314464171727495,3.131621758143107,0.2682763487100601,0.0,0.0,0.0,0.0,0.0
2022-06-19,Sangrur,4.744186478001731,4.129397485937391,0.4534723875778062,0.0,0.0,0.0,0.0,7.041278818610842e-05
2022-06-19,Sunam,5.26067328453064,4.110026657581329,0.3879530461771147,0.0,0.0,0.0,0.0,0.0
2022-06-20,Dhuri,4.383404753424904,0.6038914255120538,0.0,0.0,0.0,0.0,0.2211632925001057,0.4215363126595075
2022-06-20,Lehra,2.852300763130188,0.3715433329343796,0.0,0.0,0.0,0.0,0.1977029358968138,0.1338924956684339
2022-06-20,Malerkotla,4.644626702581133,0.5565412576709475,0.0,0.0,0.0,0.0,0.3443664195282118,0.8071351789466074
2022-06-20,Moonak,1.967814922332764,0.2900553159415722,0.0,0.0,0.0,0.0,0.211094431579113,0.0926352960747406
2022-06-20,Sangrur,3.672577909060887,0.5393481222646577,0.0,0.0,0.0,0.0,0.2575548312493733,0.5427137094711152
2022-06-20,Sunam,3.0608500071934293,0.4324747776346547,0.0,0.0,0.0,0.0,0.2018662153610161,0.2598035018156135
2022-06-21,Dhuri,0.2584079639478163,0.0,0.0,0.0,0.0,0.0,0.0674715551801703,0.708029317271337
2022-06-21,Lehra,0.2547990372404456,0.0,0.0,0.0,0.0,0.0,0.0260912427620496,0.14361921834889238
2022-06-21,Malerkotla,0.1824071428605488,0.0,0.0,0.0,0.0,0.0,0.0772669674562556,1.5282250808991238
2022-06-21,Moonak,0.2614769252638022,0.0,0.0,0.0,0.0,0.0,0.0765781703715523,0.09790947865629619
2022-06-21,Sangrur,0.2648477128573826,0.0,0.0,0.0,0.0,0.0,0.0492370876350573,0.732404700720986
2022-06-21,Sunam,0.2519147390765803,0.0,0.0,0.0,0.0,0.0,0.0282734776015526,0.31226520828928833
2022-06-22,Dhuri,0.0,0.0,0.0,0.0,0.0,0.0209076135334643,3.131356260993264,1.0146161929142674
2022-06-22,Lehra,0.0,0.0,0.0,0.0,0.0499800975085236,0.0068842942273477,1.7803594321012497,0.3549118283415614
2022-06-22,Malerkotla,0.0,0.0,0.0,0.0,9.458488784730434e-05,0.0434237465129366,3.535422167607716,1.872912031784238
2022-06-22,Moonak,0.0,0.0,0.0,0.0,0.078825111190478,0.04876390301312,1.4410307109355929,0.3818039266698687
2022-06-22,Sangrur,0.0,0.0,0.0,0.0,0.0097066988403509,0.0482534331801746,2.11704911504473,1.087105821160814
2022-06-22,Sunam,0.0,0.0,0.0,0.0,0.0338140807912818,0.0119766487873026,1.7027384553636824,0.5658548311487827
2022-06-23,Dhuri,0.0,0.0,0.0,0.0,0.0,0.1562551388686353,1.8526248010722075,43.22123220689308
2022-06-23,Lehra,0.0,0.0,0.0,0.0,0.0,0.1222615002188831,1.6798955723643303,30.09341725763839
2022-06-23,Malerkotla,0.0,0.0,0.0,0.0,0.0008378336538693,0.1520822048187255,2.1808420419692998,47.69677641428965
2022-06-23,Moonak,0.0,0.0,0.0,0.000359569559805,0.0009988043457269,0.182678842296203,1.901269922653834,18.941912564979802
2022-06-23,Sangrur,0.0,0.0,0.0,0.0001105667158429,0.0037015587024922,0.2059119647102696,2.247622694287981,38.5263284465399
2022-06-23,Sunam,0.0,0.0,0.0,0.000431081779035,0.0005388522653707,0.1644725144973823,2.082419225147792,35.50398288656571
2022-06-24,Dhuri,0.0,0.0,0.0,0.0,0.1588731960139491,1.6710595271804116,5.227798093448985,51.39824620834133
2022-06-24,Lehra,0.0,0.0,0.0,0.0,0.1332756709307432,1.2552126497030258,3.4332717955112457,33.70766202563867
2022-06-24,Malerkotla,0.0,0.0,0.0,0.0,0.1620704984026295,1.9095493001597268,5.225933381489345,54.658396587005974
2022-06-24,Moonak,0.0,0.0,0.0,0.0,0.149894293397665,1.0892733732859294,2.4888949195543923,20.019373430629752
2022-06-24,Sangrur,0.0,0.0,0.0,0.0,0.2307682130485773,1.798765208039965,5.183223639215742,43.08188684035624
2022-06-24,Sunam,0.0,0.0,0.0,0.0,0.180588972089546,1.5323861752237593,4.360001504421234,39.263813814793046
2022-06-25,Dhuri,0.0,0.0,0.0,0.0,1.8108861663124776,4.118975530971181,2.8704128482125024,52.4001572971656
2022-06-25,Lehra,0.0400801970972679,0.0,0.0,0.0,1.4287248477339745,3.800952702760696,2.77286534011364,34.499114681980366
2022-06-25,Malerkotla,0.0,0.0,0.0,0.0,2.0540984911578044,4.098823394094195,3.1378959076745168,55.57744772683432
2022-06-25,Moonak,0.0704581706474224,0.0,0.0,0.0,1.404458512862523,3.623802383740743,3.1172672311464944,20.58750471186405
2022-06-25,Sangrur,0.0043404512606295,0.0,0.0,0.0,1.75031715631485,4.098676340920584,2.976501796926771,44.05865932531766
2022-06-25,Sunam,0.0255672364229602,0.0,0.0,0.0,1.5352192521095276,3.894710285323007,2.834473899432591,40.45102323535546
2022-06-26,Dhuri,0.0,0.0188681190325455,0.405679970302365,3.284215634519404,4.14647085016424,4.790811051021922,5.006583972410723,53.69670059388337
2022-06-26,Lehra,0.0791923566721379,0.0160556427435949,0.7427999153733253,3.03576834499836,3.198237240314484,2.594371259212494,5.57765531539917,35.48467366260847
2022-06-26,Malerkotla,0.0010199090798518,0.0402678553281085,0.3705022196684565,3.710517500128065,4.42804047039577,5.417281082698277,5.347777451787676,57.27050532721248
2022-06-26,Moonak,0.0753003923843304,0.0518236562299231,1.1455552975336711,3.688966453075409,3.425471027692159,2.718589723110199,7.246814568837483,21.11815965452796
2022-06-26,Sangrur,0.026231945226235,0.0435039065778255,0.6032290416104453,3.601732628686088,3.989219725131989,4.93337219953537,6.075268830571856,45.222964967194706
2022-06-26,Sunam,0.0682235964840012,0.0382968579152865,0.7300999558397702,3.467101906027113,3.5453538298606877,3.8558772036007474,6.146283260413578,41.45893768317314
2022-06-27,Dhuri,0.0,0.5610914135521109,3.1411738720807163,4.6677704290910205,4.283957221291282,5.8216116645119405,4.553964029658925,60.002363596276176
2022-06-27,Lehra,0.0,0.539197402074933,3.4830386340618134,3.4546550512313843,2.280874088406563,3.816694870591164,3.0320455133914948,36.9928059272209
2022-06-27,Malerkotla,0.0,0.5105315553290504,3.46464307819094,5.037715409483228,5.214168471949441,6.102972865104675,5.347921967506409,65.31470991879523
2022-06-27,Moonak,0.0,0.601862813035647,3.5993618170420327,3.2603286703427634,2.276372571786245,2.940526247024536,3.0524836778640747,22.17426723456251
2022-06-27,Sangrur,0.0,0.607792854309082,3.577423231942313,4.244241561208453,3.5208867703165327,5.212880679539272,4.011832271303449,49.937361297344054
2022-06-27,Sunam,0.0,0.6084897071123123,3.6283133029937744,3.86628497498376,2.7429753116198947,4.419094826493945,3.72253463097981,44.427059577464064
2022-06-28,Dhuri,0.6205502707849849,5.374695105986162,4.606004671616987,4.243006522005254,5.237952817570079,6.745685187253085,15.328341007232666,71.65038034163119
2022-06-28,Lehra,0.894716203212738,4.5415021777153015,3.788483455777168,2.6921155899763107,2.6852960735559464,6.113536268472672,10.978682696819304,38.02279433271048
2022-06-28,Malerkotla,0.5049380191734859,5.782805732318333,4.550186123166766,4.4454231177057535,5.230227674756732,6.963675788470677,16.352306876863754,81.17336867035677
2022-06-28,Moonak,1.2089895606040957,4.954124371210734,3.404766380786896,2.7023043433825173,2.7363699475924173,6.466124176979065,11.28609307607015,22.54640143474884
2022-06-28,Sangrur,0.8392448499798775,5.717884319169181,4.264029085636139,4.220634843621935,5.186712341649192,7.199854952948434,15.18642030443464,56.03909018547355
2022-06-28,Sunam,0.9705256734575544,5.285260745457241,4.023733726569584,3.351596917424883,3.905785228524889,7.062793901988438,13.333451236997332,46.908882771941
2022-06-29,Dhuri,9.565312363884663,8.305540193210948,4.367898041551763,2.50178599357605,3.8557815226641567,4.804865685376254,17.71001399647106,80.8436145938675
2022-06-29,Lehra,8.982524454593658,8.842146962881088,2.704835206270218,1.5593166276812551,2.2731020003557205,3.26932755112648,11.54527860879898,43.39343785235007
2022-06-29,Malerkotla,8.979776007788521,7.086454970496042,4.781572427068438,2.7220556821141924,4.622851644243513,5.7798027736800055,17.248939309801376,92.13114984123301
2022-06-29,Moonak,9.18452525138855,7.6584895849227905,2.3254616459210715,1.3938226004441578,2.149209757645925,2.9705794850985208,9.623113711675009,27.196057117036627
2022-06-29,Sangrur,11.279192805290222,8.962260127067566,3.74137020111084,2.155739958797182,2.919464477470943,4.11914278779711,17.13972909109933,65.12846695832474
2022-06-29,Sunam,9.776096718651909,8.578309876578194,2.9180736116000583,1.759145975112915,2.3553219607898166,3.309516889708383,13.51755336352757,54.92647209717996
2022-06-30,Dhuri,13.830000920729203,3.02162550796162,3.8888484131206167,2.432922428304499,1.8282843123782764,11.126964699138297,7.965460430492055,42.55860216971323
2022-06-30,Lehra,6.456622779369354,2.3684937059879303,3.639712944626808,0.7390839420258999,1.1811035126447678,9.667377889156342,5.460516780614853,14.519246956393056
2022-06-30,Malerkotla,14.581564222063337,3.164835410458701,3.894490931715284,3.2924557668822154,2.4947980727468217,11.904069968632289,9.240227494921005,51.109668944660754
2022-06-30,Moonak,3.9819759130477914,2.336913764476776,3.4279280503590903,0.8274810761213303,1.339291085799535,8.465833266576132,5.220911065737407,9.289977760341236
2022-06-30,Sangrur,10.835821628570557,3.0126913615635464,4.374781250953674,1.4991069244486943,1.5558005209480013,11.075229150908331,6.953512719699314,31.35344317729504
2022-06-30,Sunam,7.953701070376804,2.59664238350732,3.996504093919482,1.038427555135318,1.249155451144491,10.568393536976403,5.986361077853611,21.777390098855275
2022-07-01,Dhuri,0.6214656951752576,2.41222590749914,2.258993766524575,3.3128938024694268,9.910535335540771,8.099524129520763,6.660169471393932,35.18707531877496
2022-07-01,Lehra,0.4417845159769058,2.066056564450264,1.2840903550386429,2.4744966626167297,9.172301828861237,5.07070204615593,4.079123228788376,11.819844063854719
2022-07-01,Malerkotla,1.0813104340008326,2.6634667175156728,2.7893830069473813,3.490262304033552,11.465692111424037,9.478143232209344,7.228879843439374,45.84594271710763
2022-07-01,Moonak,0.4491825327277183,1.6771841446558635,1.1079753637313845,2.381434440612793,9.46124529838562,5.138651331265767,3.6326881845792136,9.053453538785257
2022-07-01,Sangrur,0.5685137308069638,2.502120316028595,2.441850594111852,4.129406388316836,10.570094415119716,7.608380011149815,6.332957812717983,27.825529184337324
2022-07-01,Sunam,0.4601041355303356,2.4408999255725314,1.8277394899300168,3.4648129429136003,9.831686530794416,6.343431523868016,5.302016837256296,19.213229181940093
2022-07-02,Dhuri,3.6477858044884415,5.364902604709972,6.833835775201971,9.30323687466708,15.01322655244307,11.506110841577703,8.901148232546719,48.762865067090544
2022-07-02,Lehra,1.5938533022999763,3.404835119843483,4.910274058580399,8.36867618560791,12.859185755252838,7.796000629663467,8.029593467712402,19.670004574587487
2022-07-02,Malerkotla,4.6188000866345,5.956569637571063,6.982310908181327,9.203792878559655,14.225310019084386,11.83329939842224,8.826967579977852,59.13534400126054
2022-07-02,Moonak,1.7488990326722462,3.20147438844045,4.573773602644603,9.272734761238098,12.21751062075297,7.843669533729553,8.045840462048849,16.48901550010881
2022-07-02,Sangrur,3.108296879700252,4.985900793756757,6.469124351228986,9.900349020957949,14.375617844717842,11.522790108408246,9.008354766028267,38.85970071969447
2022-07-02,Sunam,2.255048138754709,4.07344137770789,5.837396996361869,9.2993586233684,14.00997689792088,9.963576061385018,8.776305726596288,30.203342946018854
2022-07-03,Dhuri,1.3134697675704956,4.004648512059992,24.879768111489035,11.6904785416343,6.874870343641802,11.375954454595393,6.326167258349332,54.61112124224674
2022-07-03,Lehra,1.1361714601516724,3.2306138277053837,16.546521306037903,9.140445470809937,5.200668841600418,9.11518269777298,5.353455543518066,23.752251204250328
2022-07-03,Malerkotla,1.599488309451512,4.1733100925173074,25.99519443511963,11.208670479910714,7.258101173809597,11.102518490382604,7.207204495157514,65.62064146236295
2022-07-03,Moonak,1.3183246155579884,3.6190375685691833,16.545214494069416,9.042776346206663,5.029259363810222,8.229173620541891,5.88609766960144,20.823964512920497
2022-07-03,Sangrur,1.436455053942544,4.325815541403634,25.08173452104841,10.865386281694684,6.708930288042341,12.485724006380352,6.890715156282697,44.29507012037202
2022-07-03,Sunam,1.2785064152308874,3.7556102531296864,19.949235609599523,9.480430024010795,5.873548814228603,10.712129524775914,6.056226883615766,35.375121968738334
2022-07-04,Dhuri,0.8670059659264304,8.530984358354049,11.747280250896107,13.480669064955276,12.93658598986539,11.502136663957076,6.344637177207253,49.455081854225796
2022-07-04,Lehra,0.4816074576228857,5.549546301364899,8.492528796195984,12.716749370098114,10.228095173835754,14.538513898849487,6.542278110980988,24.604141394929673
2022-07-04,Malerkotla,1.0152403627123152,9.581489545958382,12.844142641339984,11.998560803277153,14.40121613230024,11.451628719057355,6.718153749193464,58.212821859551504
2022-07-04,Moonak,0.5627314994732538,5.625488201777141,8.058736006418863,11.422518173853556,11.143655061721802,14.597763697306316,7.360891461372375,22.21898738895616
2022-07-04,Sangrur,0.956876485475472,8.041050434112549,11.18464493751526,14.949063641684395,13.95969785962786,14.090593474251884,6.877221192632403,41.022015826674135
2022-07-04,Sunam,0.645063473709992,6.572176831109183,9.48309918812343,13.518407446997506,11.415985584259031,13.9956648009164,6.351862617901394,34.396938582506884
2022-07-05,Dhuri,2.30175364559347,7.466972264376554,10.022745565934615,14.338857694105668,21.15123514695601,5.1236300685188985,4.464874571019953,42.14307190039729
2022-07-05,Lehra,1.3398525044322014,5.167972177267075,7.1081714034080505,12.05843210220337,20.221042037010196,4.916869193315506,4.442003458738327,29.478923608178963
2022-07-05,Malerkotla,2.7471645048686435,7.677357809884207,10.159951073782784,15.427866799490792,20.86590882710048,4.927981802395412,4.740287150655474,46.71771518716234
2022-07-05,Moonak,1.278861254453659,4.7786945104599,6.651318748792012,11.921139319737753,19.737913131713867,4.308177133401235,4.591978629430135,25.91601255664331
2022-07-05,Sangrur,2.0974095846925462,7.754776086126055,11.533478345189776,14.962285348347256,22.482332365853445,5.270925045013428,4.898393605436597,39.02316296636222
2022-07-05,Sunam,1.6949406266212463,6.867929628917149,10.074726019586835,13.84013227054051,21.6401812008449,5.301785945892334,5.065078173364912,36.478277946351554
2022-07-06,Dhuri,4.909272930838845,7.353469588539817,18.216140053488992,14.93793214451183,3.111642739989541,3.42399263381958,2.729453856294805,47.50727066645345
2022-07-06,Lehra,4.640081584453583,5.541884183883667,15.291859090328217,13.825156688690186,2.798195794224739,2.2272259145975117,2.4061252623796463,32.947513870420615
2022-07-06,Malerkotla,5.264562249183655,7.861666185515268,18.69454285076686,14.7111827986581,3.578089714050293,3.864163194383894,3.288562204156603,47.02943793812412
2022-07-06,Moonak,4.477265636126201,4.965388139088948,14.893823703130089,12.239524602890016,2.8289522329966226,2.392333845297496,2.573875526587168,28.564175959025235
2022-07-06,Sangrur,5.723516047000885,7.108422381537301,19.043095350265503,15.40650827544076,2.8597265481948853,3.09430296931948,2.7595363685062955,45.05991658058367
2022-07-06,Sunam,5.344082057476044,6.399385946137564,17.595608234405518,15.11040837424142,2.833929947444371,2.546574183872768,2.629702074187142,40.09791382416733
2022-07-07,Dhuri,2.290321100841869,15.902715249495072,33.61332173780961,5.807826692407781,4.180260983380404,7.584457700902766,9.057262680747291,57.752317863796996
2022-07-07,Lehra,1.4583665952086449,12.55248111486435,29.53109884262085,3.5237882882356644,2.659033298492432,5.91961407661438,5.8036321103572845,55.1385899642735
2022-07-07,Malerkotla,2.3026321828365326,16.34263151032584,33.901483808244976,5.962523375238691,4.422286467892783,7.816058107784817,9.646747520991736,52.3649737541209
2022-07-07,Moonak,1.3601354956626892,12.579739809036257,28.17107089360555,3.481263260046641,2.3138850231965384,5.870252410570781,6.2247949441274,52.85941004182398
2022-07-07,Sangrur,2.0447720757552554,17.74863818713597,35.52772699083601,5.557271812643323,3.7220133798463,7.461571710450307,8.74894196646554,60.485583850374624
2022-07-07,Sunam,1.696963174002511,14.932075262069702,32.11431646347046,4.490885274750846,3.049851741109576,6.44679149559566,7.038932068007333,57.42825722479799
2022-07-08,Dhuri,8.246385422619907,39.97694795781916,7.283427043394609,2.135829600420865,9.976955738934604,10.842761646617545,3.0511028983376245,62.39726381529603
2022-07-08,Lehra,7.058486700057983,35.58468973636627,6.126621335744858,1.1026843823492527,6.226574689149857,11.618234097957613,3.5089315325021744,64.65047384858163
2022-07-08,Malerkotla,8.999502386365618,40.70248944418771,7.538655400276184,2.7334030526024957,11.982895169939312,9.935895919799805,2.8283247521945407,56.189008538322966
2022-07-08,Moonak,6.590633432070415,29.55037387212117,5.178002158800761,0.9821082949638368,5.834766626358032,9.622000773747764,3.401085078716278,61.340344752657494
2022-07-08,Sangrur,8.478190524237496,41.78414957863944,7.034558721951076,1.849522241524288,9.533180969102045,12.103217601776125,3.2448862876210893,66.02362143162155
2022-07-08,Sunam,7.87488181250436,40.33394391196115,6.521035534994943,1.4020758867263794,7.708745394434247,12.57028569493975,3.465392700263432,66.61941760026936
2022-07-09,Dhuri,14.626545732671564,5.895236383784901,3.637595870278098,5.563350829211148,6.126374244689941,4.885825742374767,2.6603601303967563,65.09526390923197
2022-07-09,Lehra,13.743955552577972,4.650309920310974,3.186658635735512,5.73468092083931,6.485731720924377,4.084480240941048,2.1119183897972107,67.63717775955784
2022-07-09,Malerkotla,14.136956896100726,5.880463787487575,3.5762814368520464,5.511783242225647,6.191542250769479,5.189792309488569,2.8166447452136447,59.65271072498125
2022-07-09,Moonak,12.184162616729736,3.9531732400258384,2.657802959283193,5.559552431106567,5.959192951520284,3.6859577695528665,2.1838911374409995,66.971381076053
2022-07-09,Sangrur,14.545618908745904,5.474387134824481,4.078606452260699,5.790080513272967,5.8946769918714255,5.124003171920776,2.43519481590816,71.51579679029419
2022-07-09,Sunam,13.69819586617606,4.998058932168143,3.6410693866865977,5.719438110079084,5.726523433412824,4.631299768175397,2.184382166181292,68.5577934338813
2022-07-10,Dhuri,2.6889059868725864,2.881834940476851,7.322626742449674,8.392997720024802,3.078032905405218,2.153889926997098,1.9049749374389648,63.63094941752044
2022-07-10,Lehra,1.9140485376119611,1.9062533006072044,5.918746173381805,7.266929775476456,2.963844433426857,2.6296030282974243,1.1032865308225157,68.91300964848573
2022-07-10,Malerkotla,2.7027911799294606,3.590014628001622,7.824760947908674,8.546065551894051,2.87582950932639,2.120327498231615,2.212446204253605,57.79738997732334
2022-07-10,Moonak,1.7430847485860188,1.808995654185613,6.20237151781718,7.190019528071086,2.366977254549662,2.311098059018453,1.0633112341165545,69.16090247007774
2022-07-10,Sangrur,2.4298967889377048,3.0533124761922017,9.10702155317579,8.996461357389178,3.318041946206774,2.35319892849241,1.8565575395311629,70.3375566311988
2022-07-10,Sunam,2.1775860360690524,2.36721139720508,7.676093970026288,8.532747949872698,3.1493751236370637,2.510507677282606,1.4741532121385847,68.11105607720633
2022-07-11,Dhuri,1.3526417287913235,5.529945503581654,8.179034059697932,5.008096824992787,1.144319480115717,0.6282032944939353,1.8921708193692293,62.359564943480954
2022-07-11,Lehra,1.0735336877405643,3.790065318346024,7.598280727863312,4.301858201622963,0.9032015427947044,0.7867047637701035,1.574178859591484,66.93037210823931
2022-07-11,Malerkotla,1.7876344578606742,6.1856832674571445,8.563331586974007,4.773542506354196,1.0476691808019365,0.8074478954076767,1.9506243893078397,56.69841015397882
2022-07-11,Moonak,1.033250982562701,3.929730852444967,7.427956024805705,3.769303520520528,0.8137361903985342,0.8643436978260676,1.6954952677090962,67.24322406308765
2022-07-11,Sangrur,1.261479262794767,5.505108322416033,8.745647600718907,4.745969806398664,1.1107507539646966,0.6192476217235837,1.920864007302693,68.80661260066316
2022-07-11,Sunam,1.3056993782520294,4.512018195220402,8.314606206757682,4.466993629932404,0.9956425470965248,0.7182951122522354,1.663904219865799,66.34452267442113
2022-07-12,Dhuri,1.918317177078941,4.800406672737815,4.032788124951449,1.6706269654360684,0.6191892407157205,1.5689615498889575,12.342528039758855,61.58759331043727
2022-07-12,Lehra,1.6941270977258682,5.600555062294006,3.676014229655266,1.1649307496845722,0.5997526925057173,0.9726216197013856,14.675913751125336,63.7138907689258
2022-07-12,Malerkotla,2.11265242099762,4.949572605746133,3.758134041513716,1.4558080988270896,0.5295747880424772,1.5730940742152075,10.74905330794198,55.36690011087008
2022-07-12,Moonak,1.7799221972624462,5.271564245223999,3.498201370239258,1.0455919603506725,0.5420592501759529,0.8959614982207617,13.871986707051596,65.98501976453984
2022-07-12,Sangrur,1.853051577295576,5.203387311526707,4.686803664479937,1.626328549214772,0.6357100542102542,1.562705114483833,13.801534754889351,67.66387265883033
2022-07-12,Sunam,1.8401761310441156,5.536185707364764,4.214727946690151,1.293048471212387,0.5797002677406583,1.2369292697736196,14.369103397641863,64.70863907765317
2022-07-13,Dhuri,9.92017667943781,4.197668108073148,2.878218726678328,1.9584903500296853,0.9308297038078308,2.7721674767407505,9.2902692231265,70.60432704872903
2022-07-13,Lehra,6.004405289888382,3.372335866093636,2.636354997754097,1.6039438247680664,1.1149525120854378,2.480642184615135,7.571714848279953,74.20289356320127
2022-07-13,Malerkotla,10.575587272644045,4.016390902655465,2.5513912609645297,1.8127275364739557,1.0251120967524392,2.773209069456373,10.220362322671074,75.84040321550287
2022-07-13,Moonak,5.430483301480611,3.1461929082870483,2.472804208596548,1.847985158363978,1.2815441191196442,2.027398298184077,8.176138997077942,79.21708076371502
2022-07-13,Sangrur,8.900860054152352,4.013032955782754,3.440658322402409,1.7833173998764582,1.0420162273304805,3.0846969229834422,9.043353097779413,72.13830420030595
2022-07-13,Sunam,7.148126704352243,3.5943746055875505,3.1435711554118564,1.567495835678918,1.116112381219864,2.645396411418915,7.973697628293719,72.69880303520162
2022-07-14,Dhuri,5.719549309123647,5.181945172223178,4.78165620023554,0.6619798825545744,5.877078966660933,15.699598008936102,21.20023146542636,65.61019982776418
2022-07-14,Lehra,4.862874925136566,4.119914621114731,2.7226657569408417,0.6268592812120914,5.558406472206116,10.183007061481476,20.14737892150879,59.859645110719356
2022-07-14,Malerkotla,5.2268900871276855,4.631982726710183,3.904726360525404,0.5078350699373654,6.062584110668728,16.720933062689646,17.717537709644862,78.26053944569347
2022-07-14,Moonak,3.880649367968241,3.5987820823987327,1.614853103955587,0.7384921411673228,7.0866758823394775,10.084561347961426,17.67828305562337,61.87975042173464
2022-07-14,Sangrur,5.946113586425781,5.1931052548544745,4.332697544779096,0.8401949277945927,6.196516530854361,14.776825189590454,21.844322408948624,63.16386149344665
2022-07-14,Sunam,5.489599347114563,4.553578674793243,3.3513041649545943,0.7243019023111888,5.918437685285296,12.230888877596174,21.478611537388392,62.75928678657843
2022-07-15,Dhuri,3.592138247056441,1.6276722442020068,0.3124558133157817,2.699374589053068,19.481607263738457,21.316702929410067,11.069411971352316,63.80955629873285
2022-07-15,Lehra,2.670934185385704,1.6741806641221046,0.1886612381786108,2.539597451686859,18.38196450471878,18.76838183403015,11.833949148654938,53.9403375029692
2022-07-15,Malerkotla,3.229453887258257,1.48898041674069,0.402158154972962,3.2348404782158986,18.941547802516396,19.125366824013845,11.028358221054075,75.53084088537753
2022-07-15,Moonak,2.5565277536710105,1.829873651266098,0.2360807533065478,3.4341509342193604,21.01199467976888,18.97774187723796,12.971662521362305,55.8700257214633
2022-07-15,Sangrur,3.7138979264668057,1.709376918418067,0.2611920535564422,2.965991360800607,23.1958612714495,22.61879430498396,12.709625141961236,61.210604025345404
2022-07-15,Sunam,3.1357546193259105,1.6796724242823464,0.2104325230632509,2.8370522941861838,22.70771517072405,21.341872215271,12.372723136629377,56.593695565495935
2022-07-16,Dhuri,0.5942926461046393,0.0499139684675769,1.370001646605405,13.811456333507191,26.57120774009011,11.278352347287266,6.599196434020996,51.16301018644929
2022-07-16,Lehra,0.4461101833730936,0.0610379370627924,1.176309309899807,10.92029094696045,26.604822635650635,13.183760941028597,6.519676089286804,47.301744469080504
2022-07-16,Malerkotla,0.5952719875744411,0.006776117985802,1.813951596617699,15.066486052104406,25.38754061290196,9.784982306616646,6.440741283552987,61.90385181349037
2022-07-16,Moonak,0.3438764835397402,0.0156067359882096,1.4783914883931475,10.581831455230711,24.98308213551839,11.982435464859009,5.755476514498393,47.51590302908786
2022-07-16,Sangrur,0.572343033339296,0.1067646813711949,1.7388057368142265,14.981376954487391,30.96779217038836,12.700210094451904,7.166245886257717,48.77881149830753
2022-07-16,Sunam,0.5067177787423134,0.1043536522026572,1.4642310121229716,13.170776878084457,30.139451571873256,13.102243764059883,7.031315054212298,46.66905228179916
2022-07-17,Dhuri,0.0,0.3692695125937462,2.6937828118150886,8.315943024375223,6.918207038532604,6.662107814442027,5.42144233530218,54.9541373602251
2022-07-17,Lehra,0.0,0.1072825319133699,1.107528042048216,6.239407628774643,6.491145998239517,4.778952866792679,5.166765481233597,49.96627870230082
2022-07-17,Malerkotla,0.0,0.4964714316385133,3.752800609384264,9.86198718207223,6.637029307229178,7.21749348299844,5.15914044209889,67.31384783389402
2022-07-17,Moonak,0.0,0.1058875788003206,1.3741353303194046,6.151817798614502,6.18285854657491,4.653123696645101,4.904720981915792,46.95896680647485
2022-07-17,Sangrur,0.0,0.4085561766156128,2.999759648527418,8.72671091556549,7.496530822345188,6.65622912134443,5.05048987695149,52.42178410019896
2022-07-17,Sunam,0.0,0.2295661339802401,2.095659058008875,7.520873342241559,7.0433216605867655,5.651426110948835,4.983584386961801,50.520460971629255
2022-07-18,Dhuri,0.5618886026469144,7.752983851866289,18.400176308371805,10.9845366044478,6.598945986140858,5.312059619209983,6.600482160394842,55.33758269744737
2022-07-18,Lehra,0.2897880040109157,4.684594631195068,13.687339544296265,10.78284591436386,6.982839524745941,5.264538079500198,5.582986414432526,49.94950260106287
2022-07-18,Malerkotla,0.7548203074506351,9.582360965864998,20.865632942744664,10.541667767933436,6.713102698326111,5.236625364848545,7.222804869924273,67.72299134640156
2022-07-18,Moonak,0.2057337984442711,4.240630944569905,12.71947979927063,10.69555656115214,6.437388976414998,5.110283970832825,5.105817000071208,46.675956312569
2022-07-18,Sangrur,0.5722266009875706,7.516290034566607,17.50011168207441,11.636852298464094,6.52243617602757,5.715383648872376,6.700125472886222,52.50900079372748
2022-07-18,Sunam,0.4275193799819265,6.255251884460449,15.963193757193428,11.640341520309448,6.849656939506531,5.676601937838963,6.142427699906485,50.54781427840494
2022-07-19,Dhuri,6.617931907827204,17.74663084203547,7.857377312400124,7.725423075936058,7.65442833033475,7.7282138087532735,7.656346386129206,51.87469428594597
2022-07-19,Lehra,3.313184037804604,9.469001770019531,9.801764607429504,7.665964722633362,7.108477801084518,6.787126302719116,6.4232988357543945,47.99774708714723
2022-07-19,Malerkotla,8.71782272202628,18.63085235868181,7.373232381684439,7.658958349909101,7.371914488928659,7.265114256313869,7.665492466517857,64.58964560914208
2022-07-19,Moonak,3.2927700678507485,8.68510897954305,9.238593260447184,7.864566286404927,6.963181257247925,6.447488824526469,6.422460595766704,44.55925856686171
2022-07-19,Sangrur,5.395254118101938,16.552289690290177,8.526879480906896,8.743143303053719,8.249760236058917,7.55567763532911,7.519293921334403,49.68713083423222
2022-07-19,Sunam,4.125038019248417,12.945920603615898,9.049809302602496,8.632000974246434,7.80931852545057,7.554710830960955,7.332958323614938,48.07212999906137
2022-07-20,Dhuri,27.787536361000758,9.486122001301158,8.553092913194137,9.035968000238592,6.054416092959317,7.3070361614227295,17.08950844678012,33.82376066929353
2022-07-20,Lehra,24.319355726242065,11.404934585094452,10.933799982070925,9.058766812086104,5.907477527856827,8.104401916265488,15.786303997039797,34.856614472282985
2022-07-20,Malerkotla,27.45882592882429,9.032130445752824,8.269468290465218,8.398280416216169,6.014072724751064,6.833438532693045,16.920007603509085,38.5073003241238
2022-07-20,Moonak,22.371920267740887,11.293091853459677,11.9442036151886,8.724621375401815,5.681641856829326,8.226813594500223,15.733600695927938,28.08239396160139
2022-07-20,Sangrur,30.93947621754237,11.143005439213344,9.785476854869298,10.311450140816826,7.03644723551614,8.965364268847875,19.12444349697658,36.09293240321943
2022-07-20,Sunam,28.33963639395577,11.443222863333563,10.448268617902484,9.817849397659302,6.573464138167245,8.711025885173253,18.101879562650407,33.3528123791908
2022-07-21,Dhuri,8.004708918658169,8.235771851106124,5.748252175071023,8.255480701273138,7.232849944721568,12.494627432389692,21.270049355246805,35.398957078664864
2022-07-21,Lehra,10.22967666387558,7.613307774066925,4.399259477853775,7.142927438020706,7.413763791322708,11.940311133861542,18.206794500350952,36.10062438485733
2022-07-21,Malerkotla,5.928696598325457,7.177200198173523,5.299487599304745,7.534614205360413,6.239260230745588,11.680875641959052,19.238902977534703,38.30555858472584
2022-07-21,Moonak,9.540930112202965,8.043897271156311,4.341337223847707,7.288639585177104,8.031615018844604,13.487647692362469,19.350448926289875,28.05953965358128
2022-07-21,Sangrur,9.645388637270246,8.729467374937874,5.489947046552386,8.380578773362297,8.03141484941755,14.460975681032451,22.843572412218368,37.276046349274345
2022-07-21,Sunam,10.178647075380598,8.142284546579633,4.82175304208483,7.7676381553922385,7.8468126739774435,13.37501665524074,20.30642277853829,33.28494488690121
2022-07-22,Dhuri,6.572219198400324,8.525795026258988,8.356650547547774,8.205522472208196,16.372340939261697,22.626532901417125,20.775152986699883,49.0767143466298
2022-07-22,Lehra,4.681383788585663,5.447985649108887,5.381624400615692,5.267312079668045,12.521562039852142,20.252236008644104,21.39595329761505,52.96225036638672
2022-07-22,Malerkotla,6.443941729409354,8.83878059046609,8.553079213414874,7.983987075941903,15.285911219460624,21.2539313861302,18.70564671925136,49.56980767600194
2022-07-22,Moonak,4.311984380086263,5.868252396583557,5.55694051583608,4.820502599080403,12.31001583735148,21.654846668243408,20.13757626215617,44.82183978892162
2022-07-22,Sangrur,6.052436913762774,8.076075724193029,7.633819375719343,8.082159399986267,16.55893462044852,25.75547007152013,22.26983683449881,54.26535378335835
2022-07-22,Sunam,5.131422306810107,6.617388844490051,6.405095985957554,6.572108200618199,14.574130432946342,23.96929216384888,22.09217200960432,50.67357902166869
2022-07-23,Dhuri,5.097108342430809,9.604990655725652,9.793394869024103,16.437302112579346,23.94644008983265,23.262847206809305,15.767374515533447,71.82961414558126
2022-07-23,Lehra,3.2581519037485123,7.1566789746284485,6.971133589744568,13.721335530281069,18.843083143234253,14.365211308002472,10.693612813949583,65.41316608242889
2022-07-23,Malerkotla,5.481300779751369,9.096841318266732,9.89689574922834,16.602112361363,23.00185993739537,22.15301506859916,16.31784108706883,74.68235245956153
2022-07-23,Moonak,3.297021051247915,6.863213300704956,6.770097454388936,14.310075362523396,19.11320336659749,13.22252917289734,9.78697148958842,53.6394578076342
2022-07-23,Sangrur,4.636801217283521,9.476910148348129,9.305694954735891,15.051234143120904,22.993399483816965,21.50846529006958,13.847435712814333,76.01433415871625
2022-07-23,Sunam,3.775271568979536,8.294161915779114,7.957677790096828,14.037483828408378,20.754591464996334,17.627670867102488,11.872061048235212,67.51348176457199
2022-07-24,Dhuri,7.693921154195612,8.48061693798412,15.24995721470226,17.020323840054598,26.648884946649726,23.74919388510964,19.728574059226297,88.22256471508678
2022-07-24,Lehra,5.058131903409958,5.298695236444473,12.54306560754776,13.214030623435974,21.91076421737671,19.527137875556942,17.0912703871727,71.50893232488933
2022-07-24,Malerkotla,7.78894521508898,8.37238529750279,14.566373722893852,17.59001122202192,27.40416070393153,23.973311356135778,18.338767664773123,90.16392624760269
2022-07-24,Moonak,4.53124064207077,4.801217516263326,11.698548952738443,13.718018929163614,21.93704875310262,18.069443543752037,16.52179765701294,60.09896991542587
2022-07-24,Sangrur,7.589890701430185,8.065370236124311,16.118591002055577,16.756393023899623,26.15281520571028,24.92728887285505,19.814216136932373,89.3612164316646
2022-07-24,Sunam,6.5708586147853305,6.49205083506448,14.67120919908796,15.309087855475289,24.347554888044083,22.61743606839861,18.672886439732142,73.94906786242156
2022-07-25,Dhuri,1.3563576151024213,6.856147744438865,16.584200035442006,20.25425538149747,22.80159022591331,13.333614566109397,8.522408485412598,98.4590142687579
2022-07-25,Lehra,1.5275347828865051,4.940639853477478,13.079592764377594,15.746206521987917,13.47592544555664,8.409930676221848,6.637318640947342,84.2750648552136
2022-07-25,Malerkotla,1.195831733090537,7.639242972646441,17.032535348619735,19.89290162495204,23.176420211791992,13.600882121494838,8.020161475454058,96.46695343395695
2022-07-25,Moonak,1.3472430209318798,5.225740790367127,12.80051072438558,14.791053613026936,12.803865909576416,8.054239630699158,6.2721346616745,75.53757291786962
2022-07-25,Sangrur,1.7073012036936623,6.744785376957485,15.512103625706263,20.260339941297257,23.00046750477382,12.954371826989313,8.994730200086321,103.85382071383808
2022-07-25,Sunam,1.8062379615647453,6.016700318881443,14.42448823792594,18.446460826056345,18.95848400252206,10.97308703831264,8.262825863701957,87.24050605692237
2022-07-26,Dhuri,4.943137786605141,12.895049875432797,14.970678372816606,13.34356537732211,13.169016187841242,8.807029442353683,7.939833706075495,99.68466135278035
2022-07-26,Lehra,3.480720266699791,8.20920917391777,10.984046638011932,10.1378892660141,7.5234035551548,3.863825410604477,6.917617291212082,84.60645789104925
2022-07-26,Malerkotla,6.3599327972957065,14.893235206604004,17.600325890949794,15.03778954914638,15.026592527117048,11.148730993270874,8.87488944189889,97.61148770715864
2022-07-26,Moonak,3.4863825043042502,7.661865313847859,10.252145608266195,9.483020623524984,6.775079647699992,3.561692396799723,5.956187446912129,76.14339524456221
2022-07-26,Sangrur,4.786133297852108,12.773031984056743,15.660246201923917,14.183928080967494,12.813016959599086,8.162918261119298,8.079199825014387,104.99231283961988
2022-07-26,Sunam,3.8623971939086914,10.323725427900042,13.37418896811349,12.522161620003835,10.291985886437551,5.833507367542812,7.539349913597107,87.89540860256035
2022-07-27,Dhuri,15.00006103515625,25.966572934930976,19.826317873868074,14.99928565458818,9.94685825434598,5.193386543880809,6.864765145561912,95.98327585912986
2022-07-27,Lehra,11.564237594604492,22.77827632427216,13.689797639846802,8.768043160438538,5.907758384943008,2.4742849320173264,4.703655153512955,80.86784337673524
2022-07-27,Malerkotla,14.88062494141715,24.981593540736608,21.33678994859968,17.162323270525253,10.508814641407556,6.232941457203457,7.593672616141183,93.60118722049963
2022-07-27,Moonak,10.967576424280802,21.34321467081706,13.289782762527466,8.011344114939371,6.104978521664937,2.4613441129525504,4.503317415714264,74.93700992852658
2022-07-27,Sangrur,15.194454499653409,28.083022935049875,19.26926394871303,14.26328706741333,10.17669413770948,4.722181762967791,6.761621935026986,101.16470381698574
2022-07-27,Sunam,13.567280633108956,27.37977157320295,17.32676935195923,11.61317995616368,8.509364213262286,3.75502074616296,6.10184349332537,85.35733399092479
2022-07-28,Dhuri,28.893016381697223,18.093636165965687,12.195179982618852,7.639260530471802,6.800915718078613,7.739997040141713,5.762272834777832,97.24107100173866
2022-07-28,Lehra,23.267446517944336,12.058490097522736,8.065692812204361,4.177645966410637,4.593768924474716,6.139557063579559,4.081076413393021,80.57825604065944
2022-07-28,Malerkotla,27.96148327418736,18.06787524904524,12.832973548344205,8.765990734100342,7.077650989804949,8.007108330726624,6.323001486914499,93.7627784460783
2022-07-28,Moonak,22.497732162475582,11.153441747029625,7.846695820490519,3.961351851622264,4.819434066613515,6.29816750685374,4.262841939926148,78.93106939425196
2022-07-28,Sangrur,28.908614703587123,17.731907980782644,12.187465940202983,7.383826766695295,7.121323040553501,7.953546558107648,5.666290981428964,100.49766397951511
2022-07-28,Sunam,26.3154935836792,15.348488433020457,10.42018713269915,5.687208533287048,5.931838512420654,7.100993599210467,4.86954048701695,86.49837510746062
2022-07-29,Dhuri,15.151445215398615,20.349288593639027,10.647886276245115,6.134411681782115,4.12557555328716,6.008976936340332,6.526181957938454,101.54081595736167
2022-07-29,Lehra,11.740272462368011,13.009969353675842,7.08317506313324,5.126412570476532,3.289680317044258,4.731185644865036,5.272693455219269,71.80492874550109
2022-07-29,Malerkotla,15.922880343028478,21.20537553514753,11.83836248942784,6.370868819100516,4.384849037442889,6.135657463754926,6.638876046453204,100.29795620171797
2022-07-29,Moonak,10.044992605845133,11.625558773676554,6.457699020703633,4.7932155529658,3.1428136626879373,4.283872942129771,5.000090042750041,71.34115847844217
2022-07-29,Sangrur,15.304883377892631,20.53615883418492,10.71266906602042,6.602516208376203,4.4122613327843805,6.339572395597186,6.529667292322431,96.88565679063748
2022-07-29,Sunam,14.360008069447108,17.95255425998143,9.2587731054851,6.532203231539045,4.007596824850355,5.774820412908282,6.093815173421588,79.77729155180448
2022-07-30,Dhuri,16.25359699942849,10.25597060810436,4.736300728537819,4.941210638393056,4.894450035962191,5.962140083312988,3.586232152852145,74.55756829062892
2022-07-30,Lehra,13.228111684322355,7.869931519031525,4.501306354999542,4.021605461835861,3.823422804474831,4.673646092414856,2.5029822140932083,56.13440882120598
2022-07-30,Malerkotla,16.72192985670907,11.106654814311437,4.867488248007638,5.347673995154245,5.068784168788365,6.562446934836252,3.753888189792633,71.40553182029288
2022-07-30,Moonak,12.606566667556764,6.936806758244832,4.599568088849385,4.041667401790619,3.327394704023997,4.768842458724976,1.8813863396644592,59.46189046819857
2022-07-30,Sangrur,16.22386884689331,11.232106055532183,5.145381808280945,4.806018165179661,4.934505343437195,6.071119461740766,3.305460819176265,70.63335202004228
2022-07-30,Sunam,14.489501885005406,9.89998722076416,5.089252190930503,4.4156239458492825,4.447526165417263,5.481480956077576,2.98699528830392,59.98500966580623
2022-07-31,Dhuri,11.807795134457676,3.7919203476472334,4.808839180252769,2.764301885258068,3.3955957997928965,8.36037388714877,4.262082760984248,50.6058698410601
2022-07-31,Lehra,12.27449470758438,4.692763298749924,4.831904351711273,2.460115224123001,3.782715141773224,6.638859540224075,3.0999037325382237,46.58660099983792
2022-07-31,Malerkotla,10.200235537120276,3.651837868349893,4.456429830619267,2.83860901423863,3.5393801757267545,8.9324243749891,4.605254820414952,46.3181046391854
2022-07-31,Moonak,11.54120151201884,4.628382166226705,5.216145277023315,2.3791428009668985,4.169689377148946,6.488956809043884,2.71959521373113,51.20526938873829
2022-07-31,Sangrur,12.99186703136989,4.38643730538232,5.565052696636745,2.765586716788156,3.90942793233054,8.879067557198661,4.1710226620946615,50.088277472284624
2022-07-31,Sunam,13.055074180875506,4.774954957621438,5.637797202382769,2.738376361983163,4.144922648157392,8.118236882346016,3.7412560071264,48.168681509539404
2022-08-01,Dhuri,0.7478222982449965,4.233867298473012,5.196078235452825,4.793225136670199,4.952358224175193,4.642057234590704,2.4042217514731665,39.718370790711965
2022-08-01,Lehra,1.335227906703949,3.962486356496811,4.972833126783371,3.692905232310295,5.730100899934769,4.469349801540375,1.683351494371891,33.38746976736546
2022-08-01,Malerkotla,0.567800236599786,4.219750702381134,5.160467777933393,5.084987895829337,4.671992293425968,4.789963935102735,2.3288571408816745,39.31511181219451
2022-08-01,Moonak,1.3914148211479187,4.050580541292827,4.99826447168986,3.641610423723857,5.439365426699321,4.440377593040466,1.5374935865402222,35.469484477820444
2022-08-01,Sangrur,0.9650378269808632,4.466598059449877,5.109738094466073,4.499255282538278,5.895012514931815,5.380689689091274,2.516968833548682,35.06577728780511
2022-08-01,Sunam,1.1700662012611116,4.43354264327458,5.339309811592102,4.171961988721575,6.289411834308079,5.297447230134692,2.151595094374248,34.397619553169676
2022-08-02,Dhuri,2.12363929640163,3.1903470862995493,3.875389987772161,2.577667626467618,5.826657685366544,2.55946852944114,0.9942662878469988,38.186842279529706
2022-08-02,Lehra,1.677984595298767,3.3052828907966614,4.400184482336044,1.9301553294062612,7.009543210268021,1.7638481706380844,0.8654438480734825,32.636520652992495
2022-08-02,Malerkotla,2.2105799359934672,3.021334716251918,3.789302638598851,2.657997054713113,5.476380228996277,2.4682061544486453,1.1913460727248872,37.60974942537936
2022-08-02,Moonak,1.6882126828034718,3.4773954153060918,4.765547831853231,2.0984466771284738,6.549438993136088,1.500162909428279,0.8455095042785009,34.64279807246561
2022-08-02,Sangrur,2.1621433666774204,3.446572593280248,4.6011614714350015,2.672663169247764,6.8142302717481344,2.416502978120531,1.0380882705960954,33.692675684837695
2022-08-02,Sunam,1.9652511136872428,3.4932346429143637,4.90400413104466,2.476015367678233,7.369581529072353,2.133114814758301,0.9526171535253524,33.40257329727663
2022-08-03,Dhuri,1.2865312912247395,5.998775373805653,4.694792704148726,6.700612349943682,2.5631789944388648,0.2457590407945893,3.2728782458738848,36.094178480665775
2022-08-03,Lehra,1.2382678389549255,6.017696797847748,4.74446314573288,5.737774968147278,2.639645054936409,0.5587841216474771,2.0200966522097588,30.245046644528365
2022-08-03,Malerkotla,1.4814814840044297,5.870744790349688,4.77007794380188,6.863636749131339,2.505490643637521,0.2068075505750519,4.016076701028006,35.66903209409254
2022-08-03,Moonak,1.5600385665893557,7.515846729278564,5.503491600354512,6.506474892298381,2.8619471391042075,0.6359288295110067,1.9957267940044403,31.843243320715516
2022-08-03,Sangrur,1.4715840475899833,6.888877749443054,5.385318330356053,7.193487882614136,2.705761228288923,0.3391381448933056,3.262398770877293,31.21191629126755
2022-08-03,Sunam,1.4993837475776672,7.159977912902832,5.2230784211839945,6.88420273576464,2.761614075728825,0.4759292368377958,2.6509258321353366,30.898461910261148
2022-08-04,Dhuri,8.49551831592213,4.899482943794944,5.3240976116874,2.611213803291321,0.9010089175267652,3.998785213990645,5.737615303559736,29.001606391626773
2022-08-04,Lehra,11.345796287059784,5.925889074802399,4.222188159823418,2.7104242891073227,0.5537468735128641,2.290621392428875,4.46053883433342,22.644483185600134
2022-08-04,Malerkotla,7.934928911072867,4.304020822048187,5.703751887593951,2.4007827724729265,0.8156580584389823,4.7328464303697855,6.119243536676679,29.888644570464116
2022-08-04,Moonak,12.366463979085289,5.987399538358052,4.783819496631622,2.552748779455821,0.4769185955325762,2.5223031838734946,3.931068480014801,22.681654150334733
2022-08-04,Sangrur,10.277779306684222,5.627306750842503,5.431212135723659,2.8017170088631764,0.8661556648356574,3.874672361782619,5.382522651127407,25.943848138206786
2022-08-04,Sunam,11.562495299748011,6.192214437893459,5.114896127155849,2.9126410143715997,0.7309903161866325,3.1931906853403365,4.790045261383057,24.346431502162222
2022-08-05,Dhuri,7.468645507639104,9.70711729743264,4.330104871229692,0.4426383091644807,3.92879674651406,5.287042596123436,5.578079852190885,7.374314595061135
2022-08-05,Lehra,5.717597872018814,9.494573593139648,5.645338773727417,0.2777110012248158,2.453521564602852,4.600256115198135,6.515833109617233,10.147590557036741
2022-08-05,Malerkotla,7.204646331923349,10.27772603716169,4.143552047865732,0.4927655862910406,4.41996306180954,5.686799202646528,5.496476496968951,9.296987554499017
2022-08-05,Moonak,4.7357902725537615,10.13164750734965,5.973429441452026,0.2637279530366261,2.039653648932775,4.444679081439972,5.495934128761292,10.238827572551854
2022-08-05,Sangrur,7.908784406525748,11.067665406635829,4.912292446408953,0.3425184445721762,4.808498919010162,5.667520999908447,6.085398418562753,7.981087828622925
2022-08-05,Sunam,7.102935331208365,10.850540706089564,5.474058151245117,0.2856155213500772,3.799340988908495,5.206200071743557,6.436743327549526,9.539298712317374
2022-08-06,Dhuri,7.077404629100453,2.151060461997986,0.4109685610641133,3.1176285960457544,9.33641750162298,1.6952105381272056,0.853529466824098,7.129291190741217
2022-08-06,Lehra,4.632781222462654,2.257507264614105,0.1887648999691009,1.95576186478138,6.386288702487946,1.366998352110386,0.795242715626955,8.893709648824805
2022-08-06,Malerkotla,7.489128487450736,1.8535504852022444,0.5200661410178457,3.7579053810664576,9.8805159841265,1.7795386058943612,1.228884341461318,9.189225673282921
2022-08-06,Moonak,3.720664143562317,1.8361887832482653,0.1814718606571356,2.390345255533854,5.841437419255574,0.9948657006025314,0.8379771560430527,8.513588536974101
2022-08-06,Sangrur,7.263445377349853,2.321187445095607,0.2262169862432139,2.871138938835689,9.146554572241646,1.7071794186319624,0.5704418654952731,7.728145593838286
2022-08-06,Sunam,6.04626658984593,2.4452474202428545,0.2355814714516912,2.4620990455150604,7.821692160197666,1.5911512204578944,0.5988687521645001,9.017420973547098
2022-08-07,Dhuri,3.783185503699563,0.1513278064402667,1.0940786139531569,13.74516318061135,2.352802200750871,0.5685462789102034,4.5596854144876655,9.363645687745016
2022-08-07,Lehra,4.475027486681938,0.1408787998370826,0.7478227987885475,12.304344296455383,2.8282902240753174,0.3739931546151638,4.497694343328476,6.528540211572358
2022-08-07,Malerkotla,3.360394222395761,0.1356391685881785,1.4456142485141754,14.583697421210152,2.0573584777968272,0.6699205083506448,4.973945481436593,12.137252389916664
2022-08-07,Moonak,3.5103874802589417,0.1030049131562312,0.9749508649110794,13.52791945139567,2.7282058795293174,0.1896802590539058,4.277215679486592,6.811935064812692
2022-08-07,Sangrur,3.820817487580436,0.1046203289713178,1.087385396872248,14.121164969035558,2.492124480860574,0.515776375574725,4.519842513969967,10.39855205040542
2022-08-07,Sunam,4.103102113519396,0.1425132501338209,0.8901980285133634,13.38521705354963,2.7097944787570407,0.4371947273612022,4.449420026370457,9.221125206044825
2022-08-08,Dhuri,0.0867973941970955,1.576864551414143,9.311828526583584,1.1087703298438678,1.9678016846830195,4.229602976278826,5.953663435849276,11.126660278804147
2022-08-08,Lehra,0.3208403047174215,0.6180151179432869,11.060906946659088,1.8099200800061224,2.165930800139904,4.249302044510841,4.745879173278809,7.696743107434605
2022-08-08,Malerkotla,0.092158536559769,2.055982266153608,8.470875450542994,0.9064965439694268,1.5852063851697105,4.392882866518838,6.101417013577053,14.103785807586211
2022-08-08,Moonak,0.3757248818874359,0.5432858218749365,9.500922441482544,1.6034958958625791,1.679386665423711,4.013722598552704,3.773196319739024,7.642512183969579
2022-08-08,Sangrur,0.1290662208838122,1.579921379685402,10.374557886804851,1.2553452146904809,2.2849375690732683,5.031278167452131,6.245606967381069,12.052983293783617
2022-08-08,Sunam,0.2365340377603258,1.0680894681385584,11.280455793653216,1.4731217537607466,2.3995349449770798,4.963419854640961,5.859657321657453,10.971043492299527
2022-08-09,Dhuri,2.6240625273097646,5.090062444860285,1.3787445805289529,0.8129950355399739,5.282115481116555,11.579101952639492,10.383461085232822,11.40360795952386
2022-08-09,Lehra,1.5570843517780304,3.52773666381836,1.1366578862071035,1.074236199259758,4.456423789262772,10.615459322929382,7.850219011306763,7.597249017292676
2022-08-09,Malerkotla,3.056925347873143,5.2989950350352695,1.2671446374484472,0.8684027131114688,5.54698692049299,10.46796178817749,10.226383345467704,14.580833398799067
2022-08-09,Moonak,1.38026628891627,2.6215882698694863,1.0943908840417862,1.012010097503662,4.05785729487737,9.356149196624756,6.353852987289429,7.291457604162491
2022-08-09,Sangrur,2.593154502766473,4.539060643741062,1.3270548624651772,0.9091128472770964,5.4497862713677545,12.463797467095512,10.076554911477226,12.471011021151442
2022-08-09,Sunam,2.217825323343277,4.132054218224117,1.2767827936581202,0.9694326817989348,4.856173566409519,11.831120593207222,8.988833512578692,11.246923075182412
2022-08-10,Dhuri,4.932140610434792,0.8103773729367689,1.4895657788623462,4.94619911367243,5.9149322076277295,2.848869269544428,6.273875084790316,12.489339810913213
2022-08-10,Lehra,2.086728759109974,0.5793074574321508,2.0124410912394524,4.930829256772995,5.88062646985054,1.5791065692901611,5.163365572690964,7.983161970876205
2022-08-10,Malerkotla,5.377417990139553,0.5996494772178786,1.22913929607187,5.230527298791068,6.1319600854601175,3.4281187738691057,7.405253120831081,16.567212972029424
2022-08-10,Moonak,1.3647076388200123,0.5559692084789276,1.7924569050470989,4.80492087205251,4.744162837664287,1.2966106534004211,5.137136181195577,7.671561934737737
2022-08-10,Sangrur,4.191926198346274,0.8560763129166195,1.6250843448298318,5.322664686611721,6.436286636761257,2.7297386739935194,6.664443458829608,13.619531041697774
2022-08-10,Sunam,2.976073605673654,0.5975521228143147,1.6829777998583657,5.1737724883215765,6.314930268696377,2.077718504837581,6.058470249176025,12.140753466339238
2022-08-11,Dhuri,0.1791368458758701,1.931489185853438,8.725368976593018,11.856292291121049,3.8269155025482178,8.32805067842657,10.991665970195424,8.174302166193616
2022-08-11,Lehra,0.1230882527306675,1.8526037856936453,6.1265504360198975,11.264032363891602,3.02520115673542,5.507770329713821,8.287936508655548,6.566016156319704
2022-08-11,Malerkotla,0.1211905181407928,1.803712900195803,9.590182031903948,9.966408491134644,3.5673839535032,8.162389533860344,11.437011889048986,11.28073048782535
2022-08-11,Moonak,0.0639631926702956,1.9155240555604296,6.868657509485881,10.016082763671877,2.976089676221212,5.676799853642781,8.287008007367453,6.03417719676219
2022-08-11,Sangrur,0.1748047274138246,2.087802686861583,8.879307406289238,14.231399672372,4.237282599721636,8.732274310929435,11.443557943616597,9.093440647872796
2022-08-11,Sunam,0.2005862383438008,1.9761546083859036,7.721468687057495,13.525820629937307,3.687254956790379,7.212227140154157,9.907342093331474,9.490257946833262
2022-08-12,Dhuri,0.7935485189611261,11.447723085230049,5.12143122066151,4.346035014499318,7.941428704695268,13.83470886403864,13.35789242657748,8.567045685216627
2022-08-12,Lehra,2.281746059656143,11.309914946556091,6.498932063579559,2.525522656738758,6.668485701084137,13.686006247997284,12.565563321113586,6.839685074693474
2022-08-12,Malerkotla,0.6000153890677861,10.085254771368843,4.421819124902997,4.207762088094439,7.848734532083784,12.32344365119934,12.1802613394601,12.350236669686137
2022-08-12,Moonak,2.498741010824839,12.211665789286297,7.041419108708699,1.930431087811788,6.624680757522583,13.468409458796184,12.424590428670248,6.4387397629475895
2022-08-12,Sangrur,1.1806736652340208,13.706305708203995,6.057961515017918,4.307943173817226,8.790717942374092,16.191869224820817,15.286573750632147,9.659403322456221
2022-08-12,Sunam,1.6099615693092346,13.24947200502668,6.471468772206988,3.4313315408570424,8.320108004978724,16.189059291567123,14.635746547154016,10.104994734803395
2022-08-13,Dhuri,9.202722831205888,7.803771430795843,2.071043832735582,4.417566299438477,8.812750621275468,8.725548093969172,6.5261287905953145,9.178914790570406
2022-08-13,Lehra,10.708179116249084,8.466160118579865,1.672613836824894,3.60650186240673,7.883469730615616,6.865002423524857,5.844003617763519,6.789784001004379
2022-08-13,Malerkotla,7.974984969411578,6.952947412218366,1.951848668711526,4.970270931720734,8.417515873908997,9.07534749167306,6.915632009506226,14.262425073480147
2022-08-13,Moonak,11.021604696909586,8.881290833155314,1.5332760314146678,3.4104157288869223,7.933645009994507,7.21369743347168,6.194583813349406,6.5698799645451045
2022-08-13,Sangrur,10.881133692605156,9.036729063306536,2.157228405986513,4.769481888839176,10.268391915730067,9.727459226335798,7.256169983318874,10.33498882046288
2022-08-13,Sunam,11.540748289653234,9.466170293944222,1.9765293938773016,4.54930522612163,10.166111060551234,8.95273860863277,6.747540559087481,10.403651898458326
2022-08-14,Dhuri,6.556503772735596,1.9083639708432285,6.785902348431674,9.648001757535068,9.754852424968371,13.72020890495994,6.674123200503263,5.355945850046952
2022-08-14,Lehra,8.5273996591568,2.8943096697330475,6.512662261724472,7.689672529697418,8.838188141584396,13.575070142745972,8.241933703422546,3.9184496351083724
2022-08-14,Malerkotla,5.620505315916879,1.571958648306983,6.1953193460192,10.1264443056924,10.12344241142273,13.639604806900024,6.142418367522104,9.624364623959577
2022-08-14,Moonak,8.551631689071655,3.05599308013916,5.656615813573201,6.853222767512004,8.701971769332886,13.580954949061075,8.706319093704224,3.9762845912316016
2022-08-14,Sangrur,7.817284856523786,2.082147146974291,7.902635591370719,10.108327286584036,10.111900636128016,15.988321542739868,8.00426539352962,6.136261687246317
2022-08-14,Sunam,8.684287616184779,2.656098348753793,7.77489823954446,9.126437800271171,9.72735629762922,16.141663142613,8.748733690806798,6.497339017326944
2022-08-15,Dhuri,1.0208690897984938,5.133993994105946,5.157513445073908,6.56409402327104,7.239269104870883,5.049670522863215,5.331027030944824,3.628269679769988
2022-08-15,Lehra,1.84172722697258,3.634571388363838,2.6955484747886658,4.503409162163734,5.897625505924225,5.126472145318985,5.757718205451965,2.76581031731121
2022-08-15,Malerkotla,0.9598422816821508,5.141704746655056,6.377211706978934,7.203062244824001,8.08136020387922,6.2482225724629,5.570724129676819,7.684142565939693
2022-08-15,Moonak,1.9041077097256975,2.6535747249921164,2.24084801475207,4.183710138003032,5.4176193078358965,5.783998608589172,5.936092098553975,3.1986537471312415
2022-08-15,Sangrur,1.1386630982160568,4.930999713284629,4.67968749148505,7.011947546686445,7.9879336186817715,5.829137529645648,5.895654950823102,4.621469248025394
2022-08-15,Sunam,1.5071846800191062,4.357482135295868,3.8807794196265086,6.3260206665311545,7.4082474538258145,5.83835278238569,6.3009472233908514,4.873618767041848
2022-08-16,Dhuri,2.745600938796997,1.3541393063285134,2.949659239162098,5.803075551986694,4.56986753507094,3.807340903715654,5.096043088219383,3.6174639542514297
2022-08-16,Lehra,2.004341334104538,0.3248139638453722,1.0611962266266346,2.6883285865187645,3.599394142627716,3.3692204505205154,3.9313365817070007,2.5967883292692298
2022-08-16,Malerkotla,2.398852786847524,1.7270863822528295,3.9590045469147817,6.930894494056702,4.851743102073669,3.947366578238351,4.906470281737192,7.6937127121631335
2022-08-16,Moonak,1.2466053167978923,0.1705107570936282,0.8018946051597595,2.449596871932348,3.501352389653524,3.182759682337443,3.499530533949534,3.1580429693902916
2022-08-16,Sangrur,2.5924733749457767,1.037307700940541,2.33354195526668,5.838351666927338,4.707058421203068,3.942940022264208,4.7464447276932855,4.381632576833116
2022-08-16,Sunam,2.3355678149632046,0.6619840104665075,1.5631097044263569,4.353618425982339,4.072604860578265,3.613252307687487,4.372520676680973,4.582602011933685
2022-08-17,Dhuri,1.0896847166798331,3.746680747378956,2.702659086747603,3.35382080078125,5.84566820751537,2.902957818724893,2.00427951596,2.852908600257858
2022-08-17,Lehra,0.2359496597200632,1.6338704079389572,1.352377749979496,2.8251619040966034,5.995363384485245,2.807859987020493,2.158022254705429,1.9922097020550449
2022-08-17,Malerkotla,1.5585391180855888,4.7312134844916205,3.504112562962941,3.320678242615291,4.92559015750885,2.6939204931259155,2.140944881098611,6.572324056461748
2022-08-17,Moonak,0.1455596822003523,1.282504563530286,1.2575200647115707,2.542566299438477,5.017400979995728,2.1332881649335227,2.5122570594151816,2.5171868992649267
2022-08-17,Sangrur,0.7034316563180515,3.1133391686848237,2.6562757279191698,3.428511636597769,6.354026368686131,2.853690224034445,2.1687747836112976,3.497623165978521
2022-08-17,Sunam,0.4402105510234833,2.388914274317877,2.0245813940252577,3.1528311797550748,6.3908461672919135,2.759438616888864,2.2555908177580157,3.739312351041232
2022-08-18,Dhuri,2.6449847004630347,3.016673012213273,2.027649982409044,4.1421191258863965,3.2883951013738457,2.1886179013685747,6.564233476465399,3.147016149993675
2022-08-18,Lehra,1.0662123896181583,1.5684095099568367,1.9536076486110687,3.4817681163549423,2.8740690499544144,2.096428744494915,6.326911151409149,1.4860381920420278
2022-08-18,Malerkotla,3.491141038281577,4.3527529665402005,1.8584356776305608,4.338902907712119,3.561538449355534,2.443322786263057,6.892571551459176,6.515581243458188
2022-08-18,Moonak,0.7242257595062256,2.033420294523239,1.966374178727468,3.3724352518717446,2.828049560387929,2.1952605744202933,7.107589562733968,1.8741588209767743
2022-08-18,Sangrur,2.128783072744097,3.233357608318329,2.211949633700507,4.337712926524026,3.2200086287089755,2.42221822483199,7.2016533102308005,3.2391381627805282
2022-08-18,Sunam,1.5047874727419444,2.457827529736928,2.209089355809348,4.07461793082101,3.127802533762796,2.3666810180459703,7.155886888504028,3.091204283911434
2022-08-19,Dhuri,3.7228980606252495,3.8602493567900233,3.8457280614159326,3.620626059445468,1.9028666344555945,7.430268482728437,6.559677665883845,3.2265974532282287
2022-08-19,Lehra,3.035062089562416,3.756806597113609,2.9994152784347534,0.9518151395022868,1.3459180742502213,5.291612148284912,5.312334537506104,2.305956015792756
2022-08-19,Malerkotla,4.831996253558567,3.6048292347363065,3.523530048983438,4.3172823531287055,1.8697195947170255,6.990743739264352,6.974900705473764,5.810596519051857
2022-08-19,Moonak,2.689413368701935,3.059647023677826,2.503921151161194,0.6246273145079613,1.0278668403625488,4.377984285354614,4.204845249652863,3.122361635124725
2022-08-19,Sangrur,3.944444503102984,4.407821663788387,3.282364819731032,2.242435361657824,1.668329426220485,7.6921797479902,6.504278217043195,3.3191534780902168
2022-08-19,Sunam,3.58379796573094,4.272073796817234,3.0780890583992004,1.5357087424823217,1.596844915832792,7.383796777044024,6.429178816931588,3.3493390781850696
2022-08-20,Dhuri,9.161378687078304,6.58887167410417,6.228283383629539,6.640260631387884,8.425546819513494,5.980499440973455,10.006983020088889,2.752409218322996
2022-08-20,Lehra,8.301810324192047,7.612125098705292,7.047483503818512,5.716890037059784,7.379810810089111,5.190553069114685,7.998185306787491,2.1302242833131197
2022-08-20,Malerkotla,9.315667765481132,5.641868574278695,5.806897452899388,6.512282201222011,8.753499405724662,5.846341286386762,10.098105941499982,4.050275445562771
2022-08-20,Moonak,7.514275471369426,6.512208819389343,6.268433888753255,4.961584210395813,6.027857542037964,4.817424615224202,6.477572123209636,2.8346026036204526
2022-08-20,Sangrur,8.972713351249695,7.118350659097944,6.420902916363308,6.612325889723642,8.2834598166602,5.891302653721401,9.720519781112673,2.7458077547459907
2022-08-20,Sunam,8.425019928387233,7.190945676394871,6.634322455951145,5.994088189942496,7.696736778531756,5.411811896732876,8.69518746648516,2.717889129984107
2022-08-21,Dhuri,3.8749409047040073,5.3590426011519,4.076071251522411,6.777987610210072,7.915339274839922,5.4504428993571885,5.131790648807179,3.3909001823085454
2022-08-21,Lehra,2.403259962797165,2.2313567996025085,2.8986869752407074,5.893216818571091,6.561170041561127,3.3911209106445312,2.3627921491861343,2.3418467722074507
2022-08-21,Malerkotla,3.979245509420122,5.507775715419224,3.60894958462034,6.565029399735587,7.802846040044512,5.908790298870632,5.82243663924081,4.969733052937608
2022-08-21,Moonak,1.7398908336957295,1.8634265959262848,2.605511566003164,5.4620349407196045,5.208279689153035,2.927411198616028,2.2361121475696564,3.191299678823666
2022-08-21,Sangrur,3.347605262483869,4.279469302722386,3.892078629561833,6.716415183884757,7.891042266573224,5.045554552759443,4.701047820704324,3.6852776957020366
2022-08-21,Sunam,2.7981356382369995,3.144349472863333,3.5298416955130443,6.519017236573355,7.628194332122803,4.487561677183424,3.5775602204459056,3.0271634867206227
2022-08-22,Dhuri,1.62536591833288,3.0336601842533457,8.506329124624079,7.531704750928012,3.301047883250497,2.779055465351452,6.575078205628828,3.7092729280538173
2022-08-22,Lehra,0.7941511571407318,3.191483199596405,6.553044021129608,6.693752259016037,0.8443134315311909,2.3539445474743843,5.405454844236374,3.015902352727368
2022-08-22,Malerkotla,1.586125237601144,3.0489200609070912,8.394662073680333,7.260198286601475,5.138960344450815,3.043447494506836,7.465085881096976,5.196593377326748
2022-08-22,Moonak,0.5658927982052168,2.5048486789067588,5.832096695899963,5.72538944085439,0.6710358038544655,1.911401202281316,5.575034737586975,4.098968167097677
2022-08-22,Sangrur,1.2521025921617237,2.6164650874478474,8.185946532658168,7.23402612549918,2.6937838920525143,3.024373403617314,6.263999206679208,4.526656933250717
2022-08-22,Sunam,0.893703179700034,2.5332704314163754,7.0558216742106845,6.689882482801165,1.4467274972370692,2.64039717401777,5.7034682886941095,3.7406610000655367
2022-08-23,Dhuri,1.7599618976766414,6.242751901799982,2.6746123378927056,1.1338796588507565,0.9096968851306222,1.7970427816564387,2.788406252861023,3.9135026793393886
2022-08-23,Lehra,0.5865086670964956,2.4557178989052773,1.5620097219944,0.1586925769224763,0.2621941305696964,1.6285521537065506,2.497698776423931,4.48736659338404
2022-08-23,Malerkotla,2.17181065252849,7.227308239255633,3.3341090423720225,2.0358452243464336,1.3931044467857905,2.8020480573177338,3.2195674777030945,5.107643586499173
2022-08-23,Moonak,0.4684220626950264,1.9320138990879057,1.5051831305027008,0.1649437062442302,0.202234527717034,1.7641422351201377,2.743120570977529,5.530673035567265
2022-08-23,Sangrur,1.568886854818889,5.4394057733672,2.3861955532005856,0.8356871232390404,0.68699563401086,1.977639458009175,2.8117618901388988,5.287580373318372
2022-08-23,Sunam,1.005202293395996,3.619848421641759,1.938622615167073,0.3775496927223035,0.3913455185081277,1.7994660415819712,2.46246435386794,5.090908923629443
2022-08-24,Dhuri,13.293235518715598,3.021417271007191,0.1040329082276333,0.1783141693608327,4.15516302802346,5.30635742707686,4.720569588921287,3.9674936831744567
2022-08-24,Lehra,8.447282463312149,1.1635206043720243,0.0,0.0,2.522304944694042,3.9319422096014014,4.66335429251194,5.135620016680459
2022-08-24,Malerkotla,12.2744380065373,3.1016276393617903,0.2372028476425579,0.5185761297387737,4.912474768502372,5.374761973108564,4.458192603928702,4.4553001329701925
2022-08-24,Moonak,6.748246669769287,0.6639539102713267,0.0,0.0,2.245504299799601,3.130405386288961,4.7402046124140425,6.462772748836343
2022-08-24,Sangrur,12.047729969024658,2.242120193583625,0.0608841459532933,0.0798899251302438,3.776899593217032,4.757003775664738,4.556997248104641,5.68101991070535
2022-08-24,Sunam,10.434185028076172,1.6651346044881004,0.0117540792728375,0.0120398856732728,2.977780631610325,4.221667664391654,4.371735913412912,5.666551411860617
2022-08-25,Dhuri,1.3117623112418435,0.2545987628400326,0.3629215190356428,3.421074227853255,2.821673805063421,2.680174654180353,0.4341108514503999,3.908112562949727
2022-08-25,Lehra,0.4018646096810698,0.0,0.105574831366539,3.155451372265816,2.333371214568615,2.64119254052639,0.7296994253993034,6.686443325234195
2022-08-25,Malerkotla,1.60016445176942,0.6056145163519042,0.7314160327826228,3.685612763677325,3.212502360343933,2.4587574005126958,0.44120533232178,3.622547145041504
2022-08-25,Moonak,0.2317084036767482,0.0002129585288154,0.1138618811964988,2.975942293802897,2.133599877357483,2.1744584143161774,0.601563518246015,7.210023774823046
2022-08-25,Sangrur,0.9554299456732612,0.1331606455413358,0.1930961129920823,3.3209323457309177,2.749252983501979,2.74958257164274,0.3964248693415096,6.440691824813914
2022-08-25,Sunam,0.6245880563344274,0.0299309488119823,0.1007252316921949,3.106645567076547,2.250363188130515,2.539783877985818,0.4462064344968114,6.991581274416005
2022-08-26,Dhuri,8.07837742025202,4.984613743695346,5.063186255368319,4.90645077011802,5.513338327407837,1.0135094550522892,0.4665327654643492,5.026236541148842
2022-08-26,Lehra,3.041486844420433,0.535989610478282,2.972943142056465,3.796798914670944,3.1996906846761703,0.549326004460454,0.3239121027290821,5.834278850247591
2022-08-26,Malerkotla,8.08199656009674,6.879352467400687,5.736098800386701,5.211370434079852,5.439865861620222,1.1009910298245291,0.5197084460939679,4.99929441650886
2022-08-26,Moonak,2.4700331687927246,0.4177270171542962,2.514768819014231,3.797532935937246,2.709329128265381,0.5255355710784594,0.5286714260776838,5.744361332585138
2022-08-26,Sangrur,6.527286938258579,3.150748744606972,4.475943497249058,4.424287378787994,4.89153836454664,1.098680605845792,0.4381734249847276,7.244475422996732
2022-08-26,Sunam,4.191096646445138,1.3466363070266587,3.292444033282144,3.623625848974501,3.700124340397971,0.7722844704985619,0.33037895070655,6.795225070627369
2022-08-27,Dhuri,5.099995916539973,1.586290936578404,3.0318410071459683,1.5535319501703435,0.3784778036854483,0.3679892779751257,0.8330924619327892,6.572995883035954
2022-08-27,Lehra,0.5494932886213064,0.3138222629204392,2.253919169306755,0.9930742532014848,0.1472479980438947,0.3098439313471317,0.369581650942564,6.277329342993611
2022-08-27,Malerkotla,7.445751769202096,2.6985317042895725,3.526708040918623,1.7166156428200858,0.4260777266962187,0.4789885197366987,1.2203834099428994,6.1952210804159265
2022-08-27,Moonak,0.394823965926965,0.3092712213595708,2.268297632535299,0.6847607865929604,0.1172003342459599,0.1737375631928444,0.3129119252165158,5.673248008598943
2022-08-27,Sangrur,2.34806136574064,0.8515881885375295,2.0500684082508087,1.2177744316203254,0.2587478682398796,0.2527568563818931,0.5066599856529918,9.346197910276349
2022-08-27,Sunam,1.1299879167761122,0.4702232581164156,1.9434169275420048,1.0105385035276413,0.1821930506931884,0.2886171607034547,0.4249829788293157,7.876072135331883
2022-08-28,Dhuri,1.1107287217270243,0.7909810190851038,1.2662387165156277,0.2348120239647952,0.2596374682404778,0.2345537441697987,0.6305657449093732,6.122138229470367
2022-08-28,Lehra,0.0267075918382033,0.2356087421067059,0.2240892904810607,0.1477095657028257,0.2451227037236094,0.0,0.5962766017764807,5.760231701169696
2022-08-28,Malerkotla,2.4467101309980666,1.4363794305494852,1.3334539362362452,0.1911035158804484,0.3321843344186033,0.3361571691930294,0.6253058431403977,5.609106751529145
2022-08-28,Moonak,0.0231626712096234,0.1666651678582032,0.0735932973523934,0.1564441733062267,0.2153464617828528,0.0,0.5351233879725138,4.919613017908037
2022-08-28,Sangrur,0.4142556113323995,0.5126255213149956,0.6862769893237523,0.2536442098873002,0.20522095103349,0.1231869573571852,0.4235215357371739,8.309804903800076
2022-08-28,Sunam,0.1527698979313884,0.3502552748790809,0.4217207697885377,0.2296299011047397,0.167390749124544,0.0354796473069914,0.4017324096390179,7.143581021360677
2022-08-29,Dhuri,0.5107539892196655,0.4768668656999414,0.0,0.3600108542225577,0.4436086023395711,0.2947767918760126,0.43113012611866,5.794267009646231
2022-08-29,Lehra,0.2561301672831177,0.0201472636836115,0.0,0.0994642281439155,0.3431340204551816,0.314026272855699,0.2414867896586656,5.631381954258643
2022-08-29,Malerkotla,0.6925138980150223,0.6449499332479068,0.0,0.487510940858296,0.5652165700282369,0.335392245224544,0.4253250562718936,5.609011785300362
2022-08-29,Moonak,0.1741535067558288,0.016828316108634,0.0,0.0961577693621317,0.41077421605587,0.3632047648231188,0.1550203959147135,5.464968116211034
2022-08-29,Sangrur,0.3253038387213434,0.2936347680432455,0.0,0.282399876841477,0.360778455223356,0.2562448361090251,0.3741582280823162,7.378299957509514
2022-08-29,Sunam,0.3132066737328257,0.1301593688050551,0.0,0.1670615909887211,0.3204011352998869,0.2498312576540879,0.2887085112077849,6.368328999316375
2022-08-30,Dhuri,0.3779124319553375,0.0,0.0856707481328736,0.2813680117780512,0.7449695467948914,1.979722467335788,0.3699477660385045,6.228389775332449
2022-08-30,Lehra,0.3561215559020638,0.0,0.0,0.1856123404577374,0.6051716133952141,1.2328083366155624,0.4106944408267736,5.4153054409870975
2022-08-30,Malerkotla,0.4444466350334031,0.0,0.2001737239105361,0.287156129521983,0.8367779723235539,2.1350644401141574,0.3919152835650103,6.285575721821086
2022-08-30,Moonak,0.1191705490152041,0.0,0.0,0.169380700836579,0.6156576623519262,1.268611987431844,0.3298465174933274,4.54047695154325
2022-08-30,Sangrur,0.4343064289007868,0.0,0.0118501354008913,0.2289684814001832,0.7525591147797448,1.694975699697222,0.4422451215130942,7.4030500922852385
2022-08-30,Sunam,0.4161226217235838,0.0,0.0002116564594741,0.1903791991727692,0.6374782472848892,1.317822311605726,0.4735251835414341,5.807461553673735
2022-08-31,Dhuri,0.0,0.2133108194578777,0.1899587512016296,1.3219835487279026,1.3529643199660562,0.4614017876711758,0.2996107136661356,6.023436921701303
2022-08-31,Lehra,0.0,0.0,0.0,1.2889892384409904,1.6248096078634262,0.5511900000274181,0.8364533670246601,4.926475677048202
2022-08-31,Malerkotla,0.0,0.2393794629190649,0.4207720341426985,1.533136295420783,1.4921535806996482,0.4745639424238886,0.1726623417011329,6.141962009953472
2022-08-31,Moonak,0.0,0.0,0.0029876936847964,1.129745826125145,1.4438352584838867,0.6029190421104431,0.739395260810852,3.9004855673532917
2022-08-31,Sangrur,0.0,0.1297071576783699,0.0925718372288559,1.3313311508723669,1.284409016370773,0.4291238476123128,0.4329792271767343,6.877000570028923
2022-08-31,Sunam,0.0,0.0374540338026625,0.0188072649762034,1.268229501588004,1.4348459669521876,0.4833761123674256,0.6055800925408091,5.209090785909164
2022-09-01,Dhuri,0.0,0.0,0.351482553915544,1.3561743064360186,0.365219616077163,0.4446316808462143,1.9205845269289883,5.354132548360232
2022-09-01,Lehra,0.0,0.0,0.5445007756352425,1.9299168214201927,0.2419664533808827,0.5417489316314459,2.3601804077625275,3.322091747309784
2022-09-01,Malerkotla,0.0,0.0,0.3901091287178652,1.4079165714127675,0.3561153401221548,0.4932309133665902,1.967087937252862,5.643425759659717
2022-09-01,Moonak,0.0,0.0,0.5225870410601298,2.060101350148519,0.1481590171655019,0.481453816095988,2.286979883909225,3.0684666851397346
2022-09-01,Sangrur,0.0,0.0,0.4332269291792597,1.296591809817723,0.4025464866842542,0.5495494369949613,2.0390939584800174,5.683228962224843
2022-09-01,Sunam,0.0,0.0,0.5492573039872306,1.5208070193018233,0.2884084028857095,0.5858663937875203,2.163307453904833,3.582988368635769
2022-09-02,Dhuri,0.0148697751362554,0.9631461772051724,1.935227199034257,0.3885514627803456,0.0,0.0477833834222771,1.715268395163796,4.417316253563015
2022-09-02,Lehra,0.0,1.0053686499595642,3.103550568223,0.5898663122206926,0.0,0.0379227972589433,1.1730703264474869,3.6127470480293846
2022-09-02,Malerkotla,0.0665515121737761,1.0325792964015688,1.7211480225835527,0.3849423921533993,0.0,0.1480748042065118,2.167046372379576,4.428327334924903
2022-09-02,Moonak,0.0,0.9416339645783106,2.8877843022346497,0.5859309037526449,0.0,0.1075262933348615,1.195194810628891,3.393222056508119
2022-09-02,Sangrur,0.0021783432790211,1.0548581182956696,2.608458604131426,0.4725790822080203,0.0,0.0873654632429991,1.915489443710872,5.019198570534394
2022-09-02,Sunam,0.0,1.028457258428846,3.132321230002812,0.5042240832533155,0.0,0.077108093204775,1.6002168250935418,3.605846937526747
2022-09-03,Dhuri,0.0,0.554643067446622,0.2398190064863725,0.0,0.0312972285530783,1.3425585437904706,5.202273173765703,4.436642022182405
2022-09-03,Lehra,0.0,0.7450568750500679,0.0,0.0,0.0,1.858687207102776,3.803246185183525,4.685674191120929
2022-09-03,Malerkotla,0.0063445687659883,0.687216620360102,0.209434530830809,0.0075373435559283,0.0580265795745487,1.4680698939732142,5.223786864961896,4.263768760722389
2022-09-03,Moonak,0.0,0.8183665523926417,0.0,0.0,0.0,2.210111300150553,3.091771145661672,4.7273350212129035
2022-09-03,Sangrur,0.0,0.5469467852796827,0.1574891242863876,0.0070962903888097,0.0698633757419884,1.740617824452264,4.92495460169656,4.056632978788758
2022-09-03,Sunam,0.0,0.6059978338224548,0.0497062540213976,0.0001802800189969,0.0138452716471095,1.926778073821749,4.115377400602613,3.549347576057504
2022-09-04,Dhuri,0.0,0.0,0.0,0.4737674810669638,1.7857331416823647,3.814236424186013,7.531958341598511,5.571078630272601
2022-09-04,Lehra,0.0,0.0,0.0,0.0845759048825129,1.5338229611516,4.251378208398819,7.076321870088577,5.586501692127804
2022-09-04,Malerkotla,0.0,0.0,0.0,0.4476346341626985,2.028363219329289,4.002034212861743,6.797893643379211,5.014647130770069
2022-09-04,Moonak,0.0,0.0,0.0,0.0132864241798718,1.3823047677675884,4.474009454250336,6.648448785146077,5.039942274110581
2022-09-04,Sangrur,0.0,0.0,0.0,0.2901331412472895,1.805303147860936,3.988586936678205,7.65819924218314,5.025012962521738
2022-09-04,Sunam,0.0,0.0,0.0,0.1512584109524531,1.7372890327657973,3.803780632359641,7.09040241582053,4.494661895035701
2022-09-05,Dhuri,0.0105197513899342,0.0,0.0,2.2740423570979726,4.918050050735474,4.352455821904269,7.524789333343506,7.638907801625172
2022-09-05,Lehra,0.0,0.0,0.0,1.909126311540604,4.189312145113945,4.023131847381592,6.830231636762619,9.268408729944689
2022-09-05,Malerkotla,0.0065230655350855,0.0,0.0,2.0987661949225838,4.789704884801592,3.5740766610418047,6.493508321898324,6.486355207026437
2022-09-05,Moonak,0.0,0.0,0.0,1.744331032037735,3.385547081629435,3.422156651814779,6.171465555826823,5.993936439268712
2022-09-05,Sangrur,0.0,0.0,0.0,2.0425561496189664,4.611521014145443,4.224788325173514,6.67164100919451,6.9830256542495
2022-09-05,Sunam,0.0,0.0,0.0,2.039819368294307,4.355452035154615,3.958466436181749,6.444569638797215,7.356573538419931
2022-09-06,Dhuri,0.0143753462894396,0.0,0.2964949011802673,1.1371689547191968,1.538343304937536,3.648159308867021,9.859031157060103,8.073351337947967
2022-09-06,Lehra,0.0,0.0874919993220828,0.4168555531650781,1.9726297482848167,1.4384608268737793,3.3763343393802643,8.678178578615189,8.307928901375853
2022-09-06,Malerkotla,0.0047442106130932,0.0,0.2796788029372692,0.9711020844323296,1.6505332291126251,3.5239815711975098,9.654143231255668,6.353456503622667
2022-09-06,Moonak,0.0,0.2071325319508711,0.5742581089337667,1.5870453516642251,1.2391412754853566,3.4263665874799094,7.411343733469645,5.511856915471317
2022-09-06,Sangrur,0.0086094403772481,0.0074057130508923,0.2838312690811498,1.2972885136093413,1.5785253175667353,3.020530010972704,9.297431349754332,6.761733568165293
2022-09-06,Sunam,0.0023593378053711,0.0520112590664731,0.2878556251525879,1.532704280955451,1.5633178566183363,2.9758494326046536,8.609564457620893,6.938384323869256
2022-09-07,Dhuri,0.0,0.0,0.10534020928158,0.30298582396724,1.6156333955851467,1.2405605180697008,5.33737284486944,18.470096484040003
2022-09-07,Lehra,0.0,0.0,0.2113046078011393,0.421704052016139,1.4888742789626122,1.302810974419117,6.631538480520248,10.864617303887341
2022-09-07,Malerkotla,0.0,0.0,0.113558653875121,0.27003878940429,1.4957891362054008,1.298279087458338,4.3742441875594,14.758471892448975
2022-09-07,Moonak,0.0,0.0,0.2463064367572466,0.4054977893829345,1.0773246139287949,0.9910766532023748,5.151417334874471,6.387999530515929
2022-09-07,Sangrur,0.0,0.0,0.1800507243190492,0.372501155095441,1.5696192596639906,1.4764679074287417,5.608654175485883,12.877033174910736
2022-09-07,Sunam,0.0,0.0,0.186012580458607,0.3802254093544824,1.4988136717251368,1.3477967253753118,5.973661882536752,11.26171942375194
2022-09-08,Dhuri,0.0,0.0,0.0286501302722502,0.6356151727112856,1.8982433080673216,4.114352399652654,10.7380972775546,22.1121800441338
2022-09-08,Lehra,0.0,0.0,0.1752824948634952,0.9284155927598476,1.926434889435768,5.022722989320755,12.916661322116852,13.423225181495958
2022-09-08,Malerkotla,0.0,0.0017836900161845,0.0370634170581719,0.4837344278182302,1.9744084221976144,3.3710807050977434,9.81293603352138,17.293429242890507
2022-09-08,Moonak,0.0,0.0021927521253625,0.1403269047538439,0.8091601977745692,1.2545118580261867,3.450415790081024,9.295949419339498,8.309998309541337
2022-09-08,Sangrur,0.0,0.007641398015299,0.1335095665417611,0.6955524714929717,2.0213058505739485,4.860644451209477,11.7741630758558,15.788304211684487
2022-09-08,Sunam,0.0,0.0014140164213521,0.248885493459446,0.8896721409899848,2.2030645736626218,5.30706524848938,12.743872846875872,13.48703798385625
2022-09-09,Dhuri,0.0,0.0883301979100162,0.8465477146885612,4.325693509795449,9.439070636575872,12.110761252316562,16.65654351494529,22.40283213200252
2022-09-09,Lehra,0.0,0.0,0.8556045666337013,2.746213510632515,9.112118482589722,16.570457577705383,16.77926468849182,14.05858923592076
2022-09-09,Malerkotla,0.0,0.1567097010889223,0.778439747435706,4.328285643032619,9.13830862726484,11.349126202719551,15.54988261631557,17.60535384376223
2022-09-09,Moonak,0.0,0.0,0.8445919851462046,2.063406397898992,7.620364268620809,16.186283111572266,14.930215438206991,8.619051599072522
2022-09-09,Sangrur,0.0,0.0036162629590502,1.1617852875164576,4.157540432044438,8.923982688358851,12.053176948002406,15.615893261773246,15.772051749386291
2022-09-09,Sunam,0.0,0.0,1.0822737493685313,3.4676018272127425,8.707163402012416,13.42197264943804,15.327266011919294,13.786583817680636
2022-09-10,Dhuri,0.3497240177609704,0.7373814880847931,2.262994424863295,17.350349469618365,25.125278386202726,12.80627324364402,21.607076038013805,21.159362996398478
2022-09-10,Lehra,0.3712051250040531,0.5531554520130157,2.742107316851616,22.40510392189026,26.56452298164368,14.182520389556885,22.94014286994934,12.575158906425646
2022-09-10,Malerkotla,0.3001060991414955,1.1408302720103944,2.12454640013831,16.260037864957535,24.176417759486608,13.116639307567052,19.762888976505824,16.95185477895485
2022-09-10,Moonak,0.2770985811948776,0.6902755796909332,2.8675649960835776,21.597490628560383,26.46298281351725,14.595214446385702,21.746444384257,7.484166803350448
2022-09-10,Sangrur,0.4619559496641159,0.8206100266958986,2.686166286468506,17.77067800930568,23.254100731440957,12.326879058565412,23.55781480244228,14.498849853363428
2022-09-10,Sunam,0.4304943329521588,0.6931227647832462,2.594601273536682,19.42100470406669,23.94495459965297,12.722483021872383,22.96455492292132,12.686488450452508
2022-09-11,Dhuri,0.4254015047441829,0.5700188672000711,1.8066875555298545,1.55592741207643,4.486502549865029,21.726081414656207,15.5559063391252,19.70710967719697
2022-09-11,Lehra,0.2333496697247028,0.3819602709263563,1.7291875258088112,2.624351814389229,10.298904478549955,25.42872405052185,17.39079588651657,11.819333160508716
2022-09-11,Malerkotla,0.4550194804157529,0.5986722292644637,1.7294784188270569,1.4575581167425429,3.681169543947493,19.4715393611363,15.01444114957537,15.65828635306763
2022-09-11,Moonak,0.3099703987439473,0.3626848732431729,1.9235302805900572,2.857135196526845,11.408033847808838,24.87005360921224,18.4737651348114,7.362153645759152
2022-09-11,Sangrur,0.2981616945138999,0.5282569080591202,1.6244520332132066,1.8990453609398432,6.474360278674534,23.075534888676238,16.887534516198293,13.433151737967226
2022-09-11,Sunam,0.2742079762475831,0.4055617334587233,1.6813927335398535,2.2434500200407848,8.1829891034535,24.048752580370223,17.341318164552963,11.809586921272507
2022-09-12,Dhuri,0.2101259111342105,2.323033809661865,3.716302806680853,7.770981788635254,7.684095274318349,9.285148880698465,6.595942085439509,18.67730421205713
2022-09-12,Lehra,1.078424148261547,3.1584420055150986,8.093002557754517,9.186423391103745,21.182295262813568,8.040164738893509,6.948062866926193,8.761607712690562
2022-09-12,Malerkotla,0.087772070164127,2.226339889424188,3.661218217441014,7.535758205822536,7.107772060803005,10.080645629337855,6.504335386412484,14.70968097047437
2022-09-12,Moonak,1.0236215094725292,2.5505230029424037,9.497380336125692,9.480597138404846,24.01478354136149,7.091769258181254,5.387628634770711,5.9833264312295595
2022-09-12,Sangrur,0.4848972239664623,2.497751695769174,4.331090152263641,6.997580392020089,10.025172574179512,7.513386368751526,6.333474210330418,12.645621665273765
2022-09-12,Sunam,0.8558667419212205,3.002030994210924,6.50328175510679,8.364602633884974,15.972003511020116,7.900998370988028,6.976733037403652,10.109915912901645
2022-09-13,Dhuri,4.025771802121943,10.79572389342568,18.84864434328946,28.7606146552346,11.370757102966309,3.661863023584539,3.525037266991355,21.97063788382639
2022-09-13,Lehra,5.945679485797882,13.802012026309969,20.17620086669922,31.330706477165226,9.976617395877838,3.937432736158371,4.424065366387367,12.301011328111407
2022-09-13,Malerkotla,3.00052786724908,10.441379513059344,16.832481248038157,27.284732273646764,10.785227298736572,3.451484194823674,2.9999458449227467,17.417114873398983
2022-09-13,Moonak,4.753519018491109,13.55159330368042,18.70223395029704,30.460259278615315,8.9434521595637,3.676264444986979,4.44396432240804,7.631304960369247
2022-09-13,Sangrur,4.611525671822684,11.310257843562535,18.320096458707532,27.892827647072927,10.550260611942836,3.4812275682176863,3.3922079631260464,16.367126688873896
2022-09-13,Sunam,5.333737577710833,12.234816789627075,19.085801362991333,29.45827279772077,10.033152614321027,3.582005705152239,3.7812491399901256,13.135794421625013
2022-09-14,Dhuri,1.7405170473185452,6.246515989303589,8.580640250986272,0.8485790978778492,0.2334369271993637,0.1858188973909074,0.8344696055759083,16.558316164260656
2022-09-14,Lehra,1.9243596494197843,6.87347075343132,5.646782755851746,0.8803178705275059,0.2244851095601916,0.2044301098212599,0.9244208186864852,11.021138457710983
2022-09-14,Malerkotla,2.0165124918733324,5.531768781798227,9.70708533695766,0.9577194303274156,0.2381526907639844,0.1827190892238702,0.8669610704694476,13.345190225639158
2022-09-14,Moonak,2.412816484769185,7.011452515920003,4.633904755115509,0.9657691518465678,0.1799436633785565,0.288811602940162,0.7974773844083151,8.247854861324116
2022-09-14,Sangrur,2.040227081094469,6.424951297896249,7.046019860676357,0.8875160557883126,0.2085953269686017,0.2421711749796356,0.7071580077920642,13.96943071094445
2022-09-14,Sunam,1.7415292412042618,6.0384238958358765,5.204139811652047,0.8190045378037861,0.1841887182423046,0.1899474292461361,0.6549246779509953,10.850180215685196
2022-09-15,Dhuri,2.4511766650459985,0.5575948425314643,0.0519761587069793,1.924178416078741,1.9218074625188653,0.5021184926683252,0.0289517534388737,16.090797689376764
2022-09-15,Lehra,2.437466397881508,0.5857073366641998,0.0,1.3018431439995766,1.9479539319872856,0.5843478068709373,0.0639054928906261,12.89754079479205
2022-09-15,Malerkotla,2.139345015798296,0.4688925838896206,0.0905175561617527,2.107531888144357,1.6129860026495797,0.6108402492744582,0.0077699276485613,13.63243690368143
2022-09-15,Moonak,2.1118968427181244,0.3103174269199371,0.0060300330320994,0.9757303446531296,1.5670038759708405,0.7439987560113271,0.1579987524698178,13.455503183590864
2022-09-15,Sangrur,2.353328517505101,0.4201941591288362,0.1018652973164405,1.581155036176954,1.788874021598271,0.5022272935935429,0.1011344072009835,15.826151096871813
2022-09-15,Sunam,2.111681410244533,0.4042701550892421,0.0241772553417831,1.3510896818978446,1.49034463933536,0.4612874622855867,0.0998095156891005,12.87063987494917
2022-09-16,Dhuri,0.0,0.0,0.0,0.0,0.0,0.0,0.0259927883744239,21.01768868156715
2022-09-16,Lehra,0.0,0.0,0.0,0.0,0.0,0.0,0.0,28.79303573052745
2022-09-16,Malerkotla,0.0107563025584178,0.0,0.0,0.0,0.0,0.0,0.0097295595000364,15.437670203639815
2022-09-16,Moonak,0.0007137466066827,0.0,0.0,0.0,0.0,0.0035687334214647,0.0007137466066827,36.147539005134384
2022-09-16,Sangrur,0.0103813634653176,0.0,0.0,0.0,0.0,0.0002705678676388,0.0884265685454011,23.64785636781665
2022-09-16,Sunam,0.0016487883403897,0.0,0.0,0.0,0.0,0.0013190305658749,0.0211509966091918,26.938234510336
2022-09-17,Dhuri,0.0,0.0,0.0489615945314819,0.0,0.0,0.0424676962958818,0.6874081790447235,72.06178777234885
2022-09-17,Lehra,0.0,0.0,0.0,0.0208914743270725,0.0,0.4564649686217308,1.1742359921336174,88.35960231414414
2022-09-17,Malerkotla,0.0,0.0021427181948508,0.0791927628618266,0.0,0.0,0.0503272992292685,0.7213719402040754,55.09881774643437
2022-09-17,Moonak,0.0,0.0,0.0024656251383324,0.1120140887796878,0.0,0.4309860294063886,1.2544294893741608,101.45671629737173
2022-09-17,Sangrur,0.0,0.0097735531495085,0.0903378441663725,0.0,0.0,0.1709716326690145,0.8974088366542544,84.25861264726008
2022-09-17,Sunam,0.0,0.0003068638034164,0.0188654221793902,0.0024499670336289,0.0,0.3323444873094558,0.8906504745994296,89.8331331953543
2022-09-18,Dhuri,0.0,0.0,0.0,0.0,0.140977148305286,1.4714357609098607,2.055570038882169,74.58380340582191
2022-09-18,Lehra,0.0,0.0,0.0,0.0,0.214428068138659,2.230930671095848,1.631874293088913,88.81621479107157
2022-09-18,Malerkotla,0.0,0.0,0.0026073101907968,0.0,0.1279479149462921,1.8030897080898285,1.9174382601465496,58.920448016330965
2022-09-18,Moonak,0.0,0.0,0.0036727475623289,0.0036727475623289,0.2982377422352631,2.3855889240900674,1.878641257683436,101.92117678186887
2022-09-18,Sangrur,0.0,0.0,0.0,0.0,0.0178489489148237,1.825125196150371,2.069768220186233,85.94103776657242
2022-09-18,Sunam,0.0,0.0,0.0,0.0,0.1076111846736499,1.8314345393862044,1.569363355636597,90.76472513875561
2022-09-19,Dhuri,0.0,0.3174689056521112,1.0776138793338428,0.6173004738309167,2.0015489513223823,1.908130857077512,4.640260761434382,73.70066353979564
2022-09-19,Lehra,0.0,1.2791321389377115,1.0961711294949057,2.072569623589516,1.4516942463815212,3.041015028953552,4.758140683174133,87.6727532986299
2022-09-19,Malerkotla,0.0134604489098169,0.1911761702171393,0.8498211737189975,0.4461952426603862,2.2071478196552823,1.4961051430021013,4.136408746242523,58.283987993594
2022-09-19,Moonak,0.0006969564128667,1.192098245024681,1.1121076494455338,1.996636648972829,1.6886075834433238,2.410314828157425,3.972446342309316,100.83709322625842
2022-09-19,Sangrur,0.0174873636237212,0.6188549197145871,1.0830088300364358,0.9713841123240334,1.521099030971527,2.0030178001948764,4.136739083698818,84.83566286711935
2022-09-19,Sunam,0.0017110847734979,0.9776110414947782,0.9021209499665668,1.337877094745636,1.4057591685226984,2.2764235522065843,4.072976325239454,89.56614638337456
2022-09-20,Dhuri,0.9194492372599516,1.7008276744322344,2.1029500527815386,2.8460679812864824,3.3216969966888428,1.9702161387963728,0.4966110207817771,69.82186769315737
2022-09-20,Lehra,1.4526739455759523,2.2976586669683456,4.391116097569466,3.622473314404488,4.154911264777184,1.9300176501274109,1.79682619869709,86.47100239798249
2022-09-20,Malerkotla,0.7307961040309497,1.3029625437089376,1.728430266891207,2.768125934260232,3.1806747998510088,1.969862065144948,0.3664590705718313,54.906084406422465
2022-09-20,Moonak,1.287853832046191,2.3217687904834747,3.32862389087677,3.580187737941742,3.2729626893997192,1.4872199892997742,2.418126026789347,101.34494412444269
2022-09-20,Sangrur,1.2562544686453685,1.7203825286456518,2.5989477889878407,3.1920373184340343,3.2787403890064786,1.7216555561338152,0.7333549303667886,81.19106355002236
2022-09-20,Sunam,1.3906131450619017,1.7848583204405648,3.0813003948756625,3.289335174219949,3.4890573791095187,1.624396447624479,1.1079178473779134,87.51307669904425
2022-09-21,Dhuri,5.178965828635476,7.154130697250366,14.672782030972568,10.413573655215176,2.689506628296592,0.9427172487432306,1.1064932292157954,65.21639797546321
2022-09-21,Lehra,5.022804528474808,7.448686867952347,13.846656024456024,5.67628812789917,2.2584022134542465,0.5715156383812428,0.8755095414817333,85.99002737402262
2022-09-21,Malerkotla,4.727416787828718,6.904181582587106,13.939485652106148,10.661016259874616,2.867269660745348,0.9637744022267204,1.117104988012995,50.787177329933996
2022-09-21,Moonak,4.0896585782368975,7.034080584843953,11.134235302607218,4.911875565846761,1.8913340071837108,0.5485596433281898,0.7989162703355154,99.90754936635844
2022-09-21,Sangrur,5.304090176309858,7.721055933407375,12.74339815548488,9.445114595549446,2.610729213271822,0.6681809883032527,0.9107069777590888,77.8535382786546
2022-09-21,Sunam,5.248655080795288,8.157733406339373,13.142822810581752,7.788487740925379,2.252131645168577,0.5949755662253925,0.9122828181300844,86.10913694842311
2022-09-22,Dhuri,3.754655241966248,10.476350177418102,7.580609863454645,1.874662681059404,0.5118462294340134,0.2592929181727496,0.257626784118739,62.51882222581233
2022-09-22,Lehra,4.553814500570297,11.553259074687958,7.206151306629181,1.5750978365540504,0.4361304948106408,0.2033227095380425,0.1949783805757761,81.7381141628195
2022-09-22,Malerkotla,3.432911217212677,9.98848535333361,7.847808241844177,1.8008514472416468,0.5956076447452817,0.2180143014660903,0.1420107984117099,48.69973630165639
2022-09-22,Moonak,5.1642641226450605,12.794726530710856,8.233825087547302,1.5915230711301167,0.5608973254760107,0.1844916902482509,0.1469948682934045,93.50752378790527
2022-09-22,Sangrur,3.898202283041818,10.67501848084586,7.6241355282919745,1.827139160462788,0.5379315614700317,0.2434205466083117,0.2494483204292399,73.20868402381231
2022-09-22,Sunam,3.734174685818808,9.820425033569336,6.668769495827811,1.56968035868236,0.4614693458591188,0.2156200746872595,0.2216073987739426,81.90901631781303
2022-09-23,Dhuri,16.09913258119063,26.436759168451484,1.1145649254322052,0.1393316154452887,0.1206993733278729,0.0893660287626765,0.0,60.8661515393518
2022-09-23,Lehra,22.25202703475952,25.230968713760376,1.0175308287143707,0.0619700632523745,0.1457679052837193,0.0201249949459452,0.0,67.1146624457717
2022-09-23,Malerkotla,13.726215873445785,25.848161356789724,1.209674990602902,0.1138851927327258,0.0713137338337089,0.165138733706304,0.0,50.40661346465573
2022-09-23,Moonak,24.603467146555584,28.97556988398234,1.2440654039382937,0.1326301315178474,0.1577583377559979,0.0220485667232424,0.0,71.89904164528447
2022-09-23,Sangrur,15.09898121016366,24.91843693596976,1.2632421510560172,0.1013573873788118,0.1007180247189743,0.0619066646987838,0.0,69.2175901922798
2022-09-23,Sunam,19.25903235163008,27.65211663927351,1.3140031801802772,0.0352879341558686,0.1344474671142441,0.067290616354772,0.0,70.12588636786829
2022-09-24,Dhuri,19.35205940766768,0.055804226970808,0.0,0.1251936961304057,0.2361297729340466,0.0,0.1241043778983029,12.340339814384304
2022-09-24,Lehra,17.950513780117035,0.0566534784156829,0.0,0.1408168603666126,0.1222949591465294,0.0,0.0826759999617934,10.17180055886604
2022-09-24,Malerkotla,22.365820510046824,0.0630937391625983,0.0,0.1184895171650818,0.1687842027417251,0.0,0.1160852326346295,12.849705008526024
2022-09-24,Moonak,20.03029743830363,0.0474840664925674,0.0,0.1650425052891174,0.1410192816207806,0.0,0.0127763721781472,8.293320561152967
2022-09-24,Sangrur,20.357530082975117,0.0233958901371806,0.0,0.1921777484406318,0.197267903813294,0.0,0.129551158153585,11.062146753074678
2022-09-24,Sunam,18.94996932574681,0.00474052262559,0.0,0.2056156601756811,0.1730766328317778,0.0,0.0970511330025536,9.468673717838326
2022-09-25,Dhuri,0.1590224788947538,0.0,0.0,0.0,0.0,0.0,0.0,9.672351468416513
2022-09-25,Lehra,0.0225519545492716,0.0,0.0,0.0,0.0,0.0,0.0,9.58040618918523
2022-09-25,Malerkotla,0.1317644074027027,0.0,0.0219759709600891,0.0,0.0,0.0,0.0,8.822706479022635
2022-09-25,Moonak,0.0172402682558943,0.0,0.0,0.0,0.0,0.0,0.0,7.630430525434275
2022-09-25,Sangrur,0.1245885806025138,0.0,0.0,0.0,0.0,0.0,0.0,9.28988452812072
2022-09-25,Sunam,0.0788940897078386,0.0,0.0,0.0,0.0,0.0,0.0,8.418068442053197
2022-09-26,Dhuri,0.0,0.0,0.0,0.0,0.0,0.0,0.0,9.507550105158773
2022-09-26,Lehra,0.0,0.0,0.0,0.0,0.0,0.0,0.0,9.501785132416611
2022-09-26,Malerkotla,0.0,0.0,0.0,0.0,0.0,0.0,0.0,8.640931462852418
2022-09-26,Moonak,0.0,0.0,0.0,0.0,0.0,0.0,0.0,7.5885402643486985
2022-09-26,Sangrur,0.0,0.0,0.0,0.0,0.0,0.0,0.0,9.218788263157903
2022-09-26,Sunam,0.0,0.0,0.0,0.0,0.0,0.0,0.0,8.38622167997505
2022-09-27,Dhuri,0.0,0.0,0.0,0.0,0.0,0.0,0.1421890197829766,8.720409664267807
2022-09-27,Lehra,0.0,0.0,0.0,0.0,0.0,0.0,0.1450527452398091,6.835407247147972
2022-09-27,Malerkotla,0.0,0.0,0.0,0.0,0.0,0.0,0.1537286822817155,8.321928908598299
2022-09-27,Moonak,0.0,0.0,0.0,0.0,0.0,0.0,0.253345362842083,5.321632525371613
2022-09-27,Sangrur,0.0,0.0,0.0,0.0,0.0,0.0,0.1901195805652865,8.359849015021332
2022-09-27,Sunam,0.0,0.0,0.0,0.0,0.0,0.0,0.1982772337006671,6.92064288282903
2022-09-28,Dhuri,0.0,0.0,0.0,0.0,0.0,0.0526327859102325,2.724416656927629,8.183564301944871
2022-09-28,Lehra,0.0,0.0,0.0,0.0,0.0,0.3191344989463687,2.548921376466751,5.854871764552953
2022-09-28,Malerkotla,0.0,0.0,0.0,0.0,0.0,0.0191113442415371,2.752393535205296,7.995626059518795
2022-09-28,Moonak,0.0,0.0,0.0,0.0,0.0,0.4163624991973241,2.410848240057627,4.905101898636114
2022-09-28,Sangrur,0.0,0.0,0.0,0.0,0.0,0.1232053432613611,2.7625062465667725,7.850070593231625
2022-09-28,Sunam,0.0,0.0,0.0,0.0,0.0,0.2055821357561009,2.4412325748375485,6.166928558528858
2022-09-29,Dhuri,0.0,0.0,0.0,0.0,0.4035521623763171,6.81293873353438,15.923366113142531,7.62969611770123
2022-09-29,Lehra,0.0,0.0,0.0,0.0,0.7741549797356129,7.694445043802261,16.502886474132538,5.586115884394466
2022-09-29,Malerkotla,0.0,0.0,0.0,0.0,0.4143922749374594,7.028300762176514,16.76131636755807,7.342430048544028
2022-09-29,Moonak,0.0,0.0,0.0,0.0,0.6943114052216212,6.003207484881084,12.54317593574524,4.125666459190045
2022-09-29,Sangrur,0.0,0.0,0.0,0.0,0.5167206962193761,6.832645722797939,16.75011478151594,7.592499891871441
2022-09-29,Sunam,0.0,0.0,0.0,0.0,0.6814876943826675,7.638100045067923,17.887352091925486,6.028471101910659
2022-09-30,Dhuri,0.0,0.0,0.0,0.0182306742380288,1.7639821063388477,14.857488762248646,9.033504637804898,3.8946942435316356
2022-09-30,Lehra,0.0,0.0,0.0,0.0293581821024417,2.638694733381272,14.003543376922607,5.652733772993088,3.4364232433771416
2022-09-30,Malerkotla,0.0,0.0,0.0,0.0056217859299587,1.4171577734606606,13.843484606061663,10.541301199368068,3.6454195217778245
2022-09-30,Moonak,0.0,0.0,0.0,0.0642596228669087,2.1078695754210157,9.243130962053934,4.03216818968455,2.5561158920372686
2022-09-30,Sangrur,0.0,0.0,0.0,0.0601776570879987,2.0900783027921404,13.39767735345023,7.160353081566947,3.3539689997889046
2022-09-30,Sunam,0.0,0.0,0.0,0.051013920456171,2.2940739520958493,13.021055391856605,6.025840095111302,3.045101559023278
2023-06-01,Dhuri,0.1740205680782144,0.0,0.0,0.0029188178225674,0.3376335149461573,0.0,0.0,3.3582053522183366
2023-06-01,Lehra,0.1510681426152587,0.0,0.0,0.0,0.309069937095046,0.0224943093489855,0.0,4.218968512410367
2023-06-01,Malerkotla,0.263238469937018,0.0,0.0,0.0021445819708917,0.3262914887496403,0.0,0.0,3.606318969324699
2023-06-01,Moonak,0.1185669855525096,0.0,0.0,0.0,0.307426743209362,0.0443790978752076,0.0,0.9310278601918082
2023-06-01,Sangrur,0.1843751237860747,0.0,0.0,0.0,0.3411219779934202,0.0,0.0,2.699409838274244
2023-06-01,Sunam,0.1688025599079472,0.0,0.0,0.0,0.3217147492936679,0.0007099331622677,0.0,4.636217678208089
2023-06-02,Dhuri,0.0024702863831242,0.0,0.0205776435534723,0.5392400988123633,0.0408934802240268,0.1500014056536284,0.0228965863246809,3.5783858938214057
2023-06-02,Lehra,0.0768190789967775,0.0,0.0043175082537345,0.2791421189904213,0.0582412898074835,0.1084054871462285,0.0325358363916166,4.253583441604379
2023-06-02,Malerkotla,0.0,0.0,0.001007192734895,0.6160493578229632,0.0602442564974938,0.1208619499312979,0.0261629428381898,3.74920016647755
2023-06-02,Moonak,0.0688742917651931,0.0,0.0,0.2061145852009455,0.055594987856845,0.1383380057911078,0.0841714429358641,0.9296093797895454
2023-06-02,Sangrur,0.013140753576798,0.0,0.0219125559586765,0.3966082856059074,0.0352014257639114,0.1645654828420707,0.0057683549571915,2.7767144469636365
2023-06-02,Sunam,0.0454953344139669,0.0,0.010659482180407,0.3055351110441344,0.0492105821280607,0.1450071068746703,0.0187889256880485,4.712923219864486
2023-06-03,Dhuri,0.0,0.0,0.0975397496738217,0.4512682651931589,0.0,0.0496644020419229,0.0902949679981578,5.937458659616492
2023-06-03,Lehra,0.0231355705764144,0.0,0.0636334922164678,0.9956775233149529,0.0092749741015722,0.0564663396216928,0.0590694205020554,6.0351207623147545
2023-06-03,Malerkotla,0.0,0.0077190439250054,0.1001057872282607,0.3645201144473893,8.368486305698752e-05,0.0592689679137298,0.1273439281753131,4.88196342253476
2023-06-03,Moonak,0.0499124169970552,0.0,0.0603700677553812,0.9532781541347504,0.0069405405083671,0.0603700677553812,0.0944117779533068,1.0376332548643963
2023-06-03,Sangrur,0.0,0.0,0.0817313154361077,0.570826028074537,0.0055179093864613,0.0531917906233242,0.1138263347425631,4.201527500417894
2023-06-03,Sunam,0.000861211180953,0.0,0.077021960302123,0.8662186584302357,0.0195075234597814,0.0609465406409331,0.111663238145411,7.29085211524196
2023-06-04,Dhuri,0.1900908621874722,0.0964066657153042,0.2611614905975081,0.1630729216743599,0.0891517996788024,0.3136350106109272,0.2332185113971883,5.884935294062626
2023-06-04,Lehra,0.1799790300428867,0.14790022931993,0.5242867171764374,0.5723269321024418,0.2240268774330616,0.7001416012644768,0.3200164679437876,5.918536168966644
2023-06-04,Malerkotla,0.1692042316177061,0.0764710469437497,0.1968348026275634,0.0509051682560571,0.0733121380742107,0.2757035839770521,0.2806731749858175,4.868197903690921
2023-06-04,Moonak,0.1636955266197522,0.1516901950041453,0.4905324603120486,0.3712174668908119,0.216468075911204,0.8029985874891281,0.312040314078331,0.9932308214994781
2023-06-04,Sangrur,0.2110730037093162,0.1126934508127825,0.3111467765910284,0.3235557835016932,0.1271640293832336,0.4007966124585697,0.2530819997191429,4.034165025214006
2023-06-04,Sunam,0.2283580931169646,0.1526278321232114,0.4471849352121353,0.5680473372340202,0.1863285319081374,0.5778715514710971,0.2968809594001089,7.124647329634364
2023-06-05,Dhuri,0.0375238057141276,0.3749036490917206,0.1150209470228715,0.0304574771276251,0.2341070635752244,0.119009372185577,1.3185131333091042,5.541417478118963
2023-06-05,Lehra,0.1586684472858905,1.097632560878992,0.1899475012905895,0.3959584543481469,0.1496687117032706,0.0887961480766534,2.5569531247019768,5.242776158636736
2023-06-05,Malerkotla,0.0059369714997176,0.2456919934068407,0.0521296206861734,0.0009555811245393,0.2186435785676752,0.1186576323317629,1.3020212543862206,3.412152428999304
2023-06-05,Moonak,0.1353108398616314,0.9371380160252252,0.1004923299575845,0.3023811628421147,0.0967758474871516,0.0765458863849441,2.147919714450836,0.771101362413913
2023-06-05,Sangrur,0.0785705439214195,0.4408438040741852,0.1299080015825373,0.0742007538543215,0.2058532395000968,0.1329119889331715,1.6011722343308583,3.4395013331184434
2023-06-05,Sunam,0.1247627940028905,0.701710897896971,0.1728473638317414,0.1936159765880022,0.1583034803292581,0.105950789792197,2.1684919595718384,6.491114654187692
2023-06-06,Dhuri,0.8438998514955695,0.2478130859407511,0.5182557349855249,0.5478166707537391,0.7538097419522025,1.9178150404583325,2.811907621947202,3.7014434569752557
2023-06-06,Lehra,0.8282347433269024,0.5340774692595005,0.6588233429938555,0.4188487157225609,0.6100979708135128,1.5152311474084854,1.4034729972481728,2.8405693308680924
2023-06-06,Malerkotla,0.8466982053858894,0.2004073773111616,0.5531017131039074,0.7902223552976336,0.8692491778305599,2.675615527800151,3.634040176868439,2.1197441990129544
2023-06-06,Moonak,0.7025525023539861,0.4551002358396848,0.6967585931221644,0.3827381109197934,0.4722896416982015,1.2989343603452046,1.2446864247322085,0.32449484410896856
2023-06-06,Sangrur,0.8824194499424526,0.3221512303820678,0.4798329408679689,0.4716897053377969,0.7740637340715953,1.85455915757588,2.474314353295735,2.195345482687527
2023-06-06,Sunam,0.8470791727304459,0.4035390487739018,0.501823179423809,0.4191646288548197,0.6964756782565799,1.5331357206617082,1.8146267661026545,3.7410844957183182
2023-06-07,Dhuri,0.3390959704464132,0.9262513518333436,0.5852493995969946,1.9650121222842825,1.4942229877818711,3.336481820453297,7.561148036609996,3.5665049825333295
2023-06-07,Lehra,0.5654992088675499,1.296800546348095,0.6452355980873108,1.975164003670216,1.365858107805252,2.3778544515371323,7.147084146738052,2.2748021806550014
2023-06-07,Malerkotla,0.2732220206941877,0.7287895722048623,0.5107282432062286,2.035715345825468,1.5866113432816096,3.8966576542173113,8.306521637099129,2.178240299245625
2023-06-07,Moonak,0.6368065526088079,1.3811615109443665,0.6032139013210932,1.994763106107712,1.307074099779129,2.3271596829096475,7.155785361925761,0.2331333475214598
2023-06-07,Sangrur,0.3840626116309847,0.9884410372802188,0.6355531875576291,1.9750401207378927,1.3177305204527718,2.8719455770083835,7.205178362982614,2.130004291398994
2023-06-07,Sunam,0.4638253663267408,1.1953066225562776,0.6812274413449424,1.9981505955968584,1.3660481316702706,2.635979396956308,7.251503365380423,3.5042029463200794
2023-06-08,Dhuri,0.2467345006086609,0.8710934519767761,0.693681226535277,1.4625231190161272,1.4397348924116655,5.492943221872503,11.905797308141535,2.635012753765804
2023-06-08,Lehra,0.3034761967137456,0.554095970466733,0.4210024382919073,0.4385571368038654,0.704862043261528,2.7534596771001816,7.371166944503784,1.8260574620292083
2023-06-08,Malerkotla,0.2345199749938079,1.0285362537418092,1.018210396170616,1.9822679162025447,1.871944282736097,7.189538104193551,13.029121364865984,1.5552287806060896
2023-06-08,Moonak,0.2467507782081762,0.4586188619335492,0.4227060576279958,0.3897248208522796,0.6526375959316889,2.598749299844106,6.548766295115153,0.1105866183601584
2023-06-08,Sangrur,0.2579404019883701,0.8427148844514575,0.6028955270137105,1.2506703329937798,1.1614897847175598,4.71048995426723,11.014303990772792,1.7133030437966765
2023-06-08,Sunam,0.3105728535779885,0.750072534595217,0.5176021573798997,0.8200777588146073,0.909984861101423,3.668101046766554,9.71119121142796,3.0062545178360485
2023-06-09,Dhuri,0.2364619841629808,0.8394249867309224,1.2081943154335022,1.869549892165444,1.3545528704469854,3.814550107175654,3.3833400769667192,2.4093492361241293
2023-06-09,Lehra,0.2579294368624687,0.3775013843551278,0.4179854448884725,0.40094587020576,0.4818630032241344,1.4126714877784252,1.5006442554295063,1.7815373207103755
2023-06-09,Malerkotla,0.2785342766770294,1.026225113442966,2.057636580296925,2.945545162473406,2.346459482397352,5.744525057928903,5.020178897040231,1.3556095257537106
2023-06-09,Moonak,0.2432466981311639,0.3108552532891432,0.2937033325433731,0.2810832597315311,0.3847491989533106,1.0410610288381577,1.27817669014136,0.1080238750748508
2023-06-09,Sangrur,0.3067915886640548,0.733504199555942,0.9878471387284142,1.5263569397585732,1.202705898455211,3.441584029367992,2.986885964870453,1.6282740121793366
2023-06-09,Sunam,0.306062175227063,0.5910962830696788,0.6815737273011889,0.867098046200616,0.8261743145329612,2.4009418870721544,2.341127463749477,2.920704522257222
2023-06-10,Dhuri,0.4884458143602718,0.3028163699941201,0.3839357712052085,1.237879666415128,1.9609386920928955,2.2921028408137234,1.8800596865740689,0.05027647032904198
2023-06-10,Lehra,0.2095582028850913,0.1312864702194929,0.2500660335645079,0.4167297445237636,0.8816850781440735,0.7557328604161739,1.0555168949067593,0.0
2023-06-10,Malerkotla,0.6264859565666744,0.3636376527803285,0.5033064516527312,1.895072783742632,2.63142500604902,3.074266646589552,2.208230746643884,0.2228462696965009
2023-06-10,Moonak,0.1311287408073743,0.1077322761217753,0.1847076416015625,0.3129011020064354,0.6264188687006632,0.6197072515885035,0.8208928356568018,0.0
2023-06-10,Sangrur,0.3475716550435339,0.2819790238780634,0.3125255299465997,0.93308524787426,1.5435772027288164,1.7248119967324391,1.475149086543492,0.20346095872507916
2023-06-10,Sunam,0.2965478673577308,0.2198952585458755,0.3447681133236204,0.696578364287104,1.3318789771624977,1.311402631657464,1.389389876808439,0.3427756268797479
2023-06-11,Dhuri,0.3057116866111755,0.2526542591777714,1.7373367168686606,2.935164765878157,1.3223887031728572,1.64308701320128,4.3640746094963765,0.0501809408441869
2023-06-11,Lehra,0.2784103695303201,0.170532610733062,1.0055046081542969,2.2738751471042637,1.191826242953539,2.132672555744648,5.669662028551102,0.0
2023-06-11,Malerkotla,0.3415124650512423,0.2995494114501135,2.140721448830196,3.2003249185425893,1.3612762306417738,1.5113209911755152,4.023820664201464,0.2202026661180534
2023-06-11,Moonak,0.2016540542244911,0.130863690127929,0.6958273872733116,1.5350458125273387,0.7022704035043716,1.3950402090946834,3.390595277150472,0.0
2023-06-11,Sangrur,0.3454081107463155,0.2992987310779946,1.7700662868363517,2.953830616814749,1.4583933310849326,1.968706944159099,5.537071670804705,0.203327038649066
2023-06-11,Sunam,0.3249665504055364,0.2384622703705515,1.269181483558246,2.601561963558197,1.354401788541249,1.9602130225726535,5.490041545459202,0.3427524643106606
2023-06-12,Dhuri,0.3392473079941489,2.864051493731412,3.448257001963529,1.1950389526107097,1.81372332572937,15.793044870549982,8.435812559994785,0.047504486643059
2023-06-12,Lehra,0.0923803891055286,1.1163668632507324,1.741497129201889,0.6667052954435349,1.4529851078987122,14.252356708049774,6.827026605606079,0.0
2023-06-12,Malerkotla,0.5341270182813916,4.025171228817531,4.673352684293475,1.7142738785062517,2.2274445423058102,16.44631498200553,9.48648306301662,0.205566558544801
2023-06-12,Moonak,0.0890585233767827,0.921253909667333,1.443617860476176,0.5600303262472153,1.3479536473751068,12.720509131749472,6.616140683492024,0.0
2023-06-12,Sangrur,0.2213903282369886,2.5036361132349287,2.88034816299166,0.9782318941184452,1.565323276179177,17.33022509302412,8.92025991848537,0.1997693700995339
2023-06-12,Sunam,0.1224787112857614,1.6341067211968558,2.083127430507115,0.7693592224802289,1.3466810073171342,15.095621449606758,7.268559949738639,0.3410108648374916
2023-06-13,Dhuri,2.086180421439084,1.4447908834977583,0.8545091585679487,5.252711187709462,14.572631099007346,3.2309361804615366,2.6030074899846856,0.0472516660419635
2023-06-13,Lehra,0.8801749497652054,1.0671238861978054,0.394891818985343,8.659112840890884,15.833687365055084,3.405704289674759,3.113588407635689,0.0
2023-06-13,Malerkotla,2.8562893952642168,1.7769665164606911,1.1148994692734309,4.405428647994995,14.571552685328893,3.8321272986275807,2.4626817958695546,0.18851323982401338
2023-06-13,Moonak,0.698045884569486,0.8372305035591125,0.3144238119324048,8.542460123697916,14.250577688217165,3.765271008014679,2.159206529458364,0.0
2023-06-13,Sangrur,1.8147600165435247,1.2912886568478177,0.6596579934869494,6.509527598108564,16.771433523723058,3.5184380326952254,2.9929092015538896,0.19829226149331142
2023-06-13,Sunam,1.3104878451142992,1.1360870259148734,0.4974356048873493,7.642036080360413,16.70858747618539,3.3361371415002004,3.224502759320395,0.34081168853264177
2023-06-14,Dhuri,2.033220930532976,1.4173394224860452,0.8699134019288149,1.1827676675536416,1.3925459818406538,1.598100033673373,3.5385935089804907,0.0957352607013983
2023-06-14,Lehra,1.0002062283456326,0.9615813046693802,0.7768402695655823,1.074806958436966,0.7442173771560192,0.747688215225935,1.6454530879855156,0.05263409917119
2023-06-14,Malerkotla,3.2461871036461423,1.927292427846364,1.182744984115873,1.6582315819604057,2.130231350660324,2.7929529675415585,5.650290071964264,0.176272115309257
2023-06-14,Moonak,1.1419771313667295,1.0649764587481816,1.3806608617305756,1.3192947208881378,0.8009223341941833,0.83159967760245,1.592902421951294,0.0391227871957603
2023-06-14,Sangrur,2.029984342200416,1.6003654939787728,1.1227456501552038,1.485276228615216,1.409783048289163,1.547974814261709,3.4523248629910603,0.1033266055929198
2023-06-14,Sunam,1.4243055071149553,1.277624492134367,0.9516441502741404,1.284806455884661,0.980535945722035,1.0754807612725668,2.363228393452508,0.1763465015280269
2023-06-15,Dhuri,1.718904587355527,0.2926898158409379,0.8814213303002444,0.5389467152682218,1.3408949754454873,2.0230925625020806,0.6778470088135112,0.3035898018719528
2023-06-15,Lehra,0.8437793254852295,0.2487228764221072,0.6669717691838741,0.4299829546362161,1.1807517185807228,1.2729400545358658,0.2980544045567512,0.1936175865082412
2023-06-15,Malerkotla,1.9273851811885836,0.3669420097555433,0.8902289888688496,0.5660473523395402,1.4228643264089311,2.0376303664275577,0.6779857341732297,0.32607923377017
2023-06-15,Moonak,0.8819273908933004,0.3199341297149658,0.7963536977767944,0.6078991716106733,1.2567806939284007,1.3334434727827709,0.3398565898338954,0.2062868473561898
2023-06-15,Sangrur,1.7480101840836662,0.353399535374982,1.038138508796692,0.6356514426214355,1.632412680557796,2.4151879804474965,0.86147412444864,0.38283440148857933
2023-06-15,Sunam,1.1738340535334175,0.2732452899217605,0.7769110458237785,0.5265230930277279,1.3236489742994308,1.7673377905573164,0.5235494279435703,0.3497331615678953
2023-06-16,Dhuri,0.2013972726735201,0.7607184513048693,0.1564054323190992,0.3379205065694722,0.4637118808247826,0.2851150029084899,0.142597193067724,0.5459979411422253
2023-06-16,Lehra,0.2575286524370312,0.6160481330007315,0.2323364447802305,0.1920058978721499,0.2360818115994334,0.1848432524129748,0.1470322236418724,0.2488177102397458
2023-06-16,Malerkotla,0.149534241429397,0.6593118246112551,0.160676812220897,0.4238244156752314,0.4318079959068979,0.27268869216953,0.1803602089307137,0.683473167126067
2023-06-16,Moonak,0.2075069919228553,0.6260819037755331,0.2957080168028672,0.2532359833518664,0.1997437998652458,0.2175748820106188,0.1700195334851741,0.252077470320132
2023-06-16,Sangrur,0.2711599522403308,0.9118300335747856,0.2099739728229386,0.3410645180514881,0.456904727433409,0.3563240630818264,0.1662292906216212,0.6543249551532009
2023-06-16,Sunam,0.3090210977409567,0.7692119287593024,0.2440540726695741,0.2539111013923372,0.3559956444161279,0.2935404197445938,0.1588521652988025,0.5558973125523465
2023-06-17,Dhuri,0.4031629264354706,0.1306691494855013,0.4978488846258683,0.621065924113447,0.6459535482254896,0.1320888303558934,3.1526800827546557,0.7659487423667763
2023-06-17,Lehra,0.9769582785665988,0.3073597382754087,0.4939989428967237,0.3685494121164083,0.3187387734651565,0.0,1.7139988467097282,0.2764338954480545
2023-06-17,Malerkotla,0.3825220183602401,0.2045078386685677,0.5097742921539715,0.8157740065029689,0.9227540280137744,0.2460155904825244,4.048047363758087,1.585628548211285
2023-06-17,Moonak,0.954886257648468,0.4321005617578824,0.4353231464823087,0.2948316074907779,0.2878344332178433,0.0045972003911932,1.538231998682022,0.2925629983989259
2023-06-17,Sangrur,0.6170418241194316,0.2120119048548596,0.5501630593623433,0.6404219887086323,0.4678952725870268,0.0906620873138308,2.8916641644069125,0.7853931532616623
2023-06-17,Sunam,0.8102697304316929,0.2991536834410259,0.4652607015201023,0.5188410761100906,0.3815154433250427,0.0219921742432883,2.26586623276983,0.61473866947775
2023-06-18,Dhuri,0.4361351064660332,0.7317629564892162,0.8710759336298163,0.0238928457891399,0.0880752471698956,1.685420188036832,7.00310171734203,5.18754514336873
2023-06-18,Lehra,0.3589611519128084,0.660111878067255,0.6143778637051582,0.0257184890797361,0.0252372660906985,1.2338335290551186,4.002731516957283,7.358709948496311
2023-06-18,Malerkotla,0.4692310701523508,0.8722094425133297,0.9375826631273542,0.0527414612339011,0.2200816233775445,2.074023927961077,8.457077179636274,5.63606563698323
2023-06-18,Moonak,0.2515665205816428,0.7019664893547694,0.5485987762610117,0.021378880366683,0.1020760710040728,1.2882988651593523,3.4804436564445496,3.476887357766896
2023-06-18,Sangrur,0.4799492433667183,0.970475931252752,0.9431559975658144,0.0523755150581044,0.0727564232157809,1.7726172804832458,6.772679584366935,5.126944367380925
2023-06-18,Sunam,0.4524290114641189,0.8733981038842883,0.8208349240677697,0.0108962608584468,0.0456681962657187,1.6095746500151498,5.605764593396868,8.445576005801694
2023-06-19,Dhuri,0.1607326831329952,1.074855937199159,0.3225722963159734,0.041233175730502,1.180314359339801,3.9552848772569136,9.52265453338623,10.988411484530104
2023-06-19,Lehra,0.0144745205470826,0.9310328923165798,0.2825144045054912,0.0689842332503758,1.6267742291092873,2.640965700149536,7.450682044029236,7.4045702053389455
2023-06-19,Malerkotla,0.2592910456338099,1.1792681919676915,0.2537263009165014,0.0503031111854527,1.2656455444438115,5.226027429103851,11.160320963178362,12.52048415273783
2023-06-19,Moonak,0.0170478537523498,1.0529953092336657,0.1587047297507524,0.2172998252014319,1.7192161281903584,3.2144808769226074,8.215206821759542,3.509396847909103
2023-06-19,Sangrur,0.2023589572802718,1.2368257961102895,0.3639934797372137,0.0197377682863069,1.518069280045373,4.054558051483972,10.31136235169002,8.493841224579867
2023-06-19,Sunam,0.0859757779232625,1.12931056533541,0.3277918382414749,0.1104878915606864,1.6922642758914404,3.4122260979243686,9.34204111780439,9.733633470490723
2023-06-20,Dhuri,0.8837925845926459,0.0,0.0,0.8633618585088036,4.164330547506159,6.555947477167303,6.653272932226008,14.259038907506323
2023-06-20,Lehra,0.9140153788030148,0.0089720095857046,0.0,0.4780202861875295,2.5899608433246613,5.02326050400734,6.269783765077591,7.415437705336732
2023-06-20,Malerkotla,1.0002261868544988,0.0010393363024507,0.0,1.3323208774839128,4.863241825784956,6.959978529385158,7.004695892333984,18.451497326241366
2023-06-20,Moonak,1.0966257601976397,0.0572781725786626,0.0,0.6074225803216299,2.6994985143343606,5.326452573140462,7.263425509134929,3.5296304656168616
2023-06-20,Sangrur,1.1038922326905387,0.0,0.0,1.039786774132933,4.153141566685268,6.70060966696058,6.890893885067531,10.852922792945174
2023-06-20,Sunam,1.0476210500512804,0.000916490963261,0.0,0.7382279719625201,3.256119864327567,5.655975375856672,6.408684815679278,10.284877512182014
2023-06-21,Dhuri,0.0077553318114951,0.0,0.2496291866356676,1.8205190192569385,1.4295746304772117,3.840903390537609,4.195830355991017,17.00180867228947
2023-06-21,Lehra,0.0008982631852632,0.0,0.2243821416050195,1.3085929155349731,1.1161996982991695,2.5166268795728683,3.1312759816646576,7.371214637757156
2023-06-21,Malerkotla,0.0098172273553375,0.0,0.2454475137804235,2.014607361384801,1.7894678711891174,4.292678219931466,4.197450842176165,23.439058793034583
2023-06-21,Moonak,0.000768470786473,0.0,0.2066776851812998,1.5639788111050923,1.3632036298513412,2.858436028162638,3.021943767865499,3.5037015610842426
2023-06-21,Sangrur,0.0088230749346881,0.0,0.3037122871194567,1.81155121752194,1.5581813624926977,3.8953248815877095,4.398576131888798,12.067415917252257
2023-06-21,Sunam,0.0048031385543124,0.0,0.3129680811294487,1.8542241666998185,1.536512600524085,3.663736288036619,4.205900354044778,10.558094102495279
2023-06-22,Dhuri,0.0,0.0804526650092818,0.8924454125491056,1.5687012076377869,5.853023160587657,3.6021299904043023,2.223883720961484,19.637404438985246
2023-06-22,Lehra,0.0,0.2017007917165756,0.7419808655977249,0.8471744395792484,3.1839363873004918,2.136115275323391,2.08360093832016,7.261875232348615
2023-06-22,Malerkotla,0.0,0.0792534641389336,1.0590609567505973,2.181691735982895,6.932893701962063,4.2527699640819,2.2128766775131226,26.619338141648942
2023-06-22,Moonak,0.0,0.1707603894174099,0.5844797516862551,0.914123425881068,2.861324369907379,1.665182461341222,1.7418851653734844,3.376602665392703
2023-06-22,Sangrur,0.0,0.1094207247453076,0.8942381058420453,1.680504392300333,5.205935376031058,3.631630484546934,2.618700167962483,13.836938469114731
2023-06-22,Sunam,0.0,0.1811946204730442,0.8195303444351468,1.335499835865838,4.593509503773281,3.0431486793926785,2.6559025134359087,11.155243489535874
2023-06-23,Dhuri,0.0890934245491569,1.7150944417173213,4.002605199813843,6.066006161949852,4.885874173857949,3.443657073107633,4.579559011892839,20.082059320048003
2023-06-23,Lehra,0.1212325701490044,1.389015093445778,2.798045963048935,7.206299096345901,3.776270195841789,3.5270810574293137,5.550243705511093,7.216490924234166
2023-06-23,Malerkotla,0.1036808386977229,2.0090284645557404,5.071730554103851,6.77770733833313,5.230240958077567,3.068825696195875,4.574730311121259,27.340571533248852
2023-06-23,Moonak,0.2094764796396096,1.689436912536621,3.078032155831655,8.399829586346945,3.5132331053415933,3.121472120285034,5.613213896751404,3.3438078805778204
2023-06-23,Sangrur,0.106480942107737,2.090829936521394,3.9517561623028343,7.110307710511344,5.218335006918226,3.9931610907827104,5.685317652566092,14.01902237902642
2023-06-23,Sunam,0.1304820901049035,1.667244389653206,3.287871096815382,7.062390106064933,4.325986811092922,3.671824787344252,5.191822460719517,11.159780291142033
2023-06-24,Dhuri,0.735930705612356,2.4616241942752493,3.461049361662431,2.809864976189353,0.9996923479166898,1.3638059171763333,0.8443604003299366,20.350487228022057
2023-06-24,Lehra,0.5683892238885164,1.4493795484304428,1.9287859424948688,1.9200946539640429,0.8723308444023132,0.7098562121391296,0.3351928722113371,7.3581302252918555
2023-06-24,Malerkotla,0.849434392792838,3.30480996625764,3.9367413180215016,2.7845539493220195,1.0855406352451868,1.750675842165947,1.0551069868462426,26.967604188592215
2023-06-24,Moonak,0.6147327671448389,1.6245289146900177,1.9215469857056933,1.6621432900428772,0.9758099913597108,0.6523215025663376,0.3144761075576146,3.482785999500396
2023-06-24,Sangrur,0.7399033222879682,2.3591087886265347,2.9945146569183896,2.780937509877341,1.1371702615703856,1.292048298886844,0.7283297266278949,14.379837195868628
2023-06-24,Sunam,0.6068833704505648,1.7885172963142395,2.326105547802789,2.33446632538523,1.060064896941185,0.9497867162738528,0.4837171382137707,11.357043070799564
2023-06-25,Dhuri,8.495091936805032,8.30028223991394,2.68333294174888,2.59160595590418,6.162508184259588,2.1081523949449714,0.9573291783983056,16.506382630716317
2023-06-25,Lehra,5.97300061583519,5.8187515437603,1.8103960677981377,2.157110296189785,2.8824896067380905,1.2204313352704048,0.7237559668719769,0.5428773898480238
2023-06-25,Malerkotla,10.028492655072894,9.894762464932032,3.3117146492004395,3.3731432812554494,7.623785989625113,2.809579653399332,1.2014076582023077,23.187104678651806
2023-06-25,Moonak,6.109584371248881,5.1277356545130415,1.5869127213954926,2.0406239330768585,2.805617372194926,1.330277293920517,0.6776559849580129,0.5031384437376528
2023-06-25,Sangrur,8.3029990536826,7.344970788274493,2.6075337571757182,2.667423908199583,5.352158333574023,1.9276778868266515,0.9657967601503644,10.707873023499282
2023-06-25,Sunam,6.897368516240801,6.106815695762634,1.9922215597970143,2.3378621212073734,3.803608008793422,1.463472061923572,0.800768535052027,3.9635488831919323
2023-06-26,Dhuri,7.798906131224199,4.013412096283653,9.172170162200928,4.564886569976807,2.810071620074185,1.993626529520208,0.806859940290451,11.594873138686316
2023-06-26,Lehra,4.386016145348549,2.875727593898773,6.596463829278946,4.122209206223488,1.812734954059124,0.9741400741040708,0.4838864486664533,0.8338754648943596
2023-06-26,Malerkotla,8.157006825719561,4.645534336566925,9.240839311054774,5.383824518748692,3.285112925938197,2.334545684712274,1.159123495221138,16.695885417868737
2023-06-26,Moonak,3.690183619658152,2.5302647749582925,4.670369625091553,3.822260002295176,1.7556419670581818,0.9949507663647332,0.4381917590896289,0.6406971663236616
2023-06-26,Sangrur,7.7345221723829,4.008169531822205,9.101197804723467,4.644650025027139,2.9483413994312286,2.1981541918856755,1.0078642559903008,8.36313181879689
2023-06-26,Sunam,5.72279235294887,3.164704740047455,7.448584369250706,4.033150136470795,2.214620671101979,1.4228913081543786,0.7076854003327233,3.3049568627240014
2023-06-27,Dhuri,1.4277426925572485,2.831320318308744,2.854290344498374,3.1399612535129893,1.5568483526056462,0.3782005472616715,0.5976820493286307,9.18435921865933
2023-06-27,Lehra,1.0967442318797112,2.0019895881414413,1.5197655707597733,2.307538777589798,1.2245557345449924,0.2161981649696827,0.0666693754028528,1.1780504435220776
2023-06-27,Malerkotla,1.6054101714066096,3.186240468706404,3.2137222630637035,3.4888684323855808,1.7971752285957336,0.5207336151174137,0.9301841046128956,12.342249264156756
2023-06-27,Moonak,1.272808313369751,2.0909475783507028,1.706594963868459,2.3831004401048026,1.412038008371989,0.347604456047217,0.0723089724779129,0.7232876349883799
2023-06-27,Sangrur,1.3720013499259949,2.337766174759184,2.059358847992761,2.7426361569336484,1.296791325722422,0.3419703676232269,0.3550625720194408,7.471380516515006
2023-06-27,Sunam,1.1957803922040122,2.005727542298181,1.610445648431778,2.3558435695511952,1.1921646296977997,0.2644165916634457,0.1567645031692726,3.426103799017767
2023-06-28,Dhuri,1.9156763716177507,2.045349034396085,2.045177839019082,0.587135836482048,0.1431884796104648,1.488755285739899,1.8498736728321423,21.03954641601004
2023-06-28,Lehra,1.6804091930389404,1.369089812040329,1.6832641512155533,0.51385398209095,0.1031053536571562,1.2445011287927628,0.9210198931396008,5.810656316584391
2023-06-28,Malerkotla,1.6645811455590385,2.045896193810872,1.832055076956749,0.5103571170142719,0.1294158125030143,1.2008276177304131,2.124808975628444,22.952481102851394
2023-06-28,Moonak,2.2380995750427246,1.5018551846345265,2.002826581398646,0.7294684325655302,0.1171351553251345,1.7070167660713196,1.2722153961658478,3.4825006781577783
2023-06-28,Sangrur,2.0903713532856534,1.8134343751839228,1.7396835429327828,0.6155692594391959,0.1354380925851208,1.7206099927425385,1.637574887701443,16.989106698905978
2023-06-28,Sunam,1.7228951581886836,1.3671447251524245,1.4505487467561449,0.5340445797358241,0.1033878587186336,1.47873184297766,1.1320166779415948,9.387764434198889
2023-06-29,Dhuri,1.7551253979856318,2.5211904265663843,0.8923562114888971,0.0337355901825834,0.7342021411115472,0.863736626776782,1.820180757479234,23.498004346052703
2023-06-29,Lehra,1.7327856943011284,2.056761972606182,1.190244399011135,0.0,0.3531419970095157,1.012453444302082,1.3792140036821363,11.496316778761482
2023-06-29,Malerkotla,2.0022862596171245,2.8566675654479434,0.835812679358891,0.0718900822103023,1.1684768732104982,0.9674337591443744,2.4792783430644443,24.650494852002396
2023-06-29,Moonak,1.7316009203592937,2.008802314599355,1.2948342263698578,0.0003707930833722,0.3241836900512377,1.0094356834888458,1.4050711691379547,7.67536383656251
2023-06-29,Sangrur,2.172969230583736,2.780244818755558,1.1688863996948515,0.0136774549194212,0.7718947284987995,1.0010344088077543,1.9696137053625924,20.954301734685735
2023-06-29,Sunam,2.053821095398494,2.4613815673760007,1.2559860348701477,0.0010493738975908,0.5206291877797672,1.0472618554319657,1.7494482355458396,14.989251000926217
2023-06-30,Dhuri,3.795815706253052,0.8578483868728984,0.2024143480441787,1.9262592684138904,1.833350365812128,2.6058183258230034,2.919696092605591,29.65514475571652
2023-06-30,Lehra,3.721627280116081,0.9352769404649734,0.204306261613965,1.0021511986851692,1.6643555983901024,2.14143180847168,2.0796695202589035,15.524093854609049
2023-06-30,Malerkotla,3.94415694475174,0.7846342963831765,0.1941010249512536,2.0951121023723056,2.1238996173654283,2.766177935259683,3.4205693091664995,30.283369094183264
2023-06-30,Moonak,3.527786413828532,0.8202776412169138,0.202293528864781,0.805674284696579,1.6543431381384532,2.0980224112669625,2.0905472238858542,11.371467838030775
2023-06-30,Sangrur,3.83783825806209,0.8793785933937345,0.1727480421374951,2.136301834668432,1.769237003156117,2.522311308554241,2.636334236179079,28.14000376551487
2023-06-30,Sunam,3.843574149268014,0.8811447662966592,0.2072197890707424,1.5945545371089662,1.7029275596141815,2.3453197862420763,2.325959886823381,20.505274835526073
2023-07-01,Dhuri,0.8547481894493103,0.3386494327675212,1.1153288862921975,4.8275122534145005,3.4979742006822065,3.2110566117546777,10.010731393640691,70.43564278484254
2023-07-01,Lehra,0.8032472915947437,0.2044035717844963,0.6297257803380489,3.131721079349518,2.8056806176900864,2.4500711113214493,8.236270427703857,68.67329185867689
2023-07-01,Malerkotla,0.6344386583992413,0.2827115968934127,1.2608616905553,5.1655451229640414,3.2583958506584167,3.238454188619341,9.472065993717738,68.5601478460012
2023-07-01,Moonak,0.7569481382767359,0.1533935486028591,0.5993031362692515,3.003186265627543,2.0889803369839988,2.135809769233068,6.1117331981658936,56.91832583875964
2023-07-01,Sangrur,0.9021460456507546,0.3525279962590762,1.085754586117608,4.750548090253558,3.419084906578064,3.0237709368978227,9.915727836745123,75.61553115116125
2023-07-01,Sunam,0.8319923579692841,0.3027619799332959,0.8854880269084658,3.7239140697887967,2.896692020552499,2.583915642329625,8.770440902028765,74.30757848663256
2023-07-02,Dhuri,0.1214716126295653,0.8509722324934873,3.3367316614497797,4.380665334788236,4.371947407722473,7.284557754343206,4.938347404653376,92.45606235458558
2023-07-02,Lehra,0.1367577416822314,0.6694776825606823,1.977739781141281,3.4118451923131943,3.3793020248413086,5.324937134981155,5.730684041976929,96.26528265318609
2023-07-02,Malerkotla,0.1313157141474741,0.9140285019363676,4.452461830207279,4.38810122013092,4.202899260180337,7.899877088410514,5.046309496675219,94.79445899183463
2023-07-02,Moonak,0.1550279222428798,0.5785453418890635,1.9944830139478047,3.381531854470571,3.022913674513499,5.193409721056621,5.743948101997376,80.41816429941827
2023-07-02,Sangrur,0.1561598192368234,0.9061597117355892,3.292327395507268,4.233319393226078,4.526260878358569,7.111599973269871,5.564158201217651,102.23870477678174
2023-07-02,Sunam,0.1378340918038572,0.8235515717949186,2.462014023746763,3.620456261294229,3.988959951060159,5.891225184713091,5.7218808106013705,104.58812208895358
2023-07-03,Dhuri,2.7552134773947974,4.955206990242004,2.861198208548806,1.432124034924941,14.347769217057662,8.160336711189963,7.101271672682329,113.14238748602942
2023-07-03,Lehra,2.140428975224495,3.2098378241062164,2.780498966574669,1.7118147611618042,11.45778512954712,8.495943188667297,5.453238546848297,111.49667545823264
2023-07-03,Malerkotla,3.2446419341223582,6.020628418241229,3.030626143727984,1.4557986387184687,14.354758092335292,8.584833792277745,7.303151794842312,118.28352585712094
2023-07-03,Moonak,2.5081785321235657,3.406289041042328,2.8013601700464883,2.0043371518452964,11.127005894978842,8.777902324994406,5.338994741439819,93.17732662894736
2023-07-03,Sangrur,2.851819966520582,4.909560748508999,2.839560031890869,1.7039517206805093,15.121326344353813,8.856523275375366,7.658984882490976,138.08644042539476
2023-07-03,Sunam,2.5244316841874803,4.105289586952755,2.708586633205414,1.74910050204822,13.660804680415565,8.56250558580671,6.704014761107309,131.44644575393326
2023-07-04,Dhuri,4.918175003745339,3.75094473361969,4.826147079467773,15.407517173073508,23.727236140858043,5.697607929056341,1.0882375700907274,113.59449156294222
2023-07-04,Lehra,3.549074947834015,3.5742200762033463,6.563232481479645,13.117448091506958,18.26026785373688,5.268807619810104,1.024081714451313,112.25080514916353
2023-07-04,Malerkotla,5.831551773207528,3.785937930856432,4.698675777230944,16.55193785258702,25.410560744149343,6.104897669383457,1.1663942911795206,117.96474350503247
2023-07-04,Moonak,3.275294522444407,3.3013163010279336,6.634600440661113,14.788958549499512,19.959076404571533,5.449373284975688,1.2762971818447113,94.13581456318539
2023-07-04,Sangrur,4.694152457373483,3.5588391167776927,6.023718408175877,16.664516517094203,23.93503611428397,6.260405012539455,1.2861843300717215,138.55556506541922
2023-07-04,Sunam,4.093876293727329,3.548725962638855,6.4024821519851685,14.831334829330444,21.27665039471217,5.795482839856829,1.272388994693756,132.17613763500847
2023-07-05,Dhuri,3.0668153762817383,6.608881235122681,22.27404672449285,17.555171316320244,12.634616288271816,3.433141665025191,1.0783516331152485,101.25854227597178
2023-07-05,Lehra,3.0860747694969177,6.377129554748535,19.88437247276306,13.944373667240145,8.445863217115402,3.2448386400938034,1.356852039694786,109.9179504973223
2023-07-05,Malerkotla,2.977144241333008,6.925707817077637,24.139479092189244,19.02543064526149,13.626980781555176,3.4437130349023,0.9652039451258524,103.94762915915233
2023-07-05,Moonak,3.1838491956392923,6.71936829884847,20.823026021321613,14.131173451741535,8.343228538831076,2.928012033303579,1.396209438641866,95.40961158838307
2023-07-05,Sangrur,3.277380176952907,7.540859426770892,22.50331851414272,18.48413406099592,12.434376239776611,3.796475257192339,1.355853408575058,130.98283077042325
2023-07-05,Sunam,3.2639292819159373,7.321650522095816,21.62337936673845,16.828187022890365,10.499791009085518,3.6970578857830594,1.4256242385932378,128.90452111632888
2023-07-06,Dhuri,3.148689551786943,18.70438558405096,14.49999744241888,10.065983858975498,5.297999360344627,2.619813919067383,1.8081235127015547,100.7778947825014
2023-07-06,Lehra,2.3651426434516907,15.791136920452118,17.19156301021576,11.581389129161836,6.256615966558456,2.8786825388669968,1.8842755630612371,105.9172922519308
2023-07-06,Malerkotla,3.0822045377322604,19.72695817266192,15.034442833491736,10.523038932255336,5.188967142786298,2.7130666290010725,2.096882764782225,104.54893682587982
2023-07-06,Moonak,1.709709922472636,15.587018887201944,16.65927259127299,11.872907241185509,6.388501207033793,2.7040165861447654,2.230582276980082,94.0326464883322
2023-07-06,Sangrur,2.790581234863826,19.046008586883545,16.43965002468654,11.982587337493896,6.346176675387791,2.815223276615143,2.077963037150247,129.1749444359205
2023-07-06,Sunam,2.4747289334024702,17.683719328471593,17.1107782295772,12.478578771863663,6.90765837260655,2.942890329020364,2.10181252019746,125.18949097477298
2023-07-07,Dhuri,28.9713848287409,20.15993985262784,7.064521746201948,1.222442158243873,3.3739352226257324,1.922124976461584,3.7183812098069615,98.93167210156057
2023-07-07,Lehra,21.67662250995636,14.941609919071198,5.441666662693024,1.0246936194598677,1.9103631004691124,1.8497547283768652,1.9986213520169256,104.01192156347318
2023-07-07,Malerkotla,31.59397179739816,22.7947872706822,7.798715659550258,1.5202938382114684,3.2902854766164507,2.2923894098826816,4.322040447166988,102.34244690652316
2023-07-07,Moonak,22.92911942799886,16.727536916732788,5.777286410331726,1.3335090676943462,1.7353970905145009,2.056381831566493,2.047870347897212,92.69098860520778
2023-07-07,Sangrur,29.84566136768886,20.4342166696276,7.943114110401699,1.4363732635974884,3.202504413468497,2.059097562517439,3.167061673743384,125.3376655012962
2023-07-07,Sunam,25.779561247144425,17.672602551324026,6.779468280928476,1.2192383514983314,2.466872389827456,2.024475697960173,2.436587291104453,122.37932485117132
2023-07-08,Dhuri,26.93025745045055,7.247753013264049,0.9905734902078456,0.7984877933155407,1.6248563907363198,1.275250261480158,6.021258375861428,69.44178316290895
2023-07-08,Lehra,20.349152445793152,5.891453176736832,0.6882252786308527,1.335421334952116,1.3706859573721886,1.3319613710045817,5.619825720787048,56.441058906998464
2023-07-08,Malerkotla,29.43162911278861,8.679885710988726,1.3638770005532674,0.8117707563298089,1.6999864876270294,1.2569098068135125,5.903052381106785,76.08785342589644
2023-07-08,Moonak,19.835327625274655,6.475507219632466,0.910216266910235,1.852073113123576,1.3519638081391652,1.1768584847450256,5.542775789896647,55.767316565117966
2023-07-08,Sangrur,28.29032598223005,8.760251309190478,1.2423812225461006,0.9522839167288372,1.7971181103161402,1.223861147250448,6.845446024622236,87.74031863120932
2023-07-08,Sunam,25.308021886008127,7.778683815683637,1.036954012300287,1.2118279082434518,1.5721541813441686,1.1736575769526618,6.476268887519836,76.4749564193026
2023-07-09,Dhuri,4.863513491370461,0.6541405354033817,0.8038834252140739,1.5980119651014155,3.4004720124331387,5.881521051580256,8.261495958675038,56.18479763865877
2023-07-09,Lehra,3.8257972449064255,0.5501880869269371,0.588843172416091,1.0720794275403025,2.6249538511037827,4.476882457733154,6.1082702577114105,40.300942206443594
2023-07-09,Malerkotla,5.701608785561153,1.0261492202324527,0.7637355327606201,1.698308348655701,3.3864514231681824,5.9827322619301935,9.18844849722726,62.31326356460562
2023-07-09,Moonak,4.76271531979243,0.6634026120106379,0.6377512216567993,1.3234480271736782,2.7396793961524963,4.841743032137553,6.464131077130635,41.41082172401174
2023-07-09,Sangrur,5.7970732024737766,1.2222482695111208,1.081551302756582,1.8040803968906405,3.6155356679643904,5.672933987208775,8.086400764329094,69.49179553248193
2023-07-09,Sunam,4.979886284896305,0.94658020564488,0.8950813114643097,1.5981998103005546,3.219843430178506,5.105484979493277,7.188601357596261,57.06313415880744
2023-07-10,Dhuri,2.9600662805817346,5.908282236619429,3.971051053567366,1.7898550196127458,4.420005765828219,7.280265548012474,8.404777830297297,46.17992252492322
2023-07-10,Lehra,2.981738105416298,4.7377175986766815,3.384088858962059,2.072712905704975,3.4013457596302032,8.403698056936264,5.65685448050499,36.58971987148783
2023-07-10,Malerkotla,3.206776018653597,6.024375183241708,3.963467844894954,1.9458174407482147,4.722041530268533,6.249550036021641,8.833556839397975,52.196350592033326
2023-07-10,Moonak,3.805775801340739,4.927372495333354,3.782831271489461,2.42491614818573,3.681535542011261,8.365181883176168,5.553295652071635,37.41222987864657
2023-07-10,Sangrur,4.047310701438359,6.34457072189876,4.662865485463824,2.3525513112545013,4.698403017861502,8.453111733709063,8.594914776938301,47.49509297110284
2023-07-10,Sunam,3.740206875971385,5.7548428773880005,4.034206535134997,2.3413204891341075,4.291439022336688,8.955560667174202,7.332871896880014,44.55947144849218
2023-07-11,Dhuri,0.0206310774453661,1.342351339080117,2.712641916491769,4.186395255002108,4.192301500927318,4.391035816886208,7.40855860710144,48.847900863612786
2023-07-11,Lehra,0.0,0.864907331764698,1.8572145029902456,4.022432178258896,3.217274874448776,2.889201790094376,4.2313210517168045,41.6917667761305
2023-07-11,Malerkotla,0.0819577578056071,1.6435610524245672,3.266680874994823,3.944186346871512,4.7608083827154974,5.086497391973223,8.835626721382141,54.98019051545611
2023-07-11,Moonak,0.0011090969977279,1.4211289485295613,2.1263161301612854,3.7355937163035073,3.452862580617269,2.921978016694387,4.342701554298401,46.90030911604906
2023-07-11,Sangrur,0.0080425752592938,1.4702449547392982,2.9840569283281053,4.569162658282688,4.1991182906287055,4.38706545318876,7.421855194228036,50.57194933163045
2023-07-11,Sunam,0.0006058857377086,1.1607583633490972,2.4729460392679488,4.324643271309989,3.5262536236218045,3.5922340665544783,5.493339146886553,49.599328622425865
2023-07-12,Dhuri,1.7950864759358494,2.958207070827484,3.8786497657949273,4.3590792634270406,4.373208371075717,5.873505397276445,15.211957844820889,58.9236189148444
2023-07-12,Lehra,1.023683000355959,1.7540918588638306,3.5021155923604965,3.45076385140419,2.687582775950432,5.390843689441681,10.274662554264069,55.49105544657661
2023-07-12,Malerkotla,1.660671706710543,3.9249976532799855,4.123016570295606,4.532104517732348,4.840151412146432,6.176065717424665,15.193927662713188,62.521430582783765
2023-07-12,Moonak,1.1134123057127,2.195597638686498,3.696421583493551,3.8884628216425576,2.826405684153239,5.6618828773498535,9.29533338546753,72.18964451856033
2023-07-12,Sangrur,1.7169203885963984,2.7276313049452647,3.725849287850516,4.1151301349912375,3.750597451414381,5.500892656190055,13.547273635864258,62.675748012412335
2023-07-12,Sunam,1.4416569471359253,2.1808270684310367,3.521313258579799,3.7576226592063904,3.102363654545375,5.268994552748544,11.783227341515678,63.97312423866776
2023-07-13,Dhuri,1.5854687094688416,3.241360751065341,1.7651641152121804,1.1530125655911183,4.562647971239957,6.135144147005948,5.412318641489202,55.15365234664677
2023-07-13,Lehra,2.029194265604019,4.276438921689987,1.377642035484314,0.3872366920113563,3.2925332337617874,6.838985353708267,4.616036236286163,57.4068878718419
2023-07-13,Malerkotla,1.4552276943411149,3.3932409371648515,1.8385013554777416,1.501528378043856,4.963523592267718,5.945652961730957,4.920742733137948,58.00892098816999
2023-07-13,Moonak,2.102709968884786,4.555490930875142,1.247328132390976,0.4011667569478352,3.213307241598765,6.565106471379598,3.941925168037415,73.59427926513443
2023-07-13,Sangrur,1.9212730058601923,3.661888003349304,1.8176100892680032,0.8939164525696209,4.504885298865182,6.547190036092486,5.006843950067248,59.676373790326835
2023-07-13,Sunam,2.19106216941561,4.089703449181148,1.7394021962370192,0.5436931390847478,3.856675369398935,7.115482245172773,4.87441805430821,63.332631171810796
2023-07-14,Dhuri,3.135802008888938,2.440434683452953,0.5242901146411896,6.347585352984342,9.75083309953863,5.908376953818581,7.463747067884966,52.043994017933045
2023-07-14,Lehra,4.712432503700256,2.421466127038002,0.6389462500810623,3.745285302400589,8.34990182518959,4.964915692806244,4.316907897591591,56.48432504541607
2023-07-14,Malerkotla,3.193381837436131,2.520664402416774,0.7080964190619332,6.781184417860849,8.400169151169914,5.867357867104666,7.809341311454773,56.07450972241571
2023-07-14,Moonak,5.831908623377482,2.585282623767853,0.9645454784234364,3.95878001054128,8.171347777048746,4.932343363761902,4.099613130092621,73.78683939609817
2023-07-14,Sangrur,4.2659823298454285,2.8222526226724898,0.5072874916451318,6.696586804730552,9.651987212044853,5.733151180403573,6.752962861742292,56.82031110978582
2023-07-14,Sunam,4.944069283349173,2.593389076845986,0.5690758611474719,5.227140503270285,9.283056003706797,5.456455026354108,5.412349309240069,61.41859372354718
2023-07-15,Dhuri,1.08062481880188,3.0341380401091143,8.923766764727505,7.815283623608676,6.47797831622037,9.063061519102616,10.909407789056951,47.8260789153063
2023-07-15,Lehra,1.3529972955584526,3.4284887611866,7.524070203304291,8.311349660158157,4.381311237812042,7.355275750160217,7.976384311914444,51.55663201020765
2023-07-15,Malerkotla,1.5130941910403115,3.9318980744906833,10.067995854786464,7.940778289522443,7.233114344733102,10.253739476203918,12.662959200995308,53.93856395972183
2023-07-15,Moonak,1.7366603910923004,3.929070154825846,8.138818502426147,9.681604305903116,4.074818670749664,8.150499979654947,7.687042713165283,65.48158993635721
2023-07-15,Sangrur,1.0774217609848296,3.520579891545432,9.294976796422686,8.463346617562431,6.238210592951093,8.441126959664482,10.608377388545446,52.177118574648695
2023-07-15,Sunam,1.147443488240242,3.5948584846087863,8.70720933164869,8.681798338890076,5.442416940416608,7.723798377173288,9.460507699421472,55.614821661353304
2023-07-16,Dhuri,1.4172983819788152,5.995129671963778,7.338723659515381,7.280844298276034,10.260737332430752,11.537055145610465,4.633692513812672,38.63487800749122
2023-07-16,Lehra,1.334817349910736,6.782022595405579,9.034394443035126,6.54337751865387,7.574811220169067,9.04663610458374,3.632984071969986,39.975806468245715
2023-07-16,Malerkotla,1.983224489859172,7.416054895945957,7.427571790558951,8.209035328456334,11.344880001885551,12.49247179712568,5.670033352715628,41.31167342740643
2023-07-16,Moonak,1.4066229561964672,6.819635272026062,9.94361432393392,5.888013402620952,6.192273775736491,8.266459981600443,3.5501251816749573,56.4056637047551
2023-07-16,Sangrur,1.5212113133498602,6.958826763289316,8.229722567967006,7.142991627965655,9.509723935808454,11.995451995304652,4.756891735962459,43.27609690915756
2023-07-16,Sunam,1.5119241369622094,7.011337501662118,9.10506864956447,6.911977938243321,8.895118185452052,10.922767571040565,4.338015079498291,44.43610298386313
2023-07-17,Dhuri,4.779657678170637,19.27266649766402,13.030037706548518,16.28879334709861,10.194628802212804,8.970119541341608,4.008929317647761,36.663348110475006
2023-07-17,Lehra,3.2973583042621613,16.800940096378326,11.07760089635849,12.346637785434725,8.632401317358017,7.16081440448761,3.240617111325264,31.3965791008492
2023-07-17,Malerkotla,5.622508091585977,19.132321425846644,12.98204701287406,16.633461781910487,11.224075760160174,9.677837695394244,4.634352811745235,38.29757714611922
2023-07-17,Moonak,3.57062703371048,16.449416399002075,10.65725843111674,11.409767627716064,8.138777176539103,7.894710620244344,3.1944401462872825,51.48159181958664
2023-07-17,Sangrur,5.081196802003043,20.76596634728568,12.974346433367048,16.980139630181448,10.401263543537684,8.84822450365339,4.10081639460155,37.02636840036671
2023-07-17,Sunam,4.3817300115312845,19.38399028778076,12.125409364700316,15.21127826826913,9.701993465423584,8.286376357078552,3.725040776388986,35.090621689723775
2023-07-18,Dhuri,8.256910930980336,5.8481882051988086,10.557844747196544,19.25009961561723,17.80523464896462,11.141385511918502,10.59768785129894,50.27425770555769
2023-07-18,Lehra,4.310025632381439,3.802383214235306,5.2233544290065765,18.539981842041016,13.583760499954224,7.298166304826736,8.844147861003876,46.997519119461316
2023-07-18,Malerkotla,9.916963577270508,6.090148227555411,13.81255919592721,18.90303591319493,18.15295672416687,11.817396538598198,10.564670528684344,51.40008713879534
2023-07-18,Moonak,4.066710889339447,2.782011648019155,4.813364028930664,18.714533646901447,12.560364246368408,7.295062263806661,8.629347602526346,65.6746306195815
2023-07-18,Sangrur,7.364482862608773,5.399536524500165,8.31966313294002,21.45785450935364,18.28762251990182,11.285971914018903,11.742807252066475,51.78840057201286
2023-07-18,Sunam,5.6822092192513605,4.519961306027004,6.433346697262356,21.543992519378666,16.125001328332083,9.131826264517647,10.50477136884417,51.96760662711719
2023-07-19,Dhuri,3.807036421515725,8.170970396562057,22.27711599523371,29.044241558421746,12.207857305353338,6.604425018483942,6.125918345017866,45.84753536847804
2023-07-19,Lehra,1.135161317884922,4.552562832832336,14.47256314754486,23.21201455593109,10.361804723739624,6.65604093670845,6.24478343129158,39.75207036203302
2023-07-19,Malerkotla,5.142280672277723,8.366337299346924,24.23343631199428,27.80449083873204,12.280855281012398,6.942019547734942,6.577761581965855,47.812365833170986
2023-07-19,Moonak,0.8574896305799484,3.89168393611908,15.699741999308268,23.09799512227376,11.085908889770508,7.673569639523824,6.732303659121196,44.769954430689864
2023-07-19,Sangrur,2.7420859038829803,8.216897095952715,21.49769708088466,32.75183091844831,12.979175397327968,7.764240912028721,6.962898850440979,45.45157163989522
2023-07-19,Sunam,1.6921091079711914,6.5023307459695,17.904498645237513,28.820931230272567,12.224413428987775,7.451341680118015,6.8654439108712335,41.38447571806269
2023-07-20,Dhuri,1.7673146020282398,17.343448465520684,14.055445757779207,11.579402880235152,14.289525552229447,14.959833925420588,8.197106751528652,55.74381835420347
2023-07-20,Lehra,1.3305427208542824,13.52952092885971,10.95398074388504,11.006896436214449,11.512402594089508,11.747373282909392,8.08303239941597,37.895146542504186
2023-07-20,Malerkotla,2.0209439183984483,17.135262387139456,14.069938387189593,11.480904442923409,14.338799340384346,16.055610827037267,8.761320437703814,58.24617928099997
2023-07-20,Moonak,1.2866064012050629,13.782452980677286,10.551329215367636,10.67678411801656,12.94360327720642,13.847617308298746,9.308087627092997,41.71905107846291
2023-07-20,Sangrur,1.6719733689512526,18.204167366027832,13.536176136561805,11.834138120923724,15.236342327935356,15.275392838886804,9.116095730236598,48.087898810687435
2023-07-20,Sunam,1.508962196963174,16.527553251811437,12.448231731142316,11.5193943636758,13.839982441493444,13.58844610622951,9.095494406563896,40.734712160101246
2023-07-21,Dhuri,8.676124464381825,11.303282607685436,10.30959025296298,8.638028014789928,13.08609966798262,10.188383145765824,10.402455980127508,86.94732073933031
2023-07-21,Lehra,4.690289601683617,6.982581526041031,7.24579855799675,9.755793869495392,11.29612159729004,8.668026328086853,7.902331829071045,44.17833614936927
2023-07-21,Malerkotla,9.703171185084752,12.055336952209473,10.28455454962594,9.438394035611834,13.835671254566735,10.449683427810667,11.857599973678589,82.90188449628519
2023-07-21,Moonak,3.933513442675273,6.189064542452495,6.596583286921184,10.363264640172323,12.335000197092691,8.884657065073648,7.859180132548015,45.416154095002284
2023-07-21,Sangrur,8.10758296080998,10.141645107950485,10.416782208851403,9.589875493730815,13.843383993421282,10.223514250346591,10.451106037412371,61.32363297865891
2023-07-21,Sunam,6.352265392030988,8.80120393208095,9.179947682789392,9.997562050819395,13.460960933140344,9.807717425482611,9.558459298951286,45.71896366201717
2023-07-22,Dhuri,3.990943345156583,10.757755973122336,12.66925066167658,13.16745207526467,13.28478223627264,6.465871464122426,4.26596416126598,84.0008468620535
2023-07-22,Lehra,1.8497632667422292,5.620795845985413,11.78575336933136,13.220132052898409,10.024798154830933,4.394654616713524,2.8573771119117737,45.35665723318027
2023-07-22,Malerkotla,4.815473113741193,11.682748215539116,12.19518552507673,13.076805591583252,13.699635199138095,6.812426226479666,4.71442438023431,78.76600002841803
2023-07-22,Moonak,1.4387457768122356,4.818809549013774,11.233230034510294,12.63325572013855,9.73751219113668,4.175003329912822,2.870391845703125,46.82596097373158
2023-07-22,Sangrur,3.2294919235365733,9.481784411839076,14.826478413173133,14.295933859688896,13.34583820615496,6.668542674609593,4.1485574671200345,57.41611649401034
2023-07-22,Sunam,2.393967952047076,6.968747581754412,13.536902700151716,13.878111975533622,11.281413997922623,5.395961548600878,3.4322061283247813,44.50450327138598
2023-07-23,Dhuri,2.933673706921664,5.88357307694175,6.887679620222612,7.008331147107211,6.496186256408691,5.747104406356812,3.1621958884325894,93.00978028115816
2023-07-23,Lehra,2.287914253771305,5.897265315055847,7.046330511569977,4.86923411488533,4.144487261772156,3.4471982419490814,1.8423866480588915,48.72868788715032
2023-07-23,Malerkotla,2.985550352505275,5.64775082894734,6.134825195584979,7.449022855077471,7.593096886362348,6.282742176737104,3.555706628731319,88.04381413442039
2023-07-23,Moonak,2.199314067761103,5.993517518043518,6.523820400238037,5.048187732696533,3.790198544661204,3.352070947488149,1.674070547024409,50.202814014829926
2023-07-23,Sangrur,2.8468742796352933,6.058429394449506,7.574910470417568,6.82189416885376,6.693174413272312,5.709168885435377,2.796018992151533,60.25841985139485
2023-07-23,Sunam,2.6660187116691043,6.091282538005284,7.506913576807294,6.083698187555585,5.2191771524293085,4.650736093521118,2.333450334412711,46.091849005367244
2023-07-24,Dhuri,4.435091788118536,12.287180770527232,18.838304953141645,10.144276575608687,7.984835429625078,2.8601595705205742,1.81246079639955,85.92748755937852
2023-07-24,Lehra,3.9029888808727264,15.800963819026949,14.50935673713684,8.134025633335114,3.873309001326561,2.018754787743092,1.4032492116093636,45.79307597334563
2023-07-24,Malerkotla,4.682479057993207,11.328572511672974,19.73707270622253,11.232616424560549,9.171639152935573,3.1352867484092712,1.9558126543249403,80.45327508288125
2023-07-24,Moonak,3.776763220628103,14.827082395553589,14.775743961334229,7.930762569109599,3.545581817626953,1.7155286471048992,1.791896969079971,46.47826334102568
2023-07-24,Sangrur,4.450799746172769,13.50080956731524,19.068387269973755,11.404992648533412,7.688209482601711,2.8863224387168884,1.8310905396938324,52.33103207441895
2023-07-24,Sunam,4.191447479384286,14.356282132012504,17.03448067392622,10.18617946760995,5.735571946416583,2.471783595425742,1.6244706511497498,40.73403469506482
2023-07-25,Dhuri,10.571507930755615,13.048338066447863,15.939669045535,9.205838420174338,5.613658384843306,1.8977664763277229,2.1726269234310496,70.21723682056027
2023-07-25,Lehra,14.154611587524414,13.768938720226288,19.05536568164825,7.550194710493088,2.7918515652418137,1.349607102572918,2.119393825531006,24.614591881225554
2023-07-25,Malerkotla,10.112945250102452,12.362448522022792,15.505958829607282,9.329326357160296,6.358145083699908,2.2427775221211568,2.417976843459265,64.85715165282933
2023-07-25,Moonak,14.44356393814087,13.890591859817505,19.975481351216636,8.16905121008555,2.700769523779551,1.5435243050257366,2.264997770388921,23.208337760346552
2023-07-25,Sangrur,12.205475568771362,13.749261447361537,17.99471722330366,9.99486802305494,5.214736972536359,1.915618044989449,2.4367116817406247,34.22695612196372
2023-07-25,Sunam,13.597023827689034,14.096298830849785,19.515644686562677,9.28614148071834,3.915531209536961,1.7013625161988395,2.3805580054010664,18.782005435195092
2023-07-26,Dhuri,6.490845528515902,13.346910693428732,10.311339595101096,3.800108031793074,3.699986696243286,4.20090820572593,1.5775806849653071,70.2269763891325
2023-07-26,Lehra,5.900768160820007,11.793480634689333,7.932027041912079,2.8646960705518723,2.432006731629372,3.151499852538109,1.3958679214119911,19.31617154981596
2023-07-26,Malerkotla,6.390228186334882,12.283422061375209,10.467136485236033,4.018597739083426,4.189814618655613,4.352553869996752,1.6132667405264718,64.568768752108
2023-07-26,Moonak,5.361659208933513,11.854574600855509,7.998907725016276,3.0353035926818848,2.141282747189204,3.395537316799164,1.4804135461648305,21.709842076992004
2023-07-26,Sangrur,6.829761045319693,14.069385187966484,10.122846382004877,3.6166770117623455,3.2870480503354758,4.1135508332933695,1.799796198095594,33.3268010906533
2023-07-26,Sunam,6.368546536990574,12.963210548673358,8.776242528642927,3.2130403092929294,2.781165565763201,3.5750884669167653,1.6745514188494002,19.425999947990004
2023-07-27,Dhuri,12.395763570612129,8.890007344159214,1.507240821014751,1.063216661865061,1.2858621586452832,1.6792954043908552,2.6972815665331757,61.41019187320626
2023-07-27,Lehra,10.596441566944122,9.474641621112823,1.2162749469280243,0.8836491256952286,1.4206022769212725,0.9617904350161552,1.8341046795248983,18.15331853734564
2023-07-27,Malerkotla,11.906074932643346,7.77490588596889,1.4404559816632951,1.206515793289457,1.3055465072393415,2.0468158211026872,3.250675235475813,54.910307777769475
2023-07-27,Moonak,11.620909055074057,11.07859762509664,1.4196864465872447,1.06159774462382,2.1122256418069205,1.313822090625763,2.410158117612203,21.834010263349843
2023-07-27,Sangrur,12.887879235403878,9.955423252923149,1.6202760253633772,1.091229613338198,1.5432900743825095,1.6633874433381215,2.5049333359513963,31.7753817336572
2023-07-27,Sunam,11.993765115737917,9.997483321598596,1.5134306422301702,1.005158428634916,1.5158545140709196,1.2789439197097503,2.214688041380473,19.664371717791013
2023-07-28,Dhuri,3.339363130656156,1.7640628597953103,0.9333675720474937,0.7332358414476569,2.1764833493666216,3.4144937341863457,3.9008311575109302,37.230552832876484
2023-07-28,Lehra,4.691461950540543,2.1180626899003983,0.9602784141898156,0.908171433955431,1.893023863434792,4.183913633227348,3.933697074651718,12.433069764368044
2023-07-28,Malerkotla,3.0902854033878877,1.7165047781808036,1.0212988236120768,0.7722168053899493,2.7801351249217987,3.739186474255153,4.296977409294674,32.8452014157604
2023-07-28,Moonak,6.335479696591695,2.727275292078654,1.1398800015449524,1.208592842022578,2.8351000547409058,5.332414388656616,4.568414906660716,19.68717764957541
2023-07-28,Sangrur,3.923133228506361,1.955163734299796,1.0573191408600129,0.7094128664050784,2.1546681310449327,4.442070918423789,4.121590690953391,27.57182480581904
2023-07-28,Sunam,4.67080705506461,2.217363327741623,1.1159736620528358,0.8068399812494006,2.094004588467734,4.375003780637469,4.292469467435565,18.92444018702259
2023-07-29,Dhuri,1.3807382691990246,1.2529221393845298,0.6273509318178351,1.5118939443068071,2.886362297968431,1.7650816982442683,2.6888575716452165,36.2873073482315
2023-07-29,Lehra,1.4872717931866646,0.7571270652115345,0.572093578055501,1.7979171052575111,3.655098259449005,2.67602676153183,2.552527330815792,11.255772029959505
2023-07-29,Malerkotla,1.082454006586756,1.2122429268700736,0.679980286530086,1.5046622880867548,2.6555324622562955,1.689743080309459,2.6308859629290446,30.033046660950365
2023-07-29,Moonak,1.2627286314964294,0.788142924507459,0.6924131611982981,1.9354342420895891,3.920523444811503,2.6893112858136496,2.8645281394322715,19.75433360996359
2023-07-29,Sangrur,1.455235121505601,1.2479161833013808,0.7337405788046973,1.6825289853981562,3.959135302475521,2.198471426963806,3.383280200617654,29.46242133313694
2023-07-29,Sunam,1.62456956080028,1.178634177361216,0.6734420412353107,1.936103254556656,4.4413831659725735,2.67205878666469,3.3972725697926114,20.109828888613723
2023-07-30,Dhuri,0.0086677676828747,0.1311384273523634,0.5388565849174153,1.1446511908011003,1.6326277174732902,3.37501399083571,3.155463847247037,27.170684371784304
2023-07-30,Lehra,0.0069433822063729,0.2763813864439726,0.361810540780425,1.6674013659358025,1.2364999540150166,3.212832286953926,1.8533498123288157,7.782040396280509
2023-07-30,Malerkotla,0.0420586435024493,0.1149012169667652,0.5759229266217777,1.4410146623849869,2.0943216255732944,4.470997205802372,4.3072538290705,20.68438442131582
2023-07-30,Moonak,0.0010945299485077,0.3286558787027995,0.4414857650796572,2.4562279085318246,1.2768848141034443,3.702528933684031,2.228760083516439,17.233003966344974
2023-07-30,Sangrur,0.007761196798778,0.2100196305130209,0.5449150460106986,1.4323926802192417,1.780954360961914,3.663403979369572,3.4211067855358124,26.718655421180134
2023-07-30,Sunam,0.0033191685797646,0.2702430428138801,0.4875880692686353,1.7227253445557185,1.5554247966834478,3.546827001231057,2.71647572517395,18.509826300990905
2023-07-31,Dhuri,0.0,0.3700934905897487,1.368815386837179,3.339221618392251,6.814422325654463,4.015965819358826,1.7913341413844714,24.65675363823757
2023-07-31,Lehra,0.0,0.4954552948474884,1.1832287833094597,2.90134970843792,6.321840584278107,3.5161242187023163,0.765079814940691,7.4426349178632
2023-07-31,Malerkotla,0.0,0.4394013966832842,1.83072435430118,4.068100554602487,7.432704789297921,4.740603557654789,2.7572178670338223,17.526292662319854
2023-07-31,Moonak,0.0,0.5588554342587789,1.6127943098545074,3.781654000282288,6.872836510340373,4.445165574550629,1.0130451520284016,17.012535343215177
2023-07-31,Sangrur,0.0,0.4495361670851707,1.5628065913915634,3.914287516048976,8.225012574877058,4.965355634689331,1.773607381752559,26.04224397238183
2023-07-31,Sunam,0.0,0.4242080535207476,1.4124509607042586,3.624071832214083,8.133276002747673,4.645817748137882,1.247706100344658,18.24036173848482
2023-08-01,Dhuri,0.0771554937078194,1.0758461329070004,3.772103873166171,6.700053865259344,3.894441496242176,1.9738766794854945,1.9476135616952723,22.784540778583136
2023-08-01,Lehra,0.0,1.16074762865901,2.4184616059064865,7.330763846635818,3.053288996219635,0.8775832317769527,0.7284928802400827,6.820151795100561
2023-08-01,Malerkotla,0.0810924236263547,1.082447194627353,4.792036558900561,6.694114071982248,4.741562911442348,3.0042960175446103,2.937572411128453,15.98391465339495
2023-08-01,Moonak,0.0,1.3893162608146667,2.4066526889801025,8.141249179840088,3.416401445865631,1.0093001425266266,0.804810419678688,15.818064104638408
2023-08-01,Sangrur,0.0352953493794692,1.482887578862054,3.551316695553916,7.649071659360613,4.548750145094735,2.0499642938375477,1.9020289842571527,24.425071652161705
2023-08-01,Sunam,0.0117535113490053,1.354973927140236,2.8605723083019257,7.492429137229919,3.7437113438333776,1.3559093113456453,1.2173879508461272,16.906828241869565
2023-08-02,Dhuri,0.445215032859282,4.012678590687838,4.221481539986351,4.788321386684071,3.7790401957251807,2.278310624035922,1.825484351678328,14.801036276664009
2023-08-02,Lehra,0.2253788579255342,2.3571475595235825,2.6696976125240326,2.434012249112129,1.984561122953892,1.3201996684074402,1.0110293217003343,3.2962387317334803
2023-08-02,Malerkotla,0.4975602552294731,5.194585544722421,5.330930573599679,6.434799713747842,4.326068324702127,2.8104035513741628,2.216646100793566,10.619398483557722
2023-08-02,Moonak,0.3109160823126634,3.073693990707397,2.979569137096405,3.426275054613749,2.389805306990941,1.5898315608501434,1.155113622546196,9.793663055140522
2023-08-02,Sangrur,0.4972775743475982,4.108989694288799,4.121412622077124,4.893612099545343,3.8506314711911336,2.324942763362612,1.693132815616471,16.508067974583994
2023-08-02,Sunam,0.3389499559998512,3.190894033227648,3.475668047155653,3.822132480995996,2.985802526984896,1.8805406902517592,1.3035180568695068,9.523380754448466
2023-08-03,Dhuri,1.6130232973532244,2.808087636124004,1.9674278606068003,1.0711806606162677,1.6033663695508784,0.908028626983816,0.8773616525259885,12.702932486758854
2023-08-03,Lehra,1.1881480105221272,2.263490594923496,1.3232384771108627,0.2329145106486976,0.8235293813049793,0.5422135442495346,0.5795674324035645,2.72927424796486
2023-08-03,Malerkotla,1.8216688462666104,3.245982072183064,2.6283418280737743,1.7414879224130086,2.1618456755365645,1.1538332849740982,1.108954308288438,8.71948502835095
2023-08-03,Moonak,1.510148972272873,2.865349372227987,1.775400122006734,0.3361739752193292,1.0767326305309932,0.5512148216366768,0.7264041155576706,9.34591346670838
2023-08-03,Sangrur,1.6637514744486128,3.4947059665407454,1.951684934752328,0.9306496190173286,1.5645037357296263,0.9717447991882052,0.9545120831046786,14.41338246362217
2023-08-03,Sunam,1.3896825058119635,3.087200403213501,1.6659259561981474,0.5358308090695313,1.1735599892480033,0.7635990626045636,0.7347509084003312,8.004679283656262
2023-08-04,Dhuri,0.7605820013718172,0.3922034044834701,0.1077720413661815,0.1131380529735576,0.7017192989587784,2.461224772713401,1.1769581166180698,3.790746721619505
2023-08-04,Lehra,0.8875126466155052,0.1047257102327421,0.1180663201957941,0.0915255463914945,0.6735777519643307,2.1410621404647827,0.9015364311635494,0.9921208755014372
2023-08-04,Malerkotla,1.0028988218733244,0.7283391335180828,0.2869165683431284,0.293519207542496,0.8443564176559448,2.6894930813993727,1.361098906823567,3.562870805496109
2023-08-04,Moonak,0.8289476583401362,0.152331373343865,0.1050968654453754,0.1595146295924981,0.6539565175771713,1.7796563108762105,0.8590223491191864,5.433666821428431
2023-08-04,Sangrur,1.120048803942544,0.4552249959004776,0.1278113846201449,0.1576126201876572,0.8834940620831081,2.6730307170322964,1.3688120714255745,4.466935131793105
2023-08-04,Sunam,1.0682066306471825,0.2523048972444875,0.133382667654327,0.136594329694552,0.8437767805797713,2.5594253412314822,1.172140006508146,2.804693702541037
2023-08-05,Dhuri,0.2916981794617392,0.1006186401302164,0.1952557480809363,1.186770336194472,2.216216802597046,2.6336495063521643,1.4325605305758389,0.1193933864950342
2023-08-05,Lehra,0.0939804537920281,0.0428757880581542,0.0471900406409986,0.5769903436303139,1.632362276315689,1.5148659460246563,0.90971028059721,0.1740736735846094
2023-08-05,Malerkotla,0.536832217659269,0.197242955278073,0.326567533825125,1.8078319217477523,2.9784452063696727,3.452746638229915,1.9752629739897591,0.09590228202573349
2023-08-05,Moonak,0.1110309038000802,0.0506275582592934,0.0804400464209417,0.7134765461087227,1.922989418109258,1.693816954890887,1.0017495304346085,3.4867715901646847
2023-08-05,Sangrur,0.2705479463828461,0.1006905175745487,0.1901918499331389,1.228912601513522,2.2930678001471927,2.744816388402666,1.2038084332432066,0.7574874103782517
2023-08-05,Sunam,0.2050578234983342,0.0830584383968796,0.1079408120630043,0.9414711903248516,1.9971715339592524,2.1485852897167206,1.0373016723564692,0.4871635413684263
2023-08-06,Dhuri,0.0980806848542256,0.1284060749140652,1.0183973014354706,1.192210167646408,1.269433983347633,0.3830565437674522,0.8496359478343617,0.0773580024635543
2023-08-06,Lehra,0.0304910911945626,0.0971748179290443,0.4896634630858898,0.8230591993778944,0.8622842561453581,0.2836758005432784,0.485683892853558,0.1476129721037153
2023-08-06,Malerkotla,0.1666952174689088,0.2188557796180248,1.33749024782862,1.4841736278363638,1.602615088224411,0.5379724098103387,1.124869561621121,0.06557500943903298
2023-08-06,Moonak,0.0128440652042627,0.1156325327853361,0.5710974745452404,1.2073485627770424,1.1212577174107234,0.3548502400517463,0.578832550595204,2.5082923999882087
2023-08-06,Sangrur,0.1058766714164188,0.1265729846698897,1.4035877074514116,1.562409637229783,1.7207955760615212,0.5222616296793733,1.1032665116446358,0.5166819307818363
2023-08-06,Sunam,0.079830279307706,0.1404161117970943,1.1413390093616076,1.4472595900297165,1.5859488653285163,0.4960127265325614,0.9267144320266588,0.384597342786806
2023-08-07,Dhuri,0.1724912690168077,0.0391550564461133,1.5229135562073102,0.9523181535980918,0.5220355784351175,2.6669352054595947,2.7279174707152625,0.07430448796648209
2023-08-07,Lehra,0.0608063305262476,0.0387121977983042,1.0255807302892208,1.237184852361679,0.331464959308505,2.31733076274395,2.2386269718408585,0.2388656722459756
2023-08-07,Malerkotla,0.2705420867672988,0.1258505793354873,2.0732261581080302,1.2136646232434682,0.820675905261721,3.3468166419437955,3.760435308728899,0.06978896731396207
2023-08-07,Moonak,0.0223216441033097,0.0383328300279875,0.89503197123607,0.96310555934906,0.3379991787175337,1.8793898224830627,1.8713931639989216,3.4468017830642426
2023-08-07,Sangrur,0.1545863891286509,0.0792004319040903,1.3403712468487876,1.0158942277942384,0.6161976557757173,2.83151575922966,2.809204080275127,0.5169075712259111
2023-08-07,Sunam,0.1072542321469102,0.0433831701853445,1.1226393218551365,1.077949934772083,0.4671665626977171,2.484730988740921,2.413680136203766,0.48271915943218463
2023-08-08,Dhuri,0.3991165723312985,0.5061076107350263,0.1570157926868308,0.0365068990610201,0.8727809190750122,1.8263462321324784,1.4531982351433148,0.0656625728048814
2023-08-08,Lehra,0.1617820588871836,0.2095769261941313,0.1003386897500604,0.0,0.2211599857546389,0.5850923601537943,0.6515115797519684,0.40560073945711317
2023-08-08,Malerkotla,0.67142261245421,0.7483045352356774,0.2825129064066069,0.1031330811924168,1.597971186041832,2.984880025897707,2.2538721476282397,0.06385136380460053
2023-08-08,Moonak,0.1876559269924958,0.2211367742468913,0.155146583293875,0.0004219797362263,0.2449501069883505,0.5091868241628011,0.6619794915119807,4.981894218212199
2023-08-08,Sangrur,0.4386863982571022,0.5427295533674104,0.2153930695993559,0.0502993172267451,0.9970491507223674,1.957554138132504,1.7429683612925666,0.5244662363616435
2023-08-08,Sunam,0.2987959605774709,0.3661984529878412,0.1373828261026314,0.0090313965504589,0.5403285074446883,1.1524270166243826,1.1874529612915856,0.6320184619614697
2023-08-09,Dhuri,0.2689863023432818,0.0549523694948716,0.0,0.5676862895488739,2.8200889880006965,1.448276238007979,0.2757965048605745,1.3967846090962985
2023-08-09,Lehra,0.1989404247142374,0.0676774885505437,0.0,0.1975958794355392,1.2269106730818748,0.6338859256356955,0.118803922785446,1.30722621682503
2023-08-09,Malerkotla,0.2685387932828494,0.0534446420414107,0.0028151250444352,0.8841088148100036,3.272103258541652,1.6939251806054796,0.4266673321170466,1.868676083218486
2023-08-09,Moonak,0.2056886119147142,0.0456454323915143,0.0,0.2124957119425138,1.158600668112437,0.682170366247495,0.1128993562112252,4.976293378647476
2023-08-09,Sangrur,0.35652662999928,0.0699171487108937,0.0,0.5435151729200568,3.0017736234835217,1.378097963120256,0.2740460003593138,1.7058298081531749
2023-08-09,Sunam,0.2723402816003987,0.0860500710550695,0.0,0.320102110372058,2.0022427620632306,0.9368998924536364,0.1608138975820371,1.7494447044429817
2023-08-10,Dhuri,0.0013359987907196,0.0,0.1811854415149851,0.3388309212909503,0.306758305396546,0.0499741729264232,0.0043496341148222,3.123966335044842
2023-08-10,Lehra,0.0229158061265479,0.0,0.1412100101588294,0.2505194179248065,0.2344053355045616,0.0370106138871051,0.0,1.9201325002165668
2023-08-10,Malerkotla,0.0028260290855541,0.0020438175103793,0.5894313284329006,1.0905109377843991,0.7982999160885811,0.1569056903411235,0.0172105674532109,4.358447637480692
2023-08-10,Moonak,0.0300453753055383,0.0,0.2618608648578326,0.4097695176800092,0.3295369086166222,0.0370737068975965,0.0004668345597262,4.504969083064427
2023-08-10,Sangrur,0.0113729893678932,0.0,0.2497622298875025,0.5700888434158904,0.4854363799095154,0.080688270740211,0.0120498931002137,2.7195697857281402
2023-08-10,Sunam,0.0363818833471408,0.0,0.3446642998605966,0.6944336462765932,0.5731117336877755,0.0749810510315001,0.0056945926439116,2.5911812021281095
2023-08-11,Dhuri,0.0065676658837632,0.061046245211566,1.093310318548571,1.4679297770966182,0.5640995278954506,0.2601212943819436,0.0851944757794792,3.9646823950603185
2023-08-11,Lehra,0.0,0.0207094300421886,0.4064189819036983,0.6378415445797145,0.2243151589646004,0.2020715405233204,0.1018619837705046,3.076057932968996
2023-08-11,Malerkotla,0.0184394867724872,0.106768183942352,1.3938888907432556,1.6266964673995972,0.6509665442364556,0.2668286961104189,0.0643825697313461,5.032352263747834
2023-08-11,Moonak,0.0,0.0516932511236518,0.6510855443775654,0.8231623445947965,0.3708542833725611,0.3626065527399381,0.1659510216365257,5.6057152257113305
2023-08-11,Sangrur,0.000882609414735,0.0589625049116356,0.871040802448988,1.1934393452746528,0.3993628389601196,0.3087542351069195,0.1038814156449266,3.648406690631421
2023-08-11,Sunam,0.0,0.0603585329871358,0.710338595988495,0.9761622029223612,0.3329646882734128,0.320091272371688,0.1259679473670465,3.7536243865252317
2023-08-12,Dhuri,0.0099382588470524,1.6480559652501887,3.739362732930617,1.424438855864785,0.3122156154025685,0.0474480122158473,0.0,14.817704716136394
2023-08-12,Lehra,0.0,0.9197015948593616,2.6861391738057137,1.2857109904289246,0.4252074044197798,0.0030070794746279,0.0,16.113113725160428
2023-08-12,Malerkotla,0.0418626143530543,2.1042430698871613,4.287852270262582,1.4728848891598838,0.3307216433542115,0.1101903895448361,0.0008866521862468,16.262654190776814
2023-08-12,Moonak,0.0004326830385252,1.158023749788602,3.113750716050466,1.4751168638467789,0.440469216555357,0.0004326830385252,0.0,19.572259345847357
2023-08-12,Sangrur,0.0075281233293935,2.0359941742249896,4.503070669514792,1.910601141197341,0.4729057380131313,0.0097737165300973,0.0,14.77167061137128
2023-08-12,Sunam,0.0009426281654409,1.6738845195089067,4.003293676035745,1.7138646095991137,0.5469104136739459,0.0009426281654409,0.0,16.454054022728986
2023-08-13,Dhuri,1.223632438616319,2.253543492067944,0.2710233801467852,0.1846826843578707,0.4109889734536409,0.0,0.0,16.329007136850116
2023-08-13,Lehra,0.293427397031337,0.7360011816490442,0.0758588350727222,0.0565508138824952,0.069369981822092,0.0,0.0255928771948674,17.50711911051701
2023-08-13,Malerkotla,1.836308172770909,3.0823939783232555,0.4639921369297163,0.3145124997411455,0.5586011995162282,0.0141561893480164,0.0,18.62981019849935
2023-08-13,Moonak,0.4967693276703357,0.9646869227290154,0.1036190989737709,0.089878876072665,0.0858058330292503,0.0,0.0131455325754359,20.695853314903022
2023-08-13,Sangrur,1.394232225205217,2.49307724407741,0.2684494900916304,0.2159038434869476,0.3858365546911955,0.0,0.006640628479155,16.173017304637824
2023-08-13,Sunam,0.8496084841234344,1.75054318351405,0.1421076068654656,0.1575574436491089,0.190877298691443,0.0,0.0244626946680779,17.901534749181376
2023-08-14,Dhuri,3.521677992560647,0.28962608020414,0.0658499617129564,0.0,0.0,0.0,0.0072287087730894,38.78339320321946
2023-08-14,Lehra,1.870085321366787,0.1200474551878869,0.0,0.0,0.0,0.0,0.0,41.39229218030997
2023-08-14,Malerkotla,5.0639321718897135,0.6087496866072927,0.1200041192184601,0.0,0.0,0.0,0.0464235920725124,39.3713211962929
2023-08-14,Moonak,1.8905686438083649,0.1638104481001695,0.0003805959519619,0.0,0.0,0.0,0.0,37.8741725373887
2023-08-14,Sangrur,3.699218043259212,0.3211674144757645,0.0673292860654848,0.0,0.0,0.0,0.008253497221241,43.58327965154571
2023-08-14,Sunam,2.743075294154031,0.2172873932868242,0.0162470921142292,0.0,0.0,0.0,0.0001647022852141,45.45037198003993
2023-08-15,Dhuri,0.5980663611130281,0.1052059055390683,0.0,0.0,0.0,0.0094880533023652,0.0631302767856554,49.13127632851426
2023-08-15,Lehra,0.2885172134265303,0.0591423690784722,0.0,0.0,0.0,0.0,0.011049111461034,55.25072373957714
2023-08-15,Malerkotla,0.8324746191501617,0.2249872679156916,0.0,0.001396657765976,0.0,0.0478177748820079,0.1369303632527589,54.77155273736766
2023-08-15,Moonak,0.3738674658040206,0.0214377849673231,0.0,0.0,0.0,0.0002833403026064,0.012356862037753,49.01836597333518
2023-08-15,Sangrur,0.6762518318636077,0.0706691424961068,0.0,0.0047053782202835,0.0,0.0065262797953827,0.0610758396131651,54.80330402187443
2023-08-15,Sunam,0.5086613781750202,0.0519041603298059,0.0,0.0001395182750586,0.0,0.0006975914085549,0.0529551701620221,57.735598507243616
2023-08-16,Dhuri,0.1757914347743446,0.0,0.1324044398286125,0.2855207655917514,0.0430005674504421,0.3536027900197289,0.4157256253741004,50.32325769818049
2023-08-16,Lehra,0.0,0.0,0.0948715526610612,0.0948715526610612,0.0,0.2176969272550195,0.1352960015647113,63.23012040932909
2023-08-16,Malerkotla,0.3674610230539526,0.0,0.170040595212153,0.479454684470381,0.124470168658133,0.2986602415995938,0.6555756681731769,56.640124209996856
2023-08-16,Moonak,0.0004212286633749,0.0,0.1067485880727569,0.1071698165809114,0.0004212286633749,0.2854783317695061,0.1881177133570114,56.82367439245813
2023-08-16,Sangrur,0.169743912294507,0.0,0.1606950111953275,0.2488851921100701,0.0841287072481853,0.4049377207245145,0.5108618725623403,56.66300299745845
2023-08-16,Sunam,0.0349880208128264,0.0,0.1506570536377174,0.1683339398088199,0.017676885372826,0.4394979418388435,0.2877173272094556,63.54979541982902
2023-08-17,Dhuri,0.0079368332887745,0.2998977161266587,1.972055521878329,0.7687075977975671,0.6795458509163423,0.5379743278026581,1.033169749108228,51.53508034564257
2023-08-17,Lehra,0.0339788430137559,0.5187194291502237,1.3395118117332458,0.933637635782361,0.6702278759330511,0.2954675769433379,0.6216362398117781,65.65733071614939
2023-08-17,Malerkotla,0.0477674231265804,0.2861131086413349,1.8099607271807532,0.7302365494625909,0.9341401691947664,0.7878812029957771,1.3062155544757843,59.16572016957438
2023-08-17,Moonak,0.0746889682486653,0.5149416799346606,1.1334578345219295,1.0051880826552708,0.6828685154517492,0.3098075588544209,0.6562992632389069,58.69580207299392
2023-08-17,Sangrur,0.0014368551118033,0.5701755083033017,2.2440829277038574,1.2425925071750368,1.038474176611219,0.7111058682203293,1.0802486624036516,58.08467700244299
2023-08-17,Sunam,0.0016021939393665,0.6750792424593653,1.9558360619204385,1.329577618411609,0.985801726579666,0.5431155535791602,0.8620703848344939,65.6026199537317
2023-08-18,Dhuri,0.4568576094779101,2.9446981061588637,1.2254109436815437,0.2665006111968647,0.0421154748817736,0.0987419294701381,0.8661053600636396,63.224006630120684
2023-08-18,Lehra,0.7491305284202099,2.208554521203041,0.9620306715369225,0.0590024802368134,0.0,0.0144512982660671,0.5225309021770954,65.81394828734717
2023-08-18,Malerkotla,0.4212395027279854,3.269235764231001,1.632288979632514,0.614174527249166,0.1681571188382804,0.1788965769644294,1.4261610848563058,77.52362356900815
2023-08-18,Moonak,0.8418728361527125,2.1431958178679147,1.0650530109802885,0.1366636306047439,0.0019114078022539,0.0129560375741372,0.4216604803999265,58.09783651975133
2023-08-18,Sangrur,0.7615441839609828,3.010014295578003,1.477438707436834,0.3421276900917291,0.0743634270038455,0.0987931608355471,0.8574508790458951,62.05777873689895
2023-08-18,Sunam,0.8646977299026081,2.775567991392953,1.2413175808531898,0.188063003921083,0.013077518553473,0.0627802138083747,0.6817361616662571,67.10335393958918
2023-08-19,Dhuri,1.6193197748877786,2.8160766796632246,0.642886755141345,0.0535962325944141,0.2107703082940795,0.7655965035611932,1.13910543105819,57.96017244843138
2023-08-19,Lehra,1.0792006067931652,1.550387255847454,0.4790886240079999,0.0,0.0373396266950294,0.2930722516030073,0.5324730537831783,54.30859282292604
2023-08-19,Malerkotla,1.81172838807106,2.8939565079552785,0.6016628412263734,0.1641010532288679,0.2170752121933869,0.9204707379852024,1.3195302103246962,74.23902997110217
2023-08-19,Moonak,1.2017212063074112,1.7635110119978588,0.5825562650958697,0.0,0.0773593698007365,0.1957233926902214,0.3918216762443383,44.81757713492405
2023-08-19,Sangrur,1.694891414472035,3.445883031402315,0.8482545475874629,0.0787373592278787,0.1818450630775519,0.719593845307827,1.0841044379132134,57.226282125132215
2023-08-19,Sunam,1.6194569170475006,2.7205601802894046,0.8076655279312815,0.0151164671406149,0.1120790150016546,0.5132761363472257,0.8406454622745514,58.28578911187783
2023-08-20,Dhuri,1.581830707463351,0.740653933449225,0.5778082731095228,0.4577550705183636,1.0992052798921412,1.7509652051058682,0.4945309527895667,58.15931535728485
2023-08-20,Lehra,0.7020310256630182,0.1085907013621181,0.1117228984367102,0.0396718698902986,0.3765847021713853,0.9226272143423556,0.1896907980553805,53.57561871876503
2023-08-20,Malerkotla,1.555937762771334,1.188653168933732,0.864609284060342,0.6871160407151494,1.4427133010966438,1.9016169820513045,0.6391387666974749,72.9802777686112
2023-08-20,Moonak,0.5682696377237638,0.2656561471521854,0.1106220101937651,0.0360177025819818,0.3568515566488107,0.7604498912890753,0.1743288033952315,43.836960540426126
2023-08-20,Sangrur,1.9695981400353568,0.8096249380281993,0.5750042221375874,0.4559922111885888,1.0792456652436937,1.90205106990678,0.4219211669904845,57.81243925605125
2023-08-20,Sunam,1.5795405400650842,0.433502583099263,0.2986910180853946,0.2309488784521818,0.8283492901495525,1.422565485749926,0.3084816693195275,58.05073504774508
2023-08-21,Dhuri,0.4897658635269512,0.5304168618538163,0.9131087850440632,2.4882079633799465,1.5979779037562285,0.8775999085469679,0.1209112814712253,36.00686396066325
2023-08-21,Lehra,0.1538158972980454,0.130426358547993,0.631248839199543,1.3397432938218117,1.3312748819589617,0.2736442741006613,0.0,32.43583443208132
2023-08-21,Malerkotla,0.7495836317539215,0.8546924857156617,1.1301666051149368,2.696948885917664,1.749313005379268,1.072992205619812,0.1961770430207252,52.43109900893512
2023-08-21,Moonak,0.3561780235419671,0.2731561964998643,0.7647173752387365,1.4423859119415283,1.378057946761449,0.337660301476717,0.0003931626755123,27.53326373793197
2023-08-21,Sangrur,0.6727689861186913,0.5489918839718614,1.0784294669117247,2.4916573805468425,1.7838020154408043,0.8135306952255112,0.1004095179960131,31.55157520313698
2023-08-21,Sunam,0.3931413596229894,0.3268554024398327,0.8560884935515267,1.953631239277976,1.569124209029334,0.4947584963270596,0.0238673755499933,33.390289082634226
2023-08-22,Dhuri,0.231859162365171,1.0371166250922463,2.9329194589094683,1.323011189699173,0.4971918504346501,0.079342459497804,0.1380438611588695,25.915198244084813
2023-08-22,Lehra,0.0985549155157059,0.391439763829112,2.217844493687153,1.0987630859017372,0.3329723449423909,0.0492774577578529,0.2063083020038902,18.436993150117743
2023-08-22,Malerkotla,0.4662331105875117,1.284130479608263,3.2533617445400784,1.5684381893702917,0.6355330018060548,0.1193974318781069,0.1267323898417609,37.421359723928354
2023-08-22,Moonak,0.3233697575827439,0.5600704476237297,3.0317322810490928,1.051731566588084,0.4045497501889865,0.1549042593687772,0.2294600953658422,14.606000376841807
2023-08-22,Sangrur,0.4365894837038858,0.9856517336198262,3.318965102945055,1.4895218185016088,0.5295276524765151,0.0833127156698278,0.1866622306406498,20.72912615738471
2023-08-22,Sunam,0.2514084697301899,0.6689808687993458,3.1518145884786333,1.42189302614757,0.4493918855275426,0.0921667626659785,0.2136397595916475,21.120641850213513
2023-08-23,Dhuri,0.2314074682918462,2.449606337330558,0.746588945388794,0.1805468181317502,0.8658465025099841,0.5065762400627136,0.6687217056751251,23.44147819600181
2023-08-23,Lehra,0.0,1.2532467730343342,0.7187367081642151,0.2060810844413936,0.4688428500667214,0.2060810844413936,0.427927216514945,9.524046326628365
2023-08-23,Malerkotla,0.5177998478923526,3.0500830922807967,0.8302711099386215,0.2422562539577484,0.9317053897040232,0.5705855020454952,0.6680075313363757,33.91395304469682
2023-08-23,Moonak,0.0051923127224047,1.4892558306455612,0.7038371960322062,0.2294398533801237,0.4301706751187642,0.2331486493349075,0.4881761235495408,5.904602532779
2023-08-23,Sangrur,0.1291711831997548,2.0405834295919965,0.7032994510872024,0.2238800759826387,0.8640614737357412,0.4905851483345032,0.8007414500628199,17.670337706441245
2023-08-23,Sunam,0.0272766939929819,1.5387603214808874,0.7303007159914289,0.2130210471472569,0.6322243006101677,0.2944171314260789,0.675786452633994,14.11873209841028
2023-08-24,Dhuri,2.54162443226034,2.112613981420344,0.7014557204463265,0.5748619464310732,0.941662921146913,0.3900426693937995,0.1916093392805619,20.64770664265152
2023-08-24,Lehra,0.8271000441163778,2.2469553351402283,0.6014255527406931,0.6426858864724636,0.9136445485055448,0.4237331785261631,0.2494179126806557,6.449548879980908
2023-08-24,Malerkotla,2.944264548165457,1.9615798124245236,0.7081583099705833,0.7622288933822087,0.976400750023978,0.478085886154856,0.1791302114725113,29.289257782490353
2023-08-24,Moonak,0.9443653896450996,2.086138278245926,0.947106550137202,0.7630381857355436,0.9166786447167397,0.4379374285538991,0.3263443609078725,3.6286127744359895
2023-08-24,Sangrur,2.418514575277056,2.270345440932682,0.8488038927316666,0.7367860493915421,1.1178389659949712,0.3105784223548004,0.2527449178908552,15.163180206871688
2023-08-24,Sunam,1.457727129970278,2.0789618066379,0.7816758911524501,0.6395251995750836,1.0562475728137153,0.3145949005016258,0.2832230797835758,11.132160430038025
2023-08-25,Dhuri,2.7172614444385874,1.0124710391868244,0.7764950259165331,1.0619954629377886,0.1323786437172781,0.0,0.0122099121905524,8.27190089686955
2023-08-25,Lehra,2.119433544576168,0.9771923311054708,0.3969637667760253,0.8400311954319477,0.0,0.0,0.0,5.112426843501065
2023-08-25,Malerkotla,2.8844423294067383,1.1494701760155814,1.0647151789494924,1.103596410581044,0.2700903532760484,0.0158975902678711,0.0653169646726122,10.949208145108564
2023-08-25,Moonak,2.10359932978948,1.1755931079387665,0.3658040476342042,0.7624841233094534,0.0031599349652727,0.0,0.0,2.933769198857668
2023-08-25,Sangrur,2.8187923644270216,1.1821967959403992,0.8357840723225048,1.0161383471318657,0.0194126138230785,0.0,0.0092039090980376,10.443909210892837
2023-08-25,Sunam,2.3334149590560367,1.0428751685789652,0.5765157416462898,0.8788091529692922,0.0036020927696621,0.0,0.0002758704358711,8.441681027046302
2023-08-26,Dhuri,3.0571964437311347,1.5551082383502612,0.4146090068600394,0.0150968789927322,0.0,0.0,0.0,2.6827127574827863
2023-08-26,Lehra,2.4548704028129578,1.1556662283837795,0.2974858973175287,0.0,0.0,0.0,0.0,3.5887203750699945
2023-08-26,Malerkotla,2.822714413915361,1.6555925352232796,0.3858101974640573,0.0501621801938329,0.0,0.0,0.0,3.008301597015504
2023-08-26,Moonak,2.544609079758326,1.2339500337839129,0.2295283991843462,0.0030051323895653,0.0,0.0,0.0,2.2209949968545146
2023-08-26,Sangrur,3.4163389929703305,1.6839960856097085,0.4536344887954848,0.0027286138751411,0.0,0.0,0.0,4.15178320561969
2023-08-26,Sunam,2.984919535262244,1.4872604991708482,0.3767687971038477,0.0009218319319188,0.0,0.0,0.0,4.555193154001127
2023-08-27,Dhuri,2.3877577402374963,0.3755794438448819,0.0,0.0,0.0,0.0,0.0833735085007819,0.9722674279155975
2023-08-27,Lehra,1.7067729085683825,0.3776786420494318,0.0,0.0,0.0,0.0,0.1857321672141552,2.9286468109430466
2023-08-27,Malerkotla,2.6640214920043945,0.435868107846805,0.0,0.0,0.0,0.0,0.0849821471076991,1.9037473119217057
2023-08-27,Moonak,1.4052777638038,0.3534385810295741,0.0,0.0,0.0,0.0,0.1751223703225453,1.9298575124968473
2023-08-27,Sangrur,2.22294374023165,0.3775250922356333,0.0,0.0,0.0,0.0,0.1502835316849606,2.1636930633285814
2023-08-27,Sunam,1.8605020982878548,0.331320301762649,0.0,0.0,0.0,0.0,0.1572126953729561,3.3306861097140157
2023-08-28,Dhuri,0.5526748516342856,0.0,0.0,0.0,0.0,0.0,0.0,0.6703327581678412
2023-08-28,Lehra,0.2528665708377957,0.0408848744118586,0.0,0.0,0.0,0.0,0.0,0.1000890908058705
2023-08-28,Malerkotla,0.5427741780877113,0.0,0.0,0.0,0.0,0.0085828346865517,0.0,1.7066113316862486
2023-08-28,Moonak,0.1970156549165646,0.109226048613588,0.0,0.0,0.0,0.0,0.0,0.0561564836984847
2023-08-28,Sangrur,0.5306788406201771,0.0108701055204229,0.0,0.0,0.0,0.0,0.0,0.9944081237254841
2023-08-28,Sunam,0.4623044771807534,0.0827631306102765,0.0,0.0,0.0,0.0,0.0,0.33284917424462285
2023-08-29,Dhuri,0.0,0.0,0.0,0.0,0.0,0.0,0.0543154025958343,5.498463484872254
2023-08-29,Lehra,0.0,0.0,0.0,0.0,0.0,0.0996817185077816,0.0,3.22445804511699
2023-08-29,Malerkotla,0.0,0.0,0.0,0.0,0.0,0.0,0.1333022945826607,5.276993512717966
2023-08-29,Moonak,0.0,0.0,0.0,0.0,0.0,0.1524396352469921,0.0005387521038452,2.3044622921090046
2023-08-29,Sangrur,0.0,0.0,0.0,0.0,0.0,0.0119500386728239,0.1087630453652569,4.800915403907917
2023-08-29,Sunam,0.0,0.0,0.0,0.0,0.0,0.0713086145530853,0.0252474786913288,3.777259798401323
2023-08-30,Dhuri,0.0,0.0,0.0,0.0,0.1824916872111233,0.0167247548233717,0.0821630539880557,5.476184965138303
2023-08-30,Lehra,0.0,0.0,0.0,0.0,0.2053584204986691,0.0,0.0174017889075912,3.261352055782373
2023-08-30,Malerkotla,0.0,0.0,0.0,0.0,0.1930336627577032,0.0734650678932666,0.1776912832366568,5.127640795501931
2023-08-30,Moonak,0.0,0.0,0.0,0.0,0.1952911304930845,0.0030726992214719,0.1107093229268987,2.448581368696202
2023-08-30,Sangrur,0.0,0.0,0.0,0.0,0.1917051774050508,0.0125432909532849,0.0135050446593335,4.7902475155221085
2023-08-30,Sunam,0.0,0.0,0.0,0.0,0.1762801698808159,0.0012459114992192,0.0032136045130235,3.7951287954229667
2023-08-31,Dhuri,0.0,0.0,0.0,0.0,0.0,0.0,0.0,5.501860593047367
2023-08-31,Lehra,0.0,0.0,0.0,0.0,0.0,0.0,0.0,3.7367394684313364
2023-08-31,Malerkotla,0.0,0.0,0.0,0.0,0.0,0.0,0.0,4.737039834532334
2023-08-31,Moonak,0.0,0.0,0.0,0.0,0.0,0.0,0.0,2.899305316680695
2023-08-31,Sangrur,0.0,0.0,0.0,0.0,0.0,0.0,0.0,4.949925757868377
2023-08-31,Sunam,0.0,0.0,0.0,0.0,0.0,0.0,0.0,4.107242465666277
2023-09-01,Dhuri,0.0,0.0,0.0,0.0,0.0,0.3144951991059563,0.0383634951642968,10.357733731816527
2023-09-01,Lehra,0.0,0.0,0.0,0.0,0.0,0.1147707882337272,0.2251037782989442,6.497547537353057
2023-09-01,Malerkotla,0.0,0.0,0.0,0.0,0.0030911308048026,0.2829792605979102,0.0641467172120298,7.59467980390989
2023-09-01,Moonak,0.0,0.0,0.0,0.0,0.0006601888841638,0.2960737844308217,0.296968067685763,4.561735397705737
2023-09-01,Sangrur,0.0,0.0,0.0,0.0,0.0089030110144189,0.2764877602458,0.0960049593954214,9.094864159766612
2023-09-01,Sunam,0.0,0.0,0.0,0.0,0.0014836617878505,0.2159107214372073,0.0981762928089925,7.298564589106329
2023-09-02,Dhuri,0.0,0.0,0.0692135601473802,0.4513961036096919,0.1951884749260815,0.1379363497041843,0.5382803001187064,11.839303923502978
2023-09-02,Lehra,0.0,0.0,0.0,0.3602932766079902,0.1752572557888925,0.0,0.3136411840096116,9.188773413921956
2023-09-02,Malerkotla,0.0,0.0,0.083334280510566,0.4231698587536812,0.1926208252885512,0.091942994456206,0.5211765186062881,9.043199812367744
2023-09-02,Moonak,0.0,0.0,0.0,0.3253961578011513,0.161217043797175,0.0,0.1284261626812319,7.10319989690514
2023-09-02,Sangrur,0.0,0.0,0.0008580184242288,0.3827692972762244,0.1981148492278797,0.0689023314043879,0.2644853416298117,10.819197509947744
2023-09-02,Sunam,0.0,0.0,0.0,0.3248482351856572,0.1616356319614819,0.0228166902504329,0.244305101356336,9.269056479380332
2023-09-03,Dhuri,0.0,0.0,0.0,0.0223378934897482,0.0,0.0,0.0,13.672595347929938
2023-09-03,Lehra,0.0,0.0,0.1156687615439295,0.0,0.0,0.0,0.2951682163402438,10.503261702994735
2023-09-03,Malerkotla,0.0,0.0,0.0364405429655952,0.0793908982138548,0.0,0.0,0.0,11.334841947592281
2023-09-03,Moonak,0.0,0.0,0.0655711370830734,0.0,0.0,0.0,0.2672483573357264,8.40927674565334
2023-09-03,Sangrur,0.0,0.0,0.010808760133971,0.0033916876252208,0.0,0.0,0.0368262458858745,11.884248847078135
2023-09-03,Sunam,0.0,0.0,0.0125689460629863,0.0,0.0,0.0,0.1926877820598227,10.220348417695778
2023-09-04,Dhuri,0.0902787154032425,0.6229398250579834,0.6110327988862991,0.2828586907549338,0.1985676830465143,0.2085367773066867,0.0,13.823058436266678
2023-09-04,Lehra,0.0217018102412112,0.5010647103190422,0.5243552215397358,0.3075239146128297,0.1502384783234447,0.1831725460942834,0.0,10.494401452433054
2023-09-04,Malerkotla,0.1456905882805585,0.5681566968560219,0.5551653397934777,0.1822919893477644,0.1338996094252382,0.169437295624188,0.0,11.661620021825366
2023-09-04,Moonak,0.1254957150667905,0.4340224911769231,0.3036995083093643,0.3599575633804003,0.2086343578994274,0.3348087593913078,0.0033934256061911,8.408976595060812
2023-09-04,Sangrur,0.0122821203965161,0.6240366282207626,0.4352327750197479,0.2890222003417356,0.1660497346892953,0.1970007307827472,0.0002476659802986,11.91450727667086
2023-09-04,Sunam,0.0038226983243865,0.5705899755869593,0.3946920564132077,0.2558072730898857,0.1245397936020578,0.1434137774631381,0.0010954170221728,10.227429523415282
2023-09-05,Dhuri,1.415655168620023,0.0,0.0,0.0,0.2842310636558316,0.9214915280992334,0.1260052411393686,9.599328654645081
2023-09-05,Lehra,1.6930027976632118,0.0,0.0,0.0,0.8760586753487587,0.0,0.0,7.651592163588743
2023-09-05,Malerkotla,1.0593938763652528,0.0,0.0,0.0,0.4298051712768418,0.9117459399359568,0.2789136357605457,8.696319040532954
2023-09-05,Moonak,1.264491041501363,0.0,0.0,0.0,0.676085501909256,0.0102432786176602,0.0102432786176602,6.231960976017833
2023-09-05,Sangrur,1.4745319187641144,0.0,0.0,0.0,0.0835682567475097,0.5582087944660868,0.2669026723929814,8.83651811751919
2023-09-05,Sunam,1.3963909042733056,0.0,0.0,0.0,0.33692356677992,0.1773749430264745,0.0736393304541707,7.136893520929339
2023-09-06,Dhuri,0.0,0.0,0.1403432302176952,0.7611912109635093,0.2258518189191818,0.3460576612163674,0.3246681791814891,12.149750864369317
2023-09-06,Lehra,0.0,0.0,0.517868340946734,1.0917884036898613,0.0,0.0390120218507945,0.0390120218507945,8.314865987582355
2023-09-06,Malerkotla,0.0,0.0,0.0899906934105924,0.69863774733884,0.1906645353883505,0.6858378914850098,0.5005852372518608,11.763540170186927
2023-09-06,Moonak,0.0,0.0,0.7872815231482188,1.2781301538149517,0.0031075623507301,0.0347300635961194,0.0448296410031616,6.296522740797121
2023-09-06,Sangrur,0.0,0.0,0.2388708405196666,0.5806699075869152,0.1076115341857075,0.2743378121938024,0.367991676820176,9.937041079572603
2023-09-06,Sunam,0.0,0.0,0.2431198837501662,0.6919717107500348,0.0342311226164123,0.1366428496049983,0.1684256052997495,7.968764431800229
2023-09-07,Dhuri,0.0,0.0,0.0,0.0,0.0,0.0,0.6366662979125977,37.04732094287783
2023-09-07,Lehra,0.0,0.0,0.0,0.0,0.0,0.0,0.4897087886929512,21.973392025068087
2023-09-07,Malerkotla,0.0,0.0,0.0009094916583438,0.0,0.0,0.0089667177692587,0.5831253124134881,32.834915132401505
2023-09-07,Moonak,0.0,0.0,0.0024710505579908,0.0,0.0,0.0,0.5594078476230303,9.735119326375234
2023-09-07,Sangrur,0.0,0.0,0.0089647884347609,0.0,0.0,0.0,0.7322939942990031,30.689891695740435
2023-09-07,Sunam,0.0,0.0,0.0002713313525808,0.0,0.0,0.0,0.6077391973563603,23.925145640500954
2023-09-08,Dhuri,0.0168713876469568,0.0,0.020739407363263,0.0,0.0,0.0,0.0461250678636133,58.45438203380752
2023-09-08,Lehra,0.0,0.0,0.032488927769009,0.0,0.0,0.0,0.0,34.675672143429125
2023-09-08,Malerkotla,0.0712697933694081,0.0016832450803901,0.0060648503547002,0.0,0.0,0.0015147290458636,0.0831363049468823,52.489339909922066
2023-09-08,Moonak,0.0,0.0005768074576432,0.0263859493037064,0.0,0.0,0.0,0.0005768074576432,12.257923726566997
2023-09-08,Sangrur,0.0109026895370334,0.0086008978209325,0.0819873153897268,0.0,0.0,0.0,0.0880146705146346,45.32174826179776
2023-09-08,Sunam,0.0002681353029661,0.0013406764982002,0.0790599088982812,0.0,0.0,0.0,0.0214044028460713,36.712020834450215
2023-09-09,Dhuri,0.0130179986696351,0.6570318557999351,0.0992746094919063,0.0442174500362439,0.2147480330683968,0.1122926090928641,0.6655546223575418,64.77307143202688
2023-09-09,Lehra,0.1185929916100576,0.9202581290155648,0.0031692308257333,0.0,0.0,0.0,0.7039999309927225,50.89789841695275
2023-09-09,Malerkotla,0.0536317007083977,0.6704839648944991,0.1883171855338982,0.0859271330492837,0.1967927840139184,0.1845248879066535,0.6026836229222161,58.54420326902708
2023-09-09,Moonak,0.3192904392878214,1.0672082751989365,0.0018689217977225,0.0004672304494306,0.0004672304494306,0.0,0.4844843273361524,30.589671718718584
2023-09-09,Sangrur,0.0002808794046619,0.8782099804707936,0.0041660625221473,0.1116224526028547,0.179944927804172,0.0041660625221473,0.9377852763448444,56.68006358153171
2023-09-09,Sunam,0.0079387206850307,0.7502251086490495,0.0,0.0217782420971031,0.0462200287729501,0.0,0.766715543610709,53.74844497122018
2023-09-10,Dhuri,0.0,0.0,0.0,0.024448696989566,0.5862006125125018,0.9920983070676976,7.092427405444059,68.52162393276252
2023-09-10,Lehra,0.0,0.0,0.0330347063718363,0.151811309158802,0.2028290764428675,0.7668175771832466,4.023278117179871,59.5395756594526
2023-09-10,Malerkotla,0.0,0.0,0.0,0.1013803154762302,0.6685399689844677,1.2365711693252837,5.528162172862461,63.129896927436455
2023-09-10,Moonak,0.001946381603678,0.0,0.0836775771652658,0.1273700756331285,0.2733578955133756,0.4662467290957768,2.2648451030254364,41.86562233677878
2023-09-10,Sangrur,0.0001999619915815,0.0,0.0072996564808168,0.0381421624749366,0.4189043651734079,0.9332519939967564,5.962535466466632,62.258366370602666
2023-09-10,Sunam,0.0007522341662219,0.0,0.0449305050008531,0.0969630075352532,0.2392782795109919,0.7380033135414124,4.339255690574646,60.55377149474697
2023-09-11,Dhuri,0.0830640214580026,0.4928792986002835,0.5375882929021661,1.1001446165821769,1.7995612296191128,0.7843829420479861,1.3365444378419356,76.69391746295051
2023-09-11,Lehra,0.1149058567825704,0.3759299544617533,0.7870713919401169,0.971708845347166,0.9470113702118396,0.5655943881720304,1.1762540750205517,85.74958303827005
2023-09-11,Malerkotla,0.0084310848531978,0.5056897795626095,0.3566349734153066,0.996204891375133,1.7705918380192347,0.7757314315864018,1.180498093366623,67.59822462678311
2023-09-11,Moonak,0.1063927300274372,0.3048792295157909,0.4997422248125076,1.059442162513733,0.8099632014830908,0.2516688425093889,0.6237018803755442,70.46588378123158
2023-09-11,Sangrur,0.1535408808184521,0.5199391629014697,0.6682421628917966,1.297293090394565,1.6986071190663747,0.7479493298700878,1.1628794499805994,81.05573681040124
2023-09-11,Sunam,0.1465942984712975,0.3875844941607543,0.6738882341555187,1.06564399600029,1.2178491396563391,0.5913930865270751,1.0243649099554335,84.65271578534154
2023-09-12,Dhuri,0.1167021776464852,0.963498069481416,0.5703602826053445,2.116369214924899,2.9009959480979224,2.795427614992315,1.477591021494432,80.38474557279814
2023-09-12,Lehra,0.1700226438697427,1.0521184876561165,1.1557850204408169,2.6817281171679497,2.8770999163389206,2.425630435347557,1.1674884520471096,91.39686563261216
2023-09-12,Malerkotla,0.0720000761295003,0.8797673221145358,0.2330839987844228,2.065188522849764,2.5796767388071333,2.236931272915432,1.3830518765108926,70.20688461132703
2023-09-12,Moonak,0.2145415892203649,0.9760918716589608,0.9741928776105244,2.3946486711502075,2.1085776487986245,1.7746932009855907,0.7125008056561152,76.42104909813405
2023-09-12,Sangrur,0.2486422002049429,0.8632731629269463,0.6986334137618542,2.4264648258686066,2.712780066898891,2.60756379365921,1.6687638717038291,86.72210833237604
2023-09-12,Sunam,0.2295504377356597,0.816618304167475,0.8960241632802146,2.359077274799347,2.368113032409123,2.3190711055483137,1.3852144650050573,90.22176190664749
2023-09-13,Dhuri,0.9083518399433655,3.4586519761519,3.4111076810143213,3.615840088237416,5.698341066187078,2.252490282058716,1.298572751608762,79.25644054494289
2023-09-13,Lehra,0.2317874087020754,2.460429362952709,2.535541646182537,2.264008618891239,3.708618924021721,1.1927093975245953,1.058309320360422,91.8820730710811
2023-09-13,Malerkotla,1.5645374485424586,3.637445935181209,3.63446285043444,3.686555104596274,5.117611544472831,2.2168586126395637,1.177657772387777,69.04635721432666
2023-09-13,Moonak,0.1877843793481588,2.0867941776911416,2.221042344967524,1.795042097568512,3.000423967838288,0.9331251581509908,0.9875684628883996,77.40445307134027
2023-09-13,Sangrur,0.7086230468537126,2.780190144266401,3.063695716006415,2.924830198287964,4.628093174525669,1.810504789863314,1.3192132966859,87.42490087951037
2023-09-13,Sunam,0.3192091190389224,2.2866611778736115,2.347856653588159,2.1344880930015018,3.5068312287330627,1.1827596638883864,1.0396507318530763,90.60457963140993
2023-09-14,Dhuri,4.384526827118614,4.206645943901756,2.878665165467696,2.528292114084417,1.4558404738252813,0.6462553956291892,0.3883985687385906,55.4232583194161
2023-09-14,Lehra,4.284902334213257,4.56767138838768,2.6294603124260902,2.2796064615249634,1.4678340405225754,0.6590622626245022,0.2300086868926882,78.9965208541825
2023-09-14,Malerkotla,4.995741145951407,4.290000557899475,2.9285527765750885,2.503621901784624,1.457003959587642,0.5888294779828617,0.5305484075631414,49.51305697233904
2023-09-14,Moonak,4.031256198883057,3.739162305990855,2.0254797538121543,1.5483091374238331,1.0022368133068085,0.563104140261809,0.1801328584551811,74.26419289854184
2023-09-14,Sangrur,4.808996847697666,4.170863270759583,2.6555666753223965,2.548151484557561,1.4350696291242326,0.6547462152583259,0.3946432976850441,67.18892249237024
2023-09-14,Sunam,4.236272922583988,4.12420289005552,2.566902445895331,2.2380024748189107,1.3745660824435098,0.5876483949167388,0.2947899262819971,75.24824466142456
2023-09-15,Dhuri,9.515071587129071,6.410450826991688,6.996753800999034,3.1286592700264677,0.7168900926004756,1.0335815413431688,2.3418802944096653,40.79530745739642
2023-09-15,Lehra,8.219900608062744,4.880670726299286,5.592677488923073,0.9832635447382928,0.718193419277668,0.6186949294060469,2.4600116908550262,65.03564319393182
2023-09-15,Malerkotla,8.306888495172773,6.448092920439584,6.281323041234698,3.141102228845869,0.77564459081207,1.105720377394131,2.178491447653089,43.286778379409085
2023-09-15,Moonak,7.977891564369202,4.094639956951141,5.466513435045878,0.7943680038054785,0.6640092134475708,0.5671146834890047,2.3725506166617074,70.96454390113138
2023-09-15,Sangrur,9.952420541218348,5.592823096684048,6.067753400121417,2.4837501730237688,0.780993256185736,0.8827042749949864,2.2655876193727766,51.990520799398055
2023-09-15,Sunam,9.076091238430568,4.87123761006764,5.579821058682033,1.5529023451464516,0.7108407967856952,0.7456858062318393,2.307042611496789,61.30529274516204
2023-09-16,Dhuri,11.111667849800805,15.048944820057262,5.794623483311046,1.699143420566212,2.168390517885035,7.408865256742998,1.6659520701928572,54.94128417659789
2023-09-16,Lehra,10.872798264026642,15.48343026638031,4.903005808591843,3.081480771303177,1.7770207151770592,6.361445873975754,1.8874381482601168,60.454368526580794
2023-09-16,Malerkotla,12.188677276883809,12.354620286396573,5.078519906316485,1.3814987455095564,2.4741832528795515,7.433493307658604,1.5547739820820945,62.60130802804515
2023-09-16,Moonak,12.377466281255089,14.268850564956663,4.157776733239492,3.5434759060541787,1.7437088290850322,5.849777976671855,1.864174207051595,62.38850759793797
2023-09-16,Sangrur,9.684587478637695,15.762313876833234,5.734054531369891,1.986722354378019,2.0001566878386905,7.010600430624826,1.701496205159596,53.76833520895005
2023-09-16,Sunam,9.497738446508135,15.706363098961967,5.415679437773568,2.4451162772519246,1.7819747115884508,6.657042843954904,1.704302498272487,57.07253873138389
2023-09-17,Dhuri,19.328560915860265,6.123407884077593,2.3403539928522976,2.575545755299655,6.335204427892512,3.5459693020040337,4.373376401987943,61.37288818753028
2023-09-17,Lehra,19.563897788524628,10.324373066425323,5.603821516036987,2.07828376442194,6.156078070402145,4.490647122263908,4.661741659045219,60.1368955845574
2023-09-17,Malerkotla,17.88996045930045,5.053432064396994,1.634251104933875,3.0899147306169783,5.994389755385263,3.5028567739895413,4.153804642813546,62.569548404500594
2023-09-17,Moonak,13.174036979675291,6.913747469584147,4.366519669691722,1.4828256169954936,4.037328203519185,3.621195117632548,3.223959465821584,57.45103965837542
2023-09-17,Sangrur,21.0904175894601,7.575032251221793,3.7309113996369496,2.4942670507090434,6.531529801232474,4.022574978215354,4.7833214827946255,56.584493337941296
2023-09-17,Sunam,20.852598939623157,9.16480038847242,5.117746446813856,2.116124685321535,6.347219228744507,4.2376514332635065,4.790950894355774,57.74156242103806
2023-09-18,Dhuri,2.543879920786077,0.4987481236457824,0.9691482592712748,5.732626980001276,4.890565774657509,4.399093942208723,1.4533350305123762,55.40924871476391
2023-09-18,Lehra,2.2890074253082275,0.8192808832973242,0.6678042002022266,4.564208030700684,3.8258721381425858,4.224115699529648,1.556969776749611,34.366354058554435
2023-09-18,Malerkotla,2.301079268966402,0.4696930668183735,0.9680643507412502,5.280861394745963,4.187427980559213,3.7290535484041487,1.1988809321607865,59.05654811837843
2023-09-18,Moonak,2.238538920879364,0.8772376527388891,0.5239186684290568,3.847250858942668,3.0277218023935952,3.3351314266522727,1.3406911194324491,29.185187060640445
2023-09-18,Sangrur,2.4047494062355588,0.6301272383758,0.822915398648807,5.764288936342512,4.292549524988447,4.152492565768106,1.2761064150503705,39.449393890076
2023-09-18,Sunam,2.07646376320294,0.67202285357884,0.6278432309627533,4.760842842715127,3.531321542603629,3.656467148235866,1.1990064936024802,34.38223431506559
2023-09-19,Dhuri,11.340039903467352,1.5660289092497393,4.458380861715837,9.21202050555836,8.464207519184459,2.615598451007496,0.6100135946815665,52.332944605289335
2023-09-19,Lehra,8.688817948102951,1.5486415401101112,3.284112274646759,8.442946374416351,9.0511477291584,2.733633160591125,0.7513674385845661,33.60867682494785
2023-09-19,Malerkotla,9.797704815864565,1.5036116795880454,4.178433213915143,9.208061507769994,6.674749153000968,1.9602329305240087,0.5615212033901896,56.63241549861573
2023-09-19,Moonak,5.476403594017029,1.091296454270681,1.8579324980576832,5.710777600606282,5.4177602132161455,1.796688477198283,0.5757346575458845,26.849556494101428
2023-09-19,Sangrur,10.56253593308585,1.759045043161937,4.16447559424809,8.584276693207878,8.65260650430407,2.6878463285309926,0.625536744083677,34.64944804576604
2023-09-19,Sunam,9.587500282696316,1.7566054122788566,3.73812861101968,8.378329260008675,9.08726726259504,2.7703735743250166,0.6516618941511426,32.10556135230114
2023-09-20,Dhuri,0.6660372790965167,3.440308538350192,8.337253483858975,2.9701766317540947,0.4173097000880675,0.1753873435611074,0.078296554274857,52.10616967102286
2023-09-20,Lehra,1.2095487751066685,3.0510753989219666,10.120597302913666,3.6591838896274567,0.6380023490637541,0.0066243627807125,0.0759706023382023,32.41555745713563
2023-09-20,Malerkotla,0.4576957917639187,3.5737226605415344,7.563140204974583,2.6311081860746657,0.306287088564464,0.1488463902579886,0.101270519063941,55.87436859570443
2023-09-20,Moonak,1.1726764192183812,2.321775943040848,7.933499733606975,2.8096524278322854,0.5736809521913528,0.0,0.0379379295433561,25.702232783158312
2023-09-20,Sangrur,0.8681269479649407,2.9653816648891995,8.193154079573494,2.718981615134648,0.4317698829940387,0.1109450961064015,0.0247374900749751,33.50711908510905
2023-09-20,Sunam,1.0092045196465085,2.701366288321359,8.309710144996643,2.8491806047303334,0.4438558465668133,0.0382900055763976,0.0151647150549771,31.024199348752266
2023-09-21,Dhuri,3.462940378622575,12.127060196616434,3.1913626844232734,0.2595822255719792,0.0,0.0,0.0,52.077270172713675
2023-09-21,Lehra,2.577120885252953,11.584282517433168,6.897051513195038,0.8143867217004299,0.0,0.0,0.0,31.15583967212352
2023-09-21,Malerkotla,3.372014973844801,11.482507705688477,2.2642583463873183,0.146475575864315,0.0,0.0,0.0006211761252156,55.48224361059921
2023-09-21,Moonak,1.7084153989950817,8.860509753227234,5.894312302271525,0.6675308893124262,0.0006385255449761,0.0,0.0,24.99328285161127
2023-09-21,Sangrur,2.8961055874824524,11.126588582992554,3.6270292656762257,0.3695575690695217,0.0002241861740393,0.0,0.0,33.46286085227639
2023-09-21,Sunam,2.56931118454252,10.402810743876866,4.741971569401877,0.5320762385215078,0.0012480607256293,0.0,0.0,30.244013985097048
2023-09-22,Dhuri,7.077929518439553,6.084533019499346,0.6992798163132234,0.0,0.0,0.0,0.6437955512241884,41.53570343691789
2023-09-22,Lehra,7.10801100730896,8.515530794858932,1.66984074562788,0.0,0.0,0.0,0.3878770004957914,29.642761339615852
2023-09-22,Malerkotla,6.476042645318167,4.936177909374237,0.395513443010194,0.0,0.0,0.0,0.6280475759080478,39.68072041776919
2023-09-22,Moonak,5.614847501118978,6.331144412358602,1.1861043969790142,0.0,0.0,0.0,0.3356838126977284,24.152771779959753
2023-09-22,Sangrur,6.705048101288932,5.926025203296116,0.7991913344178881,0.0,0.0,0.0,0.4074473886617592,30.471610778849904
2023-09-22,Sunam,6.450146504810879,6.609115123748779,1.1308581765208925,0.0,0.0,0.0,0.3517721103770392,28.38826422546748
2023-09-23,Dhuri,7.087963451038707,1.4190798997879028,0.3156435306776654,0.0,0.0,0.5995322926477953,0.2767252701927315,20.83672035840562
2023-09-23,Lehra,10.278906255960464,2.237394228577614,0.3768641613423824,0.0,0.0,1.3162776082754135,0.7417525593191385,15.299716051398761
2023-09-23,Malerkotla,6.355955106871469,1.2725397880588258,0.2567605594439165,0.0,0.0009895618173426,0.5534084992749351,0.3419830447861126,14.03819218366629
2023-09-23,Moonak,7.233315547307332,1.6900386313597362,0.1148248170502483,0.0,0.0028708698228001,1.4270566999912262,0.9765460342168808,11.905654573665796
2023-09-23,Sangrur,6.931634170668466,1.3883041888475418,0.2793680732803685,0.0,0.0104099871324641,1.0129769550902503,0.5026777674044881,16.412478711536995
2023-09-23,Sunam,7.640035510063171,1.5301046541758947,0.3171218309019293,0.0,0.0019012269164834,1.190137090427535,0.5196009480527469,13.813108847457862
2023-09-24,Dhuri,1.083545278419148,0.0,0.0,0.10498781028119,1.6862711906433103,4.730934099717573,0.0,9.217840781312546
2023-09-24,Lehra,1.307962886989117,0.0,0.0,0.4436343917623162,1.869762510061264,4.9720901399850845,0.1532417219132185,6.179011908920419
2023-09-24,Malerkotla,0.7146834997194154,0.0,0.0,0.1262157656518476,1.6327812118189675,3.971968037741525,0.0287127726312194,7.497907629165623
2023-09-24,Moonak,0.7915284434954325,0.0,0.0,0.6873658448457718,1.7766506671905518,3.829220434029897,0.4189446767171224,4.655649803125965
2023-09-24,Sangrur,0.9163115375808308,0.0,0.0,0.3195408762964819,1.887567788362503,4.225002569811685,0.0287421406911952,7.386273426678954
2023-09-24,Sunam,0.9470784493855068,0.0,0.0,0.3766575546136924,1.725880661181041,4.424686329705375,0.2042908599334103,5.815361751528301
2023-09-25,Dhuri,0.0,0.0,0.0,2.5727477832274004,2.581891742619601,0.1833876137706366,0.0,7.253291994556127
2023-09-25,Lehra,0.0,0.0,0.1638605282641947,1.4992546662688255,3.413473904132843,0.0,0.0,6.266394753738529
2023-09-25,Malerkotla,0.0,0.0,0.0,2.753657707146236,1.9799391371863229,0.3238639533519745,0.0,6.524499930654256
2023-09-25,Moonak,0.0,0.0,0.1037039427707592,1.4694368342558544,2.8947301705678306,0.0,0.0,4.716095863706708
2023-09-25,Sangrur,0.0,0.0,0.0,1.7128983778612954,2.718050249985286,0.0087098088115453,0.0,6.1274125263651245
2023-09-25,Sunam,0.0,0.0,0.0020046839490532,1.5255027115345,2.8504004052707126,0.0,0.0,5.496559516753558
2023-09-26,Dhuri,0.0,0.0,0.0,0.0,0.0,0.0,0.0,6.172717999385824
2023-09-26,Lehra,0.0,0.0,0.0,0.0,0.0,0.1044310930883511,0.0,1.5865687576394998
2023-09-26,Malerkotla,0.0,0.0,0.0,0.0,0.0,0.0011819322992648,0.0,5.654627629316281
2023-09-26,Moonak,0.0,0.0,0.0,0.0,0.0,0.0796451680362224,0.0,1.3907482209843356
2023-09-26,Sangrur,0.0,0.0,0.0,0.0,0.0,0.0996392631371106,0.0,4.506908093563242
2023-09-26,Sunam,0.0,0.0,0.0,0.0,0.0,0.2215525426768831,0.0,2.080008359754863
2023-09-27,Dhuri,0.0,0.0,0.0,0.0,0.0,0.0,0.0,5.320033127792754
2023-09-27,Lehra,0.0,0.0,0.0,0.0,0.0,0.0,0.0,2.1154250101859997
2023-09-27,Malerkotla,0.0,0.0,0.0,0.0,0.0,0.0,0.0,4.784755327978306
2023-09-27,Moonak,0.0,0.0,0.0,0.0,0.0,0.0,0.0,1.7352439958267536
2023-09-27,Sangrur,0.0,0.0,0.0,0.0,0.0,0.0,0.0,4.139100982293756
2023-09-27,Sunam,0.0,0.0,0.0,0.0,0.0,0.0,0.0,2.30889678006551
2023-09-28,Dhuri,0.0,0.0,0.0,0.0,0.0,0.0,0.0,4.467348256199682
2023-09-28,Lehra,0.0,0.0,0.0,0.0,0.0,0.0,0.0,2.6442812627324996
2023-09-28,Malerkotla,0.0,0.0,0.0,0.0,0.0,0.0,0.0,3.91488302664033
2023-09-28,Moonak,0.0,0.0,0.0,0.0,0.0,0.0,0.0,2.0797397706691716
2023-09-28,Sangrur,0.0,0.0,0.0,0.0,0.0,0.0,0.0,3.7712938710242696
2023-09-28,Sunam,0.0,0.0,0.0,0.0,0.0,0.0,0.0,2.537785200376157
2023-09-29,Dhuri,0.0,0.0,0.0,0.0,0.0,0.0,0.1375599351965568,3.220095025604677
2023-09-29,Lehra,0.0,0.0,0.0,0.0,0.0,0.0,0.0,3.7280240742519215
2023-09-29,Malerkotla,0.0,0.0,0.0,0.0,0.0,0.0,0.0182622144930064,2.737155841522118
2023-09-29,Moonak,0.0,0.0,0.0,0.0,0.0,0.0,0.0,2.9001568426819433
2023-09-29,Sangrur,0.0,0.0,0.0,0.0,0.0,0.0,0.1311389855774385,3.057920181398058
2023-09-29,Sunam,0.0,0.0,0.0,0.0,0.0,0.0,0.0552458739174263,2.806871620006488
2023-09-30,Dhuri,0.0,0.0,0.0,0.0,0.0,0.0,0.0,1.972841795009671
2023-09-30,Lehra,0.0,0.0,0.0,0.0,0.0,0.0,0.0,4.811766885771343
2023-09-30,Malerkotla,0.0,0.0,0.0,0.0,0.0,0.0,0.0292083406820893,1.5594286564039064
2023-09-30,Moonak,0.0,0.0,0.0,0.0,0.0,0.0,0.0,3.7205739146947154
2023-09-30,Sangrur,0.0,0.0,0.0,0.0,0.0,0.0,0.0,2.344546491771847
2023-09-30,Sunam,0.0,0.0,0.0,0.0,0.0,0.0,0.0,3.0759580396368196
2024-06-01,Dhuri,0.0,0.0026267392306842,0.0077814879425039,0.0118525234601375,0.0114749987313354,0.0,0.0,0.0
2024-06-01,Lehra,0.0,0.0,0.0,0.0,0.0,0.0,0.0,0.0
2024-06-01,Malerkotla,0.0,0.0110902398487918,0.0374454970255361,0.0509630269703588,0.0510907172075738,0.0,0.0,0.0001408840063612886
2024-06-01,Moonak,0.0,0.0,0.0,0.0,0.0,0.0,0.0,0.0
2024-06-01,Sangrur,0.0,0.0022668055857398,0.0045180467755666,0.0085258914956024,0.006799734330603,0.0,0.0,0.0
2024-06-01,Sunam,0.0,0.0063854479064632,0.0099783198841448,0.0238980234467557,0.018610059749335,0.0,0.0,0.0
2024-06-02,Dhuri,0.0018821184745651,0.0041550275742669,0.0050057153513824,0.0014680268518118,0.0013340635024095,0.0,0.0,0.0
2024-06-02,Lehra,0.0,0.0,0.0,0.0,0.0,0.0,0.0,0.0
2024-06-02,Malerkotla,0.0053875055216069,0.0143531012269834,0.0160232956113759,0.0043206358085236,0.0041615665941208,0.0,0.0,0.0001408840063612886
2024-06-02,Moonak,0.0,0.0,0.0,0.0,0.0,0.0,0.0,0.0
2024-06-02,Sangrur,0.0007938424657498,0.0020639903045126,0.0027784486966473,0.0020639903045126,0.0007938424657498,0.0,0.0,0.0
2024-06-02,Sunam,0.0001367515402047,0.0001531617350078,0.0003473489279193,0.0001422216051391,8.205093243824584e-05,0.0,0.0,0.0
2024-06-03,Dhuri,0.0029422108782455,0.0105366777543994,0.0036538176196203,0.0008141002591318,0.0,0.0,0.0,0.0
2024-06-03,Lehra,0.0001037548063322,0.0018675866303965,0.0004081022343598,0.000276679493254,0.0,0.0,0.0,0.0
2024-06-03,Malerkotla,0.0110436538234353,0.0361932469199278,0.0120771600299381,0.0023982054449983,0.0,0.0,0.0,0.0001408840063612886
2024-06-03,Moonak,0.0,0.0,0.0,0.0,0.0,0.0,0.0,0.0
2024-06-03,Sangrur,0.0027548529594371,0.0145038813186277,0.0063634343345516,0.0018521033135974,0.0,0.0,0.0,0.0
2024-06-03,Sunam,0.0058372090238013,0.0434523146333439,0.0142923374660313,0.0062142067222989,0.0,0.0,0.0,0.0
2024-06-04,Dhuri,0.0003106894225559,0.0002761683638461,0.0001035631655461,8.630262031643228e-05,0.0,0.0,0.0,0.0
2024-06-04,Lehra,0.0,0.0,0.0,0.0,0.0,0.0,0.0,0.0
2024-06-04,Malerkotla,0.0046110671963625,0.0035702489216678,0.0009514297024192,0.0011252252935654,0.0,0.0,0.0,0.0001408840063612886
2024-06-04,Moonak,0.0,0.0,0.0,0.0,0.0,0.0,0.0,0.0
2024-06-04,Sangrur,0.0001261773951617,0.0001340634605315,0.0,1.5772174395221684e-05,0.0,0.0,0.0,0.0
2024-06-04,Sunam,0.0,0.0,0.0,0.0,0.0,0.0,0.0,0.0
2024-06-05,Dhuri,0.0021641368088735,0.0002526015318422,0.0001832263138071,0.0,0.0,0.0,0.0,0.0
2024-06-05,Lehra,0.0,0.0,0.0,0.0,0.0,0.0,0.0,0.0
2024-06-05,Malerkotla,0.0116147754846939,0.000996090773177,0.0011726509131092,0.0,0.0,0.0,0.0,0.0001408840063612886
2024-06-05,Moonak,0.0,0.0,0.0,0.0,0.0,0.0,0.0,0.0
2024-06-05,Sangrur,0.001467952504754,0.0001174362010455,0.0,0.0,0.0,0.0,0.0,0.0
2024-06-05,Sunam,0.0,0.0,0.0,0.0,0.0,0.0,0.0,0.0
2024-06-06,Dhuri,0.0234976848164065,0.0104255653198131,0.0004725751707817,0.0,0.0,0.0,0.0,0.0
2024-06-06,Lehra,0.0025367729467689,0.0007280400559466,1.0292886372553768e-05,0.0,0.0,0.0,6.549977069880697e-05,0.0
2024-06-06,Malerkotla,0.0294819616745891,0.0160034470567812,0.0006503892509499,0.0,0.0,0.0,0.0,9.98349990238369e-05
2024-06-06,Moonak,0.0083777601263742,0.0011456516488503,1.3417058601324548e-05,0.0,0.0,0.0,0.0007711203944514,0.0
2024-06-06,Sangrur,0.0321967504444598,0.0122123543364328,0.0005799033049243,0.0,0.0,0.0,0.0,0.0
2024-06-06,Sunam,0.0360942961747891,0.0135285695318348,0.0004247555785436,0.0,0.0,0.0,4.698797004363898e-05,0.0
2024-06-07,Dhuri,8.954186544294565e-05,0.0,0.0,0.0,0.0015531196936949,0.0024551661329248,0.0252988071561875,0.0176200831143082
2024-06-07,Lehra,0.0001838952885009,2.0432809833437204e-05,0.0,0.0,0.0001736788981361,0.0003422496083658,0.0014149722410365,0.0
2024-06-07,Malerkotla,0.0,0.0,0.0,0.0,0.0026382555266276,0.005457607147816,0.0673931899613567,0.04740343680296921
2024-06-07,Moonak,2.046846687638511e-05,0.0,0.0,0.0,5.117116719096278e-06,4.605405168452611e-05,0.0002353873569518,0.0
2024-06-07,Sangrur,0.0002314036922013,0.0,0.0,0.0,0.0018478829286842,0.002726902987758,0.0186694175437358,0.0793397948950339
2024-06-07,Sunam,0.0003380616423263,0.0,0.0,0.0,0.0037364315786752,0.0036602878292667,0.0291303076176388,0.1432819929232758
2024-06-08,Dhuri,0.0,0.0,0.0,0.0,0.0,0.000860998698706,0.0021897867925211,0.0176200831143082
2024-06-08,Lehra,0.0,0.0,0.0,0.0,0.0,0.0001059887435985,0.0,0.0
2024-06-08,Malerkotla,0.0,0.0,0.0,0.0,0.0,0.0028887510395309,0.0046132121091691,0.047402277774
2024-06-08,Moonak,0.0,0.0,0.0,0.0,0.0,0.0003115843283012,0.0,0.0
2024-06-08,Sangrur,0.0,0.0,0.0,0.0,0.0,0.0012219317738656,0.0012655491312086,0.07983261261185043
2024-06-08,Sunam,0.0,0.0,0.0,0.0,0.0,0.0031053433652102,0.001347348251459,0.1452036476963471
2024-06-09,Dhuri,0.0,0.0,0.0,0.0,0.0,0.0,0.0,0.0176200831143082
2024-06-09,Lehra,0.0,0.0,0.0,0.0,0.0018243259983137,0.0,0.0,0.0
2024-06-09,Malerkotla,0.0,0.0,0.0,0.0,0.001056431787999,0.0,0.0,0.047402277774
2024-06-09,Moonak,0.0,0.0,0.0,0.0,0.0,0.0,0.0,0.0
2024-06-09,Sangrur,0.0,0.0,0.0,0.0,0.0006522882135219,0.0,0.0,0.07983261261185043
2024-06-09,Sunam,0.0,0.0,0.0,0.0,0.0011087294218928,0.0,0.0,0.1452036476963471
2024-06-10,Dhuri,0.0,0.0,0.0,0.0,0.0,0.0,0.0008339925637053,0.0176200831143082
2024-06-10,Lehra,0.0,0.0,0.0,0.0,0.0,0.0,0.0001807456828828,0.0
2024-06-10,Malerkotla,0.0,0.0,0.0,0.0,0.0,0.0004014392227418,0.0026312344007603,0.047402277774
2024-06-10,Moonak,0.0,0.0,0.0,0.0,0.0,0.0,0.0011425329139456,0.0
2024-06-10,Sangrur,0.0,0.0,0.0,0.0,0.0,0.0,0.0007790463444377,0.07983261261185043
2024-06-10,Sunam,0.0,0.0,0.0,0.0,0.0,0.0,0.0034249763955196,0.1452036476963471
2024-06-11,Dhuri,0.0,0.0,0.0005385326181071,0.0064030221859535,0.0051219500112644,0.0127335542572175,0.039002783966928,0.0176200831143082
2024-06-11,Lehra,0.0,0.0,0.0,8.617967978352681e-05,0.00011490623001,0.0002298124600201,0.0010054295416921,0.0
2024-06-11,Malerkotla,0.0,0.0,0.0013804479552033,0.0059601824952356,0.0042532114525459,0.010319700425433,0.031951789881402,0.047402277774
2024-06-11,Moonak,0.0,0.0,0.0,0.0002134080280787,0.0008679877895095,0.00127386501966,0.006565484625753,0.0
2024-06-11,Sangrur,0.0,0.0,0.0001726646483543,0.0040129907629307,0.0034492030977812,0.011893279238263,0.0326285181592019,0.07983261261185043
2024-06-11,Sunam,0.0,0.0,0.0001134581969901,0.0033174479337633,0.0017305804477863,0.0078196908153976,0.0252863859766096,0.1452036476963471
2024-06-12,Dhuri,0.0,0.0213917904025451,0.0,0.0,0.0,0.024279247673059,0.2962331250309944,0.0176200831143082
2024-06-12,Lehra,0.0,0.0086924932511465,0.0,0.0,0.0,0.0138545860172598,0.1106984376674518,0.0
2024-06-12,Malerkotla,0.0,0.0165551791433244,0.0,0.0,0.0,0.017422234938879,0.217822679983718,0.047402277774
2024-06-12,Moonak,0.0,0.0003012872803083,0.0,0.0,0.0,0.0023208548421583,0.0450261787821849,0.0
2024-06-12,Sangrur,0.0,0.0161566464978802,0.0,0.0,0.0,0.0263389397545584,0.3006540829581873,0.07983261261185043
2024-06-12,Sunam,0.0,0.0179794942960143,0.0,0.0,0.0,0.027639036632276,0.2693757651639836,0.1452036476963471
2024-06-13,Dhuri,0.0254338031677021,0.0,0.0,0.0177487544080411,0.0898437806489792,0.5823099342259493,0.2504131665283983,0.0176200831143082
2024-06-13,Lehra,0.0169954396551474,0.0,0.0,0.0020976855903427,0.0546780458535067,0.3011141715105623,0.1099641078617423,0.0
2024-06-13,Malerkotla,0.0096663707268557,0.0,0.0,0.010145206220581,0.0653614866148148,0.334359518119267,0.1692948799048151,0.047402277774
2024-06-13,Moonak,0.0081582436105236,0.0,0.0,0.0022229883616091,0.0385584107910593,0.1913156018902858,0.0857857341567675,0.0
2024-06-13,Sangrur,0.0269581286452843,0.0,0.0,0.0158926132467708,0.0868506121582218,0.6240114229066032,0.2483045706259352,0.07983261261185043
2024-06-13,Sunam,0.0365383978434173,0.0,0.0,0.0073037321978647,0.1112728604514684,0.7138720601797104,0.2624872720667294,0.1452036476963471
2024-06-14,Dhuri,0.0,0.0,0.0,0.0232151322151449,0.2278673069720918,0.289766789837317,0.0438670153644951,0.0
2024-06-14,Lehra,0.0,0.0,0.0,0.0010622053127917,0.0476624220900703,0.0847299377783201,0.0084067583738942,0.0111704588160539
2024-06-14,Malerkotla,0.0,0.0,0.0,0.0218283105807911,0.1725407878735236,0.211115026846528,0.0331720177283776,0.0
2024-06-14,Moonak,0.0,0.0,0.0,0.000366845037206,0.0212241519044861,0.0322854501464462,0.0045262260388578,0.4025595860176025
2024-06-14,Sangrur,0.0,0.0,0.0,0.0199002876179292,0.2221598816769463,0.2947566801948206,0.0426463481105331,0.0004928177168165253
2024-06-14,Sunam,0.0,0.0,0.0,0.0101822613256185,0.1926017188067947,0.2938888964376279,0.0348439539250518,0.0082219050188083
2024-06-15,Dhuri,0.0,0.0,0.0865665027363733,0.7073620462959463,0.3416307324712926,0.0322090327231721,0.0,0.0
2024-06-15,Lehra,0.0,0.0,0.0341410093824379,0.251465555280447,0.1627803286537528,0.0200776793644763,0.0,0.011318214642939101
2024-06-15,Malerkotla,0.0,0.0,0.066568351949432,0.4709801753716809,0.2251960738961185,0.0116962782589585,0.0,0.0
2024-06-15,Moonak,0.0,0.0,0.0210119255352765,0.1868654132510225,0.1335317641496658,0.0180969038046896,0.0,0.4063281155836499
2024-06-15,Sangrur,0.0,0.0,0.0612124683601515,0.4899834261408874,0.2686643408877509,0.0299128894028919,0.0,0.0
2024-06-15,Sunam,0.0,0.0,0.0650139645274196,0.473612617701292,0.2696042529174259,0.032674191586141,0.0,0.006385542354216693
2024-06-16,Dhuri,0.0,0.0292665592437102,0.2013636636124416,0.264919262887402,0.1059375014156103,0.0203767825997519,0.0551589858845215,0.0
2024-06-16,Lehra,0.0,0.0,0.0577986063435673,0.079780780186411,0.0281713188596768,0.0006927980430191,0.0208516433194745,0.01150591359112291
2024-06-16,Malerkotla,0.0,0.0349659888805555,0.1600399323339973,0.2151636837848595,0.0923080446996859,0.0191208021382668,0.0361450928529458,0.0
2024-06-16,Moonak,0.0,0.0,0.0315709929758062,0.0708191191467146,0.0227268093731254,0.0,0.0207205673214048,0.4201318247268434
2024-06-16,Sangrur,0.0,0.0189061184812869,0.2076901748244251,0.2526573871395418,0.0981925136542746,0.0189555086794176,0.0668608837627938,0.0
2024-06-16,Sunam,0.0,0.0055572687581713,0.187266533928258,0.2204982010381562,0.0849211541935801,0.0061127628931509,0.0667955981833594,0.006489479883622277
2024-06-17,Dhuri,0.127670059827241,0.4027206396514719,0.5365471717986193,0.0374239243736321,0.0021339011992412,0.0,0.0,0.0
2024-06-17,Lehra,0.028453781211283,0.0985335146542638,0.2589216828346252,0.0212247947929427,0.0,0.0,0.0,0.012636812216557911
2024-06-17,Malerkotla,0.1287593487650156,0.4826147577592304,0.4964594276888029,0.0274649830867669,0.0012871960477371,0.0016906456606063,0.0,0.0
2024-06-17,Moonak,0.0194484221283346,0.0860078077142437,0.2320722875495751,0.0206122614908963,0.0,0.0,0.0,0.4704376672655207
2024-06-17,Sangrur,0.0907220378784196,0.2519984931818076,0.4381201341748237,0.0321668213499443,0.0,0.0,0.0,0.0
2024-06-17,Sunam,0.0706394341375146,0.1833516827651432,0.430196258106402,0.031884754010077,0.0,0.0,0.0,0.007128056630955408
2024-06-18,Dhuri,2.017674288966439,1.871492710980502,0.377174664627422,0.0,0.0,0.1216782775114883,0.4721245806325566,0.0
2024-06-18,Lehra,0.7111985962837934,0.8046484887599945,0.3033918794244528,0.0,0.0,0.1272911462001502,0.55365901440382,0.012636812216557911
2024-06-18,Malerkotla,2.378251041684832,2.0025404563971927,0.320867975375482,0.0,0.0,0.0911868020359959,0.4248638844915798,0.0
2024-06-18,Moonak,0.5293742418289185,0.7596137772003809,0.1797340773046016,0.0,0.0,0.092499694476525,0.599758580327034,0.4704379216790852
2024-06-18,Sangrur,1.6376691503184182,1.518735579081944,0.3413198568991252,0.0,0.0,0.1374531993642449,0.5291751804096358,0.0
2024-06-18,Sunam,1.0684265387909753,1.078603750893048,0.3361124524048396,0.0,0.0,0.1523480960833174,0.5481403629694667,0.007128056630955408
2024-06-19,Dhuri,3.445916923609647,0.2560366249897263,0.0,0.0,0.2153876579620621,0.1612157442352988,0.5357996509833769,0.1169008804964455
2024-06-19,Lehra,1.746025338768959,0.1383355925790965,0.0,0.0,0.0575527412584051,0.1098855598829686,0.6093996912240982,0.05697018016112711
2024-06-19,Malerkotla,4.073355564049312,0.3204307295382023,0.0,0.0,0.2111562793808324,0.1993762746985469,0.5275739378162793,0.7598055205917695
2024-06-19,Moonak,1.552283098300298,0.0932806320488452,0.0,0.0,0.018046344940861,0.0993036969254414,0.6550459613402685,0.635560909719235
2024-06-19,Sangrur,2.5869608351162503,0.223394368908235,0.0,0.0,0.1555493335638727,0.1854144438569034,0.7147438260061401,0.0373954746710565
2024-06-19,Sunam,2.2232879272529056,0.1761800894247634,0.0,0.0,0.1205594672688416,0.1570174755262477,0.7387399662818227,0.039447380952790406
2024-06-20,Dhuri,0.3748401972380551,0.0546130742031064,0.0,0.0045434357598423,0.1906760423020883,0.4790722903880206,2.2382530028169807,0.2173628861111962
2024-06-20,Lehra,0.3346685105934739,0.0145217449753545,0.0,0.0070917332777753,0.1037294706329703,0.4141942374408245,2.167383506894112,0.1842146883659882
2024-06-20,Malerkotla,0.3549489730170795,0.1068227386900356,0.0,0.0048115777483742,0.1597822242017303,0.6130769635949816,2.3627510028226038,1.1526112096783305
2024-06-20,Moonak,0.2359687002996603,0.0117461717842767,0.0,0.0013241541261474,0.0998190958052873,0.458510622382164,2.2833187182744346,1.485629171132286
2024-06-20,Sangrur,0.3795265832117626,0.0142654506822249,0.0,0.0085926039942673,0.1537314746528864,0.4561151383178575,2.354710055249078,0.0720310448296343
2024-06-20,Sunam,0.3430814455662455,0.0145965720792966,0.0,0.0058236776052841,0.122356557686414,0.4280608179313795,2.2946118925298964,0.1195236110699851
2024-06-21,Dhuri,0.0,0.0,0.0,0.0035846200559965,0.0,0.4677787924354726,1.8932450847192244,0.4272795529662657
2024-06-21,Lehra,0.0,0.0,0.0,0.0042803988180821,0.0,0.3293728828430176,1.380042850971222,0.4185960920494556
2024-06-21,Malerkotla,0.0,0.0,0.0,0.0001566009502442,0.0,0.486386943076338,2.022824329989297,1.8558987038692325
2024-06-21,Moonak,0.0,0.0,0.0,0.0005459265351722,0.0,0.3463260109225909,1.2928859790166218,2.2693368753008993
2024-06-21,Sangrur,0.0,0.0,0.0,0.0045947389776951,0.0,0.5664633783910956,1.768117287329265,0.1989573134711277
2024-06-21,Sunam,0.0,0.0,0.0,0.0052326175375908,0.0,0.4551700162036078,1.5996405950614383,0.3072594641933028
2024-06-22,Dhuri,0.0,0.0,0.0,0.0,0.0,0.1097969185899604,0.2960994514552029,0.556635222675235
2024-06-22,Lehra,0.0,0.0,0.0,0.0,0.0,0.0714985516387969,0.1614455869421363,0.7821912906782287
2024-06-22,Malerkotla,0.0,0.0,0.0,0.0,0.0,0.094872432361756,0.421620246555124,2.9040792364596633
2024-06-22,Moonak,0.0,0.0,0.0,0.0,0.0,0.1008080951869487,0.2362434081733226,4.763542966984097
2024-06-22,Sangrur,0.0,0.0,0.0,0.0,0.0,0.1129820227090801,0.2979898271816117,0.2557183761963263
2024-06-22,Sunam,0.0,0.0,0.0,0.0,0.0,0.074124975263008,0.17091151726033,0.5155807528274226
2024-06-23,Dhuri,0.0,0.0,0.0,0.0,0.2331651916558092,1.59199519590898,2.4215884750539605,1.1216033502142375
2024-06-23,Lehra,0.0,0.0,0.0,0.0,0.1712664100341498,1.2226481586694715,2.0032184720039368,1.4874127052408916
2024-06-23,Malerkotla,0.0,0.0,0.0,0.000967328968857,0.3379707379000528,1.6845173580305917,2.8161022577966963,5.894879179215335
2024-06-23,Moonak,0.0,0.0,0.0,0.0002032180006305,0.2289273838202158,1.011568655570348,1.7933829029401145,10.041510975775566
2024-06-23,Sangrur,0.0,0.0,0.0,0.0044456125636185,0.2725442363215344,1.6953961551189425,2.2968589706080302,0.450405089628404
2024-06-23,Sunam,0.0,0.0,0.0,0.0006586890667676,0.2113897555640765,1.5049975046089716,2.120632065193994,0.8954655240695456
2024-06-24,Dhuri,0.0551600112495097,0.0128079726022075,0.0,0.0753536607054146,0.8652736084027723,0.9284314919601788,1.7966333573514766,19.423214291034665
2024-06-24,Lehra,0.0659119945485144,0.0263610091642476,0.0281699486076831,0.0887950228061527,0.9541173167526722,1.149859648197889,2.251462906599045,25.34355874771048
2024-06-24,Malerkotla,0.0473563615897936,0.0251948050821998,0.0006411232919033,0.1200289456173777,0.9664131871291568,0.9416073283978872,1.9590378999710083,18.991457324952073
2024-06-24,Moonak,0.0595730654895305,0.047519378674527,0.0045633506573115,0.1401695975412925,1.0393862922986348,1.1158283551534016,2.1177176038424173,37.17313300145258
2024-06-24,Sangrur,0.0670492285862565,0.0269788353637393,0.0078430076994534,0.1287285560143313,1.0766877287200518,1.0933158440249306,2.0258448038782397,20.215047975545435
2024-06-24,Sunam,0.0595321693856801,0.0069509530938895,0.0226568349504045,0.1084173104858824,0.9757091104984283,1.046970899615969,2.00274071097374,22.63112018915325
2024-06-25,Dhuri,0.2843799286267974,0.1220357285981828,0.4799090081995183,1.3940307281234048,1.457409847866405,3.9812797741456474,3.367663405158303,27.29789825829371
2024-06-25,Lehra,0.6935713887214661,0.3203522525727749,0.44674220867455,0.8522669188678265,1.2344279140233994,4.154107868671417,2.7930599749088287,33.580241722166974
2024-06-25,Malerkotla,0.2168820069304534,0.1405725029430219,0.4362147620746067,1.4774802454880305,1.9519567404474527,3.865223126752036,4.181164034775326,26.71228993245694
2024-06-25,Moonak,0.8740042100350062,0.3179017454385757,0.4891723245382309,0.7871754268805186,1.248573660850525,3.320434888203939,2.835415999094645,49.29940620441074
2024-06-25,Sangrur,0.447577664894717,0.2161744258233479,0.5243006369897297,1.534301193697112,1.5040397303445,3.97405822787966,3.713699093886784,29.688111664256617
2024-06-25,Sunam,0.544479489326477,0.2644327623503549,0.5032618599278587,1.1859473415783472,1.3021956384181976,3.817010607038225,3.1285349045481,32.27620519159579
2024-06-26,Dhuri,1.781536129387942,3.541753714734858,3.6912677504799594,1.852133149450476,3.429930903694846,3.8983203931288286,5.698889277198098,47.79469843801911
2024-06-26,Lehra,2.227746531367302,2.556911572813988,5.982165157794952,1.5491717085242271,3.131820946931839,4.186664581298828,4.8188184797763824,41.40854125298293
2024-06-26,Malerkotla,2.030251600912639,3.1635265009743825,2.96788489818573,2.334541550704411,3.864928092275347,4.684454807213375,6.176436747823443,49.30425736153238
2024-06-26,Moonak,2.747397780418396,2.302320828040441,7.347790718078613,2.1750618716080985,3.2999891440073648,4.838561058044434,4.442084908485413,58.923074642654214
2024-06-26,Sangrur,2.423948960644858,4.346908603395734,5.565383110727582,2.406632314835276,3.781728420938765,4.241071956498282,6.062981162752424,46.91356169282578
2024-06-26,Sunam,2.419073279414858,3.530101486614772,6.584324317319052,2.127740966422217,3.604732257979257,4.167468215738024,5.493368778909956,43.799891143915566
2024-06-27,Dhuri,2.3689225099303504,3.830045808445324,8.20523004098372,12.28646776892922,7.94108679077842,9.827791040593928,7.964794679121538,53.19224981567198
2024-06-27,Lehra,2.256887473165989,3.221866086125374,8.234527558088303,10.55051290988922,6.084526121616364,6.344322443008423,6.153765350580216,43.898163169365766
2024-06-27,Malerkotla,2.3456912509032657,4.051922219140189,8.062699011393956,12.732758964811053,8.928758944783892,11.398159197398597,9.001204643930707,56.74840205723581
2024-06-27,Moonak,2.37119859457016,2.794587393601736,8.956259687741598,10.089151541392008,5.760772784550984,5.55219825108846,5.986275911331177,60.51033639802833
2024-06-27,Sangrur,2.620481154748372,4.404186035905566,10.610923154013497,12.951766388756887,7.866475258554731,9.75042200088501,7.813334669385638,50.957752459467685
2024-06-27,Sunam,2.4052737014634267,3.79294262613569,9.681669643947057,11.423054082053048,7.034295541899545,8.083526730537415,7.010035140173776,46.73979475986886
2024-06-28,Dhuri,1.5716054276986555,3.203116536140442,8.992712649432095,7.212689356370405,3.636394890871915,5.539166255430742,8.426552208987149,57.687824773969325
2024-06-28,Lehra,1.303709976375103,2.154638983309269,6.983951598405838,8.989599347114563,2.10288854688406,3.719901204109192,5.700793623924255,47.59656363937492
2024-06-28,Malerkotla,1.8426849118300848,3.379159356866564,9.95769226551056,7.5263497318540304,4.477821809904916,6.698294043540955,9.223386560167585,60.114026875433325
2024-06-28,Moonak,1.51944096883138,2.107379406690597,7.644796093304952,8.975537776947021,2.046607345342636,3.691239853700002,5.540765126546224,64.24005395376024
2024-06-28,Sangrur,1.6480787439005715,3.46065799679075,9.642094952719551,7.70255924974169,3.330098390579224,5.189026457922799,7.419339912278311,55.87643716111826
2024-06-28,Sunam,1.5624046538557326,2.9858987501689365,8.830115675926208,8.556542651993889,2.745363320623125,4.601999231747219,6.833149824823652,50.94921916761324
2024-06-29,Dhuri,2.3704674677415327,10.494497776031494,10.566231727600098,7.891081701625477,8.66502816026861,14.592232140627774,13.07818365097046,89.43039891122964
2024-06-29,Lehra,2.371831253170967,11.359872162342072,11.44874620437622,6.97383314371109,7.267745554447174,10.164122939109802,9.38951325416565,62.68989977668425
2024-06-29,Malerkotla,2.484785233225141,11.400813715798517,11.783352783748082,9.188185947281974,10.465014832360405,16.310700723103114,14.526746000562396,92.34693891363595
2024-06-29,Moonak,2.92218816280365,14.62949554125468,12.92385228474935,7.772233088811238,7.582159519195557,9.853432178497314,9.23012661933899,70.82241403052987
2024-06-29,Sangrur,2.7567494171006337,13.45775306224823,12.745493139539446,8.27212483542306,9.078015310423714,15.232269729886736,13.500144481658936,79.97531025392952
2024-06-29,Sunam,2.6669086473328725,13.030586072376796,12.370974813188823,7.665615899222238,7.97505567755018,12.643549816949028,11.555081469672066,70.36170243466269
2024-06-30,Dhuri,8.23177747292952,5.878739497878335,10.69203212044456,6.688149278814143,15.032871679826217,24.21681438792836,13.250840230421586,103.37261233072071
2024-06-30,Lehra,6.9627924263477325,3.6220752745866776,9.049076676368712,5.087182313203812,10.40868592262268,16.279004216194153,10.972136914730072,82.08819741367685
2024-06-30,Malerkotla,9.10454067162105,8.4385803767613,12.527176243918282,7.988408991268703,18.037661688668383,27.893184116908483,13.970645836421422,98.08914418852045
2024-06-30,Moonak,8.101279417673746,4.566905339558919,9.307539304097494,5.832824389139812,10.35916574796041,15.59643292427063,11.167080720265709,81.03008786025005
2024-06-30,Sangrur,8.340027792113167,7.24870845249721,11.715446318898882,7.855695469038827,14.630967480795723,23.887825625283376,13.072731494903564,96.75103166215953
2024-06-30,Sunam,7.721984812191555,5.54095287833895,10.57381078175136,6.743974549429757,12.459253413336617,20.132433005741664,11.989218814032418,88.98301487202123
2024-07-01,Dhuri,5.140097206289118,20.271053530953147,8.759133577346802,16.102358774705365,22.320398590781476,9.697928992184726,3.5823004354130137,85.82866814909828
2024-07-01,Lehra,4.733033895492554,18.701684176921844,7.61273518204689,14.01051104068756,15.660093545913696,7.557982921600342,2.5835670977830887,59.042192920269976
2024-07-01,Malerkotla,5.744884048189435,20.78091553279332,9.801475269453864,19.134768996919902,26.53449739728655,11.355052709579468,4.0105725186211725,85.26569950099913
2024-07-01,Moonak,6.15554145971934,19.842941443125408,8.27770733833313,14.863079071044922,16.00335176785787,7.336048007011414,2.620239575703939,54.78710965776136
2024-07-01,Sangrur,5.46885131086622,22.092701605388097,8.438351903642927,16.14769353185381,20.595961775098527,8.812133601733617,3.783724980694907,78.14856664628408
2024-07-01,Sunam,5.144400911671775,21.19867144312177,7.532457998820713,15.15398587499346,17.849829367228917,7.8883364370891025,3.10594756262643,68.09626456850852
2024-07-02,Dhuri,20.675849307667125,11.386143510991875,13.199529951268977,25.607515248385344,9.399963075464422,3.0007983446121216,7.461797367442738,78.18343098926469
2024-07-02,Lehra,18.00559115409851,11.457133412361143,7.673617094755173,14.367011606693268,7.555167883634567,3.16268453001976,7.000869870185852,51.04852348478002
2024-07-02,Malerkotla,20.61572824205671,12.048956734793526,15.993491172790527,29.529051985059464,10.774194308689662,2.9665346315928867,7.218905193465097,77.88012295624829
2024-07-02,Moonak,18.625377019246415,11.187724908192951,7.530593117078145,12.734965244928995,7.541379729906718,3.16728005806605,5.756374915440877,42.92006671791791
2024-07-02,Sangrur,23.429777213505336,11.806238174438477,12.040833336966378,22.62668119158064,8.621370553970337,3.034292084830148,7.131035498210362,69.04524841927807
2024-07-02,Sunam,20.69200621332441,11.389404467173986,9.659452591623578,18.11906967844282,8.006072521209717,3.108684454645429,7.135245135852268,58.7869836997171
2024-07-03,Dhuri,15.392873200503262,25.189818729053844,30.39079614119096,16.059216889468107,4.342879067767751,1.0167574990879409,2.1424324241551487,58.18941233950758
2024-07-03,Lehra,13.917124807834623,13.64116883277893,18.92224156856537,10.059166431427002,3.997381791472435,0.7369035556912422,2.135671190917492,43.78209110708638
2024-07-03,Malerkotla,15.21252850123814,27.86824008396693,30.89827196938651,17.559478521347046,3.965261791433607,1.2618310366358076,2.1591129899024963,55.24372581314972
2024-07-03,Moonak,14.056796550750732,13.556264956792196,17.82641299565633,9.567756255467732,4.579885005950928,0.6861582100391388,2.6549830635388694,33.734076632887145
2024-07-03,Sangrur,15.365314279283796,22.46870027269636,26.76848309380668,14.33491141455514,4.46701980488641,0.8413384173597608,2.265857458114624,52.58356044252266
2024-07-03,Sunam,14.17518070765904,17.45857446534293,22.169953959328787,11.962582349777222,4.1446881123951504,0.7628668014492307,2.303690250430788,48.034348550069865
2024-07-04,Dhuri,16.416883858767424,31.32806075703014,18.44801105152477,2.087556232105602,0.6384188695387407,1.912701341238889,3.374887401407415,52.733330230672124
2024-07-04,Lehra,12.683753550052645,26.36309826374054,19.58721923828125,2.6131522804498672,0.7966672144830227,3.3916090577840805,2.7096917927265167,41.18839466635597
2024-07-04,Malerkotla,16.561162573950632,31.83975158418928,18.541281052998134,2.1004913236413683,0.6534929552248546,1.4103307170527322,4.242793815476554,47.454452761892135
2024-07-04,Moonak,11.84496283531189,26.34045569101969,20.25483751296997,2.795408229033152,0.8602260102828344,3.0516088406244912,3.0829119086265564,31.36029691209655
2024-07-04,Sangrur,16.04213891710554,31.13326835632324,19.36488996233259,2.457793061222349,0.755466565489769,2.6896580968584334,3.444898767130716,48.546139610353855
2024-07-04,Sunam,14.232282025473458,28.12784903390067,19.04731811795916,2.5460425104413718,0.6264209640877587,3.0760717136519298,2.91039058140346,45.04172831203902
2024-07-05,Dhuri,34.46840494329279,20.22555481303822,2.858386679129167,1.3322079290043225,0.1926831037483432,0.7574778632684187,4.018986084244468,56.49662186499252
2024-07-05,Lehra,29.62315845489502,16.919109582901,3.8084253668785095,0.8309218920767307,0.1015677629038691,0.6559937857091427,2.2452351450920105,43.559153811858025
2024-07-05,Malerkotla,34.832408155713765,18.71280336380005,2.677451516900744,1.426121060337339,0.2904749720224312,0.8917433768510818,4.480027309485844,50.67087075897421
2024-07-05,Moonak,34.02477741241455,14.79297383626302,4.252068638801575,0.9881182064612708,0.0437841584595541,0.7334310015042623,2.1400530437628427,32.42877568119577
2024-07-05,Sangrur,36.47596427372524,20.137055465153285,3.0440260001591275,1.1606234886816569,0.1780473369040659,0.8267727409090314,3.8266128727367943,50.94364305226955
2024-07-05,Sunam,34.315171991075786,18.585981845855716,3.296083492892129,0.8822037088019508,0.1195217525320393,0.7858551953520093,2.927660141672407,47.33776528818646
2024-07-06,Dhuri,16.233825770291414,2.0174720991741526,0.701495417139747,0.1525910374793139,0.9744878655130212,7.470241329886696,4.160697796128013,27.26559810376968
2024-07-06,Lehra,16.35741150379181,2.4958509504795074,1.0775665417313576,0.1646516807377338,0.4834711439907551,4.503091230988503,2.525160238146782,30.132693250459205
2024-07-06,Malerkotla,16.21325271470206,2.106476094041552,0.5491859689354897,0.2507674316210406,1.2569185601813453,8.159775274140495,5.475349545478821,19.296768339102186
2024-07-06,Moonak,13.675320227940878,2.3330333828926086,0.9935712267955144,0.2953928758700688,0.5070293173193932,4.104169110457103,2.324117283026377,25.78327681051468
2024-07-06,Sangrur,15.288963692528862,2.19559651187488,0.8373948782682419,0.125770326969879,0.9620749237281936,7.055534941809518,3.685689389705658,29.80002984589545
2024-07-06,Sunam,15.526691811425346,2.2221200466156006,0.9493037994418826,0.1348986391510282,0.7349676468542644,5.992654459817069,3.0272791385650635,30.213202391955644
2024-07-07,Dhuri,0.2945481382987716,0.2407175465063615,0.3008687929673628,2.554035820744254,4.263310291550376,2.234197735786438,1.2805698243054475,13.077685268284004
2024-07-07,Lehra,0.5803792700171471,0.0840649446472525,0.1030834424309432,1.1143767647445202,2.2381941080093384,1.899878829717636,0.9218271598219872,10.245643211421593
2024-07-07,Malerkotla,0.3075372619288308,0.21700248335089,0.3786886536649295,2.872135545526232,4.750727048942021,2.372527177844729,1.4643811689955848,10.7474782261019
2024-07-07,Moonak,0.6868351946274439,0.1152903027832508,0.0727037253479162,1.188563863436381,1.9029978315035505,2.0674884219964347,0.7487000276645025,10.426785228231891
2024-07-07,Sangrur,0.3760916792920658,0.2154863295810563,0.2636448650487831,2.297820406300681,4.558298536709377,2.629246486084802,1.3666342220136098,13.187157697519606
2024-07-07,Sunam,0.4205509147473744,0.1397991606167384,0.1543644105217286,1.6775441084589278,3.2398642684732164,2.3076175153255463,1.078302628227643,11.491046275690612
2024-07-08,Dhuri,0.0102799624966626,0.8222717507319017,3.094793829050931,4.831396373835477,3.1711607521230523,0.4445343234322287,0.306022744287144,12.795796966752231
2024-07-08,Lehra,0.0302185520413331,0.4919222164899111,2.081898927688598,2.619136929512024,2.3256855458021164,0.2324676541611552,0.2609865590929985,9.895662398142335
2024-07-08,Malerkotla,0.0542299265174993,0.9071872340781348,3.4242115361349925,6.190975734165737,3.337720785822188,0.6628662379724639,0.277986217290163,10.962154500551488
2024-07-08,Moonak,0.0603944656128684,0.5284857973456383,2.0021983683109283,2.384913543860117,2.221112459897995,0.2153196247915426,0.2743951864540577,9.867260712643283
2024-07-08,Sangrur,0.0016943529896837,0.7491480261087418,3.3659166182790483,4.8795987367630005,3.1183851616723195,0.4276081025600433,0.3429756696735109,12.39334194532993
2024-07-08,Sunam,0.0016943599496568,0.6426276777471814,2.9043638706207275,3.733020177909306,2.800130231039865,0.3281621235821928,0.313860511141164,11.231916826450485
2024-07-09,Dhuri,0.0979752479629083,2.3599002144553443,8.447999217293479,3.2240655530582774,0.4776351655071432,0.1959504959258166,0.085576846983961,13.19061796456534
2024-07-09,Lehra,0.0639601639704778,2.1063804402947426,5.7259361743927,2.347223162651062,0.3229676019400358,0.0843108446570113,0.0132060526229906,11.344752479949477
2024-07-09,Malerkotla,0.1093245541144694,2.3307520278862546,8.379228115081787,3.628358236380986,0.6065717797194209,0.1998138635286263,0.214680589868554,11.231641915127069
2024-07-09,Moonak,0.0694603320832053,2.062623719374338,5.179334918657939,2.010341246922811,0.2902080416679382,0.1327849005659421,0.0143687563637892,12.761972328470627
2024-07-09,Sangrur,0.104967617762408,2.6616584062576294,8.26810211794717,2.9624073249953136,0.4820869394711086,0.196848268953285,0.0737558621247964,13.101264634702359
2024-07-09,Sunam,0.0994990370901567,2.7250869827611104,6.8416611126491,2.5631000825337003,0.390775842326028,0.1607105580291577,0.0492386455381555,12.8394983921547
2024-07-10,Dhuri,2.517570463093844,6.216994870792735,2.470703287558122,0.4678357744758779,0.6629426723176782,0.1342288919470527,0.3274897980419072,15.436053917533387
2024-07-10,Lehra,1.9236911609768867,5.115508943796158,1.869799166917801,0.3893764335662126,0.3766340389847755,0.2856345670297742,0.3487425064668059,13.289418315830114
2024-07-10,Malerkotla,2.506562901394708,6.441574590546744,2.5299773471696034,0.4353187307715416,0.653242786015783,0.1928396517676966,0.4643187283405235,12.836630557438946
2024-07-10,Moonak,1.7845948338508606,4.892591555913289,1.7406680981318157,0.3224491626024246,0.295327032605807,0.3706301202376683,0.5018418654799461,17.47247038816912
2024-07-10,Sangrur,2.31030906523977,5.907525718212128,2.3895340178694044,0.5212881969554084,0.6008798458746502,0.2146857473999261,0.4014660577688898,16.032120863988332
2024-07-10,Sunam,2.1847385593823025,5.543557388441903,2.1629181717123305,0.4512584124292646,0.5080513634852001,0.2696330730936357,0.4025999116046088,14.738270686495166
2024-07-11,Dhuri,4.647435979409651,1.0450780310414054,1.005258942192251,1.0547027614983646,0.8383142758499492,0.2576032253828915,0.2473454644734209,16.431928392649105
2024-07-11,Lehra,5.064113289117813,1.1605996862053871,0.6875197030603886,1.45749631524086,0.5503500774502754,0.2079223990440368,0.1737271156162023,15.438527073856243
2024-07-11,Malerkotla,4.204730919429234,1.0271082456622804,1.150545746088028,1.171755313873291,0.9550418704748154,0.3252385365111487,0.3457590847143105,13.888787355528967
2024-07-11,Moonak,5.244457840919495,1.1604197124640148,0.606835256020228,1.9367829362551368,0.7183645516633987,0.1689819085101286,0.1529185908536116,22.938266653848107
2024-07-11,Sangrur,5.346323311328888,1.0919835482324871,1.0177386126347951,1.247366509267262,0.695615865290165,0.2513445493366037,0.2337632362863847,17.633854597124582
2024-07-11,Sunam,5.657693871429989,1.1882069132157735,0.90615143094744,1.4576122186013631,0.6430805431944984,0.2269713458205972,0.2172611906592335,16.375699898927625
2024-07-12,Dhuri,5.157134489579634,0.8676663339138031,0.2318391264839605,0.1131844297051429,0.8719369471073151,0.2222941077568314,1.7172893448309463,10.667140973426713
2024-07-12,Lehra,4.288033187389374,0.5961229428648949,0.169061035849154,0.0793592203408479,0.2228370532393455,0.1284666168503463,1.315177582204342,11.498588542381649
2024-07-12,Malerkotla,4.077722881521497,0.76421898071255,0.2236099916377238,0.1355210579931736,0.966139514531408,0.2438888885080814,1.5992023306233545,10.270600093020835
2024-07-12,Moonak,3.850022733211517,0.4859186957279841,0.1989645212888717,0.0761694839845101,0.2598661954204241,0.1953918971121311,1.3428836266199748,22.40753562369892
2024-07-12,Sangrur,5.470524259975979,0.7979804085833686,0.2736787729497467,0.1524127924016543,0.6550605446100235,0.2854096896148154,1.929445960691997,13.018685058703328
2024-07-12,Sunam,4.845573731831142,0.6436811866504806,0.2177463604935578,0.0962418365691389,0.4305530765226909,0.2413477582324828,1.668217075722558,12.266383317410668
2024-07-13,Dhuri,0.4761269783431833,0.0936883068220181,0.2338799520988356,0.6307113861495798,1.4855854565447026,2.212104802781885,0.7473910017447039,13.353994351728772
2024-07-13,Lehra,0.4271968882530927,0.0672735970001667,0.140512203797698,0.5474716499447823,1.4627147614955902,1.5799353197216988,0.5110006965696812,11.551557273463139
2024-07-13,Malerkotla,0.5831514426640102,0.154320110433868,0.4365393024470125,0.9072553707020624,1.8296313754149849,2.854461963687624,0.931737597499575,14.626118534464123
2024-07-13,Moonak,0.422622059782346,0.0669182150935133,0.247229923804601,0.5195994451642036,1.3081039587656658,1.588645964860916,0.4530677745739619,23.54940882136604
2024-07-13,Sangrur,0.4681076822536332,0.0892193792387843,0.294824112306482,0.6458054238132068,1.5554840287991931,2.209369037832533,0.7233165587697711,15.070266242271224
2024-07-13,Sunam,0.4034262533698763,0.0506563573144376,0.2530554407276213,0.578037719641413,1.4799315184354782,1.8457987819399155,0.6254307829907962,12.67761228952106
2024-07-14,Dhuri,0.0096765676174651,0.60136925090443,2.093063993887468,8.879374200647527,3.318761337887157,0.5087227076292038,2.832626516168768,15.730146346247825
2024-07-14,Lehra,0.0782956813927739,0.4140223395079374,1.817712523043156,8.237432390451431,3.293138787150383,0.6945594679564238,1.5481196641921997,13.581909456001375
2024-07-14,Malerkotla,0.038367679375889,0.6259392223187855,2.3477330037525723,8.32333961554936,2.9269716143608093,0.5813451143247741,3.0793998071125577,16.859300563517692
2024-07-14,Moonak,0.0780851325641075,0.4673059781392415,1.858914891878764,7.878436048825582,3.048015832901001,1.0640888214111328,1.7029374341169994,26.971703148877324
2024-07-14,Sangrur,0.0184107537747227,0.6315615283591407,2.435300388506481,9.855532339641028,3.483117052486965,0.6395909403051648,2.853003154907908,16.143528398224742
2024-07-14,Sunam,0.0400697631495339,0.5100869036146572,2.2463657345090597,9.529676011630468,3.5424631919179643,0.6654241063765117,2.330848114831107,13.91196272072375
2024-07-15,Dhuri,0.6114938191392205,2.4732613184235315,8.403429313139481,4.143290010365573,0.990938888354735,0.5361210934140466,2.755815874446522,15.858369583817346
2024-07-15,Lehra,0.6393276154994965,1.798191986978054,6.764480322599411,3.7687267661094666,0.7982954196631908,0.7180493548512459,2.0729025080800056,13.554942593748951
2024-07-15,Malerkotla,0.6933963458452906,3.0924822134631023,8.237550411905561,4.497843648706164,0.9714048355817796,0.5465116500854492,3.307536942618234,16.96862000728558
2024-07-15,Moonak,0.7196034540732702,2.1885458727677665,6.672860463460286,4.275070766607921,0.7032307088375092,0.8127620865901312,2.2059534788131714,27.096652292596875
2024-07-15,Sangrur,0.8821679811392512,2.888114665235792,9.108908210481916,4.324200545038496,1.039338584457125,0.6946050333125251,2.9621563340936388,15.972053053984022
2024-07-15,Sunam,0.8070430276649339,2.3743875239576613,8.015284589358739,3.940509259700775,0.8460216926676887,0.7698064116494996,2.545679066862379,13.559024346772134
2024-07-16,Dhuri,0.3232954388315027,3.054046457464045,3.127480300990018,2.0918469429016118,2.508322845805775,1.3533217392184518,2.397348701953888,16.242012894088766
2024-07-16,Lehra,0.2234209300950169,2.1099993214011192,3.4337427020072937,2.164087139070034,1.896306686103344,1.0192605815827849,1.7827918231487274,12.860061863561869
2024-07-16,Malerkotla,0.4883791282773018,3.335754334926605,3.224667651312692,2.018432446888515,2.6504307857581546,1.8004901941333498,2.690186194011144,17.30043695796769
2024-07-16,Moonak,0.2197446363667647,2.309248000383377,3.869407912095388,2.451455136140188,1.9826049109299977,1.1669628769159317,2.020028124252955,24.97169777759987
2024-07-16,Sangrur,0.3255796799702303,3.229461486850466,3.884302020072937,2.604486324957439,2.7802725562027524,1.5577267344508852,2.5537268689700534,15.268123645076162
2024-07-16,Sunam,0.2908742805676801,2.795457810163498,3.694720685482025,2.6094169914722443,2.4139732335295,1.2639550481523787,2.1487555163247243,12.009166355718087
2024-07-17,Dhuri,0.2295208874751221,2.005562809380618,2.223900930448012,1.780900326642123,3.803661974993619,5.518258159810847,3.794239185073159,14.681631657615924
2024-07-17,Lehra,0.1447890144772827,3.751804500818253,3.4106399416923523,1.5988267958164215,2.4867132157087326,4.751020848751068,3.31013759970665,11.459620984729948
2024-07-17,Malerkotla,0.3321907759777137,1.5770336559840612,1.898428222962788,1.8358814716339111,3.95443742615836,5.76047500542232,4.602757768971579,16.174397139532847
2024-07-17,Moonak,0.2738670247296492,3.217763602733612,4.173448344071706,1.71283816297849,2.7225072979927063,4.40306826432546,4.278107424577077,20.9116788094682
2024-07-17,Sangrur,0.2415882974330868,2.577195465564728,2.554351657629013,1.734973396573748,3.646058133670262,5.652100222451346,4.325681873730251,11.990495561973798
2024-07-17,Sunam,0.2309834196099213,3.541526206902095,3.347134504999433,1.7694053479603358,3.267779435430254,5.587385952472687,4.131157372679029,9.809056279339936
2024-07-18,Dhuri,0.2226732860911976,1.019870297475295,1.3873013041236184,5.399736642837524,4.345555045387962,3.575667554681951,1.94788244637576,16.52480406523825
2024-07-18,Lehra,0.2675312086939811,0.6680902391672134,1.2889795750379562,5.6032063364982605,5.568779557943344,3.0953706353902817,1.4517319649457932,12.084859816875312
2024-07-18,Malerkotla,0.2372141219675541,1.1875073994909011,1.355279409459659,5.458794849259513,4.307679235935211,3.641652592590877,2.129291989973613,16.973911230454576
2024-07-18,Moonak,0.2545373030006885,0.71975606183211,1.3946322401364644,6.669587731361389,5.9227367242177325,3.361664613087972,1.4544507265090942,18.91987694706317
2024-07-18,Sangrur,0.3031403001930032,1.3769021236470766,1.7832382768392565,6.771027905600412,5.111430134092059,3.905461124011449,2.160423823765346,11.471793024547624
2024-07-18,Sunam,0.3227264966283525,1.052880612867219,1.7473997729165214,7.173724668366568,5.748680165835789,3.742909014225006,1.961223695959364,9.258807132874834
2024-07-19,Dhuri,0.3513162677938288,0.4982947368513454,4.974214640530673,5.642464897849343,3.4740818305449053,2.355584003708579,2.7943914261731235,15.872162784147761
2024-07-19,Lehra,0.3299022875726223,0.3937779013067484,4.536944270133972,5.328026860952377,3.649577379226685,2.5947551280260086,2.8187988102436066,10.81080385022768
2024-07-19,Malerkotla,0.4053681077701704,0.5986242720058986,5.790865285055978,6.101962958063398,3.5385575464793613,2.473147349698203,3.2775943194116866,16.08602086679256
2024-07-19,Moonak,0.3133800849318504,0.399036372701327,5.112787405649821,5.596202095349629,3.8874469002087912,2.716377397378286,3.168045481046041,14.62795294195438
2024-07-19,Sangrur,0.4190064051321575,0.6535721357379641,5.670669300215585,6.421083790915353,3.662326165607997,2.629462335790907,3.4693114502089366,10.231173952485815
2024-07-19,Sunam,0.3462606593966484,0.5131304221493858,5.003439664840698,5.770785229546683,3.590698982988085,2.561884445803506,3.150528677872249,7.8806777868560465
2024-07-20,Dhuri,0.0,2.4057262648235667,10.230374184521764,5.519944472746416,3.1393742127852007,4.933458024805242,7.138900366696444,12.47888916571334
2024-07-20,Lehra,0.1003951313905417,3.680450469255448,9.023486226797104,4.717168688774109,2.949725478887558,4.171262875199318,6.3729828000068665,9.169408145496481
2024-07-20,Malerkotla,0.000111413263117,2.702812467302595,10.58761990070343,6.436284150396075,3.434895941189357,5.216879418918064,7.642864261354719,12.125310029118278
2024-07-20,Moonak,0.1797598265111446,4.887430866559346,10.312492529551188,5.036058902740479,3.4284012715021768,4.287279506524404,7.31723952293396,11.452254623601505
2024-07-20,Sangrur,0.0224281324439549,3.451863608189992,11.356581245149885,5.534894687788827,3.4876163261277333,5.646947664873941,7.648402435438974,6.172503092103419
2024-07-20,Sunam,0.098636031483433,3.9034028308732167,10.728104625429426,5.209814599582127,3.310801088809967,5.250786423683167,7.440194760050092,5.51840282598481
2024-07-21,Dhuri,5.426020188765093,19.382879517295144,10.481569160114637,6.74451570077376,4.982349623333324,10.320397983897816,9.71463207765059,10.115005383048942
2024-07-21,Lehra,4.757006049156189,16.64854919910431,10.022632360458374,5.126749813556671,3.56815929710865,7.80738365650177,9.166457831859589,7.405868715555346
2024-07-21,Malerkotla,5.83049886567252,18.8308299268995,9.874534402574811,6.621219311441694,5.31425336429051,10.101627452032906,9.636665650776454,10.098688180374335
2024-07-21,Moonak,5.317945281664531,18.224809328715008,11.06725033124288,5.174207051595052,3.9852856000264487,7.812414089838664,10.50043797492981,8.641592508006587
2024-07-21,Sangrur,5.964970111846924,19.72606348991394,11.814340659550258,6.603664398193359,5.002189534051078,10.573979445866176,9.683589969362531,5.03194749291346
2024-07-21,Sunam,5.590304757867541,18.008820499692643,10.882236923490252,5.849987728255136,4.426219276019505,9.408494234085085,9.206167612757,4.4760527431213095
2024-07-22,Dhuri,4.233422550288114,17.16280833157626,5.981658762151545,3.775811152024703,5.164956201206554,20.58351386677135,15.399178808385676,10.64305046914661
2024-07-22,Lehra,3.905797466635704,18.927090048789974,5.203052282333374,1.7865463569760325,4.69548574090004,14.469673931598663,13.345778167247772,7.5547227619689625
2024-07-22,Malerkotla,4.512759966509683,14.495244537081035,5.415595293045044,4.026957963194166,5.490028892244611,19.019302981240408,13.259674106325422,11.260612994771718
2024-07-22,Moonak,4.073838730653127,20.08043575286865,5.254817326863607,1.887869695822398,5.777130166689555,13.90121022860209,12.03349781036377,8.62696081204936
2024-07-22,Sangrur,4.485168661390032,18.869796752929688,6.151845557349069,2.8893162863595143,5.387960059302194,18.658810343061173,15.823266744613647,5.727343299730602
2024-07-22,Sunam,4.0585139989852905,19.3007915360587,5.857306497437613,2.1794102489948277,5.195152980940683,16.82396640096392,14.9778733253479,4.87412553086087
2024-07-23,Dhuri,8.211729071357034,8.667920784516769,5.493811238895763,9.64918368512934,17.20003912665627,12.137478958476674,8.117675824598832,24.949557202735853
2024-07-23,Lehra,8.932678818702698,9.87605607509613,3.58786803483963,7.922331303358078,17.33622682094574,9.315353333950045,4.945457696914673,14.421891635547489
2024-07-23,Malerkotla,7.78704069341932,7.768508298056466,6.509913206100464,10.718481302261353,15.176971129008702,12.282397372382029,8.84043048109327,35.32160615726773
2024-07-23,Moonak,9.573177735010782,9.930432240168251,3.766259630521138,9.592023134231567,15.850092887878418,8.996182044347128,4.7768581708272295,15.784306828840373
2024-07-23,Sangrur,8.177155937467303,9.250089423997062,5.245829463005066,9.25804456642696,18.718609946114675,11.815524339675903,7.500077383858817,17.976931188461513
2024-07-23,Sunam,8.254528624670845,9.797801733016968,4.543032790933337,8.710846151624407,18.584607192448207,10.635090521403722,6.033849154199872,13.404171231817848
2024-07-24,Dhuri,2.837171186100353,1.1075795021924106,4.240708979693326,14.729785355654627,23.262608874927867,7.799582438035444,10.208182768388228,44.88292515503002
2024-07-24,Lehra,2.7270749360322952,1.2208391055464745,3.262275904417038,14.458926618099213,22.639749884605408,5.596674978733063,6.915340602397919,26.890911342922863
2024-07-24,Malerkotla,2.9737616096224104,1.1564714802162988,4.667040765285492,13.881489140646798,19.59818131583077,9.373344659805298,10.498773540769305,61.02984376445944
2024-07-24,Moonak,3.5138259728749595,1.474505752325058,3.39643943309784,14.716487646102903,19.84144385655721,5.917584180831909,6.62064528465271,28.277138991220276
2024-07-24,Sangrur,3.3289850183895657,1.1575406066008975,3.614361115864345,15.249143327985491,24.87003210612706,6.738728182656424,10.017758011817932,39.321259535714375
2024-07-24,Sunam,3.155207668031965,1.153214001229831,3.305950701236725,14.740083285740443,24.3368410382952,6.081533772604806,8.451539295060295,29.818991937624226
2024-07-25,Dhuri,0.7976438105106354,3.0935400507666846,9.346607793461192,15.27290066805753,17.560354752974078,16.68645329908891,17.487775976007637,57.640945821881495
2024-07-25,Lehra,0.8275800906121731,2.7304659634828568,12.037192046642303,13.458539247512816,13.34800797700882,11.529642522335052,11.665235459804537,50.86071032328917
2024-07-25,Malerkotla,0.9979303596275192,3.758405727999551,8.225174682480949,13.413835389273506,17.647586243493215,15.947329657418388,16.762349912098475,75.57740999777756
2024-07-25,Moonak,1.14068407813708,2.818727850914001,14.949941476186115,11.754298051198324,13.363622824350992,9.964378754297892,10.481725374857584,50.14309073973402
2024-07-25,Sangrur,1.1005938638533863,3.048664246286665,11.008323975971766,15.79910819871085,17.372656549726212,15.686799900872368,16.960997240883962,57.26964770767102
2024-07-25,Sunam,0.9284392329198974,2.848132414477212,11.712857416697911,14.947288308824811,15.511980772018433,13.069139923368182,14.15123449053083,48.57961811185066
2024-07-26,Dhuri,2.6486597169529307,9.064547452059658,22.36882582577792,34.84647499431264,29.15559430555864,28.41041816364635,27.3183424689553,74.91153331578317
2024-07-26,Lehra,4.1404749751091,7.913986504077911,23.920487642288208,39.70760488510132,30.02568483352661,26.689883828163147,24.413878679275516,58.20734631842323
2024-07-26,Malerkotla,2.070660446371351,8.883798820631844,18.617703812462945,26.878250462668284,25.281694139753068,23.82780926568168,23.100373200007848,84.6848542588275
2024-07-26,Moonak,4.371585845947266,8.145320494969686,23.17971913019816,37.31942335764567,30.0230294863383,24.81117836634318,21.538226286570232,52.827522762596715
2024-07-26,Sangrur,3.653779306582042,9.469184637069702,24.71540113857814,40.677645206451416,31.94481127602713,31.3354241507394,28.261234079088485,76.17389878615906
2024-07-26,Sunam,4.180579577173505,8.61816200188228,25.00687428883144,41.57112121582031,32.15487282616751,30.11247055871146,26.848732539585654,60.99548585614321
2024-07-27,Dhuri,2.792280598120256,9.847816770726984,22.60071494362571,21.455409136685457,24.30275084755637,19.453621084039863,11.61512886394154,79.10046151258372
2024-07-27,Lehra,1.8908147066831589,5.175156772136688,18.776665091514587,15.76204353570938,15.799055576324465,14.088354885578156,10.28083509206772,70.03017294793528
2024-07-27,Malerkotla,3.3340935792241777,10.719890543392726,23.4413937159947,23.36236756188529,26.178841999598912,20.80077998978751,11.561933619635443,87.91655545110504
2024-07-27,Moonak,2.248651067415873,4.385757525761922,20.57048082351685,16.80964771906535,15.832815170288086,13.648368199666342,12.132518609364828,62.24403211661987
2024-07-27,Sangrur,3.12556044118745,9.998464328902108,24.835224287850515,23.895621504102436,25.644725799560547,19.393034185682023,12.719735997063774,82.9180745515593
2024-07-27,Sunam,2.523792279618127,7.207336340631757,21.312779630933488,20.099904809679305,20.082138981137955,16.142213582992554,11.818403244018556,73.64172560719359
2024-07-28,Dhuri,3.297178279269825,22.228084564208984,20.266810763965957,22.945217912847344,15.009165893901478,8.258955413644964,7.467769059267911,86.00741823407604
2024-07-28,Lehra,1.0613542571663857,20.897956252098083,20.038772702217106,16.194828987121582,12.950096845626833,7.05276545882225,5.734135329723358,74.17560929001547
2024-07-28,Malerkotla,4.735880681446621,24.57478509630476,23.81126049586705,26.408592019762317,15.66361917768206,9.326911977359227,8.962594015257698,94.68338981747982
2024-07-28,Moonak,0.8392641494671503,18.860520044962566,21.38441737492879,16.512791474660236,12.689029693603516,6.49743898709615,5.814997315406799,63.97866236895821
2024-07-28,Sangrur,2.827977112361363,24.973091193607875,22.480297429221014,23.33277886254447,16.36258782659258,8.622807536806379,7.541123867034912,88.90317531904134
2024-07-28,Sunam,1.8234950261456624,24.02410636629377,21.268270083836143,19.88654817853655,15.417951822280884,7.913526773452759,6.552790403366089,79.60136564322022
2024-07-29,Dhuri,12.197542493993586,31.95626787705855,49.391558387062766,22.069824738935992,9.874734575098213,9.723811127922753,13.013393185355447,86.03029268791613
2024-07-29,Lehra,4.932987213134766,25.69238150119781,34.13320565223694,16.88678926229477,8.10254791378975,9.933705747127531,11.091848909854887,75.04571605085718
2024-07-29,Malerkotla,13.249872309820992,33.79426397596087,45.4798949105399,19.54641648701259,9.019180400030953,8.017964839935303,11.365993704114642,94.83045237585902
2024-07-29,Moonak,4.20226142803828,29.3034880956014,32.39903815587362,16.866312821706135,8.42474397023519,10.345492204030355,11.059906880060831,64.66906636733725
2024-07-29,Sangrur,12.495813403810772,37.58823197228568,55.639216559273855,25.590758323669437,11.70384008543832,12.235689912523542,15.63349267414638,89.47715642436113
2024-07-29,Sunam,8.016986983163017,30.081353460039413,43.59749930245536,20.76587574822562,9.5438050031662,11.132062094552175,13.032878058297294,80.81193717151298
2024-07-30,Dhuri,10.979592149907893,77.29165354642001,16.26728448000821,9.905883073806764,7.896888646212491,9.114662365479903,13.4537241675637,70.72083891894769
2024-07-30,Lehra,12.48849767446518,79.92885112762451,22.611244559288025,14.324868142604828,9.420021831989288,9.239839375019072,15.124227821826937,67.18132428669205
2024-07-30,Malerkotla,12.12827444076538,72.12344455718994,14.394415753228325,8.234520622662135,7.459461995533535,8.571853109768458,12.256010293960571,69.83633151845564
2024-07-30,Moonak,13.508756240208944,79.5885435740153,22.807711601257324,13.9689040184021,9.517566442489624,9.505862156550087,14.681422392527262,56.82159911826728
2024-07-30,Sangrur,13.43073126247951,91.42445455278668,20.52377939224243,12.322501523154122,8.768840670585632,10.505017382758004,16.09634552683149,76.97540506669999
2024-07-30,Sunam,12.741480793271746,88.84652519226074,21.956926482064382,13.1590872832707,9.12688318320683,9.739501186779568,16.228201150894165,71.88907462351348
2024-07-31,Dhuri,43.750676241788,16.41626466404308,9.717843359166926,5.136847322637385,5.287263913588091,10.876334927298808,14.703519821166992,49.518288133036606
2024-07-31,Lehra,48.78541803359985,13.62942224740982,8.698670893907547,5.109140932559967,6.545908749103546,15.271722197532654,15.337066531181335,53.56187910120108
2024-07-31,Malerkotla,39.01769774300711,16.677620240620204,9.859912191118513,4.896042142595563,4.903601050376892,8.996608121054512,14.490827798843384,42.95856895556763
2024-07-31,Moonak,51.82175477345785,12.912484963734943,8.209845503171286,4.419141868750255,6.570341348648071,15.028857946395874,15.954799254735311,45.10194604087175
2024-07-31,Sangrur,47.2471639088222,16.77209336417062,9.98170576776777,5.239013995443072,6.277743697166443,13.379074573516846,16.06213699068342,55.78958008623233
2024-07-31,Sunam,49.0324615750994,15.414017711366926,9.670517138072425,4.967787563800812,6.623984353882926,14.886281047548566,15.787009920392718,54.9751378901375
2024-08-01,Dhuri,3.538808833469044,7.838684472170743,3.9780054200779302,6.992589517073198,10.40111528743397,15.521328752691096,16.392768469723787,33.880927830957326
2024-08-01,Lehra,2.165184795856476,3.3891361206769943,2.3426819890737534,4.828883826732636,8.737726002931595,11.902693033218384,12.477922797203064,26.794562546805988
2024-08-01,Malerkotla,3.903854991708483,9.257041811943054,4.3006773591041565,7.2137482677187235,11.362311056682042,15.16467036519732,16.04494970185416,26.51280014169004
2024-08-01,Moonak,2.4394411444664,3.30987940231959,2.240078349908193,4.869961420694987,9.26011864344279,12.765873432159424,11.595038016637169,19.87604245921019
2024-08-01,Sangrur,3.631793371268681,6.830980266843524,3.6149486558777935,6.7994367735726495,11.217174189431327,16.37991632734026,17.44438546044486,36.777077300221194
2024-08-01,Sunam,3.0248158148356845,4.94289323261806,2.9277758853776112,5.796278595924377,10.312150955200195,14.838822637285505,15.00245237350464,35.10022849823536
2024-08-02,Dhuri,9.923619703813031,1.508937738158486,3.43498508496718,14.935634006153451,22.87941395152699,10.565873102708297,13.636049790815871,14.561044460275221
2024-08-02,Lehra,7.9691281616687775,0.6577252186834812,1.6543567031621933,9.813610136508942,18.922995567321777,9.421555936336516,12.878321707248688,18.34720957178343
2024-08-02,Malerkotla,9.34374519756862,1.9792483789580209,4.190615500722613,17.372371537344797,25.216274193355016,12.594446625028338,16.069667748042516,14.627497776970268
2024-08-02,Moonak,7.578812519709269,0.6284787009159724,1.464949647585551,10.95620314280192,19.160221417744957,9.509532690048218,12.53794233004252,16.428503981380132
2024-08-02,Sangrur,9.99129479272025,1.3258745478732246,3.1280923230307445,13.749288252421788,21.77953032084874,10.33161721910749,13.776497500283378,16.345241993594094
2024-08-02,Sunam,9.396969829286848,0.9456802372421536,2.333784784589495,11.741480146135602,20.40284517833165,9.843242815562656,13.2875794001988,21.47276908654526
2024-08-03,Dhuri,4.305602236227556,6.570148879831487,14.363302187486129,22.214869672601875,22.47663047096946,16.0944579297846,20.209822568026457,8.469821392079245
2024-08-03,Lehra,2.0922195240855217,4.131227627396584,9.92911583185196,11.86892980337143,15.075769782066343,11.338230431079865,13.358796775341034,6.082191385554907
2024-08-03,Malerkotla,4.5213844776153564,7.081712280000959,15.797115189688546,23.92688935143607,23.14828818184989,16.304602554866246,20.37677083696638,9.116012469980689
2024-08-03,Moonak,1.8772670030593872,3.8817598819732666,10.20673163731893,13.178900241851808,14.93762437502543,10.862817207972208,14.387004613876345,9.774340667852542
2024-08-03,Sangrur,3.651062684399741,6.4453301429748535,13.752342462539673,19.015649761472428,20.999471187591556,14.878723757607595,18.168492112840926,9.125877427999876
2024-08-03,Sunam,2.781860377107348,5.048920120511736,12.428946052278793,15.374665226255145,17.725985595158168,13.114503587995255,15.808025189808436,8.285342092827602
2024-08-04,Dhuri,1.6739271174777637,10.339505889198996,19.15341047807173,14.93557812950828,14.982023802670566,18.815150607715957,16.887873216108844,15.650448578064804
2024-08-04,Lehra,0.4802186600863933,9.21827346086502,16.221729457378387,13.81496012210846,11.219581127166748,18.43999469280243,16.060851991176605,7.6634040175827804
2024-08-04,Malerkotla,2.03472033568791,10.17898052079337,18.799595424107142,13.51778895514352,14.47500797680446,17.577813659395492,15.81761544091361,17.953111894198116
2024-08-04,Moonak,0.2985082467397054,9.409026384353638,17.13593355814616,13.34261711438497,10.874003489812216,18.010536352793377,16.664535522460938,13.17932628372493
2024-08-04,Sangrur,1.456154887165342,11.681925024305071,20.20588881628854,16.520818165370397,16.415287596838816,21.402062143598283,18.81260572160993,16.171853463039945
2024-08-04,Sunam,0.8102396141205516,10.708863292421611,18.42397802216666,15.599577869687762,13.921168395451136,19.805468491145543,17.347820009504044,13.334297296165595
2024-08-05,Dhuri,3.4716334451328623,16.511283137581565,17.092918786135588,13.996945251118053,21.27200256694447,20.076182452115145,18.256806070154365,23.051022684901838
2024-08-05,Lehra,1.971261866390705,9.00238761305809,12.466737270355225,12.938975155353546,18.275172233581543,19.48877203464508,17.894891262054443,10.782594641786158
2024-08-05,Malerkotla,3.861549607345036,16.817246743610927,15.907972267695836,13.796376262392316,22.334747995649064,19.735955715179443,17.168065990720475,27.164468365002957
2024-08-05,Moonak,1.7742285430431366,7.924136122067769,12.334549188613892,13.156850735346476,17.56018551190694,20.664082686106365,18.141950130462646,16.8816050819215
2024-08-05,Sangrur,3.140612883227212,17.18336820602417,17.78774585042681,15.039205959865026,23.831217765808105,22.82018498011998,21.465841225215367,23.0722025220543
2024-08-05,Sunam,2.5858708875519887,13.174979482378278,15.525154658726285,14.194958584649225,22.250094073159357,22.057040282658168,20.43333908489772,18.780544917592003
2024-08-06,Dhuri,19.36180626262318,14.020598845048385,9.647094856608998,13.60848686911843,13.007680416107178,9.976410952481356,9.97476629777388,27.29495378531248
2024-08-06,Lehra,20.718435764312744,13.315062582492828,8.888388484716415,9.442872047424316,13.323022484779358,9.405339002609251,7.790231585502624,12.406784357481545
2024-08-06,Malerkotla,17.127672025135585,12.107794216700963,9.449687480926514,13.630000455038887,11.805256537028722,8.872563668659755,10.071701424462455,33.22534184273155
2024-08-06,Moonak,20.18649880091349,13.494205792744957,10.033045530319214,9.863487402598064,13.876547654469809,9.64352321624756,8.020903865496317,18.405579676566077
2024-08-06,Sangrur,22.22482783453805,15.05981489590236,10.43206102507455,14.17541493688311,14.56787099157061,11.317775556019374,11.01435913358416,25.785449188903506
2024-08-06,Sunam,21.69921738760812,14.123801708221436,9.668188674109322,11.758216449192592,14.204685858317784,10.454232999256678,9.558120812688555,21.79386511174174
2024-08-07,Dhuri,13.434111508456144,15.33395732532848,9.704675089229235,9.838485284285111,9.24709229035811,8.826275998895818,8.624859723177822,49.43482485774939
2024-08-07,Lehra,19.314494490623478,16.657188951969147,9.884375631809236,11.371737599372864,9.75079494714737,7.359064102172852,7.687158495187759,22.731644133134395
2024-08-07,Malerkotla,12.257261616843088,14.933523109980992,10.334084715162003,10.815236295972552,10.16552231992994,10.21269532612392,9.725221361432755,53.80317677105112
2024-08-07,Moonak,18.577929496765137,17.282637516657513,9.067365765571594,12.275129556655884,10.541040658950806,7.049462596575419,7.662524382273356,23.284944278541243
2024-08-07,Sangrur,17.388686077935354,19.304424592426844,11.999205044337682,12.861187151500156,11.822319098881312,9.774032405444554,10.337073462350029,50.47948304840055
2024-08-07,Sunam,19.101884365081787,19.1183762550354,11.314010075160436,12.387302909578596,10.969240086419244,8.64415626866477,8.989256467138018,42.463865210509184
2024-08-08,Dhuri,6.279767209833318,13.51967815919356,16.503858696330678,9.26705754886974,5.599784894423052,7.373966498808428,10.19428773359819,72.03955046702394
2024-08-08,Lehra,9.439257502555847,12.329563975334167,14.621410310268402,9.843721628189089,7.084137290716171,7.642753899097443,7.988198488950729,34.96482074491254
2024-08-08,Malerkotla,5.2803711380277365,13.242645842688423,16.198155845914567,9.201804144041878,5.026621426854815,7.656898719923837,11.878270898546493,73.4163764792184
2024-08-08,Moonak,10.963513135910034,11.95458690325419,14.902710755666098,10.343215306599935,7.540948112805684,8.717926740646362,9.429106911023458,30.81354484029391
2024-08-08,Sangrur,7.710033127239773,15.957640613828389,18.751519680023197,11.151600394930158,7.021888971328735,9.584407210350037,11.678057653563362,77.66815867385469
2024-08-08,Sunam,8.844636780875069,14.983135734285629,17.934084177017212,10.950271231787545,7.309401563235691,9.653512580054146,10.420165317399162,65.70644258740231
2024-08-09,Dhuri,11.100102684714578,17.387428066947244,10.867450323971836,6.187941897999156,13.043744737451728,19.11266396262429,19.76996829292991,77.97146761370794
2024-08-09,Lehra,12.938246190547943,16.498253047466278,14.415960907936096,6.3185572028160095,14.842369973659515,21.357511401176453,19.360793352127075,44.784890069745096
2024-08-09,Malerkotla,11.092700038637432,16.24622208731515,10.579021896634783,6.818929331643241,14.24203031403678,18.85381712232317,20.93600811277117,77.29265553933524
2024-08-09,Moonak,11.553878943125406,14.266586224238075,13.983956416447958,6.442583958307902,14.483304580052694,18.517749786376957,17.91718053817749,40.01090670209088
2024-08-09,Sangrur,13.011843885694232,19.284441879817415,12.918067625590734,7.1633733340672086,15.035819939204623,21.967924322400773,22.80812018258231,86.27537789281553
2024-08-09,Sunam,12.644138983317784,17.54310658999852,13.337477820260183,6.364214215959821,14.688215187617711,21.101168973105292,20.38151693344116,74.66777175351321
2024-08-10,Dhuri,9.455603274432097,7.800165328112516,6.0527399669994,10.388960101387717,15.388941504738549,17.289564045992766,14.56521276994185,88.33641373936943
2024-08-10,Lehra,11.78936618566513,10.017947494983671,5.922162026166916,7.792420476675034,14.137437999248505,14.969305753707886,13.152764081954956,52.324003136257254
2024-08-10,Malerkotla,8.404168094907488,6.215139933994839,5.501963376998901,10.321100269045148,13.882716519492012,17.153187445231847,13.958713327135358,87.57854525244662
2024-08-10,Moonak,13.622132380803428,11.990545352300009,6.562958002090454,8.41867995262146,15.070990006128946,17.142879803975422,14.34471042950948,42.75697776526133
2024-08-10,Sangrur,10.723505224500384,9.817290816988264,6.755125233105251,10.861906221934728,15.59025880268642,18.589392798287527,16.48232098988124,95.96426688881958
2024-08-10,Sunam,11.424828563417709,10.468684196472168,6.506170817783901,9.58358655657087,14.90339834349496,17.166920014790126,15.291391134262083,83.94842624026055
2024-08-11,Dhuri,6.6249143210324375,5.887252417477694,10.588639736175535,15.397529688748447,17.914183703335848,16.898487134413287,10.54698371887207,82.18497877915974
2024-08-11,Lehra,9.696895837783812,5.774916589260101,10.65739381313324,13.758071064949036,18.83492922782898,17.124048471450806,10.826057016849518,53.143671981339935
2024-08-11,Malerkotla,5.87449528489794,5.90324650491987,10.268136705671038,16.10489978109087,16.887745346341813,16.014818293707712,10.867312278066365,82.73354379055756
2024-08-11,Moonak,10.28003470102946,5.9774049917856855,9.631781737009684,13.261302471160889,17.00531284014384,14.138928731282553,10.845899740854898,42.43554217133105
2024-08-11,Sangrur,8.20006709439414,6.804385815347944,11.0908328805651,16.299127340316772,19.33555310113089,18.04458154950823,12.36914311136518,90.89196578557181
2024-08-11,Sunam,9.03015979698726,6.3657634769167215,10.72187512261527,15.70717876298087,19.38760096686227,17.494602918624878,12.074565751211985,81.83660572796559
2024-08-12,Dhuri,2.042261530052532,8.213123993440108,14.84093340960416,15.617595846002752,12.55290612307462,14.034374323758213,17.678314685821533,83.04247951021334
2024-08-12,Lehra,2.164211787283421,7.139748573303223,13.478838980197906,15.741961240768433,10.106075406074524,12.315139770507812,13.285971939563751,63.914859876592985
2024-08-12,Malerkotla,1.6485641641276223,8.003411889076233,12.832899808883669,15.017752408981323,12.243622813905988,12.676321199962072,16.575534752437047,85.28518754460272
2024-08-12,Moonak,2.2720920642217,7.819341540336609,12.194840828577677,16.10769510269165,10.32619563738505,11.996546983718872,12.573911348978678,50.474630307356094
2024-08-12,Sangrur,2.083934588091714,7.87497740132468,14.148667778287615,15.783499717712402,12.488943985530309,14.35943365097046,17.22221302986145,91.26376941598903
2024-08-12,Sunam,2.0680682233401706,7.342367734227862,13.580537830080305,15.775051491601127,11.811471121651786,13.69766446522304,15.54149511882237,87.1489066972634
2024-08-13,Dhuri,1.946215342391621,17.927766409787264,17.8701266375455,14.813308629122648,14.449116403406316,18.76511148972945,12.376225731589578,87.29798382338339
2024-08-13,Lehra,1.4207784608006475,12.4227232336998,19.871445655822757,12.222142577171326,10.7183837890625,12.94561755657196,9.515899509191511,72.51729933612935
2024-08-13,Malerkotla,1.871463541473661,16.954990318843297,15.10998020853315,12.888814313071114,14.815376043319702,18.156221185411727,12.4334876537323,91.21479843333363
2024-08-13,Moonak,1.3796895643075306,13.071751515070597,21.96653842926025,12.700388669967651,11.64487918217977,13.69737140337626,10.413620074590048,58.33143179034469
2024-08-13,Sangrur,1.8854597892080036,17.105503422873362,19.91138710294451,15.262747287750244,14.477767024721418,19.322733572551183,13.03629994392395,96.37198550762862
2024-08-13,Sunam,1.510760750089373,15.182598216193062,20.98188808986119,14.341670104435511,12.80819753238133,16.76213768550328,11.540135383605955,93.35720811232925
2024-08-14,Dhuri,5.312482140280983,11.00516973842274,8.519923275167292,9.025910659269853,10.928456349806352,10.697566899386318,7.717988274314186,65.54756384386975
2024-08-14,Lehra,4.7541376650333405,11.757452726364136,8.97927838563919,10.895592510700226,11.602445602416992,12.434981763362885,7.783021777868271,62.41529999462837
2024-08-14,Malerkotla,6.361842513084412,11.759507826396398,8.877601487295967,9.87572683606829,12.076178857258387,12.05154197556632,7.866308501788548,71.12623008754426
2024-08-14,Moonak,4.607267618179321,12.09183382987976,9.143270174662272,11.711665232976278,13.321783542633057,14.230737368265787,9.08768916130066,51.764851419776164
2024-08-14,Sangrur,5.470721006393433,12.333575078419276,9.344943829945157,10.602891683578491,12.551240376063756,12.479574748447964,8.73774242401123,71.55922570932016
2024-08-14,Sunam,5.465014406612942,12.843486309051514,9.655381509235928,12.064296994890483,13.450023685182844,13.491205317633492,8.821184498923165,72.9563952268152
2024-08-15,Dhuri,12.730850306424228,9.826080322265623,14.723943666978316,11.702761216597125,8.814592166380448,7.9308974309401075,5.775370424444025,43.20977510286105
2024-08-15,Lehra,13.94834291934967,10.14974856376648,11.863725125789642,8.11571016907692,8.713410407304764,6.61022624373436,5.719151020050049,50.330491714447675
2024-08-15,Malerkotla,12.907559599195208,10.11241034099034,16.16790464946202,14.23316832951137,10.047408853258403,9.309641463415964,6.55412883417947,51.89806209233135
2024-08-15,Moonak,12.337191263834637,10.110952059427897,11.630593299865724,8.381072759628296,9.6294154326121,8.048940738042196,6.492782115936279,44.21738136776875
2024-08-15,Sangrur,13.314886706215995,10.91615104675293,15.254012652805873,11.156844343457903,9.453853726387024,8.439052019800458,6.491115621158055,44.77698664724003
2024-08-15,Sunam,14.26941452707563,11.493515150887626,14.73273491859436,10.0820107119424,9.782901763916016,8.244007502283369,6.707533614976065,49.90879944879803
2024-08-16,Dhuri,5.669317137111317,7.609404628927058,7.562005563215776,11.836459463292902,6.932922666723078,4.827978004108775,5.523113207383589,37.826042618677555
2024-08-16,Lehra,4.35543367266655,4.196114361286163,5.740974456071854,7.419531464576721,6.401082783937454,4.178480699658394,5.501385509967804,40.68478759313055
2024-08-16,Malerkotla,7.139421360833304,10.50511724608285,9.664618492126465,13.915587663650513,7.986738835062299,5.534341420446124,6.2172176497323175,48.78449637589345
2024-08-16,Moonak,3.7151025334994,4.205118735631307,6.195600430170695,6.553609053293864,6.566071470578511,4.436415056387584,5.74698277314504,34.88296896445271
2024-08-16,Sangrur,5.420789207730975,6.934805648667472,7.672690187181745,12.016053778784617,7.319830111094883,4.96651440007346,6.086159263338361,36.63901483855732
2024-08-16,Sunam,4.972378373146057,5.502968004771641,7.185413326535906,9.862076929637364,7.0532969406672885,4.805174393313272,5.902488759585789,41.168907488218565
2024-08-17,Dhuri,9.839361104098233,16.30678653717041,17.139116937463935,11.659955848347057,10.286650744351476,6.464274839921431,6.185158967971802,28.0248736438986
2024-08-17,Lehra,5.462118923664093,10.243874967098236,10.359133541584017,6.533326983451843,6.420648872852325,4.522702321410179,6.796635240316391,33.40980525261776
2024-08-17,Malerkotla,11.593303646360123,19.52341835839408,20.571314334869385,13.16102967943464,11.393882853644234,6.751420634133475,5.789385642324175,39.64552713554585
2024-08-17,Moonak,4.790990829467773,9.448042472203571,8.76304805278778,6.105268120765686,6.068053483963013,4.094629188378652,6.344158967336019,29.375122813561767
2024-08-17,Sangrur,9.156358020646232,15.38001697404044,16.83636495045253,11.466197797230311,9.862629345485145,6.667905943734305,6.753755467278617,26.819185141650173
2024-08-17,Sunam,7.268381527491978,12.514852932521276,13.702812705721174,9.136666706630162,8.198053019387382,5.630821296146938,7.030189718518939,32.13462116217292
2024-08-18,Dhuri,18.18288230895996,18.721243208104912,12.660179875113748,6.216861768202349,6.780382459813898,4.095062407580289,4.640630321069197,20.94605569983532
2024-08-18,Lehra,11.90612667798996,17.190831005573273,14.973062694072723,5.862342804670334,5.905895531177521,3.556179568171501,5.629217386245728,26.96044474411701
2024-08-18,Malerkotla,19.21308728626796,18.34791742052351,11.956869193485804,6.875018290110996,6.992954441479275,4.636140329497201,4.469663270882198,30.252597568440812
2024-08-18,Moonak,10.194213072458902,15.8336021900177,14.183738629023232,6.78161617120107,5.511143287022908,3.5904711484909058,5.2042412757873535,24.867791879251584
2024-08-18,Sangrur,18.13127061298915,20.600019931793213,13.928385666438512,6.382195847375052,7.349175555365426,3.9245126928601946,5.621308956827436,20.800306223055927
2024-08-18,Sunam,15.238973821912492,19.87292078563145,15.026321002415248,6.1270924125398905,6.889770099094936,3.63211727142334,5.788500581468854,23.701079951964743
2024-08-19,Dhuri,11.419798157431863,9.474985989657316,5.983718026768077,2.862313053824685,1.5407987345348706,0.8638762452385642,2.659814455292441,13.24324292770507
2024-08-19,Lehra,8.169548600912094,8.549767881631851,5.055406332015991,2.2148275896906853,1.431400142610073,0.4748620577156544,2.942039728164673,20.601892172303646
2024-08-19,Malerkotla,13.54509949684143,10.077782460621425,6.375010779925755,3.390415404524122,1.7827163806983404,1.2292897701263428,2.946372185434614,18.719236611343717
2024-08-19,Moonak,7.131951888402303,7.886869788169861,4.649323880672455,2.1765405933062234,1.2608465800682704,0.5872589349746704,3.6732624967892966,29.2571977413016
2024-08-19,Sangrur,11.842402696609495,9.8670083795275,6.00687849521637,2.774826075349535,1.5957092302186149,0.606299387557166,3.181139954498836,15.907161628817763
2024-08-19,Sunam,10.142217193331035,9.409593514033729,5.51559545312609,2.452960627419608,1.526658526488713,0.4871040433645248,3.0826833929334367,19.231742287923993
2024-08-20,Dhuri,5.647797541184858,4.300152442672036,2.796966964548284,2.7697597525336524,3.4313735961914062,10.418530160730535,8.69846242124384,30.559953138945446
2024-08-20,Lehra,6.007594794034958,3.1870986819267277,2.366316333413124,3.8094431906938553,5.090671330690384,12.16051346063614,8.536099553108215,40.586883247448995
2024-08-20,Malerkotla,5.823128274508885,4.659266761371067,2.8680205600602284,2.552648476191929,3.0798311148371016,10.536349773406982,8.400107843535286,35.62298884670239
2024-08-20,Moonak,5.844460606575012,2.844570259253184,2.432714859644572,3.3912834922472634,4.676788608233134,11.36216688156128,7.277019460995992,46.51853927489067
2024-08-20,Sangrur,6.096753018242972,4.116458977971758,2.7857858453478133,3.059237096990858,4.0671306763376505,11.265852076666697,9.096763185092382,34.11138852554866
2024-08-20,Sunam,6.3431448084967474,3.8073253887040273,2.672292854104723,3.488397487572261,4.629494905471802,12.36851181302752,9.17672744819096,36.06529801153216
2024-08-21,Dhuri,3.216444329781966,3.483917485583912,3.568169192834334,4.160760933702642,10.75960024920377,14.584436676718973,6.84882005778226,56.52942700668275
2024-08-21,Lehra,2.385485514998436,3.2053165584802628,2.846609964966774,2.9895777255296707,11.000919580459597,14.581919133663176,5.892595559358597,65.39650630380378
2024-08-21,Malerkotla,3.2521639381136214,3.4737057771001543,3.5736314398901805,4.139945881707328,9.445684024265834,12.660709312983922,6.507058330944607,56.15586152008757
2024-08-21,Moonak,2.699334700902303,3.036932428677877,2.4773146311442056,3.237447738647461,12.056362946828209,14.275675058364868,5.601959665616353,73.0527644818501
2024-08-21,Sangrur,3.314958759716579,3.5520565509796143,3.74796347958701,4.165556005069187,11.535950865064349,15.83744754110064,7.499875068664551,58.69159987467593
2024-08-21,Sunam,3.1223394700459077,3.560731564249312,3.412956178188324,3.779891439846584,11.86978098324367,15.756933416639056,6.731961590903146,59.55608919874712
2024-08-22,Dhuri,2.0965271267023957,1.661124960942702,0.8673572269352999,5.574652260000056,4.629371643066406,2.805102814327587,4.275130271911621,83.06129372050295
2024-08-22,Lehra,2.5709764063358307,1.442964643239975,0.638087548315525,3.665222987532616,4.030825048685074,3.336077019572258,3.889756053686142,86.45317854195746
2024-08-22,Malerkotla,2.2718480101653507,2.067420193127224,1.158735060266086,6.958702206611633,5.425592269216265,2.738410013062613,4.923373273440769,78.98416111497653
2024-08-22,Moonak,3.073295056819916,1.7371279001235962,0.7732752660910288,3.650617043177287,3.308498164017996,3.404568294684092,4.176642934481303,87.8471898252321
2024-08-22,Sangrur,2.43177986570767,1.6599663538592202,0.7356845353330884,5.0993015084947855,4.216456242970058,3.083599890981401,4.2212629062788825,88.3360921774533
2024-08-22,Sunam,2.5400721175330028,1.6704302430152893,0.6554049434406417,4.326661586761475,4.177463105746678,3.363862361226763,4.1899411252566745,82.92435281883006
2024-08-23,Dhuri,0.5398540442640131,2.199492205273021,4.7107225981625644,9.255540110848166,10.031184456565164,7.165585994720459,4.563793875954368,87.65628618360287
2024-08-23,Lehra,1.236020039767027,2.69394151866436,3.629062592983246,10.450871884822844,9.190654039382936,5.955087393522263,5.03461167216301,89.01406666736429
2024-08-23,Malerkotla,0.4827785082161426,2.3140366630894795,4.774888055665152,8.710506422179085,9.6959000485284,6.371735896383013,4.228147396019527,87.1103059615829
2024-08-23,Moonak,1.3991132974624634,3.018318891525269,2.9467470049858093,10.090373992919922,8.577482422192892,4.99807991584142,4.648420532544454,89.0348309144476
2024-08-23,Sangrur,0.9632195415241378,2.5832332968711853,4.382350419248853,9.425235203334264,10.283579349517822,7.82162128176008,5.016239523887634,90.6076494628345
2024-08-23,Sunam,1.249891751578876,2.534332173211234,3.857270785740444,9.89969996043614,9.575768981661115,7.200654625892639,5.109769293240139,85.43384382568209
2024-08-24,Dhuri,1.577158044685017,3.500409830700268,7.990925268693403,9.56136883388866,7.323203173550692,6.465019139376554,5.401991985060952,87.07673012697343
2024-08-24,Lehra,1.5524315536022186,2.791220262646675,12.39933842420578,9.230034291744232,8.485478013753891,6.535869598388672,3.3733399510383606,89.20563704161644
2024-08-24,Malerkotla,1.5315602464335305,3.409413380282266,6.386814662388393,9.098963822637286,7.363992861339024,6.37408093043736,4.726110977785928,85.95742109728106
2024-08-24,Moonak,1.4748019178708394,2.028379718462626,11.33767032623291,8.262127240498861,8.029630025227865,5.676395336786906,2.563489854335785,89.54907181454827
2024-08-24,Sangrur,1.540932421173368,2.9697884704385484,8.832428216934204,8.976451805659703,7.2971848249435425,6.5649436712265015,4.584603726863861,90.27168860384592
2024-08-24,Sunam,1.4750828317233495,2.6367146032197133,10.211938279015678,9.164210285459246,7.810469354901995,6.518016219139099,3.8195580584662303,85.41641603251374
2024-08-25,Dhuri,1.386823746291074,6.60208435492082,8.05977487564087,9.304001851515336,7.6900835687463935,2.369674926454371,2.902864683758129,92.44843132487982
2024-08-25,Lehra,1.6045495942234993,7.833361446857452,7.943065643310547,11.48455959558487,6.714944094419479,2.775355353951454,2.043125420808792,95.28296155798125
2024-08-25,Malerkotla,1.3735739035265786,5.534926286765507,7.008231367383685,7.297763313565936,6.5449376446860175,2.2246068758623943,2.8082048382077898,90.34242182736634
2024-08-25,Moonak,1.5701231161753335,7.559049010276794,7.046130299568176,9.853630622227987,5.2967783610026045,2.4008952180544534,1.879159837961197,95.46550077376283
2024-08-25,Sangrur,1.2371632158756256,6.380528926849365,7.530043942587716,9.746234910828727,7.219570790018354,2.4891035897391185,2.5291729228837148,96.08091517612108
2024-08-25,Sunam,1.1914916123662675,6.966621552194868,7.943365233285086,10.993581192834036,6.932206477437701,2.487984444413866,2.290863003049578,92.1786304833146
2024-08-26,Dhuri,8.630471836436879,5.833253166892312,11.41318061135032,7.068870956247503,3.329787102612582,3.392304366285151,6.779916828328913,107.09431268748868
2024-08-26,Lehra,7.929101884365082,9.228903472423552,11.186173260211945,8.264100849628448,3.115305557847023,4.859035402536392,5.886315792798996,102.53063309592103
2024-08-26,Malerkotla,7.593845401491437,4.814979212624686,10.662319353648597,5.676824620791844,2.82373754467283,2.802704862185887,6.771734033312116,98.48411383344876
2024-08-26,Moonak,7.107806245485942,8.664982636769613,11.329204797744753,7.21635115146637,2.700013736883799,4.552824099858602,6.074186722437541,97.26444129253859
2024-08-26,Sangrur,8.286991170474462,6.542328953742981,11.862050090517316,7.247282641274588,3.762726843357086,4.023591492857252,6.636917574065072,109.06970963754296
2024-08-26,Sunam,7.818106055259705,7.731300796781268,11.9421466418675,8.023178134645734,3.604750948292869,4.531488112040928,6.152772205216544,101.2865950364723
2024-08-27,Dhuri,6.297905401750044,12.842740015550094,9.12400542606007,2.899313471534036,1.669670896096663,5.255779981613159,7.333056709983132,92.99478133322634
2024-08-27,Lehra,8.351141571998596,14.56428998708725,6.544647425413132,2.246577113866806,1.9340927973389623,4.996610909700394,8.552674800157547,88.98139621120066
2024-08-27,Malerkotla,4.613094730036599,11.44562097958156,7.768780708312988,2.830184732164656,1.4901660084724426,5.128001025744847,7.01620876789093,77.67049073037509
2024-08-27,Moonak,7.683333079020183,15.568405230840048,5.826101978619893,2.0064155558745065,1.6715402901172638,4.941417694091797,8.660959879557291,87.86792962624222
2024-08-27,Sangrur,6.96157785824367,13.976912907191686,8.656558002744402,2.6430510112217496,1.7211527739252364,5.338669998305185,7.973685162408011,97.09484040806484
2024-08-27,Sunam,7.764911447252546,14.35685896873474,7.864666410854885,2.297851004770824,1.841112153870719,5.3108574492590765,8.550654121807643,89.68512483559904
2024-08-28,Dhuri,14.263765941966664,4.317253177816218,0.4336230199445378,0.3502729284492406,3.0133980729363183,8.542277119376443,7.1121980276974766,78.12883071429184
2024-08-28,Lehra,13.6526141166687,2.1307981982827187,0.3799896296113729,0.593701746314764,2.768219754099846,7.663038432598114,7.407745957374573,71.7100031975854
2024-08-28,Malerkotla,12.638526269367762,4.343242960316794,0.3444291358547551,0.4391149564513138,3.5580165215900967,8.304090738296509,6.243391019957406,67.19234494297139
2024-08-28,Moonak,10.856385946273804,1.5018890897432964,0.2656074712673823,0.5461979334553083,2.7621174256006875,6.638797283172607,6.318068265914917,65.83243076104898
2024-08-28,Sangrur,14.48402840750558,3.336740715163095,0.4393173158168793,0.4677185373646872,2.702893555164337,7.905784606933594,7.267522420201983,81.56345087919753
2024-08-28,Sunam,14.129829066140312,2.6089773092951094,0.3893834639872823,0.5201232060790062,2.601663759776524,7.69893707547869,6.9351538590022495,74.49679287461662
2024-08-29,Dhuri,2.822224541143937,0.4895982796495611,0.468484801324931,4.62673154744235,9.670895836570049,6.783711845224554,5.276384201916781,54.45041268775247
2024-08-29,Lehra,2.793738842010498,0.6929881647229195,0.8711783066391945,4.9054635763168335,14.180416762828829,9.396912693977356,7.707389175891876,53.20874908825835
2024-08-29,Malerkotla,2.1107101270130704,0.3508603221603802,0.484935707279614,4.642512542860849,7.742442386490958,5.1107136862618585,3.806067628519876,47.217886370969005
2024-08-29,Moonak,1.8870624005794523,0.5889826168616613,0.7331612904866537,4.392099420229594,11.233951330184937,6.908600886662801,6.226958632469177,54.309166911470435
2024-08-29,Sangrur,2.9438579082489014,0.5992484156574521,0.5728092417120934,4.768848419189453,11.301993540355138,7.563288535390582,6.468497140066964,55.50997382562474
2024-08-29,Sunam,2.9953314321381703,0.7174336250339236,0.7910617526088443,4.938353317124503,13.340864896774292,8.460102081298828,7.311374357768467,53.82867093584908
2024-08-30,Dhuri,0.0,0.6332398923960599,5.479657996784557,11.359636653553356,7.826638828624379,6.76278846914118,7.501265850934115,52.210332382898365
2024-08-30,Lehra,0.0,0.2702858280390501,4.951928228139877,12.29989379644394,9.068050056695938,5.634626239538193,7.582904160022736,53.75584471990209
2024-08-30,Malerkotla,0.0,0.7424358363662448,6.216003911835807,10.780166830335345,7.449418919427054,6.679114460945129,7.050025088446481,40.63416543150449
2024-08-30,Moonak,0.0,0.2992268179853757,6.3362850745519,13.305057843526203,10.586472988128662,5.1166776816050215,7.854535023371379,59.05965067280307
2024-08-30,Sangrur,0.0,0.4903937450477055,6.305651204926627,12.05411318370274,8.612737451280866,6.840799859591892,7.898399012429373,55.70529296511849
2024-08-30,Sunam,0.0,0.3605249353817531,5.611078756196158,11.835311549050468,8.54120489529201,5.841904606137957,7.739788515227182,54.42597874164111
2024-08-31,Dhuri,0.5155920752070167,7.452581990848888,16.706819274208762,7.157529224048961,6.638089396736839,14.041690783067184,14.837336887012828,53.62643367944528
2024-08-31,Lehra,0.6367815788835287,6.908327966928482,16.214156329631805,6.621540606021881,7.510704904794693,16.472259283065796,15.867301523685455,56.70378457279959
2024-08-31,Malerkotla,0.3918407963854926,6.608187675476074,13.432026999337332,6.277519481522696,5.783489857401166,12.061323472431727,12.71211736542838,41.31985049610072
2024-08-31,Moonak,0.810071681936582,7.375428954760234,14.811685562133787,6.869419574737549,7.580464164415996,16.96544607480367,16.64178458849589,63.35737638219573
2024-08-31,Sangrur,0.5838338040879795,7.729436533791678,16.551719461168563,6.992092319897243,6.655300412859235,15.30472309248788,14.730972119740075,57.34217163358629
2024-08-31,Sunam,0.6351067115153585,7.455526539257595,16.386697122028895,6.881222333226885,6.90816729409354,15.751515831266133,15.399672065462385,56.79979352436647
2024-09-01,Dhuri,10.540058049288662,12.520694602619518,3.380223306742581,4.821998617865822,4.570868903940374,2.1409749388694763,0.8320982374928214,47.39141882588691
2024-09-01,Lehra,11.080933451652529,13.925302028656006,5.461389482021332,6.159942835569382,5.342610567808151,2.3034977838397026,1.820768266916275,50.22849310274938
2024-09-01,Malerkotla,9.381298337663925,11.350058385304042,2.590961601052965,4.21285252060209,4.493038960865566,1.9292040382112776,0.6940893296684537,35.6891681917411
2024-09-01,Moonak,9.510843515396118,11.881833791732788,4.80228857199351,5.509390274683635,4.564283529917399,1.9720103442668917,1.947133868932724,56.64405561414472
2024-09-01,Sangrur,10.952651194163732,12.138096366609846,3.972063882010324,5.282071641513279,4.730876156261989,2.010714454310281,0.9344953341143472,49.471320140973575
2024-09-01,Sunam,11.46047145979745,13.3228907925742,4.849768953663962,6.019961680684771,5.275323050362723,2.278254904917308,1.377840525337628,49.26448349155594
2024-09-02,Dhuri,10.563941652124578,4.612505403431979,3.4073943333192305,7.661050991578535,4.507277163592252,1.3724858246066354,1.154651547020132,33.53361266991599
2024-09-02,Lehra,13.372960329055786,5.4573014080524445,3.906106695532799,9.101576507091522,5.609537154436112,1.5701846852898598,0.9357031099498272,35.21472857763634
2024-09-02,Malerkotla,8.956801073891777,3.46988525560924,3.833392603056772,7.283886211259024,4.509506506579263,1.4133113750389643,1.0209926749978746,27.92731355081446
2024-09-02,Moonak,11.170963843663534,3.862673858801524,3.738834540049235,8.18043065071106,5.783073941866557,1.361511468887329,0.955945998430252,38.79221583228717
2024-09-02,Sangrur,11.642541817256385,5.027509817055294,3.723188902650561,8.590688518115453,5.656391501426697,1.5561684157167162,1.2688467694180352,34.5435452098474
2024-09-02,Sunam,12.69723071370806,5.287432049001966,3.744183131626674,8.799801588058472,5.849791543824332,1.5515927374362946,1.3138862316097533,33.78370823541201
2024-09-03,Dhuri,3.9318526766516944,1.5956066575917331,3.523641141978177,2.718327793208036,0.0957984743131832,0.2359239025549455,0.1637536487118764,24.946926561226654
2024-09-03,Lehra,9.164123594760897,2.788162626326084,3.483054101467133,2.795878514647484,0.4926814064383507,0.1414218151476234,0.022890063439263,21.47103747604212
2024-09-03,Malerkotla,2.5188694851739064,1.667429408856801,3.252005066190447,2.554097260747637,0.1076726649355675,0.2126749056790556,0.1379943442131792,22.265007263674807
2024-09-03,Moonak,7.6572303374608355,2.6586501598358154,3.138965129852295,2.909442444642385,0.702930361032486,0.0492824076985319,0.0187529204413294,25.211102959560158
2024-09-03,Sangrur,5.073958430971418,2.0337267305169786,3.429216538156782,2.655144912855966,0.2297607740121228,0.202565052945699,0.1988364404865673,23.132458701603777
2024-09-03,Sunam,6.221492954662868,2.23644773874964,2.9419959357806613,2.314503218446459,0.3132354265877178,0.1110174788295158,0.0959115574535514,22.106544062279447
2024-09-04,Dhuri,4.637756607749245,4.352991299195723,3.273409117351879,0.8257143930955366,0.3737712895328348,0.0127523526634004,0.4755155017430132,13.726307295637625
2024-09-04,Lehra,5.143223404884338,4.221148610115051,4.126126989722252,1.045644488185644,0.1840337589383125,0.0635893258731812,0.7046175394207239,14.45132586221893
2024-09-04,Malerkotla,5.010875650814602,5.165561863354275,3.4780359523636952,0.8993236954723086,0.3684538240943636,0.0111679662285106,0.4071689838809626,11.833819756979523
2024-09-04,Moonak,4.558409750461578,4.411335289478302,4.632394154866536,1.3709987550973892,0.1717566046863794,0.0982033337155978,0.737057107190291,20.773625177846775
2024-09-04,Sangrur,4.9999783635139465,4.450208612850735,3.5692346351487294,1.063838200909751,0.3247622240866933,0.0555477742371814,0.777102064873491,13.90171237163904
2024-09-04,Sunam,4.740455048424857,3.779530797685896,3.5297542554991588,1.006366744637489,0.2012405544519424,0.0461137120478919,0.6850480266979763,13.861515738324403
2024-09-05,Dhuri,7.232096043500033,4.97285777872259,1.371357581832192,0.0822955450381745,0.0137890603985976,0.0137890603985976,0.2477281171489845,11.72837882724994
2024-09-05,Lehra,7.796445429325104,4.95355199277401,3.053546704351902,0.0,0.221669249702245,0.0177528433559928,1.2173704728484154,13.66133973059669
2024-09-05,Malerkotla,6.361281429018293,4.582924059459141,0.9371251570326942,0.1741966371025358,0.0058443678177094,0.0058443678177094,0.1213704246495451,9.59365850776944
2024-09-05,Moonak,7.62289571762085,4.477131585280101,3.141081074873606,0.0,0.3262681812047958,0.0171347798313945,1.6278764009475708,18.78975205810168
2024-09-05,Sangrur,8.067964451653618,4.7989795463425775,1.7609724019254958,0.052228748332709,0.0796781399154237,0.0600175206948603,0.6017537925924573,10.670530225935739
2024-09-05,Sunam,7.609539253371103,4.335159191063473,2.199977619307382,0.0109775312344676,0.1379371418484619,0.0489588947966694,0.9545464792421886,12.019539975404932
2024-09-06,Dhuri,5.128530523993752,0.3653685840016061,0.0142196680376814,0.0,0.0174594357694414,0.22309014539827,0.8228382549502633,9.12086473404855
2024-09-06,Lehra,9.286292970180511,1.164011426270008,0.0474910878110677,0.0,0.0,0.7170271128416061,0.5258977767080069,10.425913177257524
2024-09-06,Malerkotla,4.010009407997131,0.1890936182545764,0.0457094132101961,0.0,0.0068189051734017,0.1398913668734686,0.8697408118418285,7.671554914326408
2024-09-06,Moonak,8.944698611895243,1.406781792640686,0.1588517806182305,0.0,0.0,0.6717505206664404,0.6762119953831037,12.61224967043976
2024-09-06,Sangrur,6.652503490447998,0.6057807920234544,0.0162607789804626,0.0,0.0585396953060158,0.3256237373820373,0.7601144281881196,7.771598329816774
2024-09-06,Sunam,7.291980181421552,0.8285166131598609,0.048435759730637,0.0,0.012587679250698,0.4354835738028799,0.571867327604975,8.739775249342543
2024-09-07,Dhuri,4.514213486151262,0.0,0.0,0.2363612177697095,0.8206203877925873,8.253088756041093,5.868839979171753,9.630240190558943
2024-09-07,Lehra,8.066575556993484,0.1041545115876942,0.0471442716079764,0.01360236221808,1.1778404042124748,7.820668905973434,7.00252890586853,8.578161169650002
2024-09-07,Malerkotla,3.390814134052821,0.0076841499623177,0.0019880290409283,0.2502821715814726,0.7003581044929368,7.053024853978839,5.370058570589338,8.233255313728227
2024-09-07,Moonak,5.808579325675964,0.0110154018426934,0.1058720701063672,0.0084289201380064,0.9416122486193976,5.245725691318512,5.7929664850234985,8.59475771327202
2024-09-07,Sangrur,5.618309395653861,0.0222817875245319,0.0263246177762214,0.2051981346947806,1.0178774989077024,8.508984174047198,6.476695895195007,8.040257828994662
2024-09-07,Sunam,6.87491376059396,0.0811117467736559,0.0637516089315925,0.0683652577988271,1.0564563742705757,8.056956206049238,6.725558315004621,7.47919863971304
2024-09-08,Dhuri,0.3416781086813319,0.4478229230100458,0.7197797122326764,4.081538514657454,10.178322445262562,1.3418168371373955,3.750843514095653,9.754178391384594
2024-09-08,Lehra,0.5168471671640873,0.7402996383607388,1.4359807632863522,3.786089211702347,7.122980654239655,2.114958271384239,5.639960557222366,8.511062908393843
2024-09-08,Malerkotla,0.2613330973046167,0.4164863750338554,0.6100943727152688,3.5373086503573825,10.172208871160237,1.368772851569312,2.528866461345128,8.331081067762959
2024-09-08,Moonak,0.4886947671572367,0.7350357274214426,1.7412818570931752,2.997671286265055,6.313170115152995,1.885111262400945,4.839296499888103,8.425839065229184
2024-09-08,Sangrur,0.367432676255703,0.6070635276181358,1.3332602445568358,3.882421161447253,9.931291682379586,1.566555644784655,4.297801545688084,8.224614193469153
2024-09-08,Sunam,0.4345275153006826,0.5974726762090411,1.523704394698143,3.547582140990666,8.490976708275932,1.7958877980709076,4.6581244724137445,7.480258509484671
2024-09-09,Dhuri,0.7880930412899364,4.643536025827581,16.613387888128106,6.87703123959628,3.115167942914096,1.5572234961119564,0.0,7.256284826905318
2024-09-09,Lehra,0.6691909600049257,8.099503368139267,17.726299941539764,6.720612585544586,4.561151146888733,0.5363019481301308,0.3074654098600149,7.292072849055216
2024-09-09,Malerkotla,0.9546232947281428,4.015078178473881,16.247640575681412,9.26114901474544,3.22126213993345,2.4416495859622955,0.0038927774876356,5.817739570125475
2024-09-09,Moonak,0.8956971416870753,6.751813809076945,13.686939239501951,5.808875282605489,3.737182637055715,0.3630429022014141,0.2886329554021358,7.167846492089218
2024-09-09,Sangrur,0.8764538445643016,5.67236978667123,17.250755275998795,6.851423076220921,4.049561662333352,1.2755112083894866,0.0522123625768082,6.318609507280192
2024-09-09,Sunam,0.8246183927570071,6.439861127308437,16.37490211214338,6.227880597114563,4.238609603473118,0.8165343478322029,0.1365753877907991,5.717829817863956
2024-09-10,Dhuri,5.991337754509666,10.174635627053,8.910396380857987,2.9639137116345493,1.0620710226622494,1.0303987156261096,0.1655943823808973,4.2114681827726965
2024-09-10,Lehra,6.083668202161789,8.587280064821243,5.20656244456768,2.451410092413425,0.6907983459532261,1.9521453157067297,0.6266575027257204,4.395358961930279
2024-09-10,Malerkotla,5.420551555497306,10.912829399108888,10.617128372192385,3.9649851322174072,1.5450629336493356,0.9882925365652356,0.2301840456867856,3.5490782162054204
2024-09-10,Moonak,4.921262164910634,8.519981622695923,4.5825987458229065,2.0138943592707315,0.7848433256149292,1.292611966530482,0.709648460149765,3.192292326933639
2024-09-10,Sangrur,6.2169912202017645,10.381390622683934,8.132651959146772,3.0697622895240784,1.435855858027935,1.3175451244626726,0.3746525017278535,3.6492209739057437
2024-09-10,Sunam,5.595490625926426,8.672877362796239,5.873098373413086,2.454377987555095,0.986827787544046,1.365977657692773,0.4943040242152555,2.984859248134826
2024-09-11,Dhuri,5.562965468926863,3.78607591715726,0.7140715758908879,0.5943115583874963,0.6024860739707947,1.618696695024317,2.0375954508781438,4.6274648990285305
2024-09-11,Lehra,6.456924632191658,5.461712524294853,0.5256683584302664,1.5286518521606922,0.3968933671712875,1.5734139159321785,1.0854790844023228,4.701758684576159
2024-09-11,Malerkotla,5.005481558186667,3.971323877573013,0.9846208297780582,0.4262414638485227,0.5174621205244746,1.526461396898542,2.1595626303127835,4.3214744591000525
2024-09-11,Moonak,5.8349573612213135,5.617550492286682,0.5756625384092331,1.4127466479937236,0.3984725326299667,1.1324726889530818,0.6973635082443556,4.018624249921485
2024-09-11,Sangrur,6.880544900894165,5.289010294846126,1.0503835380077362,0.8555759085076196,0.4872239189488547,1.270193996173995,1.732053313936506,4.105551735184289
2024-09-11,Sunam,6.065621171678815,5.030756252152579,0.6956947946122715,1.0844395224537169,0.3564005259956632,1.1482549394880022,1.184168585709163,3.4839179556123576
2024-09-12,Dhuri,2.200899666005915,0.5504057305780324,0.2111111889508637,0.0,0.0,1.2795736572959209,1.3966216932643545,7.63776989823011
2024-09-12,Lehra,2.1506941691040997,0.768212154507637,0.039791879011318,0.0,0.0,1.6468986570835114,1.815123252570629,6.6067160737865205
2024-09-12,Malerkotla,2.2849674267428264,0.4384153416114194,0.2523679504437106,0.0,0.0038136375535811,1.4378722097192491,1.526359600680215,6.935245064697165
2024-09-12,Moonak,2.0691166321436563,0.6397144496440887,0.0927947430560986,0.0,0.0036876803884903,1.6609633763631184,1.5927582681179049,5.0438121874432404
2024-09-12,Sangrur,2.152637004852295,0.4272899239190987,0.1566763999871909,0.0,0.0076058945352477,1.4879132871116911,1.2876973450183868,6.555317438154328
2024-09-12,Sunam,2.0223006989274706,0.5390571834785598,0.0976956879187907,0.0,0.0013457887939044,1.4333993643522265,1.3638311965124947,5.460300755305413
2024-09-13,Dhuri,1.5147314911538905,0.0339882592247291,0.0,0.0,0.0,0.3755482828075235,0.0,7.340128488305661
2024-09-13,Lehra,2.3776210620999336,0.0555675233481451,0.0,0.0,0.0,0.0528879518387839,0.0330353731987997,6.5598269016581385
2024-09-13,Malerkotla,0.9382953367062976,0.0114830576016434,0.0,0.0,0.0,0.2673094905912876,0.0,6.550816827688879
2024-09-13,Moonak,1.7510150174299877,0.0509070074185729,0.0,0.0,0.0,0.1896678749471902,0.1828730932126442,5.021786404968903
2024-09-13,Sangrur,1.585747663463865,0.121563954811011,0.0,0.0,0.0,0.2939939115728651,0.0,6.45838392553457
2024-09-13,Sunam,1.7508559695311956,0.1222773947353873,0.0,0.0,0.0,0.1042929351595895,0.0031033746365989,5.411374543776404
2024-09-14,Dhuri,0.0,0.0,0.0,2.4961413470181557,1.3709825114770369,0.0,0.2868654578924179,5.398239706776591
2024-09-14,Lehra,0.0,0.0,0.0,4.35989835858345,2.316939704120159,0.0,0.0,5.005091780544563
2024-09-14,Malerkotla,0.0,0.0,0.0,1.9145349306719643,1.094845588718142,0.0,0.2761938204722745,5.287635539179753
2024-09-14,Moonak,0.0,0.0,0.0,4.570154627164205,2.149143695831299,0.0,0.0,3.836480231621985
2024-09-14,Sangrur,0.0,0.0,0.0,2.8989903160503934,1.5695775278976984,0.0,0.2075271233916282,4.490004845626705
2024-09-14,Sunam,0.0,0.0,0.0,3.3879319769995555,1.6089215065751756,0.0,0.0609938957329307,4.065280419720957
2024-09-15,Dhuri,0.0,0.0,3.141021826050498,1.6192569082433528,0.1754011379724199,0.0,0.0,4.9989983822662385
2024-09-15,Lehra,0.0,0.0,3.717693001031876,1.339893750846386,0.0379855923820287,0.0,0.0,4.894139988270819
2024-09-15,Malerkotla,0.0,0.0,2.792429336479732,1.329699171440942,0.1791654782635825,0.0,0.0071918365346001,4.757774037788862
2024-09-15,Moonak,0.0,0.0016165059059858,3.283033271630605,0.9674262007077536,0.0969648951043685,0.0,0.0,3.747376331978209
2024-09-15,Sangrur,0.0,0.0,3.1432331715311324,1.693330602986472,0.1383326465397008,0.0,0.0,4.1513874692029145
2024-09-15,Sunam,0.0,0.0,2.9966762236186435,1.453328170946666,0.0873873001629752,0.0,0.0,3.909398975192416
2024-09-16,Dhuri,0.0,2.087674764069644,1.186288904060017,0.0,0.0,0.0,0.0,4.998768769694169
2024-09-16,Lehra,0.0,2.436048351228237,1.4975644201040268,0.0,0.0,0.0,0.0,4.894528315383388
2024-09-16,Malerkotla,0.0,1.7768366166523524,0.9942343745912824,0.0,0.0,0.0,0.0,4.7560489822327785
2024-09-16,Moonak,0.0,2.60288605093956,1.2767289678255718,0.0,0.0,0.0,0.0,3.7473487756485793
2024-09-16,Sangrur,0.0,2.792379868882043,1.1169056253773826,0.0,0.0,0.0,0.0,4.151468459924811
2024-09-16,Sunam,0.0,2.334174782037735,1.1030993163585665,0.0,0.0,0.0,0.0,3.9097036820030713
2024-09-17,Dhuri,2.2515144023028286,2.61840724403208,0.0,0.0,0.0,0.0,0.0,4.908693171826604
2024-09-17,Lehra,4.448812007904053,2.866664931178093,0.0,0.0,0.0,0.0,0.0,4.872549938445824
2024-09-17,Malerkotla,1.829789268118995,1.9171628441129407,0.0,0.0,0.0,0.0,0.0002210604725405,4.602970391443634
2024-09-17,Moonak,5.085197448730469,2.322613110144933,0.0,0.0,0.0,0.0,0.001862086666127,3.719543482525665
2024-09-17,Sangrur,3.528961649962834,2.483652936560767,0.0,0.0,0.0,0.0,0.011127298431737,4.0595478025617915
2024-09-17,Sunam,4.262606612273625,2.658276234354292,0.0,0.0,0.0,0.0,0.0015373798087239,3.865420431655487
2024-09-18,Dhuri,1.4372269131920554,0.0,0.0,0.0,0.0,0.0,0.0,8.660337078099984
2024-09-18,Lehra,2.661608286201954,0.017000057385303,0.0,0.0,0.0,0.0,0.047740027308464,7.3239201717639855
2024-09-18,Malerkotla,1.059205819453512,0.0,0.0,0.0013274342886039,0.0,0.0,0.0013274342886039,7.868894198548418
2024-09-18,Moonak,2.163276751836141,0.0977535642062624,0.0,0.0003692456133042,0.0,0.0,0.1222056290134787,4.987404580480549
2024-09-18,Sangrur,1.5232820787600108,0.0,0.0,0.0064076151299689,0.0,0.0,0.0128507257572242,6.888259564079918
2024-09-18,Sunam,2.324004943881716,0.0025200509865369,0.0,0.0014798369790826,0.0,0.0,0.0689892046752252,6.087787629500802
2024-09-19,Dhuri,0.0,0.0,0.0,0.0,0.0,0.0,0.3226804801008918,9.90727408580468
2024-09-19,Lehra,0.0,0.0,0.0,0.0,0.0,0.020751281932462,0.4312760885804891,6.05594981179498
2024-09-19,Malerkotla,0.0,0.0,0.0,0.0,0.0,0.0,0.5153758249112538,9.326427863478852
2024-09-19,Moonak,0.0,0.0,0.0,0.0,0.0,0.1503203157335519,0.5532934864362081,4.620997044257843
2024-09-19,Sangrur,0.0,0.0,0.0,0.0,0.0,0.0,0.4213433941560132,6.459778338197493
2024-09-19,Sunam,0.0,0.0,0.0,0.0,0.0,0.0025572032401604,0.4006719599877085,5.254402682947934
2024-09-20,Dhuri,0.0,0.0,0.0,0.0,0.0,0.7845202792774547,1.1671015186743303,10.6976844042172
2024-09-20,Lehra,0.0,0.0,0.0,0.0,0.0235414774215314,0.5844407584518194,1.1368495896458626,6.598151971839932
2024-09-20,Malerkotla,0.0,0.0,0.0,0.0,0.00592991006228,0.7599391000611442,1.154844147818429,10.145886107501365
2024-09-20,Moonak,0.0,0.0,0.0,0.0,0.0201908635596434,0.4353712325294812,1.113343507051468,5.042139480602299
2024-09-20,Sangrur,0.0,0.0,0.0,0.0,0.0139197371900081,0.7802161265696798,1.3631121941975184,6.903628295671791
2024-09-20,Sunam,0.0,0.0,0.0,0.0,0.0458960252082241,0.6256213880011013,1.105092540383339,5.653909302128951
2024-09-21,Dhuri,0.0,0.0,0.0,0.2401646186004985,0.9855514791878788,1.4719462557272478,3.233255429701372,12.104920357563714
2024-09-21,Lehra,0.0,0.0,0.0,0.0441730925813317,1.2138514146208763,1.6192122921347618,3.553483158349991,6.85911354031901
2024-09-21,Malerkotla,0.0,0.0,0.0,0.2752340760614191,1.099287184221404,1.4757892319134305,3.124246452535902,11.353646728385593
2024-09-21,Moonak,0.0,0.0,0.0,0.1088421009480953,1.0752913157145183,1.5630071659882865,2.945708413918813,5.1283348440765035
2024-09-21,Sangrur,0.0,0.0,0.0,0.2025313981409583,1.0938492608921868,1.4640611793313707,3.5914529136249,7.457209274928547
2024-09-21,Sunam,0.0,0.0,0.0,0.1138885210800383,1.175685935786792,1.407431234206472,3.4203735249383107,5.943519175866512
2024-09-22,Dhuri,0.0,0.0,0.1185097233815626,0.9991996505043724,1.8091088045727124,0.8843196603384885,0.5656122646548531,13.023057210740147
2024-09-22,Lehra,0.0,0.0,0.0,1.186118796467781,1.2724776230752468,0.7599637676030397,0.4730072189122438,7.614225113916311
2024-09-22,Malerkotla,0.0,0.0,0.1877352518162557,0.9267102628946304,1.9329567551612852,0.9858293107577732,0.7660004304988044,12.023504701152245
2024-09-22,Moonak,0.0,0.0,0.0,1.109013373653094,1.3193449179331462,0.693138043085734,0.4781222840150197,5.623865064636332
2024-09-22,Sangrur,0.0,0.0,0.0040848960301705,1.0456240666764125,1.6708468283925737,0.7362049754176822,0.5368802504880088,8.042631496076316
2024-09-22,Sunam,0.0,0.0,0.0,1.1057298694338118,1.3583395246948515,0.6680333986878395,0.5298120006918907,6.529063622928738
2024-09-23,Dhuri,0.0,0.0,1.5659682208841497,1.7580128799785266,0.8165923248637806,0.7580820728432048,0.7231599011204459,13.022921880219645
2024-09-23,Lehra,0.0,0.0,1.1754366755485537,1.0762152299284935,0.6758637372404337,0.3164919670671224,0.6696516592055559,7.667668483107722
2024-09-23,Malerkotla,0.0,0.0,1.6184241303375788,1.7714469177382333,0.89397346334798,0.8765584060123989,0.7046319012131009,12.0233519485128
2024-09-23,Moonak,0.0,0.0,1.0460083037614822,0.9765623062849044,0.9535423964262008,0.2829526302715142,0.7052688350280126,5.6686193809317045
2024-09-23,Sangrur,0.0,0.0,1.5501463945422853,1.6754153498581477,0.7289989867380687,0.5218344969408852,0.6288508708987918,8.0484854775796
2024-09-23,Sunam,0.0,0.0,1.3591607000146593,1.4104731040341514,0.6322291237967355,0.3924579061567783,0.6822978896754128,6.545096566564559
2024-09-24,Dhuri,0.1273419572548433,1.8317693200978369,2.23860178752379,0.600945845246315,0.3557730134237896,0.1907813000408086,0.0790459843013774,13.173491748483073
2024-09-24,Lehra,0.2968911305069923,2.2131436318159103,1.137182604521513,0.7125844061374664,1.7631144672632215,0.0,0.0234698741114698,7.761529626851159
2024-09-24,Malerkotla,0.0798858133410768,2.01580274105072,2.7005521399634227,0.8089975778545652,0.1820099824773413,0.2826112056417124,0.078683494989361,12.427632448746506
2024-09-24,Moonak,0.2772499981025855,2.4722392360369363,0.9727792143821716,0.779829353094101,1.7747361063957214,0.0037946905940771,0.1516163585086663,5.79850820012465
2024-09-24,Sangrur,0.2205196286418608,2.51950877904892,1.7979311730180467,0.6027463770338467,0.5955801084637642,0.0060808321328035,0.0015922757863466,8.145110429559892
2024-09-24,Sunam,0.2247354920421327,2.2381246089935303,1.1338625592844829,0.6394799223967961,0.9454508125782012,0.0014167090079614,0.0040132139942475,6.726511764823706
2024-09-25,Dhuri,2.4605169079520484,1.7997390194372698,0.9815745543349872,0.2025906187905506,0.0,0.0,0.0,8.697941756473774
2024-09-25,Lehra,2.860838942229748,0.9637681469321252,0.3027874790132046,0.0,0.0,0.0,0.0,4.262380807818929
2024-09-25,Malerkotla,2.526253572532109,2.195631150688444,1.2194381207227707,0.2685848091329847,0.0,0.0,0.0,8.253281080425728
2024-09-25,Moonak,3.3722520669301352,0.5103926323354244,0.3158188524345557,0.0,0.0,0.0,0.0,3.303822869918399
2024-09-25,Sangrur,2.6267052250249043,1.3595955244132452,0.7203192029680524,0.0473355211849723,0.0,0.0,0.0,4.547984540047567
2024-09-25,Sunam,2.588549473455974,1.0589149998767036,0.4384554177522659,0.0117600844906909,0.0,0.0,0.0,3.6755514265828966
2024-09-26,Dhuri,0.5139114355499094,1.8277703469449824,0.0444180406630039,0.0,0.0,0.4010109589858489,0.3080895366993817,3.316604140466131
2024-09-26,Lehra,0.3883312400430441,0.7785542011260986,0.0,0.0,0.0,0.2130255433730781,0.75313432328403,1.7115934497757213
2024-09-26,Malerkotla,0.8224377429911068,1.8562753072806768,0.0120234146182026,0.0,0.0,0.3025724424847534,0.2764052376151085,3.182119681282645
2024-09-26,Moonak,0.1972231964270273,0.4043976590037346,0.0,0.0,0.0,0.0636198874562978,0.6295579299330711,1.1990307186930098
2024-09-26,Sangrur,0.4660316274634429,1.3559417660747255,0.0478212746924587,0.0,0.0,0.2589316684752702,0.3364968071026461,1.700108309797402
2024-09-26,Sunam,0.3995445312133857,0.9016223911728176,0.0114269413253558,0.0,0.0,0.2693835720419884,0.5041295066475868,1.479149599839546
2024-09-27,Dhuri,0.6498837538740851,0.0378711142323233,0.0,0.0,0.0,0.0,0.146724464202469,2.526193822053611
2024-09-27,Lehra,0.1290800650604069,0.060036024893634,0.0,0.0,0.0,0.0,0.2298688599839806,1.1693580546323157
2024-09-27,Malerkotla,1.0324889166014537,0.0124799171130039,0.0,0.0,0.0,0.0,0.0164331374689936,2.3626614372601304
2024-09-27,Moonak,0.4938400040070216,0.055242712299029,0.0,0.0,0.0,0.0,0.0822434027989705,0.7776400186637472
2024-09-27,Sangrur,0.2972870107207979,0.1513440603656428,0.0,0.0,0.0,0.0,0.2579220151528716,1.2562583523231037
2024-09-27,Sunam,0.1999096678836005,0.1406953872314521,0.0,0.0,0.0,0.0,0.3043289604995932,1.0796380077468428
2024-09-28,Dhuri,0.0,0.0,0.0,0.0,0.0,0.0,0.0,4.782918733589758
2024-09-28,Lehra,0.0,0.0,0.0,0.0,0.0,0.0,0.1446857932023704,5.052612607577277
2024-09-28,Malerkotla,0.0,0.0,0.0,0.0,0.0,0.0,0.0386985187817897,4.030167246880509
2024-09-28,Moonak,0.0,0.0,0.0,0.0,0.0,0.0,0.0945107769221067,3.376602697395583
2024-09-28,Sangrur,0.0,0.0,0.0,0.0,0.0,0.0,0.0233562748014394,4.4904247480268635
2024-09-28,Sunam,0.0,0.0,0.0,0.0,0.0,0.0,0.014412785780483,4.281068039340315
2024-09-29,Dhuri,0.0,0.0,0.0,0.0,0.0,1.9126186641779808,0.2974126772447066,6.080563416598331
2024-09-29,Lehra,0.0,0.0,0.0,0.0,0.0,0.7531304955482483,0.0573179076891392,6.814626511180921
2024-09-29,Malerkotla,0.0,0.0,0.0,0.0,0.0,2.3405932656356265,0.3894093419824327,5.367208498574494
2024-09-29,Moonak,0.0,0.0,0.0,0.0,0.0,0.6221637005607287,0.1705022094150384,4.807981893233355
2024-09-29,Sangrur,0.0,0.0,0.0,0.0,0.0,1.7412085149969374,0.1716770931546177,5.950543487866293
2024-09-29,Sunam,0.0,0.0,0.0,0.0,0.0,1.0570858078343528,0.117606232208865,5.86532006607961
2024-09-30,Dhuri,0.0,0.0,0.0,0.2457314905795184,0.4331358908252282,1.0229336456819014,1.225657026876103,6.080563416598331
2024-09-30,Lehra,0.0,0.0,0.0,0.0428510526544414,0.5655470639467239,0.8777891285717487,1.2931848764419556,6.7607663343339715
2024-09-30,Malerkotla,0.0,0.0,0.0,0.1070453551198755,0.4456625719155584,0.7984451608998435,1.0847933505262648,5.366834622289337
2024-09-30,Moonak,0.0,0.0,0.0,0.0418164270619551,0.5611128732562065,0.8416693011919657,1.132469063003858,4.763227576937982
2024-09-30,Sangrur,0.0,0.0,0.0,0.2754754388172711,0.5340794436633587,0.994229806321008,1.24308100768498,5.944321890592832
2024-09-30,Sunam,0.0,0.0,0.0,0.1713210138093148,0.4958665652998856,0.8450862403426852,1.1824733742645808,5.848891452397736
2025-06-01,Dhuri,0.0041549485494298,1.1298013112761758,1.0032268721948971,0.4127398275516249,0.0338624672625552,0.0,0.0,0.0
2025-06-01,Lehra,0.0,1.5915204994380474,1.4039336070418358,0.5641694366931915,0.0198725158406887,0.0,0.0,0.0
2025-06-01,Malerkotla,0.001587087192872,1.129823305777141,1.0789012951510293,0.4807337618299893,0.0333536918208535,0.0,0.0,4.3984371170933755e-05
2025-06-01,Moonak,0.000810978313287,1.662022352218628,1.511126488447189,0.5736723194519678,0.0028526148720023,0.0,0.0,0.0
2025-06-01,Sangrur,0.0169697498703109,1.7841050646134786,1.623276365654809,0.7000888021928924,0.0471382594966728,0.0,0.0,0.0
2025-06-01,Sunam,0.0049274350000944,2.108098132269723,1.9341004277978624,0.8224806104387555,0.0405601205503834,0.0,0.0,0.0
2025-06-02,Dhuri,1.1037411391735077,0.5025859116153284,0.2143425240435383,0.0074328696143559,0.0,0.0,0.0,0.0
2025-06-02,Lehra,2.4994524493813515,1.1880821958184242,0.4614075738936662,0.0082566141791176,0.0,0.0,0.0,0.0
2025-06-02,Malerkotla,0.6703940949269703,0.3799112082592079,0.1393737902066537,0.0111099972023761,0.0,0.0,0.0,5.8645828227911674e-05
2025-06-02,Moonak,2.522031754255295,1.420497715473175,0.4969802175958951,0.0283850389532744,0.0,0.0,0.0,0.0
2025-06-02,Sangrur,1.9500972713742937,0.8483334854245186,0.3537716514297894,0.016050767951778,0.0,0.0,0.0,0.0
2025-06-02,Sunam,2.5851051594529832,1.1383719337838036,0.4756380766630173,0.017490894101294,0.0,0.0,0.0,0.0
2025-06-03,Dhuri,0.2303119285709478,0.0611200429795479,0.0,0.0,0.0,0.0,0.0,0.0
2025-06-03,Lehra,0.252515742144169,0.0804427997736638,0.0,0.0,0.0,0.0,0.0,0.0
2025-06-03,Malerkotla,0.1415721055985029,0.0364053641304573,0.0,0.0,0.0,0.0,0.0,7.330728528488959e-05
2025-06-03,Moonak,0.0880163036054,0.0303052345989272,0.0,0.0,0.0,0.0,0.0,0.0
2025-06-03,Sangrur,0.3563069475016424,0.0986782455417726,0.0,0.0,0.0,0.0,0.0,0.0
2025-06-03,Sunam,0.4933972473123243,0.1453091793560556,0.0,0.0,0.0,0.0,0.0,0.0
2025-06-04,Dhuri,0.0007331310047117,0.0,0.0,0.0,0.0,0.0,0.0,0.0
2025-06-04,Lehra,0.0,0.0,0.0,0.0,0.0,0.0,0.0,0.0
2025-06-04,Malerkotla,0.0032156092992019,0.0,0.0,0.0,0.0,0.0,0.0,7.330728528488959e-05
2025-06-04,Moonak,0.0,0.0,0.0,0.0,0.0,0.0,0.0,0.0
2025-06-04,Sangrur,0.0004821970027738,0.0,0.0,0.0,0.0,0.0,0.0,0.0
2025-06-04,Sunam,0.0015080659754208,0.0,0.0,0.0,0.0,0.0,0.0,0.0
2025-06-05,Dhuri,0.0,0.0,0.0,0.0,0.0,0.0,0.0,0.0066320264414032
2025-06-05,Lehra,0.0,0.0,0.0,0.0,0.0,0.0,0.0,0.0
2025-06-05,Malerkotla,0.0,0.0,0.0,0.0,0.0,0.0,0.0,0.03307912452981409
2025-06-05,Moonak,0.0,0.0,0.0,0.0,0.0,0.0,0.0,0.0010232624015598
2025-06-05,Sangrur,0.0,0.0,0.0,0.0,0.0,0.0,0.0,0.1773413200856875
2025-06-05,Sunam,0.0,0.0,0.0,0.0,0.0,0.0,0.0,0.0350694439001604
2025-06-06,Dhuri,0.0,0.0,0.0,0.0,0.0,0.0,0.0,4.245497011683495
2025-06-06,Lehra,0.0,0.0,0.0,0.0,0.0,0.0,0.0,9.20808139860454
2025-06-06,Malerkotla,0.0,0.0,0.0,0.0,0.0,0.0,0.0,2.5501709262031436
2025-06-06,Moonak,0.0,0.0,0.0,0.0,0.0,0.0,0.0,3.6738969085346684
2025-06-06,Sangrur,0.0,0.0,0.0,0.0,0.0,0.0,0.0,5.717493241999434
2025-06-06,Sunam,0.0,0.0,0.0,0.0,0.0,0.0,0.0,8.683292557970058
2025-06-07,Dhuri,0.0,0.0,0.0,0.0,0.0,0.0,0.0144833628754978,4.245497011683495
2025-06-07,Lehra,0.0,0.0,0.0,0.0,0.0,0.0,0.0003935366432301,9.241854486521209
2025-06-07,Malerkotla,0.0,0.0,0.0,0.0,0.0,0.000114361015481,0.0125830636326489,2.550260696490122
2025-06-07,Moonak,0.0,0.0,0.0,0.0,0.0,2.2543014589852344e-05,1.5502539971142443e-05,3.7473384259685343
2025-06-07,Sangrur,0.0,0.0,0.0,0.0,0.0,0.0009877550931248,0.0175437821723919,5.723711623380019
2025-06-07,Sunam,0.0,0.0,0.0,0.0,0.0,6.463285951342965e-05,0.0044653598154452,8.697794089593485
2025-06-08,Dhuri,0.0,0.0,0.0,0.0,0.0071600933654487,0.0057716696398777,0.0252613656286319,5.748297178725987
2025-06-08,Lehra,0.0,0.0,0.0,0.0,0.0001310470945554,3.8053857679187786e-05,0.0037717489904025,11.373052568877581
2025-06-08,Malerkotla,0.0,0.0,0.0,0.0,0.007310703721097,0.0110807154061538,0.030074840744159,3.4888372871939892
2025-06-08,Moonak,0.0,0.0,0.0,0.0,0.0002272470040528,0.0010615275314194,0.0030145099638806,6.947392887170123
2025-06-08,Sangrur,0.0,0.0,0.0,0.0,0.0050352830855574,0.0026986061831329,0.0181091545091476,7.63755338498312
2025-06-08,Sunam,0.0,0.0,0.0,0.0,0.0027434348204613,0.0003640500140785,0.0164597380457312,10.542897734161553
2025-06-09,Dhuri,0.0,0.0,0.0,0.0,0.0185151565819978,0.0005627203936455,0.0,5.769933548274862
2025-06-09,Lehra,0.0,0.0,0.0,0.0,0.0079991437162334,0.0,0.0,11.384058175719083
2025-06-09,Malerkotla,0.0,0.0,0.0,0.0,0.01818062647778,0.0006106185610406,9.546368632332555e-05,3.5206472397957573
2025-06-09,Moonak,0.0,0.0,0.0,0.0,0.0022231380426092,0.0,4.282489923449854e-05,11.912906089030404
2025-06-09,Sangrur,0.0,0.0,0.0,0.0,0.0285965007663305,0.0,0.0011795189763818,7.63755338498312
2025-06-09,Sunam,0.0,0.0,0.0,0.0,0.0245628714827554,0.0,0.000148157140107,10.601945835615002
2025-06-10,Dhuri,0.0,0.0,0.0,0.0,0.0,0.0,0.0,5.795215159246345
2025-06-10,Lehra,0.0,0.0,0.0,0.0,0.0,0.0,0.0,11.393851000513443
2025-06-10,Malerkotla,0.0,0.0,0.0,0.0,0.0003663712081366,0.0,0.0,3.5599714212688838
2025-06-10,Moonak,0.0,0.0,0.0,0.0,0.0,0.0,0.0,16.734362994683188
2025-06-10,Sangrur,0.0,0.0,0.0,0.0,0.0,0.0,0.0,7.63755338498312
2025-06-10,Sunam,0.0,0.0,0.0,0.0,0.0,0.0,0.0,10.651629503314568
2025-06-11,Dhuri,0.0,0.0,0.0,0.0,0.0,0.0804086495190858,0.3942044106396762,5.801048818052053
2025-06-11,Lehra,0.0,0.0,0.0,0.0014050356403458,0.0,0.0646663256920874,0.3933895546942949,11.396711298072693
2025-06-11,Malerkotla,0.0,0.0,0.0,0.0,0.0,0.0952403947178806,0.2732733892542975,3.5696644951848224
2025-06-11,Moonak,0.0,0.0,0.0,0.0,0.0,0.057065167153875,0.3085660512248675,17.952645992756285
2025-06-11,Sangrur,0.0,0.0,0.0,0.0,0.0,0.112742703674095,0.5087894211922374,7.63755338498312
2025-06-11,Sunam,0.0,0.0,0.0,0.0,0.0,0.0983977087640336,0.4968087321945599,10.671472828419816
2025-06-12,Dhuri,0.0,0.0,0.2990755879066207,0.0,0.0,0.0,0.6741283414038745,5.795325294074957
2025-06-12,Lehra,0.0,0.0,0.217482385225594,0.0064259656646754,0.0,0.0,0.6621865220367908,11.39681215527493
2025-06-12,Malerkotla,0.0,0.0,0.2265369572809764,0.0091672634506332,0.0035630023672378,0.0,0.6608260465519769,3.538020462496276
2025-06-12,Moonak,0.0,0.0,0.1618379565576712,0.047007907492419,0.0,0.0,0.5640129198630651,17.98814305339751
2025-06-12,Sangrur,0.0,0.0,0.2983765485031264,0.0,0.0,0.0,0.6729364203555244,7.460212064897432
2025-06-12,Sunam,0.0,0.0,0.2955936108316694,0.0008703004568815,0.0,0.0,0.6695465637104852,10.637205538046695
2025-06-13,Dhuri,0.0,0.0,0.0,0.1845143569464033,0.0342922105707905,1.2008581540801309,1.291413800282912,1.5574271208421473
2025-06-13,Lehra,0.0,0.0,0.033787349180784,0.0066312005801592,0.1051694971974939,1.3096079677343369,1.22311832010746,2.1890974015937066
2025-06-13,Malerkotla,0.0,0.0,0.0,0.2421932986804417,0.0454257525686573,1.3712983301707675,1.432575877223696,1.022442729327858
2025-06-13,Moonak,0.0,0.0,0.073486724247535,0.0526214395649731,0.1557533411930004,1.4910201529661815,1.283721794684728,14.488660159733472
2025-06-13,Sangrur,0.0,0.0,0.0,0.1475932177355779,0.1062397780728393,1.3053345424788338,1.4720075322049004,1.9200601429836859
2025-06-13,Sunam,0.0,0.0,0.0013194795298789,0.0400985308390642,0.117326954845339,1.2938334430967058,1.3395859343664986,1.9913403688791547
2025-06-14,Dhuri,0.0,0.0,0.0,0.0637234914201227,0.584020575339144,1.1693424636667424,1.8394993055950517,4.659117275635784
2025-06-14,Lehra,0.0402215652866289,0.0,0.0,0.1429070304147899,0.6305002495646477,1.400183044373989,1.682003639638424,3.38315888620781
2025-06-14,Malerkotla,0.0,0.0,0.0,0.0956998201353209,0.6805089690855571,1.4352383358137948,2.330056824854442,3.459968042295909
2025-06-14,Moonak,0.0707685916374127,0.0,0.0,0.1081233471632003,0.5462536513805389,1.3245656788349152,1.5465603371461232,15.402746146069383
2025-06-14,Sangrur,0.0,0.0,0.0,0.0604230906548244,0.6946976323212896,1.0450167123760497,1.6413519850799017,5.580706017406148
2025-06-14,Sunam,0.0012909583747386,0.0,0.0,0.0839364124195916,0.6358899644442967,1.1522060185670853,1.6363040804862976,4.220972118523208
2025-06-15,Dhuri,2.578037641265176,1.5753336494619197,0.0,0.5959443693811243,1.0157693787054582,3.237332885915583,6.3428497747941455,13.509131249648961
2025-06-15,Lehra,3.4457115530967712,1.552735574543476,0.0,0.4984695315361023,1.5787299126386642,3.427005261182785,4.994520485401154,4.096805133922623
2025-06-15,Malerkotla,2.5493692585400174,1.6671435236930847,0.0,0.6032240348202842,0.9814537401710238,3.5760262523378645,7.341015492166791,13.499854375024942
2025-06-15,Moonak,3.827837566534678,1.833561976750692,0.0,0.5665910989046097,1.5842376748720806,4.3720478018124895,5.009569684664409,14.76219749430494
2025-06-15,Sangrur,3.134595547403608,1.469655522278377,0.0,0.6964654560600009,1.1652447985751289,3.65690084866115,6.7869958366666525,11.463193853499755
2025-06-15,Sunam,3.4854302321161543,1.8191841074398585,0.0,0.6382842659950256,1.405291966029576,3.852129186902727,6.21712589263916,6.989536942207996
2025-06-16,Dhuri,1.4611953659491106,0.1874376488002863,0.2273095121437853,1.5731220733035691,1.7805862697688015,7.33557373827154,7.510001160881736,51.861133973884236
2025-06-16,Lehra,2.8807964473962784,0.2427420178428292,0.5218459498137236,1.2499761283397677,1.4262087121605873,7.37938266992569,10.812866866588593,44.33718264788406
2025-06-16,Malerkotla,1.5257349354880196,0.2496148853429726,0.1701339839824608,1.660609713622502,1.9729074878352029,8.658789208957128,7.735842108726501,45.15676806846487
2025-06-16,Moonak,3.5637012124061584,0.3473416939377785,0.3823649436235428,1.1893814106782277,1.3965983887513478,7.164119919141133,13.007392962773642,40.90174552853429
2025-06-16,Sangrur,2.210551244871957,0.1982512386249644,0.2907659108085291,1.6836718278271812,1.797591460602624,7.629290768078396,9.88071724346706,51.01216849795985
2025-06-16,Sunam,2.6834546327590942,0.2298955747059413,0.4168534518352577,1.5537968150206976,1.621674120426178,7.432340894426618,10.719133564404078,49.40683549740892
2025-06-17,Dhuri,0.3907369348135861,0.1049049880609593,1.4718933484771035,2.8095286867835303,6.215333483435891,7.65786862373352,2.232728161595084,65.62998157117994
2025-06-17,Lehra,0.8872404210269451,0.0383887037169188,1.2999096512794497,2.1962938755750656,4.637051522731781,4.890337556600571,1.451654016971588,54.69107521211329
2025-06-17,Malerkotla,0.2877684709216867,0.2270041563149009,1.449865277324404,2.9871041434151784,7.410329920904977,8.924060787473406,2.8967959880828857,57.616481804455105
2025-06-17,Moonak,1.1142655710379283,0.0872352238123615,1.5758569935957591,2.0779942770799003,4.411342004934947,4.936260422070821,1.457236260175705,42.879314650948785
2025-06-17,Sangrur,0.7004919264997754,0.1327190854187522,1.7343531868287496,2.7224109683718,6.187125478472028,7.345582638468061,2.0373533751283373,64.74298405503055
2025-06-17,Sunam,0.8618956527539662,0.106190374254116,1.680618860891887,2.4477291788373674,5.49888185092381,6.33973571232387,1.7130430894238609,61.30497840766539
2025-06-18,Dhuri,0.4574783105741847,3.483755956996571,3.89991248737682,5.165000547062267,5.932275208559903,3.649020021611994,8.43784288926558,84.05279937554117
2025-06-18,Lehra,0.2723984215408563,2.2247990369796757,3.18125781416893,3.705918684601784,5.58108526468277,2.6979235410690308,6.232250243425369,60.42095632776527
2025-06-18,Malerkotla,0.4581558172191892,4.110960841178894,4.670833332198007,6.898060406957354,6.741256611687796,3.8763991594314575,8.991668905530657,76.62453931448303
2025-06-18,Moonak,0.3422962464392185,2.526659111181895,3.6811962326367698,4.045401136080424,5.560794512430827,2.4829997420310974,6.460764447848002,46.45914932539423
2025-06-18,Sangrur,0.4631767294236592,3.4447749512536183,4.114889230046954,5.524698163781848,6.628009557723999,3.817132805074965,8.059125798089164,82.92132650676902
2025-06-18,Sunam,0.3734640436513083,2.7375683869634355,3.5858376111303056,4.736993764128004,6.152209418160575,3.0932925258364,7.207429221698216,71.67832382791765
2025-06-19,Dhuri,3.07880635695024,7.11977312781594,4.897822390903126,4.575309905138883,3.111242240125483,9.61916663429954,17.811451044949617,87.94043656731297
2025-06-19,Lehra,3.0182687491178517,5.967499613761902,3.81309911608696,4.6406654715538025,2.2134981527924538,8.269522577524185,14.564932763576508,63.60944411086415
2025-06-19,Malerkotla,3.9435791288103377,8.176665391240801,6.008142965180533,4.194935943399157,3.5137725472450256,10.987852709633964,17.655530520847865,80.71153772422127
2025-06-19,Moonak,3.2493530909220376,6.802199045817058,3.720765213171641,4.637878715991974,2.265414903561274,8.434906522432962,12.794540882110596,48.62650539392566
2025-06-19,Sangrur,3.939391327755792,8.190968751907349,5.607468715735844,5.468778601714543,2.988861943994249,11.174402049609592,19.144663538251603,86.41508007168972
2025-06-19,Sunam,3.6603219594274248,7.415056637355259,4.4638791254588535,5.564757278987339,2.6089188201086864,10.446193746158055,18.184674739837646,75.053359457639
2025-06-20,Dhuri,2.969417669556357,5.303970813751221,7.902546644210815,3.840613094243136,6.5134500373493545,14.325491428375244,16.005100770430133,90.35415860072519
2025-06-20,Lehra,2.2550975531339645,3.480038270354271,8.024666011333466,2.348365806043148,5.4893698990345,11.936045348644257,12.92790287733078,65.8631895150736
2025-06-20,Malerkotla,3.541409824575697,6.108104007584708,8.10547924041748,3.770740193980081,7.169592772211347,15.518377917153495,16.771123000553676,83.765408190464
2025-06-20,Moonak,2.143360803524653,3.686381081740061,8.132073680559794,2.0496933261553445,4.63972254594167,11.436860958735148,12.55551783243815,50.162623733811124
2025-06-20,Sangrur,3.180457127945764,5.501851439476013,9.307009986468724,3.9140172260148174,6.6073508603232245,16.482736655644008,17.95729664393834,89.03168551492585
2025-06-20,Sunam,2.7971197835036685,4.574411766869681,8.843620572771345,3.072601548263005,6.201984626906259,14.63308014188494,15.909781694412231,77.21809545862924
2025-06-21,Dhuri,2.367207099090923,2.4626313231208106,0.9431370252912696,4.948571606115862,13.183410211042924,14.580334013158623,13.141905914653432,98.89280056272699
2025-06-21,Lehra,1.7010119184851646,2.505196198821068,1.095099687576294,3.9835075289011,10.12338936328888,11.824585437774658,12.2569962143898,75.8829253461775
2025-06-21,Malerkotla,2.751912432057517,2.332529136112758,1.0504333632332938,5.542074169431414,13.639619861330305,16.489116157804215,12.541954006467549,95.25956585343395
2025-06-21,Moonak,1.768846849600474,3.080825090408325,1.4024131695429485,4.633204400539398,9.719591776529947,12.104034423828123,11.27500295639038,60.29661818545246
2025-06-21,Sangrur,2.3396365301949635,3.087817873273577,1.3003918038947242,4.986255509512765,12.68648954800197,15.146679197038925,14.459054912839616,99.35960287583795
2025-06-21,Sunam,2.053981785263334,2.96408748626709,1.221564484494073,4.600847831794193,11.575243200574604,13.558283533368792,13.823153700147357,88.22246202396907
2025-06-22,Dhuri,5.690008900382302,0.0,4.959751042452726,13.921592625704678,21.612442710182883,15.881388534199107,17.66626687483354,112.77660748190334
2025-06-22,Lehra,4.895275801420212,0.0083639296062756,5.2780130207538605,10.190598845481873,20.81428289413452,14.842932403087616,20.53839266300201,87.63165996259107
2025-06-22,Malerkotla,5.670573013169425,0.0031588955649307,4.795345442635672,16.997377361570084,19.98991142000471,16.814345632280624,17.66211792400905,116.7652573963716
2025-06-22,Moonak,4.604478240013123,0.0642841137014329,5.163609862327576,9.702734788258873,19.40657949447632,15.29969072341919,20.106957117716476,71.8519936519454
2025-06-22,Sangrur,6.604070084435599,0.0125918425619602,5.71563162122454,14.78430928502764,23.937517983572825,19.10604613167899,20.87373093196324,115.29335090592048
2025-06-22,Sunam,5.880218659128461,0.0028899413466985,5.630723255021231,12.018204995564052,23.294834205082484,17.550006798335485,21.01367030824934,101.02514830068937
2025-06-23,Dhuri,0.813561967828057,2.303676253015345,11.920019626617432,16.0991417277943,19.5941385789351,9.258923270485615,6.901367664337158,79.82887940606157
2025-06-23,Lehra,1.2345163896679878,2.628203049302101,11.251871407032011,17.329689741134644,19.014927744865417,6.542528718709946,5.53373059630394,55.723280963448154
2025-06-23,Malerkotla,0.8505660444498062,2.668829006808145,10.678560904094152,16.310022013528005,19.371035712105886,10.180618592670983,7.391771146229336,89.5222125712605
2025-06-23,Moonak,1.4271869758764903,2.9560164411862693,9.923497438430786,17.773587544759113,18.872509002685547,6.704909483591716,6.158236265182495,50.35163383534547
2025-06-23,Sangrur,1.1103741100856237,2.664768355233329,13.332683733531407,17.93396803310939,20.73445538112096,9.782695191247123,7.287813425064087,82.09248164820706
2025-06-23,Sunam,1.219058735030038,2.682445458003453,13.057360240391322,18.2425890650068,20.833844457353862,8.586834498814174,6.673292074884687,66.1228438480388
2025-06-24,Dhuri,7.827873728492043,18.095740578391336,25.63362676447088,16.77445429021662,11.741873957894065,7.88107122074474,3.4169458259235728,80.93136294069623
2025-06-24,Lehra,4.533509582281113,12.138145744800568,18.962056279182438,12.425706565380096,9.759129524230955,5.026098310947418,3.737970530986786,45.92941944699285
2025-06-24,Malerkotla,9.239782077925543,17.389083453587123,25.474944046565465,15.844556297574725,11.624031271253314,9.509654368673052,4.046902435166495,91.90754725159636
2025-06-24,Moonak,4.409586230913798,10.52739675839742,18.35369062423706,12.751294056574505,10.399655977884928,5.250324090321858,3.892952819665273,43.83614580406126
2025-06-24,Sangrur,7.363575169018337,17.231608629226685,26.183029174804688,16.676269020353043,12.562556198665074,7.97272971698216,4.02824741601944,75.86122386294564
2025-06-24,Sunam,5.862718565123422,14.6585202898298,22.426650251661027,14.727049282618932,11.30757669040135,6.143345066479275,3.942138595240457,55.906089931859114
2025-06-25,Dhuri,12.7577242417769,8.120934226296164,11.823998754674738,20.4093711159446,10.554349877617575,8.18826606056907,6.801941806619817,65.11787884791316
2025-06-25,Lehra,6.803835451602936,7.494366228580475,11.775332510471344,18.238070726394653,8.27969941496849,6.684627383947372,5.259868919849396,40.239503880603074
2025-06-25,Malerkotla,14.599594524928502,8.342665093285698,13.296975340162003,20.071063246045792,12.5986156804221,10.229675378118245,8.054900782448906,75.97834700895918
2025-06-25,Moonak,5.288399537404378,6.907459179560344,13.610408941904703,20.27581230799357,9.134563366572062,6.665431181589763,5.357527613639832,39.05934153070735
2025-06-25,Sangrur,10.949951546532768,8.607831035341535,13.054333209991457,22.357339007513865,11.194083162716456,8.176882249968392,6.5244647945676535,59.137025780786814
2025-06-25,Sunam,8.758926272392273,8.132607868739537,12.441435166767665,21.23061067717416,10.194205965314593,7.366233195577349,6.136342985289438,45.74646121623284
2025-06-26,Dhuri,1.391364807432348,10.013066898692738,20.97370901974765,15.817133036526767,8.556891354647549,5.531002738259056,3.991759907115589,65.82446157905945
2025-06-26,Lehra,1.1635744906961918,10.9153853058815,22.007357835769653,13.12460333108902,6.914273172616959,5.263525068759918,2.679196640849113,37.17479130166087
2025-06-26,Malerkotla,1.553933220250266,9.84442685331617,23.401521274021693,17.39930384499686,10.370764868600029,6.916115539414542,4.678856764520917,80.10742997516479
2025-06-26,Moonak,1.2773582736651103,10.81710696220398,26.4244860013326,12.69238511721293,7.132660865783691,5.676104505856832,2.354316294193268,37.01453730769204
2025-06-26,Sangrur,1.4565388773168837,11.892251082829066,22.66325157029288,15.812891551426478,8.53258056300027,6.433701302324023,4.129630063261304,57.2217033925549
2025-06-26,Sunam,1.4136273158448085,11.776410443442208,22.539940220969065,14.559070314679827,7.46184195790972,6.044319987297058,3.2683736937386647,42.703703703628584
2025-06-27,Dhuri,2.7748797590082344,6.200481241399592,13.345123507759787,16.446443861181084,7.5933286276730625,7.714282837781039,17.37352874062278,66.36806499615648
2025-06-27,Lehra,3.022979959845543,6.243150740861893,9.87266057729721,13.391645848751068,6.426474571228027,7.025469750165939,12.280327081680298,35.147323541292344
2025-06-27,Malerkotla,2.862133877617972,6.588204860687256,16.106257234300887,19.277910266603744,8.332862411226545,9.42853922503335,19.908690009798324,80.1095963367749
2025-06-27,Moonak,3.1941944559415183,7.266286849975586,10.92469565073649,13.497358004252115,6.110055565834045,7.909433960914612,11.273806492487587,35.442655370607426
2025-06-27,Sangrur,3.223778554371425,7.5802121332713535,14.288446170943123,16.63072807448251,8.115632551056999,8.880224108695984,18.306292499814717,56.15279705783117
2025-06-27,Sunam,3.245149842330388,7.600999900272915,12.76710479600089,15.587689399719238,7.402240719114031,8.243525215557643,15.550992216382708,41.11680975143689
2025-06-28,Dhuri,8.28571926463734,13.58314072002064,11.031994126059791,13.390008449554443,12.386788801713424,7.054669553583318,6.882985201748935,74.36492558345353
2025-06-28,Lehra,8.558642208576202,8.847638845443726,7.446206897497177,12.149365305900574,11.223602652549744,5.145012021064758,5.752605646848679,24.548478193434924
2025-06-28,Malerkotla,9.51821322100503,16.316689150674,13.344465255737305,14.341039146695818,12.944455453327723,8.378394825117928,8.534056459154401,86.87710548330631
2025-06-28,Moonak,8.467111984888712,9.165644923845926,7.1844208637873335,12.263749758402506,11.584002494812012,5.064315478006999,5.646670738855998,24.628060590730424
2025-06-28,Sangrur,9.82427966594696,14.078966294016157,11.954642415046692,14.12405868938991,13.260531152997698,6.867840971265521,6.632988452911377,51.96144035659004
2025-06-28,Sunam,9.638706735202245,11.719273430960518,9.947134154183525,13.742483922413417,13.074961628232684,5.97815557888576,6.331829173224313,30.115594669004352
2025-06-29,Dhuri,23.47950293801048,15.156886187466707,8.101100032979792,19.53566577217796,8.310965364629572,5.8751630783081055,9.97782715884122,55.21348390728744
2025-06-29,Lehra,16.274684071540833,12.187189400196075,7.531153708696365,14.125544726848602,8.571017682552338,4.996608078479767,7.268443465232849,19.678696425205786
2025-06-29,Malerkotla,24.702753407614573,15.7867260319846,8.524476255689349,18.558339527675084,8.580104419163295,6.273245453834534,10.972984075546265,59.476843265798834
2025-06-29,Moonak,17.583675225575764,13.7110857963562,8.725298802057901,15.15291182200114,9.236935218175253,5.092598040898641,6.408348123232524,20.217533802989482
2025-06-29,Sangrur,21.212080478668213,14.363554205213276,7.333785278456552,18.24523425102234,7.735870838165283,5.1089456762586325,8.299588765416827,37.19997724118028
2025-06-29,Sunam,18.85959550312587,13.601041998182025,7.141300320625305,16.200518812452042,7.898250937461853,4.942658339227949,7.292686939239502,22.858487146737485
2025-06-30,Dhuri,18.639539761976764,5.205338911576704,9.229188160462812,14.191235455599696,1.7619557272304187,4.108443238518455,10.76377313787287,55.53663513258882
2025-06-30,Lehra,19.24051308631897,4.099034398794174,7.675007402896881,10.430139064788818,1.3341005519032478,3.045943632721901,7.764892756938934,18.889445937119216
2025-06-30,Malerkotla,16.354506696973527,5.850878528186253,9.71624539579664,13.590508222579956,2.2600817467485155,5.207529246807098,11.98974575315203,62.54146161090051
2025-06-30,Moonak,20.042558352152508,4.271393299102783,8.298374891281128,8.210898359616598,1.4680229822794597,2.915139178435008,7.3730002244313555,18.764616672568966
2025-06-30,Sangrur,20.238700696400237,4.462377454553332,9.110048174858091,12.79129764011928,1.4439604112080164,4.194532019751413,10.536138381276812,38.996028790366005
2025-06-30,Sunam,20.21297792025975,4.161265798977444,8.052373954227992,11.301045383725848,1.2212463063853127,3.445573057447161,9.018539905548096,23.132491345780828
2025-07-01,Dhuri,3.2545530687678945,5.815162940458818,5.546657453883778,2.217856840653853,8.667699315331198,20.723021247170188,19.05616240067916,41.504404930143366
2025-07-01,Lehra,1.9915422797203064,4.770809084177017,5.365232944488525,2.135274477303028,7.571779489517212,14.291395246982574,14.86263358592987,19.694845389690617
2025-07-01,Malerkotla,3.5493782332965305,5.593731641769409,5.339822275297983,2.445991635322571,8.780470303126744,22.50507817949568,17.968749625342234,48.84312596984562
2025-07-01,Moonak,1.4322866300741832,5.628689249356587,5.647805492083232,2.068752576907476,7.948753873507182,13.67672117551168,13.81428321202596,19.76077216688953
2025-07-01,Sangrur,2.920718584741865,6.1287127903529575,6.414496898651123,2.529514185019902,8.428673573902675,20.46891345296587,16.989490917750768,32.531582492434104
2025-07-01,Sunam,2.249860563448497,5.486830864633832,5.823704736573355,2.1593033969402318,7.483052509171622,16.134469032287598,15.628594670976913,22.64247194349439
2025-07-02,Dhuri,0.8172652938149192,0.3601155199787833,2.941293705593456,12.247286363081498,21.352288592945445,14.624548348513516,19.108901544050735,48.25400477543444
2025-07-02,Lehra,0.4465465005487203,0.437609625980258,3.9498240798711777,10.874940276145937,14.598829805850984,9.936384975910189,14.929534912109377,35.0301663614928
2025-07-02,Malerkotla,0.9140991632427488,0.5125340633094311,3.074907102755138,12.737526961735316,21.98291921615601,15.28975064413888,19.52636170387268,55.59275743273043
2025-07-02,Moonak,0.5631482700506846,0.8617039074500402,4.831958055496216,11.46139359474182,15.124853372573853,8.844451189041138,14.718517700831097,33.77818254789881
2025-07-02,Sangrur,1.0346355044416018,0.559420825115272,4.049101344176701,13.316016605922156,20.47025888306754,13.828047173363824,19.25049696649824,45.184982612370455
2025-07-02,Sunam,0.7115235179662704,0.5041536252413478,4.22833343063082,12.728270598820275,17.2465010370527,11.548149619783674,17.314876113619125,37.76733001377988
2025-07-03,Dhuri,0.0670174397528171,1.5258447527885437,13.861983689394863,10.688904588872736,12.353398236361416,15.33211799101396,7.476924679496071,54.94861637009278
2025-07-03,Lehra,0.1805380145087838,1.6055320650339129,10.431214213371277,9.0507875084877,7.766135036945343,11.935480117797852,5.39804345369339,52.85555828923795
2025-07-03,Malerkotla,0.1011748488859406,1.4472615335668837,15.453254325049263,12.37205754007612,14.401060819625854,17.515681198665074,8.956239189420428,55.09765673641648
2025-07-03,Moonak,0.181724227964878,1.9586153825124104,11.127081791559856,8.867063681284586,8.00765081246694,12.544511238733929,6.361890037854512,46.010099421938015
2025-07-03,Sangrur,0.1192423882228987,1.7485103479453497,14.3876291343144,9.860622576304843,11.680496948105947,13.967122452599662,6.993641529764448,58.63444558453992
2025-07-03,Sunam,0.1663168950804642,1.732457910265241,12.670667614255631,9.127980811255318,9.517593520028251,13.039571455546788,6.182142155511039,56.46454913383003
2025-07-04,Dhuri,0.6227965368465944,9.926561810753562,32.46142569455233,20.270726810802117,19.422507286071777,11.324313727292148,7.74294673312794,59.77800369950521
2025-07-04,Lehra,0.3097788505256176,7.167493015527725,26.41735279560089,15.00387006998062,19.74300515651703,8.473650574684143,4.43095988035202,55.46628891853049
2025-07-04,Malerkotla,0.64717300342662,11.311598641531807,31.80630534035819,18.34534897123064,18.419159957340785,11.493919508797784,9.156249114445275,61.33863563218287
2025-07-04,Moonak,0.3916222751140594,7.419141968091329,24.634368419647217,13.158821741739908,18.237630367279053,8.302804112434387,4.579990943272908,48.04721746950212
2025-07-04,Sangrur,0.6500336032892976,9.282649006162371,31.35406773430961,18.68494987487793,18.80036129270281,10.81033832686288,6.62938699551991,62.96239791470696
2025-07-04,Sunam,0.4560139700770378,7.506869043622698,29.24863004684448,16.53067476408822,19.29752165930612,9.79510886328561,5.345711929457528,60.13694193714053
2025-07-05,Dhuri,16.66856557672674,28.038158069957387,28.94568503986705,32.36113166809082,18.88513842496005,6.261636408892545,6.342827623540705,43.789308696103966
2025-07-05,Lehra,12.241500973701475,17.67620015144348,18.25984299182892,21.23772513866425,15.969133019447328,4.716564387083054,4.785955756902695,58.27181154023631
2025-07-05,Malerkotla,16.27285201208932,29.576952389308385,29.535821846553254,35.01059137071882,17.807718447276525,6.733059746878488,6.611311214310782,44.78961635945099
2025-07-05,Moonak,13.6396914323171,17.845840136210125,16.19782527287801,21.31242513656616,15.868229866027832,5.050103704134624,5.134411772092183,51.38613510446052
2025-07-05,Sangrur,15.975922788892474,26.739284379141672,26.552573953356063,30.569540160042894,19.300456285476685,5.9242896011897495,5.699042728969029,56.84720186440025
2025-07-05,Sunam,14.25553788457598,21.987058094569612,22.37527220589774,25.63972548076085,18.217725004468644,5.303068978445871,5.044710908617292,61.11563645759967
2025-07-06,Dhuri,67.6056865345348,31.139364762739703,27.397525613958184,20.95093995874578,8.385821559212424,2.6040326248515737,2.967395706610246,54.01575065902066
2025-07-06,Lehra,55.26247572898865,23.85385572910309,23.24603497982025,15.898740708827972,8.650430589914322,2.7705426812171936,2.6249099671840668,60.39366572779928
2025-07-06,Malerkotla,65.9114991596767,32.52578340257917,27.938403878893173,20.09944905553545,7.807661635535104,2.5001863496644154,2.949511025633131,55.36181988684194
2025-07-06,Moonak,48.32520866394043,20.843478202819824,22.051005840301517,14.384653647740684,7.920521100362142,2.883421381314596,2.93701841433843,52.00760088606892
2025-07-06,Sangrur,70.59332820347377,30.43616853441511,28.94544424329485,20.61419493811471,8.516540135656085,2.825191216809409,3.5038673153945377,62.19856714909233
2025-07-06,Sunam,66.71081924438477,27.873085635049,27.153584003448486,18.662065812519614,8.73684755393437,3.0958453757422317,3.2829251885414124,63.717691012559335
2025-07-07,Dhuri,24.92170082439076,21.734851490367543,10.15540157664906,10.0353008183566,2.5903822508725254,3.950416337360035,4.249793486161665,55.49986274807858
2025-07-07,Lehra,11.238539218902588,14.04285764694214,6.812061071395874,10.135823667049408,2.7193895131349564,2.644699439406395,3.41369603574276,60.83705576792411
2025-07-07,Malerkotla,29.311993667057585,23.735191822052,12.250014679772514,10.315380028315952,2.323466807603836,4.544562058789389,4.523362670625959,55.253835715743755
2025-07-07,Moonak,9.346446792284649,13.221948544184366,7.244254310925801,9.322864969571432,2.749305546283722,2.8026580214500427,3.5071786046028137,50.782265974476246
2025-07-07,Sangrur,21.99317489351545,21.5504823752812,10.290300318173,10.544404711042132,2.948885440826416,4.026099451950619,4.219315852437701,60.91064296229943
2025-07-07,Sunam,16.662445068359375,18.61284249169486,8.36435307775225,10.531002759933472,3.016834046159472,3.137135088443756,3.8304511649268016,63.03713739297616
2025-07-08,Dhuri,27.158978028730917,14.99894818392667,3.916348652406173,1.0260793485424735,4.77281362360174,11.570813048969615,3.5411265329881148,70.61146640810006
2025-07-08,Lehra,12.697644889354706,8.869075417518616,3.064373880624771,1.4182595387101171,5.3747172355651855,10.311922073364258,3.5326431691646576,67.10092684340805
2025-07-08,Malerkotla,32.00007029942104,17.382217475346156,4.580003568104336,1.0890952817031316,5.574159954275404,11.0566143989563,3.6014279467718944,69.49457671021422
2025-07-08,Moonak,11.878843545913696,9.397175470987955,3.600821435451508,1.7238721648852031,7.014815926551819,8.813610553741455,3.929980933666229,54.47121522925502
2025-07-08,Sangrur,22.99862561907087,12.849747044699532,3.884477147034236,1.2800078455890929,4.955246993473598,10.933690479823522,3.63615586076464,74.08513960265147
2025-07-08,Sunam,17.59203917639596,10.460148130144391,3.505687304905482,1.3897082677909307,5.080391372953143,10.436993326459612,3.656394720077514,73.35185368336326
2025-07-09,Dhuri,7.373621073636142,4.9015524929220025,0.8547268293120645,1.5716235637664795,6.41521878675981,7.703230099244551,4.932296081022783,63.235921552702344
2025-07-09,Lehra,3.6412882655858994,2.864371120929718,1.2551926150918007,1.995022773742676,5.396484613418579,5.774008452892304,4.516361057758331,55.58056861932259
2025-07-09,Malerkotla,11.31094787802015,6.485146130834307,0.7224645231451307,1.3691231948988778,7.174917578697205,8.637986966541835,5.388385091509138,61.069165184623785
2025-07-09,Moonak,4.461175719896953,3.2265275915463767,1.272103985150655,1.79643710454305,6.173776984214783,6.531981507937114,4.948844790458679,42.67067889730543
2025-07-09,Sangrur,7.368320277759007,4.76020074742181,1.1737735867500303,1.8338652295725688,7.621117557798113,8.712592193058558,5.212725469044277,63.21385797132081
2025-07-09,Sunam,5.18057827438627,3.73330751487187,1.3509771142687117,1.8859915392739437,6.354489973613194,7.205038087708609,4.9298472234181,61.53505796665247
2025-07-10,Dhuri,9.448398460041393,1.174445011399009,1.0323027724569491,4.867277665571733,4.863927169279619,4.7276929075067695,7.528266343203458,56.32427156678599
2025-07-10,Lehra,8.024537742137909,1.5684121549129486,1.1575343869626522,6.345765024423599,5.177888125181198,5.373328387737274,6.3205506801605225,43.33208962982776
2025-07-10,Malerkotla,9.571354406220571,0.993876672216824,1.0682860293558665,4.6710935149874,4.565449910504477,4.154657176562718,7.774878280503409,57.59057851759274
2025-07-10,Moonak,6.845049937566121,1.5923120379447937,1.1392025649547577,5.121829032897949,4.74653963247935,4.498020529747009,6.268898685773213,33.28578704448077
2025-07-10,Sangrur,9.128778304372515,1.341090955904552,1.1563369653054647,5.357505713190351,5.411722046988351,5.316309656415667,8.199645008359637,53.94393416719287
2025-07-10,Sunam,8.02333859034947,1.2868570387363434,1.0647733871425902,5.41493957383292,5.092447349003384,5.17198257786887,6.7987184183938165,48.48839470208429
2025-07-11,Dhuri,0.3282494612715461,0.5183621035380797,3.0535525517030195,3.535591819069602,3.76811129396612,4.456823316487399,2.514767094091936,48.824096374849354
2025-07-11,Lehra,0.5000869240611792,0.4521332550793886,4.26948581635952,3.8367510735988617,3.696675837039948,4.35113599896431,1.6894755735993383,40.63272588224113
2025-07-11,Malerkotla,0.3163262297000204,0.4676962548068591,3.1544142195156644,3.357545205524989,3.7955638085092818,4.557812375681741,2.4652528507368907,48.41935698491288
2025-07-11,Moonak,0.5103618030746778,0.4600794414679209,4.420750101407369,3.788286666075389,3.238587200641632,3.861577570438385,1.3371200760205586,31.155037076567666
2025-07-11,Sangrur,0.3524856769612857,0.6056879790765899,3.824823030403682,4.409863225051335,4.1511587245123724,4.926175091947828,2.82281340445791,48.62082744534481
2025-07-11,Sunam,0.3783448210784367,0.518125379724162,3.931277138846261,4.350577660969326,3.85716484274183,4.607379359858377,2.23424289907728,44.51930485224032
2025-07-12,Dhuri,0.8396913490512155,2.3879507129842583,3.567551016807556,3.196090514009649,8.513375867496837,8.241765932603316,2.493667971004139,45.261834857793545
2025-07-12,Lehra,0.7638487294316292,2.3637628704309464,3.2146760672330856,2.517930701375008,8.210684090852737,5.44510218501091,1.3961655348539352,37.2430072207326
2025-07-12,Malerkotla,1.1135267402444566,2.3456336430140903,3.8250710368156433,3.58098817723138,8.663211839539665,8.809240085738045,2.7131920712334767,44.41682266534162
2025-07-12,Moonak,0.799679751197497,2.7095609505971274,3.384438614050547,3.0573846896489463,8.878674308458963,5.358839472134908,1.3911559581756592,27.54520271995695
2025-07-12,Sangrur,1.0398709156683512,2.7185100742748807,3.988616509096963,3.400616560663496,10.573957698685785,8.777625271252223,2.3859520937715257,44.99271119782815
2025-07-12,Sunam,0.9626140126160212,2.6749748247010365,3.70928031206131,2.954617636544364,9.905331781932286,7.198745029313224,1.868501535483769,41.34404640848872
2025-07-13,Dhuri,3.405886259945956,0.7089440362019972,3.205322178927335,6.904327717694369,5.269410263408314,3.650777719237588,2.143141031265259,30.60246232853675
2025-07-13,Lehra,2.1545630544424057,0.6719767823815346,1.7013684436678886,4.113564878702164,4.293764621019363,1.9496248587965963,1.784736342728138,26.148453433406313
2025-07-13,Malerkotla,2.9138556591102054,0.8850520295756203,3.570764516081129,7.5342994758061,6.116226690156119,3.826596566608974,2.471912149872099,29.49805584018773
2025-07-13,Moonak,1.4390134811401367,0.5053227320313454,1.657090137402217,4.04878165324529,4.309994399547577,1.7659061054388685,2.0026990671952567,17.569828158570633
2025-07-13,Sangrur,3.405433305672237,0.7482255910124097,2.752745722021376,6.948441786425454,5.3622645906039645,3.653942235878536,2.306424626282283,31.51332008330527
2025-07-13,Sunam,2.782301187515259,0.6428916709763663,2.166507359061922,5.578872399670737,4.827385527747018,2.823805080992835,1.9652783615248544,29.28833447204008
2025-07-14,Dhuri,3.0430590347810225,5.570025964216753,5.536692467602816,5.65725792538036,1.831833617253737,1.6535314971750432,3.642981843514876,40.55782070250159
2025-07-14,Lehra,2.400801494717598,6.125278025865555,5.968517899513245,4.495587944984436,0.9355247728526592,0.9679259099066256,3.2154167145490646,27.699294747725695
2025-07-14,Malerkotla,2.813700803688594,4.995814119066511,5.650297812053135,5.915876678058079,1.7755942472389763,2.0015523859432767,4.008679943425315,45.602371295729455
2025-07-14,Moonak,2.124786694844564,6.5166663726170855,6.313318808873494,4.095075150330861,0.8214034686485926,0.8736072729031245,3.484473447004954,17.966850583640948
2025-07-14,Sangrur,3.102481356688908,6.680673394884382,6.013312220573425,5.742006208215441,1.5197892912796565,1.377362208706992,3.701628838266645,43.59882046605583
2025-07-14,Sunam,2.794164231845311,6.601806402206421,6.017995357513428,5.045007535389492,1.1865177644150595,1.1462141637291228,3.5798798373767307,37.844164073814454
2025-07-15,Dhuri,3.656655961816961,9.393594178286463,3.484526384960521,0.9193340648304332,0.5418546253984625,11.969095706939695,9.787723627957432,40.259768945058624
2025-07-15,Lehra,3.710454300045967,7.274562686681747,3.568189918994904,1.0121950134634972,0.5639814119786024,8.359923034906387,6.798575907945633,28.585985807229655
2025-07-15,Malerkotla,3.619193570954459,9.61854602609362,3.651734777859279,0.996150763971465,0.7043825781771115,11.84232681138175,10.312642863818578,48.822840810116446
2025-07-15,Moonak,3.63448033730189,8.006495396296183,3.337293724219004,0.8181419471899668,0.9434373875459036,8.363151788711548,6.431502978006999,17.952829380406467
2025-07-15,Sangrur,3.830603071621486,9.549509763717651,4.013534103121076,0.826676851936749,0.5958719743149621,12.805280481066022,9.113193307604108,42.686430099919285
2025-07-15,Sunam,3.5031683359827315,8.462720394134521,3.7775976828166415,0.8911954483815602,0.559712749506746,10.646786366190227,7.812432731900897,38.4517169658261
2025-07-16,Dhuri,11.265189040790904,3.6867840073325415,0.4004982330582358,2.6310043876821343,14.291829065843062,8.504207914525812,10.380898302251644,43.984057483430476
2025-07-16,Lehra,10.118663370609283,3.3928342759609222,0.7677775248885155,1.1464846283197403,12.673051118850708,7.025067150592804,7.9025934636592865,27.59724821632049
2025-07-16,Malerkotla,11.083850179399764,3.64875203371048,0.4215200170874595,3.10772020476205,16.355730056762695,9.385236399514335,12.097504138946531,53.79956555453606
2025-07-16,Moonak,9.988476673762005,2.9533793727556863,0.8405519276857376,1.371585726737976,12.923427184422811,6.85604194800059,7.731614351272583,17.846203359127983
2025-07-16,Sangrur,11.820126703807286,3.673766442707607,0.470863724393504,2.316123834678105,15.590014798300606,8.648703268596105,10.927606923239573,44.92576800476306
2025-07-16,Sunam,11.325390577316284,3.6935683488845834,0.6899438191737447,1.5737348284040178,14.24178419794355,7.923451525824411,9.881238205092291,39.0699957137126
2025-07-17,Dhuri,1.0677910474213688,0.0,1.8583030700683596,27.992035605690692,13.239991361444648,12.400861263275146,9.013213461095637,41.14097380519288
2025-07-17,Lehra,1.034818645566702,0.0,1.669442556798458,18.988705158233643,7.868795216083527,6.310594707727432,4.66244949400425,22.432906308909565
2025-07-17,Malerkotla,0.969012377517564,0.0,2.3338247495038167,29.445578370775497,13.425725085394722,13.754214252744402,10.565801228795731,51.68393507168928
2025-07-17,Moonak,0.6121911803881327,0.0,1.9927136202653248,18.003155787785847,6.395928382873535,5.9928929805755615,4.546826799710591,15.163450748303976
2025-07-17,Sangrur,0.9625103856836048,0.0,2.303855847035136,25.76773793356759,11.436144726616996,11.2586281980787,7.929949062211173,40.18613851101178
2025-07-17,Sunam,0.9523334077426364,0.0,2.039424640791757,22.52699770246233,9.518485358783176,9.147692373820714,6.178986651556833,33.892877051996784
2025-07-18,Dhuri,0.0,0.4863773448900743,26.3270131891424,12.364715272730049,9.772159186276523,5.640550851821899,2.4430455673824656,42.18184963762597
2025-07-18,Lehra,0.0,0.2573669347912073,15.157482326030731,12.342004716396332,5.387465000152588,3.171059101819992,2.804038256406784,22.67518736681521
2025-07-18,Malerkotla,0.0,0.7405856560383525,32.18483591079712,11.44145117487226,11.22969092641558,6.549913287162781,2.355173553739275,52.939943937806504
2025-07-18,Moonak,0.0,0.2669775225222111,13.169872124989828,11.16830571492513,5.656387170155843,3.369783898194631,3.217465360959371,15.330010287662555
2025-07-18,Sangrur,0.0,0.5172726437449455,25.80344670159476,14.21735978126526,9.778210827282496,5.502917187554496,2.8436922260693143,40.43939273566428
2025-07-18,Sunam,0.0,0.3718573254133974,20.238974128450668,14.5362720148904,7.9275141954422,4.311659787382398,2.991447559424809,34.26851564491328
2025-07-19,Dhuri,0.0090567355615679,7.204957983710549,4.66548642245206,5.195981047370217,3.3103644306009468,0.7799654603004456,0.7119393131949685,42.7127114261528
2025-07-19,Lehra,0.0,3.41987743973732,4.66553208231926,4.280579045414925,1.3695781491696837,0.766232255846262,0.7872088216245174,23.06431161708131
2025-07-19,Malerkotla,0.0383976651355624,8.3680111851011,4.657219707965851,5.283128602164132,3.572610523019518,0.8938290966408593,0.9206500457865852,53.871573242744695
2025-07-19,Moonak,0.0,3.043480694293976,4.340188086032867,3.733379602432251,1.1878665536642077,0.7178434282541275,0.9785654743512472,15.640345685236104
2025-07-19,Sangrur,0.0048405766553644,6.308333039283752,5.109972894191742,4.90097313267844,2.955188763993127,0.7421720517533166,0.8165598831006459,40.76581381302057
2025-07-19,Sunam,0.000140916755689,5.487592424665179,5.735003105231693,5.153275166239057,2.331341866936002,0.8102183384554726,0.9262570036309106,34.468482744611414
2025-07-20,Dhuri,12.43785268610174,11.985493313182484,8.446240381761031,3.191281567920338,1.7024076581001282,3.0349605083465576,2.9609550562771885,43.625515234599035
2025-07-20,Lehra,7.768930643796921,7.840892106294632,4.296770304441452,1.9911516681313517,2.2118140533566475,3.124340906739235,4.500082120299339,23.601222691454616
2025-07-20,Malerkotla,14.944434131894791,14.120034864970616,11.053587998662676,4.070208941187177,1.803028494119644,3.336845474583762,3.270123371056148,56.73648389346366
2025-07-20,Moonak,7.356486082077026,7.780189275741577,4.0941234429677325,1.7418364683787029,2.443772554397583,3.714550832907359,4.950601140658061,16.904515594276067
2025-07-20,Sangrur,13.31212646620614,12.6336761202131,8.427838802337646,3.2628732323646545,2.024779532636915,3.8005487578255783,3.950681482042585,41.191306777049356
2025-07-20,Sunam,10.771432842527116,10.503837772778102,6.416922211647034,2.5293267709868297,2.363741389342717,3.606692833559854,4.45781010389328,34.99647197016481
2025-07-21,Dhuri,16.870243592695758,5.397478699684143,3.517916050824252,0.7711110047318719,2.877625888044184,4.255135503682223,8.217756141315807,28.321811379151924
2025-07-21,Lehra,12.942418098449709,3.773959532380104,1.7117206007242205,0.3940574210137129,2.3850959092378616,3.761491224169731,6.172727078199387,15.480084018380033
2025-07-21,Malerkotla,17.32348268372672,7.274271062442234,4.723523914813995,1.1584964117833547,2.9631297843796864,4.452257837568011,8.60407406943185,36.54561573787637
2025-07-21,Moonak,12.216850439707438,3.8655012448628745,1.5734415253003438,0.4491888756553332,2.192834804455439,3.891984840234121,6.553572138150533,11.436797911646934
2025-07-21,Sangrur,17.24041039603097,5.331858115536826,3.236195794173649,0.8386250665145261,3.3412482738494877,5.406472563743591,8.693736365863256,23.831543803825646
2025-07-21,Sunam,15.20615587915693,4.459917451654162,2.511818851743425,0.5968949890562466,3.00264436006546,5.032225787639618,7.561297178268433,20.697450757252366
2025-07-22,Dhuri,3.018567302010276,1.7974241755225442,0.4562280191616578,0.5489187904379584,1.1802791194482285,1.8888581666079436,3.863141493363814,27.416739727321705
2025-07-22,Lehra,1.7670798897743225,1.4253313690423963,0.2179351160302758,0.5238494053483009,1.1770492382347584,1.7943847179412842,2.822890147566796,20.380918382045373
2025-07-22,Malerkotla,3.833172312804631,1.8637596241065435,0.562881204698767,0.4644915120942252,1.5205754339694977,2.2717492324965343,3.991719986711229,39.169797864937706
2025-07-22,Moonak,1.9120755294958751,1.263514220714569,0.1669271302719911,0.4504592691858609,1.3538220425446827,2.3424610594908395,2.688746591409048,21.500545581978074
2025-07-22,Sangrur,2.990404797451837,1.831313478095191,0.3539194358246667,0.642720354454858,1.3975277287619454,2.145033517054149,3.931520938873291,24.997371228450806
2025-07-22,Sunam,2.3772542476654053,1.672682681253978,0.2842774481645652,0.6098714949829238,1.344643520457404,2.0043411467756544,3.41563378913062,23.236190902283276
2025-07-23,Dhuri,2.91514297507026,1.1239751469005237,0.4065059965307062,1.7288361896168103,4.31858509237116,4.04492309960452,4.349718939174306,24.687105280532688
2025-07-23,Lehra,1.0185975097119808,0.3790146633982658,0.264426052570343,1.242473367601633,3.5088160634040837,2.746052026748657,3.429024994373321,22.348895019480146
2025-07-23,Malerkotla,3.167626661913736,1.2407548427581787,0.4932900411742074,2.035541845219476,4.6077238236154825,4.617545919758933,4.6459304094314575,37.27651169160824
2025-07-23,Moonak,1.0043565481901169,0.3397136628627777,0.2278693541884422,1.8000949025154114,3.780791242917379,3.06508074204127,3.699020425478617,25.65036540054839
2025-07-23,Sangrur,2.4036120559488023,0.9981370887586049,0.3698155699031694,2.13832793704101,4.708088074411664,3.963764727115631,4.641713857650757,21.998767879447115
2025-07-23,Sunam,1.518599801829883,0.6174992173910141,0.3049417425479208,1.7335750737360545,4.108445261205945,3.3502051404544284,3.9180570329938615,22.2025058850462
2025-07-24,Dhuri,0.513983578844504,0.1498580089008266,0.3978154422207312,4.015221400694414,3.2142766172235664,4.556973565708507,4.27343825860457,49.42497657438493
2025-07-24,Lehra,0.5297806635499,0.250265346840024,0.2935305489227175,3.6629531234502792,2.8368934988975525,3.088777720928192,3.356502488255501,51.95847067370583
2025-07-24,Malerkotla,0.3951439431735447,0.160587671212852,0.4509247562714985,4.385017556803567,3.660051601273673,5.360504695347378,4.58282915183476,66.06093461931283
2025-07-24,Moonak,0.6270513484875361,0.3725278452038765,0.5488718524575233,5.036319474379222,3.7174598574638367,3.878813366095225,3.444412807623545,53.32158296654275
2025-07-24,Sangrur,0.5098250412515232,0.2412211990782193,0.5262986937803882,4.625641465187073,3.31789037159511,3.978793399674552,3.985285529068538,49.074704625987025
2025-07-24,Sunam,0.5306516310998372,0.2311105834586279,0.4197001212409564,4.265071357999529,3.0458772778511047,3.4837006330490112,3.4923958693231856,48.49693047890266
2025-07-25,Dhuri,0.0585084405135024,0.5438753407109868,4.661259922114286,5.365833401679993,4.870581020008434,3.054873834956776,1.570026327263225,61.38568493410351
2025-07-25,Lehra,0.0704200158361345,0.2699035350233316,3.138201862573624,5.1906492710113525,3.2252248972654343,2.720793068408966,1.105675682425499,59.014601968731135
2025-07-25,Malerkotla,0.0707909698997225,0.6524535374982017,5.260828878198351,5.549645909241268,5.483072621481759,3.0641425592558726,1.8501658993107928,76.06401069200197
2025-07-25,Moonak,0.0342495741012195,0.4214597468574841,4.33606630563736,6.617620865503947,3.444275716940562,3.202817539374033,1.2586844960848491,58.73851368190334
2025-07-25,Sangrur,0.0672588348388671,0.5854609640581268,5.40244049685342,6.267791756561825,4.280215731688908,3.100939512252808,1.7799675251756395,69.037415107583
2025-07-25,Sunam,0.0675127963934626,0.3921137058309146,4.164169268948691,5.363475722926004,3.454332539013454,2.743828688349043,1.3464392274618149,62.21493261742121
2025-07-26,Dhuri,0.2683363807472316,2.806885795159773,5.063949736681852,4.196249506690285,6.210718501697887,3.967487335205078,3.028929829597473,61.62650799227376
2025-07-26,Lehra,0.0918554349336773,2.0659092515707016,5.251171842217445,3.752885088324547,4.504102021455765,2.412722058594227,1.5780366212129593,60.85624140243265
2025-07-26,Malerkotla,0.5245820874614375,3.8473385870456696,5.341897598334721,4.930240162781307,7.200716103826251,4.7588178515434265,3.9399851816041127,75.92000231410633
2025-07-26,Moonak,0.1895915493369102,3.1855534513791404,6.768722971280416,4.400869349638621,5.174123167991638,3.137505571047465,1.809395541747411,61.5719099586981
2025-07-26,Sangrur,0.222378076320248,3.5286860295704434,6.5463387455259054,4.710644492081234,6.34414051260267,4.261947938374111,3.102097306932722,70.06693434017414
2025-07-26,Sunam,0.1194557660658444,2.9243137197835103,6.278971995626177,4.313163680689676,5.335348589079721,3.4146864669663564,2.2909023676599776,63.522141901890784
2025-07-27,Dhuri,1.8497828516093169,7.790787480094216,5.065273913470182,3.470535354180769,2.4547980590300127,2.0419934283603323,1.0707740079272876,61.29549097606028
2025-07-27,Lehra,0.9985374100506306,5.259791553020477,4.456941604614258,2.532606616616249,2.0443455055356026,1.1516999378800392,0.9254334680736064,61.724749858264744
2025-07-27,Malerkotla,2.607433761869158,8.7236248425075,5.389601179531643,4.0246935742242,3.058012877191816,2.728619967188154,1.3812383328165327,73.13439786627701
2025-07-27,Moonak,1.3027994086345036,6.076296170552571,4.475113093852997,2.9335010846455893,2.616114457448324,1.5144505600134532,0.9798943648735682,63.08251197983208
2025-07-27,Sangrur,2.119929294501032,8.378957152366638,5.014072350093296,4.0103320223944525,2.81168486390795,1.9589674174785612,1.2151200409446443,71.51556540395048
2025-07-27,Sunam,1.6589832220758711,7.464418717793056,4.888170540332794,3.536946713924408,2.677431549344744,1.603560426405498,1.1576520672866275,65.61170322480781
2025-07-28,Dhuri,7.223033970052546,4.738412596962669,5.088480147448453,4.523032708601519,2.6829358014193447,1.36350508982485,0.2934654233130542,60.49579009376558
2025-07-28,Lehra,7.253253310918808,6.035865128040314,6.350048571825028,4.279147833585739,3.0249723941087723,0.9287599474191666,0.0797846154309809,62.4840963263522
2025-07-28,Malerkotla,7.038481337683542,4.731916223253522,5.52830582005637,4.48033561025347,2.9159705340862274,1.851630570633071,0.5042561377797808,70.75203178276371
2025-07-28,Moonak,9.030677239100138,7.817997415860494,7.96857221921285,4.939486662546794,3.300249000390371,1.336530437072118,0.0948714533199866,65.42102577020688
2025-07-28,Sangrur,7.988948123795645,5.4700459241867065,5.817264097077506,4.957158497401646,3.10325482913426,1.4743755417210715,0.3298099527933767,72.30323968047483
2025-07-28,Sunam,7.872247695922852,5.963913066046579,6.132101195199149,4.740213385650089,3.0580545152936662,1.282667196222714,0.1938725175069911,67.32796678164416
2025-07-29,Dhuri,3.22258641503074,6.961982445283369,6.915466915477406,6.736816839738325,4.897581414742903,2.8868290077556265,1.840532359751788,47.27913683105166
2025-07-29,Lehra,4.326774671673775,10.954893887043,8.044447749853134,6.215037822723389,3.250942558050156,1.2111744545400145,0.9398928619921209,50.61821715711043
2025-07-29,Malerkotla,3.045038563864572,5.817208102771214,6.71194977419717,6.986511417797634,5.325958549976349,3.4900329964501515,2.7504775396415164,50.84721260916419
2025-07-29,Moonak,5.116430481274922,10.683273712793984,7.043416500091553,6.015018542607625,3.37753172715505,1.2124035904804866,1.3062029083569844,53.00660680615178
2025-07-29,Sangrur,3.384270531790597,8.581520165715899,7.840012397084918,7.369138206754412,5.226180161748614,3.0893498361110687,1.9442293345928192,60.97959273337496
2025-07-29,Sunam,3.57224440574646,9.799980793680463,7.55036415372576,6.778091600963047,4.3065241404942105,2.098126896790096,1.4354338922670908,55.72277237670712
2025-07-30,Dhuri,9.753766319968484,6.127255743200129,6.466214201667092,4.539166461337697,4.494424418969587,5.13041737946597,4.425024043429982,46.08191947554215
2025-07-30,Lehra,11.141341924667358,4.678546190261841,3.885972633957863,4.268045365810394,3.063864216208458,3.94366754591465,3.075372338294983,46.75835494057901
2025-07-30,Malerkotla,9.007291725703649,7.094300372259958,7.910621591976711,5.009704521724156,5.443619387490409,6.158656358718872,5.143500430243356,49.23585512296052
2025-07-30,Moonak,10.933759848276772,4.5876162846883135,3.988553881645202,4.328759531180064,3.4398944775263467,3.8217368920644126,3.086780289808909,48.478817153323284
2025-07-30,Sangrur,11.102124043873378,6.084727610860552,6.549954942294529,4.943924708025796,4.3198403886386325,5.585634657314846,4.414731051240649,60.568920332677216
2025-07-30,Sunam,11.176276649747576,5.27510268347604,5.024971698011671,4.835295123713357,3.590050748416356,4.806120676653726,3.701205381325313,53.85339674745976
2025-07-31,Dhuri,10.864505941217596,2.717986963012002,2.9785643707622182,4.878572420640425,7.434528914364901,5.145741094242442,5.1722868572581895,19.967610452591632
2025-07-31,Lehra,12.403074026107788,3.205254837870598,2.778059273958206,4.035639628767967,5.792617559432983,3.4790990203619003,3.354045942425728,16.653487978289974
2025-07-31,Malerkotla,10.183174814496722,2.6591209939547946,3.121594548225403,6.028684147766659,8.304181218147278,6.578322955540249,6.208614127976554,18.721209165673436
2025-07-31,Moonak,10.609819332758583,3.601953069368998,2.705619513988495,4.863112350304921,5.471541563669841,3.5167795022328696,3.12749191125234,20.527695244430173
2025-07-31,Sangrur,12.426516703196937,3.2501096299716403,3.564528516360692,5.6592298831258505,7.832482133592878,4.822221585682461,5.090723693370819,32.578776799342506
2025-07-31,Sunam,13.298536368778771,3.5772646239825656,3.419957024710519,5.321152320929936,7.122773596218655,4.348649850913456,4.494327885763986,26.806358198205068
2025-08-01,Dhuri,5.196854331276634,0.5431535271081057,0.6573791232976046,2.9417454221031885,4.316151217980818,2.2322182113474067,2.7992845231836494,7.344252474764617
2025-08-01,Lehra,3.968512743711472,0.5358229465782642,0.56858847476542,2.42541690915823,3.406169414520264,2.060861110687256,1.6313123777508736,9.540942874462663
2025-08-01,Malerkotla,5.18928337097168,0.8247290626168251,1.2164305629474776,3.8659668564796448,4.938452431133816,2.1923997742789134,3.411665609904698,8.34262983284314
2025-08-01,Moonak,3.958548625310262,0.8139917850494385,0.8492082009712855,2.998432139555613,3.5101541876792908,2.010122229655584,1.6981537838776906,15.2254156889925
2025-08-01,Sangrur,5.671537399291992,0.7301058598927089,0.9104141859071596,3.608939375196184,4.840031683444977,2.7276998119694844,3.2932883288179124,12.596578953372124
2025-08-01,Sunam,4.9776902709688455,0.7030866763421467,0.7654614554984229,3.1883264737469807,4.3928516166550775,2.6116442254611423,2.4884806147643497,12.808431879365978
2025-08-02,Dhuri,5.578889413313433,1.9811443578113208,3.054968216202476,6.184681155464866,2.575341647321528,2.634598341855136,3.576118350028992,6.879361647605704
2025-08-02,Lehra,4.056280419230461,0.9874542281031607,1.666540078818798,3.0046015679836278,2.287835270166397,2.680689349770546,3.084392249584198,14.364369666368955
2025-08-02,Malerkotla,6.485710331371853,2.926539889403752,4.495769815785544,7.738501105989728,3.1493231994765147,2.8043674571173534,4.056600851672036,7.9976717719370285
2025-08-02,Moonak,4.449450850486755,1.0531286497910817,2.1055889626344046,3.707714358965556,2.217421382665634,3.1262676119804382,3.1440431078275046,22.421562913214593
2025-08-02,Sangrur,5.7348166193280905,2.1018441787787845,3.1732697827475413,6.298272235052926,2.598038528646742,2.991951056889125,4.1893677200589865,13.128072781185171
2025-08-02,Sunam,5.061816922255924,1.5460147900240762,2.467624625989369,4.83031153678894,2.5488245402063643,3.025786484990801,3.906392352921622,16.22293074576028
2025-08-03,Dhuri,1.879155391996557,5.057467590678822,4.967496319250627,1.848176045851274,2.964311708103527,3.764005682685159,3.2017670327966865,7.408971434703141
2025-08-03,Lehra,1.113432094454765,2.346598595380783,2.289015494287014,1.0561506748199463,2.359696686267853,3.434514880180359,3.426831841468811,13.063060097175738
2025-08-03,Malerkotla,2.732720511300223,6.89389307158334,7.169557869434357,2.3561144130570546,3.6695929169654846,4.118818811007908,3.797721649919237,9.27588356306965
2025-08-03,Moonak,1.1299277345339458,2.592442731062571,2.6386317114035287,1.3200444529453914,2.5218421816825867,3.6268701950709024,3.847043097019196,20.389560057382866
2025-08-03,Sangrur,2.202057604278837,5.212784707546234,5.129322937556675,1.9900874665805277,3.439503103494644,4.399499876158578,4.189586554254804,12.446818760657646
2025-08-03,Sunam,1.6995526254177094,3.874790855816432,3.6620982502188,1.6507285024438585,3.112631802048002,4.045466840267181,4.143227645329067,14.319324647811515
2025-08-04,Dhuri,5.7186055400154805,3.974458932876587,0.393923438408158,1.080009338530627,2.1126190694895657,3.133852796121077,1.4378181533379988,24.663077389266466
2025-08-04,Lehra,4.452238589525223,2.412837639451027,0.2764181429520249,0.969905324280262,1.7013325691223145,2.7054803669452667,0.7127605136483908,25.10653831109679
2025-08-04,Malerkotla,6.777713230678013,4.826198935508728,0.4567848539778164,1.133039734193257,2.1299591064453125,3.0759002481188094,1.637614782367434,30.5466146350065
2025-08-04,Moonak,5.064911246299744,2.796310504277548,0.344814121723175,0.9815367211898168,1.932996501525243,2.928493837515513,0.7945018261671066,36.53096431375979
2025-08-04,Sangrur,6.092515366418021,3.904013318674905,0.3795260169676372,1.1986830596412932,2.276626727410725,3.5559321301324025,1.396110592143876,27.952147745904966
2025-08-04,Sunam,5.456200931753431,3.226760114942278,0.3431371301412582,1.123746354665075,2.159572184085846,3.211574145725795,1.0173701835530145,26.734398217245463
2025-08-05,Dhuri,6.012134877118197,0.1105216416445645,0.5400517677718942,1.1538141667842865,1.3767892935059287,1.6530690843408755,3.299202171238986,54.87181320931176
2025-08-05,Lehra,3.852710410952568,0.0,0.410336222499609,1.028369765728712,0.8850539736449718,1.4108637943863869,3.2979333698749542,48.031657346865266
2025-08-05,Malerkotla,6.578085456575666,0.2047643194507275,0.6485845616885594,1.2381759860685893,1.658949681690761,1.909259170293808,3.278569621699197,61.688454422497735
2025-08-05,Moonak,4.031688650449117,0.0014668867612878,0.5756595656275749,1.098974307378133,1.0474770963191986,1.614755928516388,3.273827195167541,56.936379364649596
2025-08-05,Sangrur,6.105757721832821,0.086223278327712,0.6086786123258727,1.2726177339042937,1.5066950108323778,1.592666894197464,3.444258315222604,54.84031493883642
2025-08-05,Sunam,5.270623454025814,0.0217103646469435,0.580986391220774,1.1661563685962133,1.1173950604030063,1.464901668684823,3.5046710882868086,48.33451555520733
2025-08-06,Dhuri,0.1607582266019149,0.3263191987167705,1.2981998161836104,1.7846114147793164,2.1992686119946567,2.4622594714164734,8.524036234075373,54.160777682263436
2025-08-06,Lehra,0.0055887703128973,0.299349463544786,1.281973384320736,1.1221183724701405,1.2006256841123104,1.2003039605915546,6.867159754037857,47.24409558814097
2025-08-06,Malerkotla,0.4030734383101974,0.4506540234599794,1.5356255301407404,2.079664596489497,2.7258235812187195,3.082711262362344,8.893348097801208,61.22392531166941
2025-08-06,Moonak,0.0028737259951109,0.4707946230967839,1.4246839086214702,1.3200153956810634,1.73309392730395,1.473203996817271,7.542288939158122,55.47066514446957
2025-08-06,Sangrur,0.1202047978295013,0.3581946375114577,1.329732528754643,1.932463833263942,2.118337380034583,2.194339407341821,9.094389149120875,53.466371458643145
2025-08-06,Sunam,0.03212294599507,0.3688165572072778,1.3997545689344406,1.6431818647044043,1.7797879534108298,1.6723961872713906,8.503008229391915,47.369684039833245
2025-08-07,Dhuri,0.1422592894258824,0.3181780475107106,1.1491902010007338,1.061772714961659,0.7795770791443911,2.317039056257768,7.075082215395841,66.67155874711746
2025-08-07,Lehra,0.0328939878381788,0.3619364937767386,0.6779972538352013,0.8379601500928402,0.3361485488712787,2.282462164759636,7.285425186157227,56.77135128694583
2025-08-07,Malerkotla,0.2719721562628235,0.4521513112953731,1.664671037878309,1.2883433273860387,0.9341446310281754,2.588776690619333,7.6980535473142355,74.57502606603141
2025-08-07,Moonak,0.0856081716095407,0.5897780482967695,0.7719806184371313,1.0317484438419342,0.4351703003048897,2.604578773180644,9.48157246907552,64.22427114592631
2025-08-07,Sangrur,0.1676704879251442,0.4972326127546174,1.2889637180737086,1.1996174624988012,0.8279104339224952,2.7674830555915837,8.297244361468724,64.46651951456522
2025-08-07,Sunam,0.1102348851771759,0.4690678763602461,0.996260132108416,1.0791267624923162,0.5969016775488853,2.735043112720762,8.844950675964355,56.20598742660862
2025-08-08,Dhuri,0.5288233039054003,0.5561554282903671,0.3256503993814642,0.2612769312479279,1.8081780672073364,7.178065408359874,6.594412153417414,67.29642157410834
2025-08-08,Lehra,0.3717307969927788,0.3256953777745366,0.3636829629540443,0.2898599617183208,1.8808720633387568,7.595123648643494,6.938140392303467,57.70267156053865
2025-08-08,Malerkotla,0.6576732077768871,0.8698998945099967,0.4276884134326662,0.3662924378045967,1.989390858582088,7.254372102873666,7.080235583441598,74.73290790127193
2025-08-08,Moonak,0.4572296316425006,0.4131046707431475,0.4076862285534541,0.2802136726677418,2.096879243850708,8.12211271127065,7.394773920377095,65.20767974136513
2025-08-08,Sangrur,0.5866331521953855,0.6925020478665829,0.4374267395053591,0.279125409999064,1.9732695477349416,8.123697110584803,7.409154295921326,65.05388903330963
2025-08-08,Sunam,0.5501102390033858,0.5296046121844223,0.4392700035657201,0.3044896359954561,2.0641871009554182,8.49998676776886,7.593795333589826,57.088694086364924
2025-08-09,Dhuri,0.0251348514787175,0.0139882579361173,0.1636247516355731,0.78283306685361,1.5075844499197872,2.3708546974442224,4.840047576210716,68.9827643704242
2025-08-09,Lehra,0.0256493303459137,0.0195119245909154,0.0797535484889522,0.3355128746479749,2.364216923713684,2.4813104271888733,3.852774143218994,51.882722815374144
2025-08-09,Malerkotla,0.0688307397732777,0.0497203916976494,0.2849094524447407,0.7946501544543675,1.512736337525504,2.514520189591817,5.27362242766789,76.43442039680448
2025-08-09,Moonak,0.0771299777552485,0.0242496205804248,0.11783200999101,0.3096809834241867,2.303327371676763,2.7398027976353965,3.6573641697565713,56.52942016319587
2025-08-09,Sangrur,0.0677429929242602,0.0197347771401317,0.1811636398945535,0.7486406756298882,2.131460905075073,3.064554240022386,5.012394675186703,65.65284431176664
2025-08-09,Sunam,0.0549315055167036,0.0198043963506019,0.1242011761558907,0.5126110176954951,2.3180474766663144,2.9528345252786363,4.284998663834164,53.86874842036616
2025-08-10,Dhuri,0.056542389518158,0.0614270482381636,0.5106408243829553,2.4969597946513784,5.4337310357527295,5.444646661931818,6.027456933801824,69.73187192560593
2025-08-10,Lehra,0.0680708121508359,0.1975058922544121,0.4332595523446798,2.796283006668091,6.249881118535996,6.720992803573608,5.023722290992737,55.166614474130846
2025-08-10,Malerkotla,0.0646413623222283,0.0481094044101025,0.6011946137462344,2.651208051613399,5.567307795797076,5.434695431164333,6.427825961794172,76.9761915923673
2025-08-10,Moonak,0.0681964938218395,0.23005003357927,0.538971463839213,2.9648969769477844,5.464429934819539,6.575235406557719,4.163147568702698,61.68591755560854
2025-08-10,Sangrur,0.1088620727615697,0.1174531616270542,0.5676045417785645,3.086029146398817,6.363744991166251,5.997422507831028,5.815086024148124,66.66784635465145
2025-08-10,Sunam,0.1001342577593667,0.1739804593047925,0.5652016518371445,3.1159579839025224,6.55282051222665,6.619307705334255,5.5801775966371805,56.54387220957937
2025-08-11,Dhuri,0.3471855182539333,0.3235442557118155,2.2737779996611853,1.7722691297531128,6.9284516247836025,7.133568221872503,7.712908788160845,54.05739411537713
2025-08-11,Lehra,0.1606419561430812,0.2498588915914297,3.2463891059160237,1.8694665804505348,5.4773048758506775,5.830720454454422,6.762021005153656,44.43273562485898
2025-08-11,Malerkotla,0.5590491369366646,0.491255940071174,2.174070907490594,2.075423095907484,7.573744637625558,7.694855894361224,8.089802810123988,59.22298129389862
2025-08-11,Moonak,0.2376568553348382,0.3188770289222399,3.2225343585014343,1.8054276804129283,5.431493878364563,5.0255974133809405,6.294639627138774,46.76718543940027
2025-08-11,Sangrur,0.2545425854623317,0.273250010396753,2.9455247861998424,2.041630753449031,6.723476035254342,6.825400982584272,7.290179337774004,52.1160491730083
2025-08-11,Sunam,0.1810828375497034,0.2281333804130554,3.2717010378837585,2.005841846976961,6.3352131843566895,6.452412843704224,7.060441051210676,44.66548333986129
2025-08-12,Dhuri,0.1906586167487231,1.798171346837824,5.82504619251598,5.8959041075273,7.7874511588703506,9.612821969118984,7.259150830182162,23.393304369971418
2025-08-12,Lehra,0.0725269406102597,2.9724845588207245,4.871990263462067,6.867425203323364,7.867463916540146,11.96201765537262,9.23317277431488,21.64651314596832
2025-08-12,Malerkotla,0.236371138798339,2.002376075301852,6.0218125241143365,6.301212685448783,8.23492009299142,9.357539006641932,6.938546913010733,27.70148429542425
2025-08-12,Moonak,0.0723553740729888,3.408538937568665,4.473285555839539,7.411204854647319,8.018565138181051,12.589928150177002,9.498852650324505,25.54414308218225
2025-08-12,Sangrur,0.1423920483461448,2.620151596409934,6.266723104885647,6.794747488839286,8.638559954507011,11.698548078536987,8.647362283297948,24.014070187504988
2025-08-12,Sunam,0.114963770444904,2.9364968793732777,5.6404224293572565,6.922568338257926,8.288689051355634,12.478889465332031,9.140729631696429,22.33696412018094
2025-08-13,Dhuri,4.864790547977794,6.4638343074105,5.818610191345215,7.384419657967308,10.43405259739269,7.667286200956865,6.578477230938998,27.359758767498796
2025-08-13,Lehra,4.122545391321182,6.589449495077133,5.01556733250618,6.796968311071396,11.079900324344637,9.12375146150589,5.969378709793091,27.656025054151904
2025-08-13,Malerkotla,5.390083857945034,6.270558527537754,6.07672643661499,7.584045972142901,10.755388396126884,7.708697898047311,6.608507565089634,31.305950671993198
2025-08-13,Moonak,4.146657625834147,6.156952142715454,4.637595494588216,6.680303970972697,11.33704129854838,8.923059105873108,5.672004183133443,34.67972015311733
2025-08-13,Sangrur,5.479367767061506,6.892736434936523,6.590253046580723,8.056768349238805,11.336200748171125,9.029138377734592,7.109398433140346,29.007520035956034
2025-08-13,Sunam,4.981004655361176,6.735108120100839,5.832171303885324,7.757635797773089,11.596779482705251,9.408018861498151,6.797009195600237,28.458424538322475
2025-08-14,Dhuri,8.9979323907332,6.847802205519243,7.519545901905406,11.041124387220902,7.864029364152388,8.198918342590332,5.101726922121915,15.294075574247229
2025-08-14,Lehra,8.613586366176605,5.520384848117828,7.125103712081909,10.422456204891205,6.826127737760544,6.808038502931595,6.026047557592392,19.25703751373253
2025-08-14,Malerkotla,8.789519769804818,7.265426806041172,7.385182091167995,10.890018837792534,8.035862360681806,8.574058396475655,5.230665309088571,18.445664536740097
2025-08-14,Moonak,7.950064977010091,4.771432240804036,6.76418952147166,8.662434776624044,6.008514165878296,5.739272753397624,5.91677987575531,27.248695983625087
2025-08-14,Sangrur,9.50652119091579,6.931221570287432,8.459726674216133,11.783911739076888,8.023628626550947,8.228884220123291,5.754039883613586,18.7381968495865
2025-08-14,Sunam,8.83796375138419,5.963869793074472,7.805607438087463,11.0175849710192,7.217347690037319,7.019457067762103,5.6789341654096335,20.849691695895853
2025-08-15,Dhuri,9.110838261517612,9.323981003327804,13.499793789603494,12.039577224037863,6.615329070524736,4.099074363708496,5.716500173915517,14.724333081498271
2025-08-15,Lehra,7.860521554946899,10.04085010290146,14.561798453330994,13.868587136268616,8.795898795127869,5.216654658317566,5.195159375667572,18.75902832505398
2025-08-15,Malerkotla,9.21638057913099,8.791589140892029,12.074016094207764,10.61791706085205,5.635527116911752,3.545815851007189,5.600673079490662,18.36357691666732
2025-08-15,Moonak,8.314766446749369,9.742647012074787,14.164484898249308,13.671491861343384,8.995670000712076,5.288684407869975,5.131633321444194,26.547583819453667
2025-08-15,Sangrur,10.597746559551783,11.36520835331508,15.78660900252206,13.760377407073976,8.145378811018807,4.712454812867301,6.329043899263654,18.200189399191196
2025-08-15,Sunam,9.053527593612673,10.32839492389134,14.712775196347918,12.924440043313163,8.197104181562151,4.673294748578753,5.6243550436837335,20.487597994315323
2025-08-16,Dhuri,14.836364616047252,9.527341279116545,9.361101280559192,8.205977049740879,5.443919853730635,8.565975102511318,9.68985804644498,25.00683161643677
2025-08-16,Lehra,15.087193548679352,9.860532820224762,8.989733159542084,8.78463751077652,6.012140303850174,6.370551139116287,11.117490768432615,29.121592895401257
2025-08-16,Malerkotla,14.285483155931743,8.895927940096174,8.84840374333518,7.299043723515102,4.989404371806553,8.578443050384521,8.942389913967677,31.764941081644167
2025-08-16,Moonak,15.46242610613505,8.866312185923258,8.794481873512268,7.76748005549113,6.203444163004558,6.371047337849935,10.869858582814537,32.27186109263485
2025-08-16,Sangrur,16.866578306470597,10.244439397539413,9.904732942581177,9.313377363341194,5.837916050638471,8.23215367112841,11.022268976484026,28.20094457359824
2025-08-16,Sunam,16.78382737295968,10.197859287261965,9.578485693250384,9.52812545640128,6.01082900592259,7.190823861530849,11.317996161324638,30.767255056509384
2025-08-17,Dhuri,9.055796493183482,10.6174165985801,7.7131594961339776,6.60131421956149,8.114799867976796,14.368686069141734,13.792874466289174,40.49899104919302
2025-08-17,Lehra,7.776648789644241,8.983883023262024,8.104034513235092,8.740931540727615,8.631617069244385,12.243785202503204,14.525839626789091,35.127694140382275
2025-08-17,Malerkotla,8.523602877344404,9.05115979058402,6.5972588913781305,5.130868077278137,6.503339937755039,13.658971854618615,12.382899148123604,53.66027912246507
2025-08-17,Moonak,7.556432882944743,8.852838516235352,7.737367828687032,9.55772868792216,9.30231753985087,12.980041027069092,15.235116243362429,37.27080642592689
2025-08-17,Sangrur,7.715839862823486,10.478898661477226,7.889923964227949,6.977832692010062,9.420813509396144,13.971190146037513,14.461638041904994,40.899288539281976
2025-08-17,Sunam,7.814846430506025,9.72790663582938,8.229257396289281,7.370136073657444,9.323268856321064,13.0250141620636,14.467440128326416,39.031941725190336
2025-08-18,Dhuri,7.750272208994085,5.501057061282071,6.527449282732877,7.652540770444003,12.039497462185947,14.059344465082342,13.351630687713625,90.46650791599751
2025-08-18,Lehra,4.988786488771439,6.125033289194107,4.529015868902206,6.174346208572388,11.203394174575806,18.84441512823105,11.619002521038055,72.10566452437756
2025-08-18,Malerkotla,8.137934071677071,5.605620222432273,7.26730866091592,8.536808609962463,13.019490991319929,13.73950695991516,14.970242738723757,97.53183123895988
2025-08-18,Moonak,4.444783608118693,5.983258803685506,4.469518721103668,6.6521949370702105,11.860624392827352,20.069745540618896,12.036383708318075,65.73774142358144
2025-08-18,Sangrur,6.681853720120022,6.652813213212149,6.260266372135708,7.802880014692034,12.07190077645438,16.288290875298635,12.938178300857544,89.25862695615004
2025-08-18,Sunam,5.355090056146894,6.326568348067148,5.118598605905261,6.535893644605364,11.08523576600211,17.14636962754386,11.467705590384346,83.41902717532622
2025-08-19,Dhuri,6.615543387152932,4.717389236796986,9.49312197078358,23.37068566409024,22.50168861042369,15.381121808832342,9.637762503190476,131.11435513621305
2025-08-19,Lehra,3.762620806694031,1.9105988591909409,8.02125158905983,21.40429425239563,23.207860112190247,15.355679154396055,12.254104852676392,117.8167441738507
2025-08-19,Malerkotla,6.968920571463449,5.523621712412153,10.127932344164169,23.689582007271905,22.149996961866105,14.85012217930385,8.816518579210554,131.12163998747155
2025-08-19,Moonak,3.2071367502212524,1.7443491121133168,8.215861042340597,20.686185995737716,24.151127815246586,16.120716253916424,13.004369417826334,98.07816795676132
2025-08-19,Sangrur,6.474982993943351,3.648480866636549,9.06310852936336,23.29335049220494,22.95291778019496,15.955350467136928,10.431901693344116,130.79143674542934
2025-08-19,Sunam,4.8898990494864325,2.513514701809202,8.0766624382564,21.507600171225413,22.08118002755301,15.10707596370152,11.09980549131121,127.29287447495597
2025-08-20,Dhuri,1.396930212324316,4.091248588128523,15.814444585279984,24.04166889190674,24.92830129103227,15.280080318450928,8.279319069602273,138.13283907301994
2025-08-20,Lehra,2.0330899730324745,4.644334495067596,15.081213116645811,26.40221130847931,18.466423273086548,15.41927170753479,10.1039879322052,124.67166004493421
2025-08-20,Malerkotla,1.3785344404833657,4.155548972742898,16.190511431012833,24.84092882701329,26.449683257511683,15.396747316632952,7.852386883326939,136.9694817294677
2025-08-20,Moonak,2.279431859652201,4.892818848292033,15.196763356526692,26.89628569285075,16.439268430074055,15.63142474492391,10.328728596369425,100.6957869556577
2025-08-20,Sangrur,1.728639734642846,4.477765032223293,15.362577097756525,25.00185230800084,23.11083166939872,15.111501864024572,8.30294758932931,139.19951485052047
2025-08-20,Sunam,1.8529012075492317,4.383890143462589,14.994971990585327,24.135398387908936,19.970827920096266,14.51604894229344,8.861453533172607,135.19003969240876
2025-08-21,Dhuri,1.8988764394413344,8.256731163371693,20.378439383073285,20.57347479733554,22.743070775812324,21.763059269298207,13.340579813176936,141.5149085783355
2025-08-21,Lehra,1.7616542801260948,8.069961875677109,21.772393345832825,18.029964685440063,24.161004781723022,23.324700593948364,14.81446897983551,127.28458530581706
2025-08-21,Malerkotla,2.869970981563841,9.269085202898298,20.519211428506036,20.611507892608643,22.15140574319022,22.021521023341588,11.855640411376951,140.69864581304472
2025-08-21,Moonak,1.980505625406901,7.386869351069133,19.42759307225545,14.570688327153524,21.318516572316486,19.475953102111816,11.64656694730123,102.85949263599468
2025-08-21,Sangrur,1.804335083280291,8.1109413760049,20.74046966007777,21.46964624949864,23.620137078421457,22.124787398747035,14.01711903299604,142.95032087489875
2025-08-21,Sunam,1.7123567632266454,7.795212183679853,21.4005218233381,20.17148290361677,23.561360222952707,22.10866587502616,14.609119279044014,138.10863539611773
2025-08-22,Dhuri,6.480284495787188,19.81509616158225,26.08561793240634,21.601273276589133,13.365959514271127,9.528234091672031,9.92665993083607,175.69285158321702
2025-08-22,Lehra,5.459917277097702,27.60599100589752,25.07289206981659,24.143500328063965,18.736764192581177,15.895354866981506,14.33654373884201,160.41081694380878
2025-08-22,Malerkotla,7.0823259353637695,17.677080971854075,23.61556189400809,19.29217338562012,11.166764736175535,7.687192950929914,8.650963408606392,168.3851402079775
2025-08-22,Moonak,5.32612943649292,31.53849744796753,25.24003028869629,25.192455132802326,20.86042356491089,18.452026844024655,15.520161310831703,128.96947317747998
2025-08-22,Sangrur,6.123615963118417,22.595636435917445,27.88008267538888,23.433867863246373,15.362587792532784,11.732022626059395,11.301122426986694,177.26327426808547
2025-08-22,Sunam,4.95563006401062,22.895002024514334,24.978413036891396,22.17711312430245,15.706519876207624,12.276415245873588,11.849838495254517,175.68805832306643
2025-08-23,Dhuri,22.956865310668945,27.966023965315387,19.197129336270415,8.431015664880926,10.875033595345236,14.214099927382035,15.303097638216885,189.63107277640356
2025-08-23,Lehra,39.26085424423218,40.15994071960449,33.16797864437103,14.691496312618256,17.310637831687927,19.04225206375122,22.71992814540863,172.44063326981384
2025-08-23,Malerkotla,21.219315801348007,25.82521309171404,16.652656282697404,7.2032729387283325,10.345680645533973,13.828129972730364,14.92371780531747,184.73316430250804
2025-08-23,Moonak,39.51664924621582,37.45033995310465,33.70735867818197,15.28235419591268,19.080886681874592,18.749401092529297,22.943246682484943,135.6807975302851
2025-08-23,Sangrur,26.747387136731827,30.27633374077933,21.415074007851736,9.803064891270228,12.49659790311541,14.89737800189427,16.530461038861954,186.154002275457
2025-08-23,Sunam,32.528691496167866,34.48397663661412,26.532143184116908,12.002809149878363,14.523463147027153,16.582492317472184,18.69982133592878,188.0652415094836
2025-08-24,Dhuri,38.69681236960671,19.694202163002707,7.910632740367543,8.232674620368265,13.36372795971957,15.589648723602297,15.097063064575195,241.5592189596107
2025-08-24,Lehra,55.35350918769837,26.102433800697327,13.81958544254303,13.156636476516724,20.530757188797,18.31723415851593,15.71596646308899,244.45465328409693
2025-08-24,Malerkotla,32.46382325036185,16.069597584860666,6.137600217546735,7.0560679265431,11.74188848904201,14.910134179251534,13.495642253330775,230.424496707746
2025-08-24,Moonak,55.76822725931803,24.60789585113525,14.091565370559692,14.701717138290403,21.491373856862385,18.33123763402303,14.228457689285278,198.478006921897
2025-08-24,Sangrur,44.956217765808105,21.15579121453421,9.738138777869088,9.881784864834376,15.368153946740287,17.292284863335745,15.447377545492987,240.23476509631064
2025-08-24,Sunam,47.39139747619629,22.077075140816824,11.010701724461146,10.66253011567252,16.258888755525863,16.813221624919347,14.3953184400286,250.09446597149986
2025-08-25,Dhuri,20.31425632130016,7.535319718447599,7.863885402679443,7.355171333659779,17.604851159182463,14.53349442915483,11.926968401128596,199.80859170293908
2025-08-25,Lehra,27.68829905986786,10.464318573474884,13.184232354164124,9.675203025341034,20.827091932296756,15.581977188587189,12.382268011569977,219.58891863621852
2025-08-25,Malerkotla,17.765408515930176,6.797320229666574,6.894456284386771,7.263019357408796,17.750138895852224,15.76970396723066,12.669091701507568,196.6588133461419
2025-08-25,Moonak,25.840114911397297,10.947761058807371,13.145979166030884,9.689372062683104,20.333303610483807,15.583391507466636,12.469373146692911,180.3675092838348
2025-08-25,Sangrur,23.38099534170968,8.93869846207755,10.089570011411396,8.54411802973066,19.109227793557302,15.65877948488508,13.057356357574465,203.37993486991118
2025-08-25,Sunam,25.37145505632673,9.33312293461391,11.423182759966169,8.827601552009583,19.35007653917585,15.12412418637957,12.653632027762276,215.73564303578556
2025-08-26,Dhuri,12.492433547973633,9.20130840214816,16.110635020516135,19.99696506153453,18.777098742398348,18.52790945226496,11.889067909934305,171.74471422776654
2025-08-26,Lehra,15.770650267601011,13.855845272541046,20.9971444606781,31.12288200855255,27.268146276474,21.77514111995697,15.563823997974396,188.36951749003958
2025-08-26,Malerkotla,11.474226134163994,8.17050860609327,14.354272365570068,16.44765097754342,16.962740523474558,17.92556061063494,11.373208488736834,181.35640115489562
2025-08-26,Moonak,17.552319765090942,13.298434257507324,20.242957909901936,28.14932155609131,26.96791124343872,21.535951773325603,16.5001798470815,166.25813405144405
2025-08-26,Sangrur,12.648342950003489,10.78734040260315,17.566258430480957,21.903578894478933,20.995742048536027,18.954328639166697,12.30753571646554,177.41848794145733
2025-08-26,Sunam,13.59311202594212,11.742615563528878,18.680090836116246,24.931190626961843,22.76483644757952,19.49978882925851,12.81450492995126,184.441423801022
2025-08-27,Dhuri,12.071080294522371,14.55653749812733,13.031968160109086,17.369573853232644,6.447942386973988,3.625922528180209,1.8956170894882896,160.60215937663293
2025-08-27,Lehra,11.10816776752472,19.87610650062561,18.16065347194672,18.79208773374557,8.45677188038826,3.803599417209625,2.752505749464035,176.73363140970667
2025-08-27,Malerkotla,12.357699189867292,13.264322314943586,12.624473673956734,17.73521866117205,6.790402821132115,4.085217595100403,1.7485547746930803,170.85261787997027
2025-08-27,Moonak,13.122207403182983,24.33957656224569,22.22944037119548,21.202641010284424,9.742114305496216,4.129781683286031,3.020748972892761,155.71190612153578
2025-08-27,Sangrur,13.248182603291102,17.485825300216675,14.289149693080358,18.138315268925258,7.755406430789402,3.601041240351541,2.5226082929543088,164.52707208246593
2025-08-27,Sunam,12.769901514053345,19.50220142092024,16.223940338407242,18.445715188980103,8.13238685471671,3.52382230758667,2.6859439739159177,171.29258672099786
2025-08-28,Dhuri,17.62300122867931,16.94116041877053,19.334736477244984,12.263270204717465,4.198362350463867,1.6869334145025774,0.6649446541612799,159.6647543241172
2025-08-28,Lehra,20.064061522483826,17.712208688259125,22.88959753513336,14.821663081645966,4.796226739883423,1.5058519318699837,1.2995168752968311,177.11190566466178
2025-08-28,Malerkotla,17.155847992215836,16.170499290738785,18.71808671951294,12.125675780432564,3.885164218289512,1.5660084528582436,0.6515659540891647,170.26663543350907
2025-08-28,Moonak,19.51638873418172,17.05395007133484,22.50742737452189,14.60653034845988,4.561348875363668,1.3168359696865082,1.5505461792151134,155.32361817720636
2025-08-28,Sangrur,18.822813170296804,17.17046798978533,20.31125702176775,12.818301950182232,4.319987518446786,1.6944244759423392,0.9193904336009708,163.03212981320522
2025-08-28,Sunam,18.91702781404768,17.13287309237889,21.07183074951172,13.102903808866229,4.399419648306711,1.5711996342454635,1.148101046681404,170.16038571671297
2025-08-29,Dhuri,29.30650624361905,29.762560324235395,18.460518620230932,5.620154532519254,1.0942993272434582,0.7289787530899048,1.588855120268735,124.8622871971215
2025-08-29,Lehra,33.56784236431122,32.577550172805786,23.1852844953537,6.514050990343094,1.04593725502491,0.5535780619829893,2.297252118587494,145.80860676121523
2025-08-29,Malerkotla,25.616420200892858,26.506665229797363,16.882991824831283,5.540205121040344,1.0711725992815837,0.8155915864876339,1.6749187750475747,141.54740144917577
2025-08-29,Moonak,31.53065649668376,31.415404001871742,21.989516417185467,6.252330422401428,0.8087824483712515,0.5374949226776758,2.7946282625198364,132.87741323205782
2025-08-29,Sangrur,29.54883486883981,30.49667038236345,19.988479954855784,5.871516159602574,0.9415723702737264,0.7809847657169614,1.9165001170975824,128.2257059099686
2025-08-29,Sunam,30.07901409694127,30.442001547132215,20.951225212642125,5.964088865688869,0.899516435606139,0.6913268959947995,2.1559473276138306,132.67882999891827
2025-08-30,Dhuri,26.128139755942605,19.11988310380416,2.020405184138905,1.1760795956308192,1.9334188266233965,0.992705840956081,1.939740294759924,126.74596910205888
2025-08-30,Lehra,27.678731441497803,22.390910983085632,2.8906423449516296,0.9729124642908572,1.8825538158416748,1.6398871466517448,1.955933541059494,143.53130641069714
2025-08-30,Malerkotla,22.09400803702218,16.45693932260786,1.861236091170992,1.3906834636415757,1.8318470290728976,0.8434148047651563,1.8848413569586615,133.1156801011796
2025-08-30,Moonak,24.26275857289632,21.677891731262207,3.5488566557566323,1.1292249759038289,2.044857184092204,1.2841240564982097,2.3262401123841605,136.51926064169044
2025-08-30,Sangrur,28.04437712260655,20.752560343061173,2.445504222597395,1.0534780770540235,2.202281883784703,1.40052992105484,2.365174957684108,122.64614789191981
2025-08-30,Sunam,27.88849149431501,21.990848200661794,2.774059236049652,1.0413034856319427,2.117337648357664,1.6008665604250771,2.2649582028388977,123.14070928670488
2025-08-31,Dhuri,20.3152568990534,5.325007850473577,4.84560658714988,2.0337336009198967,1.538394413211129,2.457611549984325,5.4575043374841865,67.13166614773196
2025-08-31,Lehra,23.26300835609436,5.333514511585236,5.531475633382797,2.724232137203217,2.2006952092051506,3.3147777318954468,7.482136607170105,70.2969856193845
2025-08-31,Malerkotla,20.690797805786133,5.336542844772339,4.552088601248605,1.5881795500005995,1.2767854120050155,2.371871543782098,4.75479929787772,76.48823037468883
2025-08-31,Moonak,22.560415267944336,5.041626811027527,5.462321639060974,2.5242920915285745,2.1986161867777505,3.5800753037134805,7.774099787076314,71.30529714193378
2025-08-31,Sangrur,22.40049491609846,5.555190529142108,5.512670142310006,2.7023152155535564,1.989914745092392,2.759611572538103,6.592386960983276,57.58843324264515
2025-08-31,Sunam,21.865398475102012,5.490735036986215,5.661142340728214,2.751261302403041,2.21452671289444,3.160035022667476,7.071405376706805,54.58409037520104
2025-09-01,Dhuri,9.431511727246372,11.3304030678489,8.510805780237371,13.24701434915716,9.41325348073786,10.342416893352162,8.890745488080112,65.81833429915048
2025-09-01,Lehra,8.752484738826752,12.181824564933777,9.609353721141815,14.941897332668304,9.441689193248749,7.960324347019196,8.315384149551392,63.681594698860735
2025-09-01,Malerkotla,10.01246176447187,10.48255283491952,8.258726392473493,11.56123399734497,7.814782329968044,11.013523919241768,8.145302755492073,76.3741666266811
2025-09-01,Moonak,9.437952438990274,13.299814144770304,10.560107707977297,15.322540044784546,9.830017328262327,8.667046229044596,8.336546699206034,65.40438120051891
2025-09-01,Sangrur,9.647549135344368,11.73928461756025,8.817034704344612,13.467040164130074,9.07081151008606,8.896400162151881,8.206149544034686,46.861454819898626
2025-09-01,Sunam,8.8071277652468,11.471566983631678,8.83076422555106,13.510568516595024,8.955091169902257,7.97642639705113,7.84925263268607,45.607432492565344
2025-09-02,Dhuri,8.016813776709817,6.91428262537176,10.02109128778631,14.892555020072244,12.063374042510986,8.241708126935093,8.450660293752497,53.26453001839114
2025-09-02,Lehra,9.045667946338654,6.981576144695282,12.191259622573853,14.223468840122225,8.856303989887238,9.888628959655762,5.418680846691132,47.90736957748923
2025-09-02,Malerkotla,6.878628884043012,6.183949777058193,8.990760122026716,13.67421041216169,11.868321929659162,7.938873308045523,8.450049042701721,59.134733678722604
2025-09-02,Moonak,8.832191189130148,6.461882591247559,12.39861265818278,13.068397124608358,8.459136843681335,9.47208285331726,5.111114780108134,45.79722388731161
2025-09-02,Sangrur,7.72403998034341,6.092899560928345,9.960563795907158,13.596056597573416,10.089226143700737,8.180802753993444,7.006865535463605,29.81405496472645
2025-09-02,Sunam,8.30870965548924,6.195019551685879,10.852992500577654,13.444958346230644,9.229007516588483,8.95022485937391,6.011953098433359,30.96593683129849
2025-09-03,Dhuri,0.7811473391272805,3.7305002212524414,8.174901550466364,10.890159997073086,5.94962856986306,6.469260345805775,5.163850459185514,53.28601071733242
2025-09-03,Lehra,1.5301558524370191,4.37204147875309,12.881349682807922,13.715412259101868,5.103638589382172,5.520295262336731,4.138402536511421,46.628440922960195
2025-09-03,Malerkotla,0.6973013217960086,3.243314036301204,6.821758168084281,9.599560192653112,6.147095203399658,6.472889099802289,5.205582414354597,59.592543233388355
2025-09-03,Moonak,1.60233939687411,3.9833423693974814,12.303711891174316,13.604893843332926,4.439826806386312,4.79490343729655,3.848442018032074,44.4641313125921
2025-09-03,Sangrur,1.085087077958243,4.393882657800402,10.298543351037162,11.440202610833303,5.904829144477844,6.957736236708505,5.612352796963283,28.95917976883626
2025-09-03,Sunam,1.2967973138604845,4.438227466174534,11.441498552049907,12.636990002223424,5.160557934216091,6.162083932331631,4.914559142930167,29.96378278957045
2025-09-04,Dhuri,0.7357188639315692,6.523553241382945,8.530916560779918,8.20377779006958,4.825405987826261,2.3398151614449243,2.278275489807129,50.40084990956535
2025-09-04,Lehra,2.4173869267106056,8.530374556779861,8.803555727005005,8.574851989746094,5.985304355621338,2.946671843528748,1.6194849535822868,42.57292182198815
2025-09-04,Malerkotla,0.5811090958969933,5.948873383658273,9.043988108634949,7.949346593448094,5.283006037984576,2.6649195040975298,2.540807775088719,55.806596871108994
2025-09-04,Moonak,2.2607168654600778,9.10504404703776,8.5344318151474,6.95218292872111,6.07355014483134,3.2577169934908548,1.479351778825124,41.389331665060396
2025-09-04,Sangrur,1.1323947374309813,7.651339037077768,8.929411700793676,8.833121044295174,5.486471431595938,2.4822396636009216,2.300265486751284,25.98542228032786
2025-09-04,Sunam,1.6298004261084966,8.07706902708326,8.82012665271759,8.925151603562492,5.765612993921552,2.6971564292907715,1.996278251920428,26.96762021692571
2025-09-05,Dhuri,4.736970576373014,14.316430915485729,11.563254009593615,12.403909249739211,6.792158820412376,5.373010136864402,5.72758598761125,51.62898292405031
2025-09-05,Lehra,6.362804591655731,17.536007583141327,10.143852293491364,10.6187544465065,7.721073836088179,3.688215240836144,4.584864377975464,41.88563667188529
2025-09-05,Malerkotla,3.909140425068992,10.682931014469691,11.005306141717094,11.082176889692034,5.874982850892203,5.269487125532968,5.662786637033735,56.425986086755685
2025-09-05,Moonak,6.37731413046519,14.874009052912394,8.091695864995321,9.211560567220053,6.464383006095886,3.043271799882253,4.413109699885051,38.39168938912248
2025-09-05,Sangrur,4.998914122581482,15.601775986807686,10.810848951339722,12.298295327595302,6.985615015029907,4.98749440056937,5.796857237815857,26.579975027259025
2025-09-05,Sunam,5.422272648130145,16.516481365476334,10.57316211291722,11.141351222991943,7.143953902380807,4.303599621568408,5.447958622659956,27.200117219846746
2025-09-06,Dhuri,12.064332441850144,11.125641172582451,5.968051216819069,3.5717309604991567,5.14463572068648,3.265223264694214,2.387764345515858,25.38779711699903
2025-09-06,Lehra,16.86639106273651,9.37331548333168,4.267108529806137,4.184590697288513,2.931184895336628,2.1201222091913223,1.4967478215694427,22.335827934903676
2025-09-06,Malerkotla,10.570678847176689,10.594509703772408,7.04109411580222,3.214949403490339,4.913657920701163,3.446938897882189,2.449837510074888,33.917916110371955
2025-09-06,Moonak,15.85360058148702,7.614659786224365,3.509762465953827,3.471764326095581,2.4143108129501343,2.0547620554765067,1.2594546129306157,21.58736690916943
2025-09-06,Sangrur,12.187344108309064,10.45998283794948,5.261874846049717,3.822003994669233,4.693525765623365,3.2418844274112155,2.1456488243171146,12.790241133375622
2025-09-06,Sunam,13.802831479481288,10.085277693612236,4.417673417500088,4.063361389296396,3.778898937361581,2.7319785271372115,1.7106163714613234,13.713446594260006
2025-09-07,Dhuri,18.360205780376088,5.258439974351362,1.899708303538236,1.4745035334066912,2.477519295432351,0.7244121865792708,1.4048228426413103,15.421464947988694
2025-09-07,Lehra,10.12170261144638,4.932918146252632,3.5627564936876297,0.6836824137717485,1.640233963727951,0.8095481693744659,1.4256932735443115,13.604972077505083
2025-09-07,Malerkotla,18.01763698032924,5.04554888180324,1.9065256587096624,1.4843556838376182,2.4117618075438907,0.8438543240938868,1.688010709626334,20.761304264552226
2025-09-07,Moonak,6.035894294579824,3.1568831404050197,2.466831753651301,0.4478267195324103,1.1293612619241078,0.5948749606808027,1.389186292886734,12.887635275268163
2025-09-07,Sangrur,16.886205434799194,5.55861382825034,2.0513067415782382,1.2451768794230051,2.4816502034664154,0.735729669885976,1.515465212719781,8.303644431085926
2025-09-07,Sunam,14.57591015951974,5.925105316298349,2.655067597116743,1.0259343406983783,2.2479533893721446,0.8003609159163066,1.560298683387893,8.078027290694582
2025-09-08,Dhuri,3.936792091889815,1.7710502743721008,0.6300637505271218,1.4295055649497292,1.7252378463745115,1.2311732443896206,0.6929604167288,6.664552182940494
2025-09-08,Lehra,1.2422308959066868,1.147120326757431,0.263992615044117,1.1267334930598736,0.7853471171110868,0.1977659498807042,0.310301223769784,4.625853452198179
2025-09-08,Malerkotla,5.321610825402396,1.6563390578542436,0.6436803213187626,1.4367668884141105,1.7400017295564925,1.6930301785469055,0.9490350293261663,7.4557370485749
2025-09-08,Moonak,0.915326421459516,0.7155288284023603,0.1529600617165366,0.6615759655833244,0.5025541807214419,0.1693725545580188,0.1719343954076369,3.021891564784438
2025-09-08,Sangrur,3.269670341696058,1.5346303880214691,0.5598981518830571,1.255357882806233,1.7512930887086051,0.8925475009850093,0.5881760854806218,4.43116617738145
2025-09-08,Sunam,1.890399660382952,1.3271813350064414,0.4204394082937921,1.0898690010820116,1.1609175886426653,0.4783108346164226,0.3779608479567936,3.4012677587421343
2025-09-09,Dhuri,2.1260022900321265,1.1720375879244371,2.50233087756417,0.7353362752632662,1.3543905453248457,0.567011299458417,1.638807237148285,5.764100176284445
2025-09-09,Lehra,0.4781738854944706,0.1935847466811537,1.189185630530119,0.3416288467124104,1.503453142940998,0.7401344645768404,1.2075984813272953,4.2205086958618
2025-09-09,Malerkotla,3.296652546950749,1.558407098054886,2.7582476820264543,1.0945401042699814,1.6380394782338823,0.786067892398153,2.163730727774756,5.798661974947234
2025-09-09,Moonak,0.2695938597122828,0.1770607763901353,0.7089929282665253,0.2358682102834185,1.1056641538937886,0.7688822001218796,1.1170381406943004,2.6168817095817967
2025-09-09,Sangrur,1.471258384840829,0.7967199949281556,2.3034229619162425,0.7785012259015015,1.4297708230359214,0.7368018733603614,1.8718400597572329,4.070990971446472
2025-09-09,Sunam,0.8209585057837623,0.4614264730896268,1.6502884754112788,0.6277904164578233,1.3077480111803328,0.7572927655918258,1.5648254305124285,3.128433729310073
2025-09-10,Dhuri,0.1733899905600331,1.2023393620144238,0.2976315170526504,0.2384073778309605,0.5181090493093837,2.4257812174883755,4.7171832431446425,5.897728902315324
2025-09-10,Lehra,0.0209568648133426,0.47865105047822,0.0,0.0,0.0538726549129933,0.8065492697060108,3.616029813885689,4.766408031423926
2025-09-10,Malerkotla,0.2106837159288781,1.307400873729161,0.468640213566167,0.4514224068926913,0.6804378511650222,2.675753959587642,4.5671815276145935,4.977644873486965
2025-09-10,Moonak,0.0157188424685349,0.2695094496011734,0.0003589190697918,0.0007178381395836,0.0970011595636606,0.4017501920461654,2.7778605620066323,2.9528286071666314
2025-09-10,Sangrur,0.1307778688413756,0.8611904297556195,0.1913459364856992,0.2229754754475184,0.4219522050448826,1.806729521070208,3.886899547917502,4.703880354124314
2025-09-10,Sunam,0.0760819210803934,0.6446918972900936,0.047058350340064,0.0486058452432709,0.1873567576653191,1.1166287000690187,3.342181086540222,3.8333433329707605
2025-09-11,Dhuri,2.096660993315957,0.6450221552090212,0.1992121521722186,0.180671372196891,2.702167283404957,3.824867671186274,1.9723484136841516,7.348227537910436
2025-09-11,Lehra,1.6259125545620918,0.0736463676439598,0.0,0.0864997189491987,2.5122284293174744,3.782433122396469,1.9469857662916183,7.729370582189695
2025-09-11,Malerkotla,1.931139409542084,0.9208986163139344,0.290885911190084,0.2945997664438827,2.6133540187563216,3.623464678015028,2.01118398138455,5.910088523074852
2025-09-11,Moonak,1.0726846506198249,0.0669404867415626,0.0006948995093504,0.056419051097085,1.9304418961207075,3.969638566176097,1.889803409576416,4.823401690356914
2025-09-11,Sangrur,1.771616871867861,0.5425170888858182,0.2155523467808962,0.1511422850723777,2.8562878370285034,3.90107638495309,1.9393027807985035,6.4264254021521685
2025-09-11,Sunam,1.744100204535893,0.2899430998201881,0.0632886076346039,0.0440170554710286,2.5764490834304263,3.885805308818817,1.8089724055358345,5.8792103024209705
2025-09-12,Dhuri,1.256539144299247,0.1949274749918417,0.3493126800114458,2.20665090192448,3.4369844523343174,4.4286771254106005,5.3820180025967685,9.487994009838143
2025-09-12,Lehra,0.6555601041764021,0.0,0.0,0.9315872825682164,1.4007264077663422,3.79107877612114,3.84917651116848,7.633712927352629
2025-09-12,Malerkotla,1.4532022518771035,0.4786560466246946,0.652300660099302,3.3600829584257945,4.751139921801431,5.429847700255258,6.035399147442409,7.8642515231411725
2025-09-12,Moonak,0.4406997933983803,0.0003659150873621,0.0010977454173068,0.8292328044772148,1.3112002611160278,3.1737520496050515,3.147035777568817,4.887472859999985
2025-09-12,Sangrur,1.0113392514841897,0.0769009243563881,0.1885149734360831,1.7635179949658255,2.744314619473049,3.981666394642421,4.740861449922834,7.984315666451872
2025-09-12,Sunam,0.7717692128249577,0.0138297276238777,0.0446008112880268,1.2666800320148468,1.888068816491536,3.553283052785056,3.9658944691930498,6.5417636965404995
2025-09-13,Dhuri,0.1960594362833283,0.0183494987643577,1.907616371458227,3.197349266572432,2.145886079831557,1.53168738972057,0.3910149552605368,7.895222341402786
2025-09-13,Lehra,0.0243665686284657,0.0,0.6974078929051757,1.8032390363514423,1.543532345443964,1.255201943218708,0.4498881716281175,6.00667133056441
2025-09-13,Malerkotla,0.2765976919659546,0.074149959521102,2.7591918536594937,3.525596252509526,1.9844939793859209,1.6050178919519698,0.2487937419542244,7.045118886314421
2025-09-13,Moonak,0.0124573415766159,0.0,0.6827801441152891,1.883774886528651,1.3800513048966725,1.2150062719980876,0.3029700902601083,4.118157372501718
2025-09-13,Sangrur,0.1722272560000419,0.013228806933122,1.7065713214022773,3.017739176750183,2.284923813172749,1.3631105891295845,0.4073109009436199,6.232510212139584
2025-09-13,Sunam,0.0759994486745979,0.0003577781109405,1.1682932674884796,2.291425402675356,1.8616142230374475,1.2039979823998042,0.4488887563347816,5.427040847003357
2025-09-14,Dhuri,0.0420724537900903,0.506404157389294,2.1853988116437737,1.927766827019778,0.8361804214390841,0.1405525558035482,0.0,10.895437619443431
2025-09-14,Lehra,0.0,0.0661169183440506,1.0981000773608685,1.0421268455684185,0.3999004438519478,0.0661169183440506,0.0,7.739939623730024
2025-09-14,Malerkotla,0.1781722919217177,0.8372811483485358,2.463069094078881,1.753760039806366,0.729787385889462,0.1882233300379344,0.001606536829578,10.763778705906034
2025-09-14,Moonak,0.0,0.1724884596963723,1.041235268115997,0.7329763074715933,0.14244353150328,0.1625644167264302,0.0,6.692439959565731
2025-09-14,Sangrur,0.0241911892912217,0.4263440151033656,1.913884624838829,1.4626950408731187,0.8161977912698474,0.1049646345366324,0.0,8.531728758907866
2025-09-14,Sunam,0.0006249356083571,0.1814857224401618,1.4198785402945109,1.0893667084830148,0.6250773487346513,0.1030025640502572,0.0,7.648852813072416
2025-09-15,Dhuri,0.2489084899425506,1.4522236341779882,1.1961724297566847,0.3601354428312995,0.0461833339015191,0.0385509814051064,0.1631631305949254,10.608515311974944
2025-09-15,Lehra,0.0544326070230454,0.9467325378209352,1.0803591571748257,0.2089634742587804,0.0,0.0,0.1258468481246382,8.35429497572498
2025-09-15,Malerkotla,0.449977165886334,1.743522937808718,1.3952984384128029,0.4465589416878564,0.0027319946592407,0.1031357973947056,0.2170056690062795,10.000089995363462
2025-09-15,Moonak,0.1071037637690703,0.8703687886397043,0.9106520563364028,0.1975154591103395,0.0,0.0019740162727733,0.0414677697699517,6.861485501150628
2025-09-15,Sangrur,0.2417895951574402,1.2710226667778832,1.1250331699848175,0.3243302607110568,0.050957996497995,0.0555309616029262,0.1723959344838346,8.940773149848582
2025-09-15,Sunam,0.1407930498410548,0.9884959438017435,1.008522025176457,0.2635627043034349,0.0162425869909514,0.0127936277338968,0.0957740686966904,8.028893022058647
2025-09-16,Dhuri,1.106710135936737,1.7420971447771243,0.2276458692821589,0.0465692346068945,0.1954251170497049,0.0,0.0,10.832882028140192
2025-09-16,Lehra,0.4581290120258927,1.181103426963091,0.2778454702347517,0.0,0.0,0.0,0.0,8.97042282867057
2025-09-16,Malerkotla,1.7532311912093843,1.7929290320192064,0.1918697335890361,0.0828460444297109,0.0936127291060984,0.0,0.0,9.656394129134492
2025-09-16,Moonak,0.4300203373034795,0.9068964024384816,0.2234047551949819,0.0030779025206963,0.0,0.0,0.0,7.0213831166078995
2025-09-16,Sangrur,1.1228768894714969,1.5019672576870238,0.2182217038103512,0.085648570874972,0.095207313674369,0.0,0.0,9.23551792004638
2025-09-16,Sunam,0.74737399071455,1.1991442888975143,0.2146310609366212,0.0195027677941003,0.032788572899465,0.0,0.0,8.37984790322579
2025-09-17,Dhuri,2.0581446669318457,0.6248529661785472,0.0,0.0,0.0,0.031562925401059,0.0,10.214701327588351
2025-09-17,Lehra,1.4072639867663383,0.5356008540838957,0.0,0.0,0.0,0.0,0.0,8.913180472856082
2025-09-17,Malerkotla,2.1366641904626573,0.6720339570726667,0.0,0.0,0.0,0.0574615481309592,0.0,8.684915118617935
2025-09-17,Moonak,1.2195166399081547,0.484182762602965,0.0,0.0,0.0,0.0025699008256196,0.0,6.688787971743978
2025-09-17,Sangrur,2.137654611042568,0.6593210697174072,0.0,0.0,0.0,0.0698909026437572,0.0,8.639129108535974
2025-09-17,Sunam,1.675142024244581,0.5350222236343792,0.0,0.0,0.0,0.015020332216019,0.0,7.900014371987443
2025-09-18,Dhuri,1.1152291270819576,0.0,0.0,0.0,0.0,0.0,0.0,9.055968325492698
2025-09-18,Lehra,0.3058346803300082,0.0,0.0,0.0,0.0,0.0,0.0,6.472987254664779
2025-09-18,Malerkotla,1.1639610465083805,0.0,0.0,0.0,0.0,0.0,0.0,7.540679829347035
2025-09-18,Moonak,0.2937193941324949,0.0,0.0,0.0,0.0,0.0,0.0,4.916679422494832
2025-09-18,Sangrur,0.9772326988833292,0.0,0.0,0.0,0.0,0.0,0.0,7.18363786312466
2025-09-18,Sunam,0.5490175613335201,0.0,0.0,0.0,0.0,0.0,0.0,6.1671607779954885
2025-09-19,Dhuri,0.013589268211614,0.0,0.0,0.0,0.0,0.0,0.0,5.591742012633317
2025-09-19,Lehra,0.0,0.0,0.0,0.0,0.0,0.0,0.0,4.675807820571517
2025-09-19,Malerkotla,0.0535894763389868,0.0,0.0,0.0,0.0,0.0,0.0,4.916244460989366
2025-09-19,Moonak,0.0,0.0,0.0,0.0,0.0,0.0,0.0024240359974404,3.5789725669830506
2025-09-19,Sangrur,0.0109605519101023,0.0,0.0,0.0,0.0,0.0,0.000213618323739,4.6889917164851
2025-09-19,Sunam,0.000264898774081,0.0,0.0,0.0,0.0,0.0,0.0010595950963241,4.274412853861807
2025-09-20,Dhuri,0.0,0.0,0.0,0.0,0.0,0.0,0.0,5.24192485556812
2025-09-20,Lehra,0.0,0.0,0.0,0.0,0.0,0.0,0.0,4.438806861823137
2025-09-20,Malerkotla,0.0,0.0,0.0,0.0,0.0,0.0,0.0,4.6338618391093656
2025-09-20,Moonak,0.0,0.0,0.0,0.0,0.0,0.0,0.0,3.377531724512545
2025-09-20,Sangrur,0.0,0.0,0.0,0.0,0.0,0.0,0.0,4.372103867082877
2025-09-20,Sunam,0.0,0.0,0.0,0.0,0.0,0.0,0.0,4.004636367142272
2025-09-21,Dhuri,0.0,0.0,0.0,0.0,0.0,0.0,0.0845586879348213,2.2665505501511944
2025-09-21,Lehra,0.0,0.0,0.0,0.0,0.0,0.0342635370325297,0.0,3.541890910347079
2025-09-21,Malerkotla,0.0,0.0,0.0,0.0,0.0,0.0001679804076307,0.1441158748098782,0.9230817041858762
2025-09-21,Moonak,0.0,0.0,0.0,0.0,0.0,0.0261416193097829,0.0,1.9750157725416633
2025-09-21,Sangrur,0.0,0.0,0.0,0.0,0.0,0.0175719412010429,0.0035361116086798,2.033908799085177
2025-09-21,Sunam,0.0,0.0,0.0,0.0,0.0,0.0640883058908262,0.0,2.1764753740535756
2025-09-22,Dhuri,0.0,0.0,0.0,0.0,0.0,0.0,0.3255860033360394,5.12922913414622
2025-09-22,Lehra,0.0,0.0,0.0,0.0,0.0,0.0,0.3669343441724777,6.93334537861394
2025-09-22,Malerkotla,0.0,0.0,0.0,0.0,0.0,0.014483401252489,0.356941037944385,2.8128021230466578
2025-09-22,Moonak,0.0,0.0,0.0,0.0,0.0,0.0004296894573296,0.3201224158207575,4.369259831840759
2025-09-22,Sangrur,0.0,0.0,0.0,0.0,0.0,0.0070924692388091,0.3051665393369538,4.519803837596928
2025-09-22,Sunam,0.0,0.0,0.0,0.0,0.0,0.0010808603838086,0.3259895965456962,5.260837160030083
2025-09-23,Dhuri,0.0,0.0,0.0,0.0,0.0,0.0,0.0,5.349291194445581
2025-09-23,Lehra,0.0,0.0,0.0,0.0,0.0,0.0,0.2064876721706241,6.976987760436974
2025-09-23,Malerkotla,0.0,0.0,0.0,0.0,0.0,0.0,0.0,3.6677859485348954
2025-09-23,Moonak,0.0,0.0,0.0,0.0,0.0,0.0,0.0698267078648011,5.158743393066881
2025-09-23,Sangrur,0.0,0.0,0.0,0.0,0.0,0.0,0.0174172763779227,5.419053289721873
2025-09-23,Sunam,0.0,0.0,0.0,0.0,0.0,0.0,0.0859917957069618,5.549164541973384
2025-09-24,Dhuri,0.0,0.0,0.0,0.0,0.0,0.0517299647908657,1.0204431414604187,5.015230170996224
2025-09-24,Lehra,0.0,0.0,0.0,0.0,0.0,0.0766931762918829,0.5705689787864685,7.151394203185172
2025-09-24,Malerkotla,0.0,0.0,0.0,0.0,0.0,0.0448699772823601,0.8667630617107663,3.7143236954524625
2025-09-24,Moonak,0.0,0.0,0.0,0.0,0.0,0.2081679242352644,0.3628692602117856,5.516418409149548
2025-09-24,Sangrur,0.0,0.0,0.0,0.0,0.0,0.1490926662726061,1.0959110813481467,5.333142793126607
2025-09-24,Sunam,0.0,0.0,0.0,0.0,0.0,0.1318837368328656,0.7217315754720143,5.636929784352695
2025-09-25,Dhuri,0.0,0.0,0.0,0.0,0.0,0.0,0.0,4.724837235780973
2025-09-25,Lehra,0.0,0.0,0.0,0.0,0.0,0.0,0.0,7.9296609164685155
2025-09-25,Malerkotla,0.0,0.0,0.0,0.0,0.0,0.0,0.0,3.814962377075738
2025-09-25,Moonak,0.0,0.0,0.0,0.0026076659560203,0.0,0.0,0.0,6.854059062068536
2025-09-25,Sangrur,0.0,0.0,0.0,0.0002342933356495,0.0,0.0,0.0,5.511092948943816
2025-09-25,Sunam,0.0,0.0,0.0,0.0010781756469181,0.0,0.0,0.0,5.866386704626939
2025-09-26,Dhuri,0.0,0.0,1.3086775554852053,0.0,0.0,0.0,0.0,4.9416457774063165
2025-09-26,Lehra,0.0,0.0,0.7635249625891447,0.0650323368608951,0.0,0.0,0.0,8.575424338508574
2025-09-26,Malerkotla,0.0,0.0,0.96006598004273,0.0008215320163539,0.0,0.0,0.0,3.9061043216428346
2025-09-26,Moonak,0.0,0.0,0.3469416995843251,0.4017693934341271,0.0,0.0,0.0088457111269235,7.218936097820707
2025-09-26,Sangrur,0.0,0.0,1.2981802927596229,0.0331151573253529,0.0,0.0,0.0,5.9704093056908665
2025-09-26,Sunam,0.0,0.0,1.287375556571143,0.012441069685987,0.0,0.0,0.0,6.348828742824278
2025-09-27,Dhuri,0.0,0.1698503138666803,0.0,0.0,0.0998150340535424,0.0450782940130342,0.7848921364003961,4.943442483865164
2025-09-27,Lehra,0.0,0.0,0.0,0.0,0.3878147266805172,0.1339616378536448,0.3092351108789444,8.576607221711237
2025-09-27,Malerkotla,0.0,0.0823246943099158,0.002494974594031,0.0,0.0108838682728154,0.0749306598279093,0.7809605939047677,3.9063496407404212
2025-09-27,Moonak,0.0,0.0027302773669362,0.0040954165160655,0.0027302773669362,0.416519063214461,0.2025227484603723,0.2518699380258719,7.218936097820707
2025-09-27,Sangrur,0.0,0.0905199778000158,0.0210775951189654,0.0,0.2340837027877569,0.1146294981507318,0.7191690738712039,5.973126265650975
2025-09-27,Sunam,0.0,0.0321938080180968,0.0033246308032955,0.0,0.3002621813544205,0.099363996115114,0.446138604411057,6.3505635100626066
2025-09-28,Dhuri,0.0122273063117807,0.0,0.1177391690964048,0.544580034234307,3.278172698887912,0.4534258327700875,2.8425421606410635,8.998342882420319
2025-09-28,Lehra,0.0052458434365689,0.0,0.0212814698752481,0.4988868609070778,3.6435816437006,0.81259492225945,4.578291520476341,16.397916740443673
2025-09-28,Malerkotla,0.0042675287861909,0.0,0.0914374008508665,0.5551301081265722,2.691527111189706,0.5534691395504134,2.5410706911768237,7.506745362667086
2025-09-28,Moonak,0.0,0.0003904696786776,0.0204581546907623,0.5872647364934286,2.7384069760640464,0.8758245607217153,4.575029889742534,12.54744905347206
2025-09-28,Sangrur,0.011106126143464,0.0001571200056267,0.1103309388605079,0.4304441969309534,3.1849937524114336,0.5209690470780645,3.0706637501716614,10.319303753588347
2025-09-28,Sunam,0.0069492980837821,0.0007277835559632,0.0679793570057622,0.3794082946010998,3.0576683282852173,0.5975137682897704,3.621478242533548,11.157490617538077
2025-09-29,Dhuri,0.0,0.09137165825814,0.6704149693250656,0.2909326072443615,0.0899033983322707,8.767012531107122,4.062864271077243,12.824195041752528
2025-09-29,Lehra,0.0,0.3157101478427648,0.7855150289833546,0.9551815055310726,0.1697732722386717,9.062887728214264,4.391414076089859,18.155061069590026
2025-09-29,Malerkotla,0.0,0.0550295076599078,0.3449862567441804,0.2456344062728541,0.1309472851987396,6.451196943010602,3.6320521320615495,12.07811505755
2025-09-29,Moonak,0.0,0.2232859618961811,0.723037431637446,1.0507737050453825,0.1549540186921755,7.364188194274902,3.9353312452634177,14.148145595133595
2025-09-29,Sangrur,0.0,0.1943316986518246,0.7098226217286927,0.4129705003329685,0.0872730598119752,8.322856068611145,4.118600998606,13.742553627511663
2025-09-29,Sunam,0.0,0.2446876072457858,0.6609437582748277,0.6573908509952682,0.119657012234841,7.898049933569772,3.7938340050833568,13.528802153486742
2025-09-30,Dhuri,0.0,0.4345274107022719,0.2764049423011867,0.4702756147493016,13.517765825445002,5.199207360094244,0.2952255762436173,16.332455188761678
2025-09-30,Lehra,0.0115967618767172,1.171532221138477,1.0908523350954056,0.0254943715990521,14.643466293811798,6.524415582418442,0.3849346078932285,24.64098040531148
2025-09-30,Malerkotla,0.0,0.263802066977535,0.0617974191637975,0.5335038868444306,11.243636880602155,4.252353038106646,0.2249712443777493,16.078326040024628
2025-09-30,Moonak,0.0688180513679981,1.0534887661536534,1.1330981850624084,0.0184454298578202,12.43392300605774,5.8846730788548784,0.3483534306287765,19.99031519562792
2025-09-30,Sangrur,0.0,0.6625171814646039,0.4758136655603136,0.3124856863703046,12.942760603768486,5.404475109917777,0.3406632606472288,18.469936677695788
2025-09-30,Sunam,0.0013908225643847,0.7573045683758599,0.7100156566926411,0.1233831499703228,11.985737766538348,5.125601325716291,0.3372170946427754,19.77822792939065
