target_date,obs_RMM1,obs_RMM2,pred_RMM1,pred_RMM2,obs_amp,pred_amp,obs_phase,pred_phase
2016-01-01,-0.29434481,2.0004501,-0.4081700524288697,1.7245508477886833,2.021988988536769,1.7721959311285118,7,7
2016-01-02,-0.55838132,2.1237156,-0.7716639054253236,1.4462247818430882,2.1958956369118052,1.6392166734612452,7,7
2016-01-03,-0.72465169,2.0528684,-0.8311126815878771,1.5233982126795313,2.1770137205673317,1.7353646313934667,7,7
2016-01-04,-1.0889096,2.0280094,-1.0018735783374693,1.5288075255069953,2.301857129245975,1.8278411082524508,7,7
2016-01-05,-1.2864174,2.1193745,-1.176403891199288,1.4045540827138816,2.479237382396654,1.8321294404318325,7,7
2016-01-06,-1.5209401,1.9890016,-0.9698940489676513,1.3061065326766228,2.503874228588683,1.6268401092066223,7,7
2016-01-07,-1.7574258,1.8514115,-0.8451658745731498,1.0144700614140993,2.55269856912991,1.320399508121888,7,7
2016-01-08,-1.933834,1.3236122,-1.1409131273613544,0.8419139899185986,2.343429793175985,1.417921694102365,8,8
2016-01-09,-1.7942272,0.77237898,-1.3842712209308812,0.8007446218378488,1.9534125355299838,1.599186906680927,8,8
2016-01-10,-1.8115729,0.6061939,-1.282498601031525,0.6245124825467351,1.9103055819453651,1.4264706455109775,8,8
2016-01-11,-1.2358924,0.10210231,-1.410394944155269,0.5213118247155274,1.240102780452127,1.5036555180914868,8,8
2016-01-12,-0.88184077,-0.56260484,-1.5591128352931527,0.5617488103959829,1.0460245454221515,1.6572249573178517,1,8
2016-01-13,-0.7471298,-1.1853689,-1.56248223735205,0.29999342110110744,1.4011789204577871,1.591020677032393,2,8
2016-01-14,-0.38867503,-1.3434385,-1.5517408999146376,0.19847838245196922,1.398533261037345,1.5643827820481275,2,8
2016-01-15,-0.0381005742,-1.2144312,-1.3587215271450686,-0.38698996779078165,1.2150287211781496,1.412758090933525,2,1
2016-01-16,0.27598038,-1.0995506,-0.8551668839226293,-0.44962557799029484,1.1336563377431912,0.9661643544144269,3,1
2016-01-17,0.49843314,-0.99297303,-1.0073420521970748,-0.46442444106834524,1.1110495188593712,1.1092466234279277,3,1
2016-01-18,0.56062919,-0.94573861,-0.3072409495275696,-0.5967929327818692,1.0994210326916565,0.6712367731918352,3,2
2016-01-19,0.48950866,-0.94951099,0.125418171732353,-0.8690003966384541,1.0682648774277734,0.8780042181894552,3,3
2016-01-20,0.1177663,-0.88550693,0.42799777162861563,-1.2946222392199338,0.8933036574948716,1.3635354175091663,3,3
2016-01-21,-0.12726827,-0.70181751,0.8760304702308668,-0.9939227007047604,0.7132636468315157,1.32488177576309,2,3
2016-01-22,-0.0908450708,-0.21850237,0.8142551879277276,-0.6849035140580872,0.23663497751658336,1.0640039166452047,2,4
2016-01-23,0.0397674404,-0.00543556176,0.7454594107370722,-0.5449662911065347,0.04013719780470887,0.92341647781425,4,4
2016-01-24,0.28415418,-0.28663653,0.7610279552998755,-0.38343170499387297,0.40361379850286744,0.8521639637666086,3,4
2016-01-25,0.43407667,-0.64736789,0.6721273892377445,-0.43507432134536606,0.7794278288856133,0.8006527914506246,3,4
2016-01-26,0.91127425,-0.83265966,0.6230136553951793,-0.5798202555703984,1.2343998007551598,0.8510802215881799,4,4
2016-01-27,1.0724431,-0.62404788,0.22625367182373127,-0.8363343421199739,1.240794084153412,0.8663982085755777,4,3
2016-01-28,1.1068093,-0.45267409,0.0057194509883551755,-0.6512316783694078,1.1958012620514407,0.6512567934627969,4,3
2016-01-29,1.1943401,-0.28002346,-0.2153046105943585,0.0032053241991270454,1.2267279293381974,0.2153284687318652,4,8
2016-01-30,1.0859522,-0.43864802,-0.15612056632847165,0.07533958848315254,1.1711977912098197,0.17334844915237485,4,8
2016-01-31,0.88455868,-0.53231698,0.4308063045737071,-0.17801547665005152,1.0323785282345148,0.46613687044407753,4,4
2016-02-01,0.88158834,-0.51991522,0.7997814627464166,-0.17247408306538461,1.023479280304005,0.8181672796452097,4,4
2016-02-02,1.0701748,-0.6547699,1.1765868047880752,0.02748916917386278,1.2545906601362253,1.1769078823864174,4,5
2016-02-03,1.027734,-0.53505218,1.0089362311583985,0.3263109318490435,1.1586707945222199,1.0603919760109015,4,5
2016-02-04,1.3357019,-0.47701606,0.7172766948828646,0.43376675541883214,1.4183243236867702,0.8382359185388485,4,5
2016-02-05,1.6503928,-0.22623006,0.6816183163630962,0.556262300504704,1.665826051645082,0.8797904728766093,4,5
2016-02-06,2.0483816,-0.29978374,0.7238813235076699,0.17879067190987447,2.0702022775533186,0.7456341427839797,4,5
2016-02-07,2.0200031,-0.24302332,0.7476116622137804,0.0018540456803859615,2.0345694527524567,0.74761396118815,4,5
2016-02-08,1.8268729,-0.2656939,0.8564346868296739,0.14290261468752824,1.8460925873995648,0.8682750313636652,4,5
2016-02-09,1.8998071,-0.0696486011,1.1474195770018054,0.1776675655983995,1.9010833608354993,1.161093213119715,4,5
2016-02-10,1.9959941,0.0928660333,0.9578267938842223,0.332156285123595,1.9981532842541603,1.0137849697197308,5,5
2016-02-11,2.0189896,0.0478482582,1.0905088292906755,0.5087071697116099,2.0195565009974175,1.2033255965352503,5,5
2016-02-12,2.0086117,0.2211241,1.0717645787217165,0.8973669141813357,2.0207466018721147,1.3978364320870562,5,5
2016-02-13,2.1422615,0.73160642,1.255117453669579,0.9638628574290174,2.2637429819145694,1.582514274955281,5,5
2016-02-14,1.8706824,1.2704781,1.1212308896287837,0.9812704054350937,2.26131980141009,1.489983327571321,5,5
2016-02-15,1.4420687,1.9243835,0.9316166312539634,0.6543164874149252,2.4047482177126027,1.1384373559102798,6,5
2016-02-16,0.97592866,2.0952175,0.9588881740768689,0.9089771246468029,2.3113574197245317,1.321251657904595,6,5
2016-02-17,0.37268883,2.0123467,0.8962109309697661,1.0530521582045713,2.0465669314751618,1.3827916982282618,6,6
2016-02-18,0.0865103379,1.9002506,0.9486655328943423,0.9643373164614767,1.902218804807673,1.3527426781253813,6,6
2016-02-19,-0.070576705,1.9219097,0.8092995479965196,1.0583880528454703,1.9232051284880527,1.3323479383379542,7,6
2016-02-20,-0.28332293,2.0587089,0.3905032885248933,1.496828986719242,2.0781131387879235,1.5469291625125272,7,6
2016-02-21,-0.7392984,2.2145884,-0.19988884543819557,1.6250099426005185,2.334729942767925,1.6372577268350743,7,7
2016-02-22,-1.1456546,2.4012284,-0.7043323938242306,1.634792915960321,2.66053045302393,1.7800651670835592,7,7
2016-02-23,-1.4399927,2.707989,-0.8817186766199685,1.417589529724262,3.067047994436065,1.6694274166564784,7,7
2016-02-24,-1.6925964,2.390883,-0.9408650644111176,0.9914978467380725,2.929369231247908,1.3668558993235427,7,7
2016-02-25,-1.9375197,1.9630157,-0.8614685259794497,0.9207365707725429,2.7581539526166012,1.2609059655704653,7,7
2016-02-26,-1.713991,1.9086415,-0.8732002376754123,0.9621199552664171,2.5652831273766354,1.2992895995113056,7,7
2016-02-27,-1.3895541,1.7689656,-1.1288381704675445,0.9323089924655132,2.249466579171642,1.4640613622852607,7,8
2016-02-28,-1.025231,1.5078719,-1.45880902727737,0.7639463950379379,1.8233969041792875,1.6467355199173326,7,8
2016-02-29,-1.035988,1.3950133,-1.6808953700863296,0.7129238144662844,1.7376228714312234,1.8258339492984612,7,8
2016-03-01,-1.2941223,1.1556969,-1.8468552009010952,0.8235668210852815,1.73504693078513,2.022161329342429,8,8
2016-03-02,-1.4124643,0.85505831,-1.757937227318474,0.37498673967538065,1.6511148089319971,1.7974866759240626,8,8
2016-03-03,-1.5414246,0.8833074,-1.5066373563079198,0.1824062776694925,1.7765758526952684,1.5176390129262485,8,8
2016-03-04,-1.2580842,0.7099812,-1.3854869956609352,0.4298937061488077,1.4445930771823186,1.450649100827599,8,8
2016-03-05,-1.2243016,0.37172741,-1.2305538420524444,0.380962044339796,1.2794903966454254,1.2881750026365164,8,8
2016-03-06,-1.1172942,0.16960679,-0.9097855217965479,0.3791358869133457,1.1300941520810308,0.9856235165701893,8,8
2016-03-07,-0.94845039,-0.0483282134,-1.0518850856079351,0.30412949222414504,0.9496808719257159,1.094968940822035,1,8
2016-03-08,-0.90147996,-0.36290675,-1.253253368411168,-0.15096525359983912,0.9717856900969287,1.262313159730343,1,1
2016-03-09,-0.57517725,-0.70252848,-1.0317965676834469,-0.415062347145942,0.9079510637301291,1.1121514775882106,2,1
2016-03-10,-0.2355904,-0.6391207,-1.140077566377818,-0.2537918625655075,0.6811593835077441,1.1679842322833118,2,1
2016-03-11,0.0743353143,-0.69607413,-0.8962978040387501,-0.17590080494469743,0.7000320945551972,0.913395230283626,3,1
2016-03-12,0.21105668,-0.86659539,-0.6470816311767876,-0.5513205031929533,0.891926281786715,0.8500993675137887,3,1
2016-03-13,0.52849698,-0.96155328,-0.5408050097644437,-0.548711458371856,1.0972209295068514,0.7704247679915859,3,2
2016-03-14,0.74526352,-0.69710171,-0.312626034783864,-0.6581128938767097,1.0204746485472898,0.7285929032810154,4,2
2016-03-15,0.95256525,-0.5316574,-0.1741008899544,-0.8454184031351223,1.0908896124183796,0.8631589634838153,4,2
2016-03-16,1.0891194,-0.33180055,0.24701239424201224,-0.7816930966975956,1.138539710522502,0.8197921811860904,4,3
2016-03-17,1.2874328,-0.0399324559,0.40104440956683773,-0.42299490028806425,1.2880519459827873,0.5828904735149846,4,3
2016-03-18,1.3325418,0.21966456,0.48191639986412194,-0.3980972276889705,1.3505258855968787,0.6250798502204661,5,4
2016-03-19,1.2827018,0.5149647,0.6116748990328972,-0.5234819343698442,1.3822129177407256,0.8050959680177878,5,4
2016-03-20,1.3604512,0.58360302,0.9178976506981736,-0.2881154046243095,1.4803445384553422,0.962053316370281,5,4
2016-03-21,1.4842349,0.8026796,0.7478222274100896,0.0696090111072876,1.6873789671067285,0.7510549235814398,5,5
2016-03-22,1.5785385,0.61860287,0.6370008074779732,0.2616279199574383,1.69542127707378,0.6886357507629455,5,5
2016-03-23,1.4825264,0.69269574,0.5836475348306258,0.4244533825350249,1.63637156994098,0.7216682886612733,5,5
2016-03-24,0.9796192,1.0818074,0.4721779988134487,0.7176994155771956,1.4594386001827553,0.8590951714934273,6,6
2016-03-25,0.53674364,1.1870607,0.33752831539500616,0.838182138696919,1.3027689129561464,0.9035898745138372,6,6
2016-03-26,-0.0425327122,0.96600974,0.11222630704831849,0.9606000668437262,0.9669456289688452,0.9671335132306577,7,6
2016-03-27,-0.41312864,0.72228795,0.24677179957736564,0.947062449034389,0.8320908339258714,0.9786846292027203,7,6
2016-03-28,-0.65245599,0.36898905,0.23281051949667506,1.1838772484814064,0.7495677006827219,1.2065513157177432,8,6
2016-03-29,-1.2257683,0.21173458,0.4568966783387361,1.001281779812732,1.2439210013713355,1.1005997352634258,8,6
2016-03-30,-1.5051693,0.0723610073,0.31576230470986344,1.006472997438929,1.506907673694696,1.0548429872020704,8,6
2016-03-31,-1.4593788,0.0261928942,-0.4689771236567634,0.9699955553299907,1.4596138357784953,1.0774186372405612,8,7
2016-04-01,-1.3491604,-0.25848657,-0.6769023887271707,0.5619378142406452,1.3736990543050267,0.8797561883488535,1,8
2016-04-02,-1.1557752,-0.41398147,-0.5780429263548221,0.0066133316387271945,1.2276795064015693,0.5780807563517489,1,8
2016-04-03,-0.73772985,-0.66881526,-0.4246796499421673,-0.05835270616244299,0.9957706480861395,0.42866985360704124,1,1
2016-04-04,-0.16335568,-0.90425467,-0.26719674322927633,-0.3319404836610812,0.9188914987119379,0.42612038708032307,2,2
2016-04-05,0.27848345,-1.058118,-0.6139408227853923,-0.7484026876824191,1.0941511476244508,0.9680030562000685,3,2
2016-04-06,0.29913336,-1.0757936,-0.7403465796700353,-0.7572333239931249,1.1166076467881856,1.0590162250857145,3,2
2016-04-07,0.19851477,-0.88550812,-0.5543051101914562,-0.656128443481023,0.9074870492156278,0.8589288035275056,3,2
2016-04-08,0.10541556,-0.71791095,-0.31869770016534027,-0.8974768759306154,0.7256091044219444,0.9523827838221638,3,2
2016-04-09,0.27445114,-0.77937263,-0.08994677447930258,-0.7507001850680433,0.8262839249558329,0.7560695669714692,3,2
2016-04-10,0.21151052,-0.71457905,0.23745529161995105,-0.6558805371370086,0.7452247437985221,0.6975416077292069,3,3
2016-04-11,0.30856889,-0.57989812,0.7592982698875791,-0.4653404888994094,0.6568839999995177,0.8905479399018406,3,4
2016-04-12,0.62565255,-0.54157084,1.0603383061997185,-0.25812275580452837,0.8274902344196021,1.0913041192346944,4,4
2016-04-13,1.073718,-0.16250218,0.7772736583917189,-0.5277834363413677,1.0859453494668838,0.9395263145361864,4,4
2016-04-14,0.85988903,0.0868623033,0.4208612565143263,-0.5756569525382916,0.8642651234713351,0.713095452404859,5,3
2016-04-15,0.51390392,0.0902690366,0.24886895714901666,-0.49239692010510344,0.5217717297440122,0.5517159457197433,5,3
2016-04-16,0.32812327,0.0543263331,0.676728537875393,-0.4116696951440548,0.33259018443662025,0.7921069699699443,5,4
2016-04-17,0.0644306615,-0.15694711,0.5568560447635106,-0.3592660249109128,0.16965761249846611,0.6626920334853509,3,4
2016-04-18,-0.0660421774,-0.0862936452,0.4559969906817782,-0.14971369545296445,0.10866536889753126,0.4799452532498063,2,4
2016-04-19,-0.12358063,-0.29410109,0.7914677864913395,0.15855736347154084,0.3190103811012817,0.8071937156374218,2,5
2016-04-20,-0.1146765,-0.16577293,0.6911152852739103,0.6642551145281074,0.20157223016337072,0.9585797800475386,2,5
2016-04-21,-0.23050666,-0.16436768,0.14255430538907227,0.6375205776836892,0.283107849649101,0.6532642780338641,1,6
2016-04-22,-0.27114338,-0.11339281,-0.08844733493081136,0.021407036249420874,0.2938990675002568,0.09100105635291902,1,8
2016-04-23,-0.32777515,-0.13862635,0.1503064395591906,-0.01815037076453875,0.3558845513250681,0.15139835445555822,1,4
2016-04-24,-0.27175328,-0.15905008,0.190601798691775,-0.2803526610297084,0.3148758058961736,0.33900834829098014,1,3
2016-04-25,-0.45986581,-0.10204935,0.13818157811565868,-0.09993469539843632,0.4710526860579171,0.17053179139067334,1,4
2016-04-26,-0.52923328,0.0863431469,0.20792491364462035,-0.3386736031695029,0.5362303643735157,0.397407321520297,8,3
2016-04-27,-0.55980676,0.41092923,0.18689010854955912,-0.02309752090614956,0.6944396594450021,0.18831199681824842,8,4
2016-04-28,-0.50122613,0.28917667,-0.05891085908908896,-0.21606223249681947,0.5786629242201938,0.22394949794568456,8,2
2016-04-29,-0.5205071,0.24535675,-0.0657979524004418,-0.148699216866873,0.5754368565889506,0.16260635792278277,8,2
2016-04-30,-0.69524252,0.00516535901,-0.09924451401900636,-0.22454413242134097,0.6952617079558262,0.24549855593815914,8,2
2016-05-01,-0.80312473,-0.24467611,-0.022635605300672643,-0.1612053811335846,0.8395687766599619,0.1627868100730281,1,2
2016-05-02,-0.66066962,-0.52157605,-0.25399873207537793,-0.25507494134721875,0.8417398189016287,0.35997025099192115,1,2
2016-05-03,-0.53395963,-0.70366663,-0.4102353859424422,-0.11671440994145942,0.883323051123027,0.4265153284084026,2,1
2016-05-04,-0.45798084,-0.89999473,-0.5759335057532724,0.11711063779710061,1.0098202631334343,0.5877195798461188,2,8
2016-05-05,-0.50391334,-1.0890646,-0.4635347909877224,-0.11248740583571533,1.1999959821612385,0.4769883844787841,2,1
2016-05-06,-0.28164271,-1.1684028,-0.3094242174969727,-0.12441846097433344,1.2018684283830672,0.33350157391657925,2,1
2016-05-07,-0.20594025,-1.4875482,-0.3980460837722841,-0.4647526035672813,1.5017360067246515,0.6119114865150178,2,2
2016-05-08,-0.0323740914,-1.5377524,-0.2785125886625281,-0.6134365477617254,1.538093145911435,0.6737014622021583,2,2
2016-05-09,0.20286219,-1.6356858,0.06137954910879227,-0.6438652670196834,1.6482175537389585,0.6467843003066222,3,3
2016-05-10,0.37081864,-1.5420809,0.2418604261931091,-0.6231075943763233,1.5860390808287983,0.6684007330395151,3,3
2016-05-11,0.70368928,-1.719384,0.3461395645390152,-0.7705882360865494,1.8578105237733256,0.8447596271923976,3,3
2016-05-12,0.83320236,-1.9350727,0.3914319588061728,-0.9710215049281559,2.106829971069061,1.0469487768786867,3,3
2016-05-13,0.77997333,-1.9370242,0.6656578334007991,-0.7843251146930837,2.08816214573891,1.0287206796337698,3,3
2016-05-14,0.6594671,-1.8364707,0.8286204600690076,-1.0593626576987827,1.9512871362105835,1.3449390719923346,3,3
2016-05-15,1.0237134,-1.6361719,1.0518049123406517,-0.8140885116263846,1.9300382409913979,1.3300502540829005,3,4
2016-05-16,1.3512722,-1.5978553,1.1187939563994518,-0.7768435975426906,2.0926246959813244,1.3620520885483816,3,4
2016-05-17,1.4665083,-1.3234411,1.1428382286709688,-0.5352339427054421,1.9753842510099395,1.261964575705598,4,4
2016-05-18,1.6943886,-0.95062667,1.4134192915010708,-0.4866844273560762,1.9428442535430495,1.4948631460499322,4,4
2016-05-19,2.0265117,-0.67030388,1.6087526082830363,-0.5603581380018914,2.134492202323528,1.7035510551440538,4,4
2016-05-20,2.1137741,-0.31330988,1.4433721906760695,-0.7051766506629888,2.136867807501537,1.606423788873069,4,4
2016-05-21,2.0093527,-0.33157375,1.2498374117328073,-0.8188912846641864,2.0365263132811107,1.4942143393321872,4,4
2016-05-22,1.8891329,-0.0720981956,1.587629928110311,-0.02189931690710962,1.8905082024871476,1.587780957409601,4,4
2016-05-23,1.5517794,0.0636233762,1.5762527077079076,0.17878731290787475,1.5530831401645717,1.58635982734477,5,5
2016-05-24,1.1012177,0.00486751646,1.3445970142019028,0.36619872070254617,1.1012284574554811,1.393571897551344,5,5
2016-05-25,0.80870056,-0.0217256527,1.1528313418255867,0.721014330675661,0.8089923360141026,1.3597359183808648,4,5
2016-05-26,0.4002355,-0.25924191,1.17716633763519,0.9572137729527671,0.47685933288622767,1.5172273374784404,4,5
2016-05-27,0.20147593,-0.3017948,0.8693856427958571,1.1802496462860752,0.36286726454229085,1.4658856106320066,3,6
2016-05-28,-0.0203414354,-0.29422817,0.8786348386830595,0.7899355333493129,0.2949304833612173,1.181523307681854,2,5
2016-05-29,0.11349456,-0.34669125,0.7112815687538536,0.9215383525534383,0.3647956112347791,1.1641109935379221,3,6
2016-05-30,-0.0856115893,-0.38834435,0.38276223594642733,0.6811019491289461,0.39766905637652317,0.7812853475996833,2,6
2016-05-31,-0.0799586996,-0.0718835071,0.27934263131201825,0.1482240536233926,0.10752038055512449,0.31623199670633034,1,5
2016-06-01,-0.12306762,0.06795948,0.3600747931586283,0.13674772338048544,0.14058495657194195,0.3851672318850277,8,5
2016-06-02,0.15786539,0.16199894,0.30708872348217425,-0.33909389829471676,0.22619712182292617,0.45748022465525107,6,3
2016-06-03,0.14926685,0.58314121,0.4162316636292786,-0.19983537369364174,0.6019420763737875,0.46171741832735136,6,4
2016-06-04,0.0327812508,0.81597733,0.21825695002679202,-0.3449678930595337,0.8166355450737748,0.40821433521733586,6,3
2016-06-05,-0.21995082,0.86546123,0.5052508819831368,-0.16536505524388803,0.8929734060159827,0.531623979181293,7,4
2016-06-06,-0.42853472,0.70616168,0.31057309892382895,-0.3811017872407338,0.82601835605869,0.49162406573847867,7,3
2016-06-07,-0.52247137,0.17222607,0.03648534418089395,0.09907597611411387,0.5501255780795161,0.10558044034272046,8,6
2016-06-08,-0.56346148,-0.35025716,-0.11005578063667035,0.002398983772660585,0.6634522722661035,0.11008192392345072,1,8
2016-06-09,-0.79742241,-0.84385079,0.19520270805079135,0.2989683856515883,1.1610196620875255,0.3570520870257998,2,6
2016-06-10,-0.91023254,-1.167419,-0.11282235009164504,0.5814976427780366,1.480334556252691,0.5923414481839125,2,7
2016-06-11,-0.75462711,-1.5174825,-0.4778051592415181,0.5505829479093347,1.694761107930319,0.7289988701818033,2,7
2016-06-12,-0.56068826,-1.8897785,-0.5848861157759004,0.31644425335905163,1.9712011830262475,0.6650028074462451,2,8
2016-06-13,-0.26906124,-2.194674,-0.5341740006704417,0.06811125610848766,2.2111055870641585,0.5384988451249836,2,8
2016-06-14,-0.11051568,-2.2792158,-0.1720261797094294,-0.3499824331787637,2.2818935949109243,0.3899752684967967,2,2
2016-06-15,0.17697452,-2.2170134,0.11157871438526579,-0.5233651490681758,2.22406573565369,0.5351269837739661,3,3
2016-06-16,0.34134459,-2.2935867,0.13026948617993495,-1.045177592254001,2.3188480069938087,1.0532646098580618,3,3
2016-06-17,0.57346106,-2.286464,0.2904654985284252,-1.2740659867321993,2.357281317669218,1.3067571864670418,3,3
2016-06-18,0.94533128,-1.9608573,0.6542447810232284,-1.3351961042318776,2.176835450811505,1.4868708317308923,3,3
2016-06-19,1.367787,-1.5658424,0.9927626107544963,-1.3682329685782544,2.079111276244434,1.690455281164381,3,3
2016-06-20,1.6648916,-1.1486975,1.348663315276994,-1.289931512891694,2.0227135205601434,1.8662304375197043,4,4
2016-06-21,1.8791914,-0.99877048,1.3481842794553904,-1.2429568296405855,2.128121892550657,1.8337236792169167,4,4
2016-06-22,1.809706,-0.9492768,1.3854272807167023,-1.0229274430435549,2.043566061925633,1.7221467138097444,4,4
2016-06-23,1.9824923,-0.75907135,1.4274283375787082,-1.0884728487074968,2.1228436197586746,1.7950835081678311,4,4
2016-06-24,2.1872811,-0.8867653,1.6222023405579773,-0.7945515362990269,2.3602015396362446,1.8063367840873206,4,4
2016-06-25,2.0794642,-0.53776163,1.5611999282367461,-0.16924098365848372,2.1478731177101444,1.5703463714977381,4,4
2016-06-26,2.1458189,-0.0429037586,1.398640007506479,0.4458921828070943,2.14624776857175,1.4679964949843032,4,5
2016-06-27,2.1284237,0.16583705,1.138823133223162,0.7611368897760721,2.1348745569410843,1.3697618383289163,5,5
2016-06-28,1.5389931,0.0679976717,1.164490791374634,0.6889473781567008,1.5404945456587085,1.3530289328263876,5,5
2016-06-29,0.70177644,0.27179423,1.095528894993595,0.6178250694583809,0.7525704453407445,1.2577326330413554,5,5
2016-06-30,0.38211006,0.6106571,1.149027888327934,0.7953044181884231,0.7203542126854077,1.397416976333613,6,5
2016-07-01,0.50838089,0.65902567,1.4206299530815036,0.7377793495849353,0.8323256352150527,1.600783505745335,6,5
2016-07-02,0.42912602,0.58432949,1.0257929322374872,1.0128426249452391,0.724975926444941,1.441562111993217,6,5
2016-07-03,0.13940567,0.65813518,0.6148750114595344,1.2280600012489689,0.6727375832981098,1.3733909299194385,6,6
2016-07-04,0.18801108,0.73645157,0.6881993760426327,1.1498960247156822,0.7600717605320114,1.3401041932784172,6,6
2016-07-05,0.30229136,0.49512818,0.3757630368571744,0.4500072301765444,0.5801137655329013,0.5862630528007813,6,6
2016-07-06,0.0518468209,0.15929519,-0.2549443313198835,0.016501873632806457,0.16752029845535965,0.25547783447010747,6,8
2016-07-07,-0.075364925,-0.0873145387,-0.3822413113798714,0.39881795913065526,0.11534166891739266,0.5524166766586114,2,7
2016-07-08,-0.34519336,-0.25378481,0.04977890228360056,0.6400098380941898,0.428445078831378,0.6419427793580291,1,6
2016-07-09,-0.35823071,-0.36558023,0.0747589970242619,0.47108934642376943,0.5118380077270122,0.4769843602782463,2,6
2016-07-10,-0.46920511,-0.5650354,-0.24928899580346792,0.2768094693347415,0.734451113759978,0.3725164234528226,2,7
2016-07-11,-0.49030718,-0.70846045,-0.14535909957612797,0.5242642675089166,0.8615784003639801,0.5440425443071926,2,7
2016-07-12,-0.52523345,-0.77536738,0.14754680918454882,0.3503605164253886,0.9365173521974737,0.3801612189195614,2,6
2016-07-13,-0.48010015,-0.90807903,0.07852326864589705,-0.08738564387404985,1.0271823979974362,0.11748257093764157,2,3
2016-07-14,-0.62187922,-0.97446007,0.21604619492451843,-0.3057640210060437,1.155987107320931,0.37438962977511453,2,3
2016-07-15,-0.8686133,-1.0467349,0.08710314237926281,-0.47203830889574483,1.3601996235166733,0.4800074191900546,2,3
2016-07-16,-1.1762078,-1.0661422,0.16166978180092806,-0.4332536522882546,1.5874898359994876,0.46243469330130443,1,3
2016-07-17,-1.3506445,-1.1114755,0.18681186443683964,-0.6823512723600922,1.749176478369321,0.7074616113866568,1,3
2016-07-18,-1.2209983,-1.198625,0.2750677989089911,-0.7102793945758006,1.7110051838693798,0.7616817658022298,1,3
2016-07-19,-1.0409238,-1.2952837,0.21099762515454162,-0.7378471438626828,1.6617106309138574,0.767423224516417,2,3
2016-07-20,-0.88587904,-1.663606,0.31374174621033574,-0.8300464103408711,1.884772293076095,0.8873617788900289,2,3
2016-07-21,-0.86313903,-1.7318487,0.17112589388529914,-0.9504227850579965,1.935021680705679,0.9657057222132637,2,3
2016-07-22,-0.54400754,-1.5305358,-0.07562540996702569,-1.1379033223134656,1.624341109083462,1.1404135975884817,2,2
2016-07-23,0.14055558,-1.3611835,-0.2840030462464642,-1.1699374045985713,1.3684211309905248,1.2039149724777545,3,2
2016-07-24,0.55514127,-1.1754863,-0.31547997084940965,-1.1698387938970085,1.299980719528141,1.211631303538148,3,2
2016-07-25,0.83603883,-0.8793093,-0.041989597644058047,-1.1361928705094697,1.2133201433810694,1.1369684979395245,3,2
2016-07-26,0.65228796,-0.58290619,0.20188028674857925,-1.1180509007090278,0.8747909516571818,1.1361309197244642,4,3
2016-07-27,0.67611414,-0.47892305,0.5536460022736385,-1.3461248571666533,0.8285515180899992,1.455532901351091,4,3
2016-07-28,0.5396359,-0.33330896,0.5977345857423505,-1.280118548442608,0.6342726285952213,1.4127951490075938,4,3
2016-07-29,0.60478079,-0.2954312,0.5541639806926277,-0.7738773588482312,0.6730820142348658,0.9518318570183565,4,3
2016-07-30,0.57146311,-0.25188637,1.0206220013569847,-0.22409858479895067,0.6245132740644102,1.0449351393090527,4,4
2016-07-31,0.71952599,-0.12062901,0.9666430749061717,0.12453139300060612,0.7295676859202717,0.9746316750992295,4,5
2016-08-01,0.79580289,-0.0471242219,0.7923678928859038,0.41324976126696933,0.7971969217339168,0.8936566694562595,4,5
2016-08-02,0.8495459,0.0115528842,0.28150813284298276,0.18251748462855436,0.8496244495894338,0.3354988242183227,5,5
2016-08-03,0.82841855,-0.0863317102,0.4636714938906719,0.11204280351221445,0.8329048314004183,0.4770166077461917,4,5
2016-08-04,0.6228286,0.0570068322,0.3911536777569595,0.14373606705870665,0.6254320457855025,0.4167268369043447,5,5
2016-08-05,0.79251176,0.51143622,0.4974577863021739,0.1751953401266118,0.9432082998289328,0.5274065380280553,5,5
2016-08-06,1.0373058,0.72444987,0.5316589878618581,0.19138518992561415,1.2652394780659735,0.5650571389666348,5,5
2016-08-07,1.1336329,0.69090921,0.573221686269729,0.44445330031655716,1.327583928957124,0.725342565807489,5,5
2016-08-08,1.0109819,0.83922476,0.5752261831910724,0.4947532156008442,1.3139187950267959,0.7587265028822603,5,5
2016-08-09,1.0031108,0.98674363,0.5590620741127988,0.5119076388133708,1.4070871573652488,0.7580236364301479,5,5
2016-08-10,0.77557617,0.9744544,0.6145146578394868,0.3295984051008147,1.2454235316354147,0.6973258731357831,6,5
2016-08-11,0.58974814,1.0161749,0.3363725397819686,0.3413933606762659,1.1749103353122183,0.47926601406025765,6,6
2016-08-12,0.44673389,1.3213093,0.12886064350354895,0.9123676172902617,1.3947865194147175,0.9214226687704499,6,6
2016-08-13,0.37554374,1.6723698,0.18193834194120945,1.0819305780753055,1.714016875239339,1.0971213861932876,6,6
2016-08-14,0.46906745,1.5930606,0.2740333973821216,1.016130368116814,1.6606824946153502,1.0524330039912277,6,6
2016-08-15,0.71115869,1.6844621,-0.005773625136761759,1.0030299004248677,1.828430815945445,1.003046517312901,6,7
2016-08-16,0.9217025,1.5971779,-0.13913496884121612,1.0496956754563596,1.8440479231176883,1.05887655117404,6,7
2016-08-17,0.94231373,1.6204426,-0.23941042233908677,0.8188980482343967,1.8745104389256606,0.8531772170696333,6,7
2016-08-18,0.96854299,1.5009943,-0.32050748409975555,0.7466192831333189,1.7863536637829112,0.8125056315561549,6,7
2016-08-19,0.97277927,1.3847822,-0.4949711877723441,0.972824494817712,1.6923123971591572,1.0915053707802367,6,7
2016-08-20,1.2557762,1.297151,-0.7100661678672543,1.1916814097703077,1.8054291958665782,1.3871908827345412,6,7
2016-08-21,1.3149225,1.2763129,-0.5404389134572241,1.1148394404526216,1.8324835059865232,1.2389274382172426,5,7
2016-08-22,1.3562492,1.3727781,-0.46256460586376147,1.3190511666686537,1.9297491039874197,1.3978061363750818,6,7
2016-08-23,1.1374048,1.5009557,-0.40103951928038467,1.3545349440074632,1.8832306530070952,1.4126562251878352,6,7
2016-08-24,0.89429241,1.455706,-0.5159169812162382,1.335684944571225,1.7084609661972403,1.4318605388310388,6,7
2016-08-25,0.91174889,1.5316014,-0.4911298086114923,1.2069317587064263,1.7824390275401267,1.3030321404635221,6,7
2016-08-26,0.76701182,1.3250223,-0.3723352059178762,1.116080591691515,1.531009871789533,1.1765497833565692,6,7
2016-08-27,0.50578535,1.1708581,-0.11699003053220373,1.2512860605046883,1.2754322838199732,1.256743200680739,6,7
2016-08-28,0.30995521,0.95067406,-0.15636059270636685,1.2732466157570164,0.9999266975948926,1.2828115915785068,6,7
2016-08-29,0.10710875,0.66897023,-0.3035608740746292,1.3322182145788086,0.677490555618907,1.3663654619187728,6,7
2016-08-30,-0.31781355,0.32000273,-0.5312542031613915,1.234724861038182,0.4510068733079967,1.3441638705315668,7,7
2016-08-31,-0.79579133,0.16047537,-0.5900736765213388,1.0145072503648105,0.8118104367891594,1.1736319289991124,8,7
2016-09-01,-0.54654914,0.10614762,-0.48097308869212846,1.1586658990795005,0.5567614207777007,1.254528508139912,8,7
2016-09-02,-0.16732585,0.26802284,-0.41953755213684113,0.9298633390988305,0.3159654772912511,1.020126260348688,7,7
2016-09-03,0.36605212,0.0824160799,-0.4978435183827378,0.6638367988147861,0.3752153578714197,0.8297755505293983,5,7
2016-09-04,0.33600074,-0.18935063,-0.44575220124145326,0.3668497372776153,0.38568142081508733,0.5772986702325378,4,8
2016-09-05,0.14713907,-0.41179022,-0.2926949023796854,0.10621535491796497,0.43728833875157624,0.3113711731991303,3,8
2016-09-06,-0.0899582952,-0.56519699,-0.3508225613943722,-0.3376460784595733,0.5723112198623669,0.48690999566905213,2,1
2016-09-07,-0.25983626,-0.5660156,-0.5042102741373373,-0.570342471535141,0.6228069857139911,0.761261147952831,2,2
2016-09-08,-0.3400816,-0.48764122,-0.1717211592730711,-0.1044253211789792,0.5945161512538145,0.2009796115167417,2,1
2016-09-09,-0.42953661,-0.23247519,0.042546772923387696,0.2748238192954835,0.48841213467299127,0.27809775176788265,1,6
2016-09-10,-0.12346338,-0.34292373,0.3431663480753329,0.28895616040530536,0.36447207135545695,0.44861877478270695,2,5
2016-09-11,0.4253107,-0.63307619,0.3223239828201942,0.06511208719799524,0.7626759822358418,0.3288348123303738,3,5
2016-09-12,0.88090563,-0.79714584,0.1809001717758833,-0.4173227155630336,1.1880388121585097,0.4548440623702245,4,3
2016-09-13,0.93380034,-0.90410173,0.23406780906941058,-0.6548085356416721,1.2997626757116503,0.6953861931270602,4,3
2016-09-14,1.2547113,-0.8167994,0.13684178227956817,-0.5605933281240497,1.4971511968361946,0.5770533362823987,4,3
2016-09-15,1.6102048,-0.58941042,-0.02957639049384717,-0.46274637964077503,1.7146906838108198,0.46369060239052595,4,2
2016-09-16,1.6510794,-0.3667984,-0.3012284457878973,-0.24711665585049156,1.6913320937494563,0.3896218912619291,4,1
2016-09-17,1.4919659,-0.35089484,0.10771242033683931,-0.2488041644711859,1.532673949508321,0.27111893654450786,4,3
2016-09-18,1.4850076,-0.0490865707,0.8718512894610494,0.0273987760307634,1.4858186509398938,0.8722816998326163,4,5
2016-09-19,1.5466841,0.15509279,1.0507480186223581,0.10137203392745238,1.554440567761532,1.0556266801769458,5,5
2016-09-20,1.3620644,0.31292191,0.9798855918856536,-0.09029441964144287,1.3975476920325145,0.984037019325738,5,4
2016-09-21,0.93475747,0.17029019,1.1762996704294715,0.28981090644987484,0.9501422401572498,1.211474835128564,5,5
2016-09-22,0.78922528,0.10371079,1.1731411924848318,0.6806925107780527,0.7960103457578316,1.3563194873384599,5,5
2016-09-23,0.76290804,0.18077534,0.8693185251395334,0.8258977285443669,0.7840334183239622,1.1990920549171855,5,5
2016-09-24,0.86729884,0.18312,0.7311176477214029,0.49045831166896303,0.8864198848544327,0.8803876250236864,5,5
2016-09-25,1.0282062,0.33486062,0.631906625218739,0.7820291624281348,1.0813600808912933,1.00542309197839,5,6
2016-09-26,1.2052485,0.49389407,0.5544627798845496,0.8967523367797458,1.3025188287059097,1.0543214537308996,5,6
2016-09-27,1.1595582,0.49011308,0.3715774553839465,0.8417694328682538,1.2588828580826439,0.9201334595921129,5,6
2016-09-28,1.1373566,0.60943663,0.16903041126407328,0.14884906792405322,1.2903460937087061,0.225227274001088,5,5
2016-09-29,1.1697767,0.67031598,0.43420477898641285,0.2160882503463496,1.3482214361544065,0.4850030123951668,5,5
2016-09-30,1.2519711,0.68391156,0.4148070883828275,0.4513902392677471,1.4265926738690493,0.6130400220856977,5,6
2016-10-01,1.3205131,0.94329673,0.486526760729109,0.4928753535364697,1.6228257972130906,0.6925564258811405,5,6
2016-10-02,1.3691784,1.1687446,0.4753075240435957,0.7373978629292538,1.8001703894508763,0.8773100083009904,5,6
2016-10-03,1.4118435,1.1095679,0.3815228324514465,0.9446680204482018,1.79567340939344,1.018801914279365,5,6
2016-10-04,1.3506308,0.54757833,0.33896201313930874,0.8161601017115605,1.457410575436527,0.8837491487844713,5,6
2016-10-05,1.2655813,0.21865493,0.20761127917750394,0.874971788045295,1.284330956304875,0.8992652962929795,5,6
2016-10-06,1.1467062,0.1744791,0.2044879751917933,0.9155253190987047,1.1599043346135274,0.9380841870049961,5,6
2016-10-07,0.79225248,0.0530804954,0.27770542709105533,0.9440960303933937,0.7940286714332548,0.9840922816689446,5,6
2016-10-08,0.32128277,0.21139534,0.08431330307730961,1.1900321397884492,0.38459148205932553,1.1930151829734947,5,6
2016-10-09,0.19357283,0.27126336,-0.09631532482364336,1.3171379751011039,0.33324803224129995,1.3206547948837046,6,7
2016-10-10,0.10300883,0.5266605,0.03436664779361902,1.2247083170750424,0.5366396382286897,1.225190404954819,6,6
2016-10-11,0.24121784,0.62007344,0.4382937218020732,0.7192770068556673,0.6653398509992462,0.8422949597156335,6,6
2016-10-12,0.3422741,0.56628615,0.5485819093023997,0.4924658552033977,0.661688418526902,0.7372006034690152,6,5
2016-10-13,0.564605,0.67747968,0.468173222256654,0.41210743066726385,0.8819056201419189,0.6237136365747922,6,5
2016-10-14,0.3793669,0.6420759,0.24179480402823658,0.005700342898769896,0.7457752383770998,0.241861987844756,6,5
2016-10-15,0.22936514,0.60418862,-0.10087907122010088,-0.04987194589931424,0.6462602076445091,0.11253354165765117,6,1
2016-10-16,0.0151920114,0.47721836,-0.07131929188284233,0.046469329937589746,0.4774601138644644,0.08512250007793846,6,8
2016-10-17,-0.0951401368,0.38995066,-0.08568069070126412,0.36130384502955587,0.4013890417845987,0.37132418341953843,7,7
2016-10-18,-0.0696965903,0.38023663,-0.04992534825453757,0.5241256486942499,0.3865714804446947,0.5264980873825708,7,7
2016-10-19,-0.00333153992,0.20197691,0.07426509601763469,0.5081954017640825,0.20200438443604796,0.5135930985329396,7,6
2016-10-20,-0.0999447778,-0.163442,0.0427260225287118,0.7216426439961428,0.1915783024600943,0.7229063692034174,2,6
2016-10-21,-0.24400368,-0.29342073,-0.19586651181176543,0.510830838743749,0.38161960202179773,0.5470939921630931,2,7
2016-10-22,-0.15217897,-0.26528922,-0.2806365454409821,0.2892405359138881,0.3058378805159186,0.40300987364182733,2,7
2016-10-23,-0.2011672,-0.230138,-0.22878657071006966,0.0801100311267071,0.30566606190390194,0.24240650161329355,2,8
2016-10-24,-0.14125355,0.0278269835,-0.17335070657780458,0.06739860784494173,0.14396842153163927,0.18599204233101033,8,8
2016-10-25,-0.15698554,0.0961314291,-0.09791965814251194,0.19790933152391096,0.1840807198755479,0.22080843044364884,8,7
2016-10-26,-0.30433637,0.26692304,0.036791575965327596,0.0951210511703464,0.4048067877242407,0.10198840344747108,8,6
2016-10-27,-0.32518342,0.72572291,0.11101000889625653,-0.24037669837371328,0.7952471306089476,0.264771938082936,7,3
2016-10-28,-0.23778501,0.7209245,0.09629703499260496,-0.3307307031015779,0.7591270286855487,0.34446468167641087,7,3
2016-10-29,-0.0196084026,0.55203253,0.07454316769804487,-0.13830706450155128,0.5523806691320077,0.15711628795734423,7,3
2016-10-30,-0.0717409849,0.38790721,-0.0635131143904113,-0.18839248351528526,0.39448545281721875,0.1988105720142329,7,2
2016-10-31,0.27433744,0.31902373,-0.18118470394995395,0.11046098349015389,0.42075785350824585,0.2122016159670904,6,8
2016-11-01,0.6653403,0.0979551598,-0.25531282041342473,0.013426707302070576,0.672512399986449,0.25566562681837607,5,8
2016-11-02,0.88155407,0.0920310467,-0.39256169788363926,0.015821195870436348,0.8863449057168786,0.392880384957122,5,8
2016-11-03,0.95782918,0.16199212,-0.635699744841057,0.4254901145093644,0.971430998579707,0.7649549026813129,5,8
2016-11-04,1.314901,0.24677578,-0.5695439287991296,0.30473723165737854,1.3378575878603853,0.6459450961112336,5,8
2016-11-05,1.4087994,0.45697033,-0.15952738558347432,0.34474252559869256,1.4810596314600804,0.3798636541013942,5,7
2016-11-06,1.0911046,0.98714727,-0.18081585593846441,0.1765681522474582,1.4713833561684777,0.25272650463859364,5,8
2016-11-07,0.44003323,1.4965435,0.037194326768012674,0.367933735208665,1.5598947691740244,0.3698089391135992,6,6
2016-11-08,-0.0244817343,1.9567775,0.3673905877880707,0.4137846223532448,1.9569306425677395,0.5533475921076024,7,6
2016-11-09,-0.37373725,2.0242918,0.4278099379023625,0.5339578674226555,2.0585035398523854,0.6842019783299179,7,6
2016-11-10,-0.84788418,2.0206692,0.3121130962004729,0.5718896974152904,2.191349264385509,0.6515154724406766,7,6
2016-11-11,-1.3632931,1.7565541,0.5173702848828723,0.7736838419242087,2.223522067067116,0.9307301966383106,7,6
2016-11-12,-1.9137734,1.3168172,0.40320659110678087,0.9991213417051319,2.323044589490998,1.077413110446784,8,6
2016-11-13,-1.9500198,0.93697971,-0.3585524276967842,1.164700226207625,2.1634482192425417,1.2186412352843434,8,7
2016-11-14,-1.852049,0.44678453,-1.0429256561442901,0.8295546620250172,1.9051776596024637,1.3326120446444414,8,8
2016-11-15,-1.5485413,0.2054604,-1.2088009019625838,1.012975545452942,1.5621120746520878,1.577123671837831,8,8
2016-11-16,-1.4764134,-0.13626827,-1.228632434636122,0.8026112072526528,1.4826886285084786,1.4675566120076748,1,8
2016-11-17,-1.5317581,-0.43157926,-1.3456317895722272,0.6007471835057048,1.591396724446094,1.4736424571779247,1,8
2016-11-18,-1.4185306,-0.99878687,-1.4808057922934115,0.16900619899560768,1.734878749313841,1.490419031611131,1,8
2016-11-19,-0.96971548,-1.266965,-1.442126521042501,-0.3812124243690993,1.5954774907144977,1.4916607574068286,2,1
2016-11-20,-0.68454504,-1.4131882,-1.127603253446917,-0.40714469957519345,1.5702556481056966,1.198856081260902,2,1
2016-11-21,-0.31381536,-1.386571,-0.8638957086045207,-0.6105657407133648,1.421639623186175,1.0578782156175477,2,1
2016-11-22,0.0275238324,-1.2487819,-0.5806078736523648,-0.5327329857701212,1.2490851832911931,0.7879783861722784,3,1
2016-11-23,0.22555789,-1.0514522,-0.5118844184282828,-0.9712087093074613,1.0753734656509302,1.097848812389177,3,2
2016-11-24,0.25957191,-0.89319909,-0.48763634058181515,-1.1432175034057235,0.9301517031312022,1.2428738716174057,3,2
2016-11-25,0.44862151,-1.1302538,-0.04907242461525429,-1.4627596035669927,1.2160324467912524,1.4635825090117351,3,2
2016-11-26,0.5606516,-1.2005966,0.5185000987643195,-1.1472979710492301,1.3250518527643058,1.2590214401638635,3,3
2016-11-27,0.55266738,-0.99084294,0.6038498297447107,-1.1078063045029791,1.1345532004555396,1.261693078834652,3,3
2016-11-28,0.45119157,-0.5322085,0.7639088700311983,-0.8399945146382667,0.6977246737154383,1.1354063353419865,3,3
2016-11-29,0.0992508084,-0.21830449,0.7948801390647112,-0.564173904291385,0.2398073671141352,0.9747443920140908,3,4
2016-11-30,-0.0906098187,-0.10600825,0.5945608537849101,-0.4277299234551754,0.1394556858392994,0.732431222895646,2,4
2016-12-01,-0.34893608,0.0618243366,0.41680712873964665,-0.46687828200240233,0.3543707613810661,0.6258622154865263,8,3
2016-12-02,-0.50759935,-0.14348631,0.9004749360146876,-0.5325222083946393,0.5274897357085147,1.046152480675814,1,4
2016-12-03,-0.39304027,-0.31468928,1.0925423387461695,-0.3261079965638321,0.5034977624464595,1.1401733146218718,1,4
2016-12-04,-0.30167982,-0.29486904,0.7464981790989789,-0.308245423751152,0.4218512350885724,0.8076352968151023,1,4
2016-12-05,-0.16782834,-0.30118787,0.15918331789473697,0.06421925247003622,0.34479049398481465,0.17164918025958395,2,5
2016-12-06,-0.21857958,-0.54681355,-0.3426848745732559,-0.21584839603023068,0.588882069056767,0.40499809052650043,2,1
2016-12-07,-0.1384806,-0.66291529,-0.18982877913131374,-0.26592445782410834,0.6772248949146392,0.32672738277581065,2,2
2016-12-08,0.26059577,-0.7814253,-0.269404806446938,-0.22982928213917275,0.8237327569193682,0.35411925768774505,3,1
2016-12-09,0.62226415,-0.65166259,-0.19079670606318358,-0.5146168083064628,0.9010420653780437,0.548847740667748,3,2
2016-12-10,0.88929194,-0.41437289,0.22669152181077273,-0.37930244184810263,0.9810938010791403,0.44188164529975366,4,3
2016-12-11,0.56220424,-0.20846342,0.17699405279011507,-0.20856356044335636,0.5996087098700902,0.2735427817871998,4,3
2016-12-12,0.28989711,0.0952384099,0.1869861340556317,-0.19221376816520705,0.30514044161112525,0.26816030094206456,5,3
2016-12-13,0.19998395,0.0762990415,0.3013861154809907,-0.5688468758947695,0.2140446775591984,0.6437548903270253,5,3
2016-12-14,0.11587904,0.25938109,0.5284026449566611,-0.4728370615766227,0.2840888976375347,0.7090728044408487,6,4
2016-12-15,0.13505098,0.31603649,0.8856792016141344,-0.16227657286951044,0.3436827464544598,0.9004228641444663,6,4
2016-12-16,0.35451138,0.3254844,0.8916876077072308,0.16417022582196947,0.48126750689493303,0.9066745021147781,5,5
2016-12-17,0.50420195,0.46154237,0.7066474594846237,0.46503882410743197,0.6835502656637765,0.8459383783250976,5,5
2016-12-18,0.38390523,0.63985842,0.09676430129648879,0.17449198910074365,0.7461916799765657,0.19952639992174395,6,6
2016-12-19,0.36246932,0.77172208,-0.2683553901858999,0.10422028767667203,0.8526071643499067,0.28788276052107536,6,8
2016-12-20,0.55826092,0.79894871,-0.025680455804860666,-0.00886195046701509,0.9746662485230062,0.027166523083111516,6,1
2016-12-21,0.65179598,0.85699677,-0.014964945504808081,0.2225757428335424,1.076699337482193,0.2230782618093145,6,7
2016-12-22,0.62609565,0.79067367,-0.047784567197259105,0.27087129363885865,1.0085438093509826,0.2750538539628524,6,7
2016-12-23,0.6033048,0.5127238,0.18460843724267625,0.46657880655994255,0.7917464093947505,0.5017729146058837,5,6
2016-12-24,0.39899734,0.60426277,0.11200546782574039,0.6330286322952179,0.7241079840294183,0.642861162404774,6,6
2016-12-25,0.29048702,0.43238595,-0.20606256315629218,0.6406158380442448,0.5209033677620859,0.6729416259139206,6,7
2016-12-26,0.4241755,0.26339358,-0.28599964697294594,0.6631714165079504,0.49930054354613557,0.7222133519548162,5,7
2016-12-27,0.38066173,0.44963309,-0.09437401241610732,0.8006714435799979,0.5891292458446966,0.8062141246492728,6,7
2016-12-28,0.39252049,0.46798697,-0.10789575260441672,0.877097256542791,0.610806138770413,0.8837087138107014,6,7
2016-12-29,-0.1162056,0.1799871,-0.17974109109733083,0.7742229617451624,0.21424074691283637,0.794813219770727,7,7
2016-12-30,-0.0795709789,-0.22039771,0.01568174206416667,0.4497042002104276,0.23432176863524298,0.4499775380183631,2,6
2016-12-31,-0.0393901356,-0.79971486,-0.19424296142775072,0.4422800260227438,0.8006843573390241,0.4830548100194238,2,7
2017-01-01,0.0232087448,-1.084481,-0.21144278806537067,0.16181547544690386,1.0847293142513443,0.2662560810929298,3,8
2017-01-02,0.14207736,-1.0952809,0.249773430378618,0.2656334098777371,1.1044574351822614,0.3646201790444081,3,6
2017-01-03,0.26275563,-0.77481502,-0.02979250396343991,0.4675108696326839,0.8181557530900198,0.46845918340568365,3,7
2017-01-04,0.48168182,-0.50066417,-0.15178703588599035,0.42638246937989494,0.6947531841167057,0.4525939841155116,3,7
2017-01-05,0.46654615,-0.0233876463,-0.2955258377867137,-0.29577710823911574,0.46713198571632447,0.4181143606213886,4,2
2017-01-06,0.46539673,0.36346185,0.270776217001712,-0.32420377233197784,0.5905070979252623,0.4224072036412769,5,3
2017-01-07,0.42536259,0.49329212,0.6306495749246357,-0.5844830302034264,0.6513604598266635,0.8598484162620776,6,4
2017-01-08,0.60323942,0.58537626,0.9040028003477392,-0.6546378263614724,0.8405731161615412,1.1161414546283226,5,4
2017-01-09,0.93067533,0.52008098,0.8625642875499643,-0.5684990992234421,1.0661335730706398,1.0330577795914624,5,4
2017-01-10,1.0011299,0.54475135,0.5110392115542951,-0.18600879173906143,1.1397434404289557,0.543838529666905,5,4
2017-01-11,0.80835128,0.74166632,0.38891761893933396,0.18441769005444472,1.0970418050830975,0.4304262988322835,5,5
2017-01-12,0.37133467,0.82245314,-0.061937273922414035,0.48167236208128905,0.9023960353635584,0.4856382298521283,6,7
2017-01-13,-0.0483449586,0.53786588,-0.3433888921287571,0.5700929312563376,0.5400342025188869,0.6655237647942096,7,7
2017-01-14,-0.48127759,0.50298268,-0.2480957282197523,0.4778039314390142,0.696146317246734,0.5383754147985096,7,7
2017-01-15,-0.65491223,0.39763361,-0.007712425118660011,0.6874423653142944,0.7661739468327052,0.6874856268534802,8,7
2017-01-16,-0.85678035,0.16097535,0.2506272513127719,0.8149497213302715,0.8717715477427243,0.8526177733292232,8,6
2017-01-17,-1.4724231,-0.29870087,0.20922015879038375,0.8383776206168665,1.5024153870193047,0.8640891791912869,1,6
2017-01-18,-1.8800431,-0.53380787,-0.20303984592557986,0.8270633622204454,1.954357413558622,0.8516213854529904,1,7
2017-01-19,-1.8728443,-0.8336603,-0.5490509103469586,0.3649934088153461,2.050008601893802,0.6593004555067973,1,8
2017-01-20,-1.936529,-1.2937129,-0.41403967691530774,-0.17260262487405215,2.3289134023117755,0.4485761029898329,1,1
2017-01-21,-1.7792786,-1.5421368,-0.3953195635783688,-0.09274583129726804,2.3545738991019585,0.4060533789673634,1,1
2017-01-22,-1.1308229,-1.5739865,-0.45542381364392215,-0.19285818670063384,1.9380902799783761,0.494575707259698,2,1
2017-01-23,-0.7347396,-1.6321745,-0.37092289370132375,-0.47518344443777827,1.7899262214567422,0.6028126565853728,2,2
2017-01-24,-0.40677676,-1.380674,-0.6255662947686716,-1.1039017046070287,1.4393498625254728,1.2688310220769778,2,2
2017-01-25,-0.4595103,-1.364442,-0.6999546117897124,-1.2075939763737658,1.4397401457103605,1.395786398536642,2,2
2017-01-26,-0.18778442,-1.5077314,-0.44519698508533256,-1.295903938411538,1.519380453652309,1.3702435451844337,2,2
2017-01-27,0.28244421,-1.3759425,-0.15248224499684482,-1.5208782558095726,1.404632512463233,1.5285030271588098,3,2
2017-01-28,0.5244841,-1.1571758,0.055494730429211506,-1.4413913123458282,1.2704878603349385,1.4424592127375524,3,3
2017-01-29,0.54110479,-0.80839443,0.4892872883986214,-1.120410479649468,0.9727774402277064,1.222588112774219,3,3
2017-01-30,0.72853452,-0.58712924,0.6365798565443287,-0.9963808903467636,0.9356726410954891,1.1823742184292616,4,3
2017-01-31,1.0013365,-0.66808379,0.5303502533832061,-0.5653097868068946,1.2037486185632837,0.7751429199336646,4,3
2017-02-01,1.1716491,-0.22876775,0.26151559555982357,-1.0117760962441198,1.193773972312545,1.0450269258023928,4,3
2017-02-02,1.3424168,0.22273663,0.8542439114931865,-0.9158221253342184,1.3607698083312978,1.2523828590230959,5,3
2017-02-03,1.6258032,0.72773623,1.1397876653894379,-0.14586036532414362,1.781245649983419,1.1490827508697525,5,4
2017-02-04,1.5214813,1.1959196,0.8810497582782317,-0.02024392874303751,1.9352335869124044,0.8812823005218496,5,4
2017-02-05,1.5518426,1.5649576,0.47127083369923545,0.12051441649311184,2.2039300680766893,0.48643593954214326,6,5
2017-02-06,1.4254225,1.7811962,0.5878766650149085,0.3310065467248366,2.2813349614646,0.6746586598004597,6,5
2017-02-07,0.88315535,2.10905,0.9954052039681782,0.24046176867804192,2.2864941011805873,1.0240377836206547,6,5
2017-02-08,0.26045376,2.3385034,0.6735643172435813,0.8237041802741982,2.3529628796285116,1.0640382822365937,6,6
2017-02-09,-0.42730224,2.4642186,0.285065278898646,1.1024392047132583,2.5009919058035712,1.138698561219063,7,6
2017-02-10,-0.81190515,2.2515163,0.19167864226602555,1.388455105915407,2.393431766681936,1.401623445524336,7,6
2017-02-11,-1.319954,2.2088087,-0.17104097985129982,1.5022182654990648,2.57315262573204,1.511924182618795,7,7
2017-02-12,-1.9481953,2.2211897,-0.32609260629254383,1.596393644850119,2.9545132611528726,1.6293584802604097,7,7
2017-02-13,-2.5925009,2.0228112,-0.419588159567545,1.6164873147767505,3.288286190000233,1.6700555267665291,8,7
2017-02-14,-3.230495,1.5964087,-0.9033017288809885,1.5023919738881926,3.603417639194864,1.7530361252989175,8,7
2017-02-15,-3.5127048,1.1687969,-1.3277203482825346,1.1889517407881134,3.702050945812692,1.7822591184130832,8,8
2017-02-16,-3.4605727,0.71678597,-1.5352471845205502,0.9282426206339697,3.5340268163631885,1.794050802050961,8,8
2017-02-17,-2.9907541,0.0809327215,-1.4310705322037853,0.6077998280793491,2.9918489587671715,1.554793715949261,8,8
2017-02-18,-2.3567204,-0.41378695,-1.5091550460756091,0.5562953506850941,2.392770503781435,1.6084195566733595,1,8
2017-02-19,-1.8574938,-0.65263826,-1.9380101904158709,0.27629854113771396,1.968811802954835,1.957606799638423,1,8
2017-02-20,-1.5092002,-0.93204904,-2.0259278596767065,-0.20818399321738898,1.773809644985888,2.0365962456132976,1,1
2017-02-21,-1.4024475,-1.0990807,-2.002100134567303,-0.7697102169566962,1.7818073339642364,2.1449612506807525,1,1
2017-02-22,-1.5329927,-1.56464,-1.9255895955378917,-0.9379247783675699,2.1904713985471918,2.1418679185046954,2,1
2017-02-23,-1.6275885,-1.899541,-1.6624289220093196,-1.1158667096587154,2.5014596410922265,2.0022058921243926,2,1
2017-02-24,-1.5650311,-2.0395699,-0.9180295679696636,-1.4776087916928604,2.5708301618257905,1.739570645002554,2,2
2017-02-25,-1.1749581,-2.0539229,-0.31545906387892386,-1.3665088408375454,2.3662472009280897,1.4024481569992309,2,2
2017-02-26,-0.93736804,-2.4741917,-0.18083137913972644,-1.2190033065232144,2.645804870122196,1.2323429104742336,2,2
2017-02-27,-0.57535195,-2.4435756,-0.0878392681068102,-1.3141262843312587,2.5103966975926655,1.3170587033962535,2,2
2017-02-28,-0.31846079,-2.4399614,-0.02602714063304549,-1.4009698020674426,2.4606561946475547,1.4012115466104402,2,2
2017-03-01,0.041039858,-2.0677199,0.11939690441277746,-1.76597503457995,2.0681271370011736,1.7700066224573878,3,3
2017-03-02,0.55731189,-1.6217589,0.337292566122661,-1.741239703747146,1.7148464865592437,1.7736070537373994,3,3
2017-03-03,0.58729517,-1.4084132,0.41479156518156546,-1.6324489468022756,1.5259565389091423,1.6843222988673017,3,3
2017-03-04,0.814978,-1.2418245,0.688789197870931,-1.441015703943646,1.4853677084426773,1.5971715055421825,3,3
2017-03-05,0.97429901,-0.99272978,1.04109013483141,-1.6308968479496946,1.3909604512658973,1.9348625784524163,3,3
2017-03-06,1.0115917,-0.85477859,1.3323766955390497,-1.2652301319719583,1.3243731367825604,1.8373989620290245,4,4
2017-03-07,0.81091553,-0.76595938,1.2698049743087336,-1.2575238615984774,1.1154719936444686,1.787112457364883,4,4
2017-03-08,0.67719752,-0.5858444,1.2311796603893774,-0.6517474051407207,0.8954385194448083,1.3930463151899026,4,4
2017-03-09,0.55699134,-0.76473391,1.0941403610911145,0.0008534079819986894,0.9460746830662385,1.0941406939117921,3,5
2017-03-10,0.57656431,-0.84089559,0.7597765280536282,-0.2791156185700468,1.019574321394583,0.809423190371369,3,4
2017-03-11,0.66174442,-0.65585923,0.976547894245519,0.07614182013038721,0.9316957695392468,0.9795118000964183,4,5
2017-03-12,0.77648866,-0.41168678,0.8949918661585198,0.3831334891771631,0.8788746463150271,0.9735510829016509,4,5
2017-03-13,0.61342508,-0.132358,0.768693545379721,0.2574426934390656,0.6275420057151604,0.8106580704055231,4,5
2017-03-14,0.17833252,-0.0272048786,0.6086215242274382,-0.061977609159738795,0.18039565712397607,0.6117690608310358,4,4
2017-03-15,0.0921617299,0.0135559663,0.4980023844689921,0.05056299366038101,0.09315336107992718,0.5005626746619264,5,5
2017-03-16,0.36730328,-0.0755541846,0.6965253153276084,-0.4171295129658716,0.37499351235631967,0.8118771738873866,4,4
2017-03-17,0.37253749,-0.28924218,0.9909985290388256,-0.1980168939860479,0.4716409864999569,1.0105883310532522,4,4
2017-03-18,0.24483694,-0.50664115,0.8628197174898053,0.1555856064166532,0.5626991932301717,0.8767352769298297,3,5
2017-03-19,0.1757993,-0.36039054,0.6705284695979288,0.4118375708458942,0.40098221307432275,0.7869044499185319,3,5
2017-03-20,0.36256284,-0.41969484,0.2299637617900945,0.3554057374289553,0.5546129926998566,0.42331615836638087,3,6
2017-03-21,0.40234786,-0.32761365,-0.20381857823397603,-0.1493443551884426,0.5188588479662866,0.2526771641046557,4,1
2017-03-22,0.30528352,-0.24052258,0.08108875432036217,-0.05897262197792546,0.38865040727297173,0.10026542883855508,4,4
2017-03-23,0.21451934,-0.0216736179,0.5599266476304859,0.2052350149743889,0.2156114397403598,0.5963549799391734,4,5
2017-03-24,0.4288553,0.0715192854,0.598766115925634,0.05881863705846435,0.43477796232354815,0.6016481477126686,5,5
2017-03-25,0.48765695,-0.18617451,0.5565125602870311,-0.2929546468266796,0.5219868284325214,0.6289106890923154,4,4
2017-03-26,0.31837198,-0.5578056,0.42420535485787153,-0.10699891653254387,0.6422677051202874,0.43749165846817123,3,4
2017-03-27,0.442267,-0.74769688,0.606625760976169,-0.001499977798504539,0.8687063506448738,0.6066276154390865,3,4
2017-03-28,0.39531288,-0.53453201,0.5787301196609069,0.14487242943164477,0.6648283558998777,0.5965874388655484,3,5
2017-03-29,0.099366568,-0.0875166357,0.2529259712221969,0.02753709493453723,0.13241176820941988,0.25442059373432274,4,5
2017-03-30,-0.1818625,-0.1034177,0.01704868107009393,0.14168965507256098,0.20921087347348846,0.1427116529257898,1,6
2017-03-31,-0.16798721,0.0181210041,0.2344212684738687,0.38510705280744,0.1689617516279241,0.45084451115094,8,6
2017-04-01,0.21233492,-0.0150441965,0.46801709294916327,0.1216613657205669,0.2128672029687453,0.48357159470090805,4,5
2017-04-02,0.0375066809,-0.28054324,0.5471289496282075,-0.2982091756423533,0.2830393269880213,0.6231202130877777,3,4
2017-04-03,-0.0676359534,-0.0502932966,0.9136512326327166,-0.2479724515831859,0.08428545470733692,0.9467042366206343,1,4
2017-04-04,-0.0135031659,0.0423221812,0.6379846613937967,-0.040142656589328446,0.04442412082246036,0.6392463226736672,7,4
2017-04-05,0.15798803,0.2199492,-0.26208664894100286,0.06743897585111683,0.27080965308482063,0.2706241434480154,6,8
2017-04-06,-0.1510506,0.36537194,-0.317119179028917,-0.3325373663199942,0.3953643108573706,0.4595059017107531,7,2
2017-04-07,-0.48442781,0.46994522,-0.056731584081860194,-0.02523960446710844,0.6749213383070982,0.06209275534306118,8,1
2017-04-08,-0.43395612,0.44379011,0.2916480733482657,0.2511433950371245,0.620699263588468,0.38487868680732185,7,5
2017-04-09,-0.0167204533,0.50681478,0.21035359176114243,-0.1876441158644031,0.5070905193207678,0.2818846355964562,7,4
2017-04-10,0.29002467,0.37485245,-0.0652222779212706,-0.011304964617840977,0.4739500696060835,0.06619477141172177,6,1
2017-04-11,0.35351864,0.42035127,-0.11704361399089523,0.055869013427467695,0.5492454997704237,0.12969407942311112,6,8
2017-04-12,0.22252662,0.67891508,0.03447446898851184,0.34979887329638326,0.7144534851619319,0.3514935856761245,6,6
2017-04-13,-0.34448963,0.83233839,-0.34965494148904225,0.14089309174120085,0.9008109128142981,0.37697405933047967,7,8
2017-04-14,-0.71481824,0.82749581,-0.6301614016208579,-0.048879480772756626,1.0934872801291535,0.6320542664466228,7,1
2017-04-15,-1.0398495,0.82836342,-0.4327253341292142,0.038374375046999296,1.329463402371177,0.434423534649641,8,8
2017-04-16,-1.275208,0.59058619,-0.03578710667044303,0.44089689696718404,1.4053282502969602,0.44234691222968126,8,7
2017-04-17,-1.1317135,0.4474476,0.14075404773520026,0.47957778440575466,1.2169571893982178,0.499806515813245,8,6
2017-04-18,-0.99340183,0.41429198,-0.04070007275309493,0.4968432346308075,1.0763294293754442,0.49850746806894564,8,7
2017-04-19,-0.82389444,0.36128706,-0.39155385628494066,0.5501649920890849,0.8996279164112001,0.6752747151285844,8,7
2017-04-20,-0.54649031,0.38052651,-0.8718696690215748,0.16588592606658997,0.6659219802174097,0.8875104845728643,8,8
2017-04-21,-0.29901487,0.53644383,-0.9446600235173285,-0.0371035395479109,0.6141513455380406,0.9453884030803122,7,1
2017-04-22,-0.0477861725,0.60452908,-0.9503642466492792,-0.10587383080917621,0.6064148141724822,0.956243415328682,7,1
2017-04-23,-0.0236726627,0.72143382,-0.9215061668557727,-0.4178249763352583,0.7218221052302987,1.011805972705626,7,1
2017-04-24,-0.15741903,0.79671454,-0.6466643292422837,-0.17741811413370998,0.8121174848835312,0.6705609159033464,7,1
2017-04-25,-0.17446285,0.92963719,-0.6335921786489066,-0.07606046872112969,0.9458660534458453,0.6381412412210529,7,1
2017-04-26,-0.28330523,0.96552116,-0.5883681582508914,-0.10297885094285343,1.0062270935296358,0.5973120904393753,7,1
2017-04-27,-0.42852414,0.93964553,-0.40384500142291596,0.06627910046418073,1.032747142630625,0.4092477297830936,7,8
2017-04-28,-0.71290493,1.0211898,-0.37189705683254454,0.2450069782410801,1.2454164150364908,0.4453491217769874,7,8
2017-04-29,-0.95664465,0.9816314,-0.2788169809924769,0.3358562858084558,1.3706820170409995,0.4365069914752917,7,7
2017-04-30,-1.3515515,1.1202095,-0.3922882921365564,0.4126429515575036,1.7554374899273686,0.5693542918232061,8,7
2017-05-01,-1.5358673,1.0819966,-0.6246228789416847,0.2928164934534738,1.8787243027173652,0.6898516070400842,8,8
2017-05-02,-1.633828,0.79731673,-0.6384632934033005,0.40467977751322326,1.817995572470377,0.7559107747290952,8,8
2017-05-03,-1.7943318,0.72823703,-0.6854674271853419,0.35035601776199615,1.9364802556066667,0.7698148692472341,8,8
2017-05-04,-1.8946173,0.49550033,-0.7458859996440792,0.25320390283523325,1.9583399323124162,0.7876916534254006,8,8
2017-05-05,-2.1014626,0.36199665,-0.9549363827527773,0.19287826631448593,2.1324133355918553,0.9742204682316219,8,8
2017-05-06,-1.9464513,0.32303935,-1.0694176291835868,-0.006724005676377285,1.9730755395879078,1.0694387677006008,8,1
2017-05-07,-1.7601914,0.24667497,-1.3080013962054324,-0.055247248831531134,1.777391995441203,1.3091676405177504,8,1
2017-05-08,-1.8040683,0.0835300684,-1.3675850058772134,-0.1850293127541634,1.8060010253019787,1.38004514233356,8,1
2017-05-09,-1.7914004,-0.17053941,-1.1220108332558474,-0.42988862207959716,1.7994996758775224,1.2015458948109206,1,1
2017-05-10,-1.7808001,-0.61467725,-1.2117338597964036,-0.4564696645290642,1.8838994447229853,1.2948604178104939,1,1
2017-05-11,-1.5832452,-0.73877555,-1.2131609175586635,-0.7164484416769851,1.7471275501808223,1.408920786088827,1,1
2017-05-12,-1.2709848,-0.71028125,-1.1984765075417272,-0.9322282108869521,1.4559882609185426,1.5183528497364844,1,1
2017-05-13,-0.64367312,-0.78885007,-1.0533300892676076,-0.7196591077491021,1.0181353143612784,1.2757011830059342,2,1
2017-05-14,-0.2270945,-1.099304,-0.855327200606183,-0.7050914159872462,1.1225155661932935,1.10848478789549,2,1
2017-05-15,0.15227918,-1.3429394,-0.8537071646270783,-0.9806209928037243,1.3515454786035992,1.3001667025666237,3,2
2017-05-16,0.47560543,-1.204491,-0.6676305810092283,-1.1328313492582585,1.2949899976936057,1.3149286895345338,3,2
2017-05-17,0.62035835,-0.94650054,-0.3754345521305409,-1.3583607417367451,1.1316835929865794,1.409288830447847,3,2
2017-05-18,0.47515669,-0.75075978,-0.18740798225473873,-1.073068585501177,0.8884898014706778,1.0893107642001383,3,2
2017-05-19,0.56801587,-0.5454787,-0.12713626705649564,-0.8066263087374899,0.7875208192330834,0.8165841244774044,4,2
2017-05-20,0.72256178,-0.43763772,0.42341516708496024,-0.5502170110538696,0.8447616823007343,0.6942759991319294,4,3
2017-05-21,0.51634192,-0.43521485,0.7786048850617948,-0.6356869369008857,0.6752932281681854,1.0051484710173526,4,4
2017-05-22,0.45784864,-0.13258065,1.2044194560034185,-0.45817291847163216,0.47665816462562777,1.2886227722729346,4,4
2017-05-23,0.19689898,0.12086691,1.1288513158668072,-0.15329682086288884,0.23103683311971818,1.1392125388271017,5,4
2017-05-24,-0.0284003969,0.0686781779,0.8244491754940518,-0.013217316434891015,0.07431873696277122,0.82455511666993,7,4
2017-05-25,-0.22295119,-0.245829,0.44373177736556424,-0.24937609454381535,0.33187215966907513,0.5090052325604606,2,4
2017-05-26,-0.35607946,-0.86026919,0.569770630377604,0.09436935450855383,0.9310508370100677,0.5775328097270781,2,5
2017-05-27,-0.37670729,-1.3845389,0.6835404416153151,0.2515172039739495,1.4348715440597302,0.7283463731072829,2,5
2017-05-28,0.0260275993,-1.6474251,0.4271277246122177,-0.11709007832582001,1.6476306916403722,0.442886192576329,3,4
2017-05-29,0.30675083,-1.768461,0.22551791993963857,0.28952467149375655,1.794867789066005,0.3669916451603073,3,6
2017-05-30,0.73338318,-1.7141652,-0.19179950785569214,0.09534748389443409,1.8644605712103308,0.2141919557282324,3,8
2017-05-31,1.0775679,-1.4303081,-0.09768118707572584,-0.2129532362173722,1.7907914004808096,0.23428763331421246,3,2
2017-06-01,1.1875851,-1.0597874,0.2298024580821831,-0.4573374566974718,1.591699627109578,0.5118268447816364,4,3
2017-06-02,1.05101,-0.5621103,0.5524834670392421,-0.924423629722801,1.1918850655436917,1.0769387301706534,4,3
2017-06-03,0.94629306,-0.00361666759,1.012211716354169,-1.1727805598626129,0.9462999713032967,1.549189078297519,4,3
2017-06-04,0.82264394,0.45374608,1.4884655649409202,-0.8082753987728125,0.9394831329694482,1.6937646997963565,5,4
2017-06-05,0.54605889,0.53772223,1.4854985099020162,-0.6686909310134083,0.7663716513443103,1.629065187198072,5,4
2017-06-06,-0.13102119,0.29505053,1.555139837959101,-0.36077778574840796,0.32283334320094165,1.5964399538651566,7,4
2017-06-07,-0.20336658,0.0171857327,1.3922211189198956,0.11709165343758439,0.20409143850081574,1.3971363925083742,8,5
2017-06-08,-0.32124171,-0.000157517512,0.9751132393866877,0.371362166580067,0.3212417486185298,1.0434345635420752,1,5
2017-06-09,-0.696675,-0.0127582457,0.3381496920929218,0.5085789278138352,0.6967918114174001,0.6107354092230186,1,6
2017-06-10,-0.92739266,0.0387489721,-0.07408394710875967,0.7465278702931839,0.9282018253918067,0.750194836255016,8,7
2017-06-11,-1.1516075,-0.14533575,-0.27554191453431265,0.8314181283665357,1.160742139445412,0.8758878072229044,1,7
2017-06-12,-1.438289,-0.43149304,-0.31149355892763403,0.3873039000974299,1.5016196226373182,0.49702368986204604,1,7
2017-06-13,-1.5112339,-0.79679155,-0.3965295956212508,-0.42926573714627564,1.7084216911115981,0.5843841145097016,1,2
2017-06-14,-1.6334218,-0.89278632,0.16369739902010477,-0.2718865664092391,1.8614870909824712,0.31736279466842515,1,3
2017-06-15,-1.4584339,-0.88903886,0.07654186211255809,-0.1524892208106725,1.7080455307922298,0.17062127393471158,1,3
2017-06-16,-1.2601182,-1.0458149,-0.3463596260766306,-0.449487259086521,1.6375673064131593,0.5674537749077511,1,2
2017-06-17,-1.2346991,-0.91691518,-0.46006414415758845,-0.462492475078904,1.5379256532275032,0.6523483013268794,1,2
2017-06-18,-1.026479,-1.0060526,-0.45186774434210364,-0.7697558034124066,1.4372894528965834,0.8925852649825115,1,2
2017-06-19,-0.91015822,-0.8231678,-0.4386106612758884,-1.0573225438413865,1.2271891510237567,1.144687849983607,1,2
2017-06-20,-0.76010734,-0.51746601,-0.2188340601483481,-1.218901576748366,0.9195293577842937,1.238389841560671,1,2
2017-06-21,-0.5415141,-0.50534087,-0.31525947558986533,-1.1528472822814677,0.7406800357719702,1.1951758837982647,1,2
2017-06-22,-0.59015357,-0.39768943,-0.31646220963446614,-1.0014625805148984,0.7116446577593833,1.0502740738960894,1,2
2017-06-23,-0.64107424,-0.15447092,-0.00919442723683186,-1.1058229337865066,0.6594220547701025,1.1058611569181775,1,2
2017-06-24,-0.5460133,-0.19326182,-0.2221562644970498,-0.8470151887107352,0.5792069188524965,0.8756643967650881,1,2
2017-06-25,-0.12584224,-0.35050136,-0.02439597819754488,-0.9456127541765882,0.3724076700741637,0.945927399229797,2,2
2017-06-26,-0.0822565407,-0.55271322,-0.04444157551738768,-0.6136544030342781,0.5588005386993637,0.6152615541359819,2,2
2017-06-27,-0.2731449,-0.93178916,-0.2566412654694017,-0.33972296139243063,0.9709990602928077,0.4257656980534938,2,2
2017-06-28,-0.18512386,-1.1095046,0.004473646789963809,-0.4278951743571255,1.1248427894432447,0.4279185597210247,2,3
2017-06-29,-0.0169224199,-1.055653,-0.07803470651434205,-0.3700358250724878,1.0557886269061016,0.3781744666921027,2,2
2017-06-30,-0.0375124924,-0.93970782,-0.25478308743163014,-0.25415166566363734,0.9404562584486386,0.359871492064591,2,1
2017-07-01,-0.21294537,-0.92071056,-0.04520675867323725,-0.33817191222797455,0.9450151670211174,0.34118014779536227,2,2
2017-07-02,-0.40704432,-0.77475709,0.5527041417577606,-0.09608383953448134,0.8751763404877503,0.5609937366280222,2,4
2017-07-03,-0.27333507,-0.7222113,0.5975607498160792,-0.2609358899881975,0.772205427551241,0.6520478421133586,2,4
2017-07-04,-0.0321886986,-0.91012651,0.6012804557924728,-0.9104560596575006,0.9106955454609085,1.0910858917083779,2,3
2017-07-05,0.19831897,-1.0262388,0.9805521623352202,-0.7675620152135235,1.0452255682326668,1.2452445503831453,3,4
2017-07-06,0.19463062,-1.1046995,0.9591792565329034,-0.48440708398245036,1.1217138955820394,1.0745580808757589,3,4
2017-07-07,0.15168466,-1.2032959,0.5848444663683965,-0.5210309425892691,1.2128187247219289,0.78327280878197,3,4
2017-07-08,0.0281139426,-1.019027,0.3637040817218907,-0.7678277362645721,1.0194147441044377,0.8496117299321739,3,3
2017-07-09,-0.0923551768,-0.61388963,0.1479540614165016,-0.6585237717998886,0.6207978386747944,0.6749399694159398,2,3
2017-07-10,-0.19343828,-0.41292021,0.3038556504239558,-0.4991600307028083,0.45598406550646314,0.5843705952097468,2,3
2017-07-11,-0.071484454,-0.57488889,0.7572827661491559,-0.5661398801760733,0.5793162029575128,0.9455112647833953,2,4
2017-07-12,0.0734323859,-0.5751065,0.9964503730334953,-0.3318906384706926,0.5797756476786659,1.0502688902481478,3,4
2017-07-13,0.3069652,-0.91691554,0.829149983681999,-0.586207217926314,0.9669341970912662,1.0154450245034283,3,4
2017-07-14,0.36774629,-1.1327924,0.8518787020338474,-0.7915975939511735,1.1909894858085541,1.1628946958895976,3,4
2017-07-15,0.54526782,-1.0724343,0.5730075917135953,-0.5927863631823561,1.203092815764454,0.8244594426267302,3,3
2017-07-16,0.77182138,-1.1019713,-0.014820720309267814,-0.3021484752286042,1.3453806110721211,0.30251174329843133,3,2
2017-07-17,0.83347023,-1.1989553,-0.15492312632360758,-0.394665767217551,1.4601939719415167,0.423983776674649,3,2
2017-07-18,0.65671957,-0.94925517,0.38327390339149314,-0.5020539008988276,1.1542815823674542,0.6316304334250222,3,3
2017-07-19,0.6400969,-0.81688595,0.6143451887482526,-0.19046801684912484,1.0377989673809722,0.6431936538714951,3,4
2017-07-20,0.80902815,-0.78235239,0.8783040359740849,-0.3921626809148909,1.125434053879273,0.961878135685972,4,4
2017-07-21,0.88725168,-0.51005524,1.091679858916514,-0.47325471748597964,1.0234118875185494,1.1898466043934883,4,4
2017-07-22,0.98235857,-0.40383601,1.1021341816346388,-0.2614798983567043,1.0621261144634215,1.1327274568809955,4,4
2017-07-23,0.97766203,-0.00330492272,1.1991349874119515,-0.13029230578370393,0.9776676160218799,1.2061926889937176,4,4
2017-07-24,1.1592029,0.28894672,1.209328017863747,-0.246289441625884,1.1946721602042831,1.2341526420368953,5,4
2017-07-25,1.1086507,0.30075482,0.8016778057260192,-0.22973915891587693,1.148720956700853,0.8339468720086788,5,4
2017-07-26,1.0746646,0.50687021,0.6640461721738203,-0.16884699071857112,1.1882009141044303,0.6851763459529381,5,4
2017-07-27,0.68677032,0.75635821,1.0046485973485504,0.05166996476582165,1.02163164314116,1.0059764358141352,6,5
2017-07-28,0.25864509,1.1763684,0.7443342627889524,0.40528823673259956,1.2044666434151126,0.8475211204420766,6,5
2017-07-29,-0.000734537491,1.2730906,0.6620532204464792,0.3714539093221841,1.273090811903725,0.7591392977934206,7,5
2017-07-30,-0.30136245,1.0454394,0.3721283047050301,0.7219708664772574,1.0880086696999995,0.8122323603529729,7,6
2017-07-31,-0.368999,0.70769978,0.2566225868105861,0.9075253159967848,0.7981223218361008,0.9431104660835977,7,6
2017-08-01,-0.12434813,0.60021228,0.379100644767822,0.7061599840824367,0.612957778723213,0.8014856342958904,7,6
2017-08-02,0.44970378,0.76970863,0.19314221992952033,0.8498618685073445,0.891450988469229,0.8715326228329597,6,6
2017-08-03,0.58829218,0.86505431,-0.29140276785614017,0.6820539862671501,1.0461389239956271,0.7416961731714201,6,7
2017-08-04,0.42091793,0.65192538,-0.7077595218531387,0.6711579836018716,0.7760016784025852,0.9753853493498422,6,8
2017-08-05,0.25868386,0.29161382,-0.678503521694334,0.6118155149700041,0.38981528887345096,0.9136111061658702,6,8
2017-08-06,-0.0843648314,0.17942269,-0.5844761118396777,0.16371295168366945,0.19826731062882386,0.6069713797702548,7,8
2017-08-07,-0.36780253,0.12197597,-0.2802518452201113,0.08987680929829682,0.3875007591371168,0.294310953922751,8,8
2017-08-08,-0.65716267,-0.17800444,-0.02576067396629555,0.4006278014045355,0.6808438554479599,0.4014551626040319,1,7
2017-08-09,-0.69753087,-0.19650894,0.08563296959846885,0.777537277021842,0.7246827430696005,0.7822385970027259,1,6
2017-08-10,-0.5554232,0.0180042181,-0.1003393782652422,0.8980501111952056,0.5557149295885727,0.9036381980905723,8,7
2017-08-11,-0.28580862,-0.0275040995,-0.30222997641267246,0.4238927890941445,0.28712896537202637,0.5206035490547654,1,7
2017-08-12,-0.00280047208,-0.15175737,-0.042020584226924014,-0.03229236900510983,0.15178320721735908,0.052995533724401654,2,1
2017-08-13,0.16077794,-0.19549066,-0.1375204512255658,-0.16009909982319748,0.2531129078847604,0.211053538869836,3,2
2017-08-14,-0.0345081687,-0.0586215556,-0.30913002441872006,-0.287774166010446,0.06802426396508492,0.4223450516107963,2,1
2017-08-15,-0.34306681,0.0412691124,-0.2610265249611752,-0.6154346141119467,0.3455401217830716,0.6685017658768208,8,2
2017-08-16,-0.23517582,0.33670434,-0.1817233500607969,-0.4074401717868109,0.41070363875610844,0.4461287589283893,7,2
2017-08-17,-0.079256475,0.19876444,-0.25948745488923086,-0.06552831420214811,0.21398339056557455,0.26763351659884843,7,1
2017-08-18,-0.17751659,0.1162864,-0.05000290444118957,-0.06813411998560287,0.21221372846775985,0.08451360102827984,8,2
2017-08-19,-0.19356827,-0.0620156825,0.2419478526233381,0.03342128666971042,0.2032599813704943,0.24424525746000372,1,5
2017-08-20,0.00128190219,0.10534714,0.28978358433657064,0.07321423995001365,0.10535493903659347,0.298889361942523,6,5
2017-08-21,0.0884676874,-0.0161630474,-0.17703872309035015,-0.08829917245361424,0.08993206222009348,0.19783693621125148,4,1
2017-08-22,-0.0765085071,-0.18935432,-0.43234954703739176,-0.26321758206976936,0.204226859549211,0.5061715384472872,2,1
2017-08-23,-0.31976908,-0.55562776,-0.34329626138827846,0.18654666750938687,0.6410729070914353,0.39070702865705775,2,8
2017-08-24,-0.54099041,-0.56772679,-0.08780835629851678,0.09291880548428555,0.7842093673220643,0.12784448305841659,2,7
2017-08-25,-0.47996867,-0.68612128,-0.09188005609774642,-0.052395156222883245,0.8373364527180261,0.10576954714919304,2,1
2017-08-26,-0.51108217,-0.89647281,-0.07443561192347653,-0.1788694729173889,1.0319246501374046,0.19373938335859056,2,2
2017-08-27,-0.23560046,-1.1549267,0.04541156625686805,0.21893920329360475,1.178712543042239,0.22359916164587984,2,6
2017-08-28,0.00307064829,-1.2513632,0.06642380064720414,0.08798452151997721,1.2513669674380736,0.11024244790242481,3,6
2017-08-29,0.27356061,-0.93611532,0.035309170064463956,-0.22184433456407285,0.9752678092105134,0.22463669840170267,3,3
2017-08-30,0.57650656,-0.76933128,0.10124108486506715,-0.6782361350173741,0.9613690405403493,0.6857506923860606,3,3
2017-08-31,0.82936954,-0.32860678,-0.01277292891041628,-0.6394514184277054,0.8920965473208491,0.639578974202682,4,2
2017-09-01,0.87204123,-0.19797772,0.06556450621433933,-0.6477705867017766,0.8942321199981084,0.6510802081703099,4,3
2017-09-02,0.84533632,-0.0621475279,0.25228733655293606,-0.8504458094316548,0.8476177258264623,0.887077772782543,4,3
2017-09-03,0.8788566,-0.0538737364,0.6916121473536107,-0.7843215157623699,0.8805062764326309,1.0456995756214371,4,3
2017-09-04,0.71533638,-0.22310401,0.8829298303108469,-0.6129727055748724,0.749320716268798,1.0748491164030978,4,4
2017-09-05,0.51461357,-0.26983461,0.6702860205238829,-0.12403703430083049,0.5810661263419138,0.6816659997299913,4,4
2017-09-06,-0.00272598048,-0.24240902,0.6320893144544005,0.1070703109001594,0.24242434685265782,0.6410935601951487,2,5
2017-09-07,-0.22751237,-0.0993404984,0.4242317951467263,0.6056508465678551,0.24825473434635098,0.7394495006163527,1,6
2017-09-08,-0.13388947,-0.0856252238,0.3027868226838829,0.417001976438272,0.15892787397961688,0.5153353358197227,1,6
2017-09-09,-0.15569118,-0.16717236,0.3093249019391159,0.4210920412303493,0.22844330035648236,0.5224944039386316,2,6
2017-09-10,-0.16263367,-0.22004314,0.41788893734551474,0.3838750788418673,0.2736214430170423,0.5674427196745178,2,5
2017-09-11,-0.2463021,-0.49544236,0.4629739069484103,0.04310384986259309,0.5532882219483618,0.4649761073303146,2,5
2017-09-12,-0.11452715,-0.60074615,0.4144838528605953,-0.04826586308602361,0.611565536003252,0.41728462447303566,2,4
2017-09-13,0.34309825,-0.6844644,-0.03737316508377966,-0.4277015518847136,0.765642164473994,0.4293313067468663,3,2
2017-09-14,0.78193831,-0.72492969,-0.0863693196497339,-0.23547312528483086,1.0662788453726126,0.2508131816874136,4,2
2017-09-15,0.84730572,-0.85870492,0.09103601570709051,-0.08728037515066603,1.2063586211309325,0.12611669216349844,3,4
2017-09-16,0.73424584,-0.85675329,0.15211686655492984,-0.17853714165704243,1.1283364540256289,0.23455287685627982,3,3
2017-09-17,0.59884471,-0.52946204,0.14253565661067755,-0.1802221010351477,0.7993403771210019,0.22977471381107187,4,3
2017-09-18,0.37035999,-0.13482079,0.24250516246749027,-0.5305656497119859,0.39413597604002626,0.5833598053325971,4,3
2017-09-19,0.25453731,0.16075356,0.5116090536168072,-0.3709397565034816,0.30104974544867114,0.6319336410554097,5,4
2017-09-20,0.37171477,0.37036583,0.8495398730437049,-0.011844564296223204,0.5247310913865709,0.8496224394367663,5,4
2017-09-21,0.35208395,0.30470735,1.0033836508595855,0.1707398339116195,0.46562826051650363,1.017806878389254,5,5
2017-09-22,0.085684903,0.42075723,0.9690312551141991,-0.05534543965784413,0.4293932337606082,0.970610473402755,6,4
2017-09-23,-0.0264366157,0.46898267,0.8350488599812198,-0.24467784045216528,0.46972719679618125,0.8701573674711202,7,4
2017-09-24,-0.0140597848,0.31864306,0.4552005218447724,0.08102955792412812,0.3189530956657826,0.46235625262900115,7,5
2017-09-25,-0.12790836,0.26855436,-0.15563040405047207,0.16250113173009495,0.29745922885817344,0.22500542322014122,7,7
2017-09-26,-0.13887285,0.44966498,-0.2431011905559023,0.2420529759110481,0.4706211456208942,0.3430566017395548,7,8
2017-09-27,-0.0265739001,0.51496518,-0.017416317704100036,0.5036823426487558,0.515650374555238,0.5039833632358401,7,7
2017-09-28,0.0800663307,0.61746234,0.03565045616851045,0.3248914835843618,0.6226318002078254,0.3268415994494436,6,6
2017-09-29,0.00194458978,0.64199513,-0.2123206265922286,0.18015706593761424,0.6419980750540685,0.2784539762398204,6,8
2017-09-30,0.00905787572,0.90610826,-0.27346692014596635,0.16869363186309883,0.9061535322188986,0.32131246139121816,6,8
2017-10-01,0.25274402,0.7216624,-0.02504406437277642,0.113752895423139,0.7646411963918243,0.11647714959362358,6,7
2017-10-02,0.18484898,0.40694943,-0.056598201199340115,0.07657834043490329,0.44696418646728875,0.09522393923150275,6,7
2017-10-03,-0.2040419,0.00279724621,-0.23299696238647066,0.2760719884492691,0.2040610730687491,0.36125244260441447,8,7
2017-10-04,-0.46237695,-0.45953622,-0.18922632040025406,0.3767308414815523,0.6518941489100749,0.4215835946234366,1,7
2017-10-05,-0.27745289,-0.77180988,-0.1607376868148175,0.5164396522971244,0.8201649815951462,0.5408756959111337,2,7
2017-10-06,0.1951891,-0.71179789,-0.32261322579233565,0.4176781555372497,0.7380752136247783,0.5277635219197472,3,7
2017-10-07,0.75298262,-0.57974374,-0.4878150219003879,0.6159409692474356,0.9503081763781958,0.785714180341138,4,7
2017-10-08,1.1039217,-0.57369071,-0.19709206705590945,0.5946961213497602,1.2440916969706026,0.6265051952257219,4,7
2017-10-09,1.4615445,-0.243379,-0.06656086240928576,0.2942336324042807,1.4816698900636571,0.30166832588537573,4,7
2017-10-10,1.7623653,-0.22183298,-0.23525838473910618,-0.3583473078729024,1.7762717476950902,0.4286715533480266,4,2
2017-10-11,2.0174034,-0.18461388,0.03482105660975235,-0.7145961320206798,2.0258328566345782,0.7154440144989239,4,3
2017-10-12,2.3080084,-0.0773434862,0.4837961428886178,-0.6143284827570059,2.30930396209077,0.7819579225255211,4,3
2017-10-13,2.5636463,0.091133967,0.7885214290541184,-0.09009173986006742,2.565265629802272,0.7936514131963497,5,4
2017-10-14,2.8316875,0.0654510856,0.8243883389018227,0.3055229382144182,2.8324438109629764,0.8791816644428373,5,5
2017-10-15,3.1893549,0.39319465,0.8728821018084363,0.36410330327651186,3.213500694094002,0.9457771297268617,5,5
2017-10-16,3.2231357,0.65535796,0.7896530375253068,0.7537232724518159,3.2890876845030825,1.0916275423002197,5,5
2017-10-17,3.0127673,1.1914735,0.9024761428548387,0.8562996957506844,3.2398110909668083,1.2440708811658852,5,5
2017-10-18,2.8823371,1.7137229,1.0594686480110977,0.9575350375011681,3.3533137843066254,1.428057129165646,5,5
2017-10-19,2.5014393,2.0601318,1.1218652172826655,1.1288482782567757,3.2405773567307,1.5915024351448444,5,6
2017-10-20,2.1036205,2.1417756,1.1136328359428682,1.3149276318209364,3.0020696075833433,1.7231403802988228,6,6
2017-10-21,1.614035,2.4119885,1.2484103539705473,1.3568512158149786,2.902205627683409,1.8437932730540734,6,6
2017-10-22,1.1398256,2.5733392,1.173038302672999,1.6718245933992117,2.814476334359911,2.0423066201313627,6,6
2017-10-23,0.30373371,2.3729122,0.9060626304527718,1.8027932810115346,2.3922722410919715,2.017675173154324,6,6
2017-10-24,-0.39799654,2.2542872,0.2605351812743374,1.9734974027438017,2.2891509399635077,1.9906206517863174,7,6
2017-10-25,-0.49261066,2.3466132,-0.1042725357364456,2.0765007192075267,2.397761200111445,2.0791171199762375,7,7
2017-10-26,-0.64255929,2.50896,-0.3450728454124802,2.027115472164197,2.589934887746274,2.056276344786503,7,7
2017-10-27,-1.0443553,2.2052717,-0.4692257939752457,1.8893504438272433,2.4400617335344164,1.9467454752283104,7,7
2017-10-28,-1.3303103,1.7707218,-0.7629810820604668,1.834336589111611,2.214764363827748,1.9866884138525045,7,7
2017-10-29,-1.261277,1.486415,-1.0160460517208785,1.7435347274474813,1.9494227922526197,2.0179848673944383,7,7
2017-10-30,-1.0369291,1.0143499,-1.259259740635891,1.007248447043434,1.4505611597091728,1.6125397757754012,8,8
2017-10-31,-0.80910003,0.8104704,-1.4187474433684155,0.642930610297296,1.1452096436121035,1.5576277083185408,7,8
2017-11-01,-0.71773189,0.46197003,-1.2326874896155013,1.0328838704478036,0.8535545527622549,1.6082187465907123,8,8
2017-11-02,-0.67943972,0.22630677,-1.3684160205667388,1.0374429958762692,0.7161376175439406,1.7172217023542529,8,8
2017-11-03,-0.71957064,-0.25999731,-1.4841918242172443,0.47581342284329226,0.765101631913856,1.558596735666786,1,8
2017-11-04,-0.60936695,-0.44787243,-1.247353953735025,0.2379330999762234,0.7562524666448417,1.2698441030152852,1,8
2017-11-05,-0.44922012,-0.48802415,-0.9981429253636538,0.2978412605341494,0.6632995456021638,1.0416327164265164,2,8
2017-11-06,-0.18823859,-0.5798769,-0.6529811056725887,0.014209714661074756,0.6096646503765805,0.6531356982711523,2,8
2017-11-07,0.0886952877,-0.72787553,-0.4787714560877063,0.14099074272790674,0.7332596001642029,0.49909968613425243,3,8
2017-11-08,0.47550964,-0.65021014,-0.4598343469412185,-0.2219182326080665,0.8055325219330063,0.5105833218885482,3,1
2017-11-09,0.80099672,-0.3610191,-0.30370797061375543,-0.36881038916437875,0.8785957750954465,0.47776525048386076,4,2
2017-11-10,0.81858546,-0.0289570987,-0.15820438411637922,-0.7864916110007192,0.8190974721536706,0.8022453996927308,4,2
2017-11-11,0.88307101,0.37246203,0.10497082558909732,-0.6449551432042326,0.958406162591905,0.6534416660807979,5,3
2017-11-12,0.73387182,0.54029703,0.10418326988113988,-0.53790320963382,0.9113115432259887,0.5478996410452298,5,3
2017-11-13,0.45530289,0.4487232,0.35217360335558273,-0.49595653250102983,0.6392599094739104,0.6082755370972109,5,3
2017-11-14,0.19811831,0.41581002,0.6213670594879037,-0.402343546056213,0.4605961761561384,0.7402549234349827,6,4
2017-11-15,0.12191575,0.48206943,0.7422298670386783,-0.06395072292367647,0.4972468053578498,0.7449797785757107,6,4
2017-11-16,0.27366501,0.35117379,0.5493163152441864,0.3447502033175491,0.4452140703990207,0.6485376757605852,6,5
2017-11-17,0.52233082,0.21894841,0.16034426790819517,0.4943485158420574,0.5663637450997375,0.5197025489318481,5,6
2017-11-18,0.63324744,0.18258016,-0.08717691494313555,0.7727868684259286,0.6590431208139412,0.7776884713756249,5,7
2017-11-19,0.48011506,0.26105931,-0.21387637139385224,0.5947340900687926,0.5465001685054449,0.6320219459247881,5,7
2017-11-20,0.46080467,0.0389668122,-0.20264793743591497,0.14904730902421479,0.462449301379988,0.25155772076084304,5,8
2017-11-21,0.35533226,-0.0191734824,-0.15343705646868883,0.06271034078602296,0.3558491779167836,0.16575740447797419,4,8
2017-11-22,0.28116429,-0.33338419,-0.13416787344549308,0.24521103761256258,0.4361173879968101,0.27951649545584145,3,7
2017-11-23,0.31784475,-0.63078785,0.13929172628452435,0.3041401690519298,0.7063416997531613,0.3345196966432011,3,6
2017-11-24,0.57967639,-0.69045794,0.35616797129187805,0.38756440269894327,0.9015303012281262,0.5263665927977959,3,6
2017-11-25,0.79369593,-0.62291127,0.3387495935336001,0.43247239998755044,1.0089458258953143,0.5493483993516056,4,6
2017-11-26,1.0696037,-0.75142741,0.026367387399941575,0.3109001605763492,1.3071706956449864,0.3120162639426001,4,6
2017-11-27,1.3298465,-1.06111,0.20835618346927715,0.005273629680449402,1.7013071873304508,0.20842291227187473,4,5
2017-11-28,1.272282,-1.2889439,0.29789668527823143,0.06227588986666742,1.8110985243412931,0.3043365268225997,3,5
2017-11-29,1.2404928,-0.80838591,0.36917309395841863,-0.22769241702774914,1.4806451858356775,0.43374256198207,4,4
2017-11-30,1.6877264,-0.30495593,0.7267800644970892,-0.32496836516216215,1.7150564190425703,0.7961241740498536,4,4
2017-12-01,1.7021729,-0.0444139577,0.9803266422244004,-0.03509797542536887,1.7027522371540105,0.9809547356192982,4,4
2017-12-02,1.9797446,0.40486252,0.9405753428817117,0.17771411176896693,2.0207182736170597,0.9572169457123513,5,5
2017-12-03,1.9350177,0.90023339,1.114394340189748,0.1960515934804455,2.1341775127163585,1.1315082733913904,5,5
2017-12-04,1.7721282,1.0605502,1.4515782513663282,0.13411747485926492,2.0652372948296476,1.4577609258387854,5,5
2017-12-05,1.3851986,1.1289363,1.489856013072458,-0.07092947320221324,1.7869729519216708,1.491543472332236,5,4
2017-12-06,1.0428897,1.3074851,1.0616856841774658,0.4325534359107935,1.6724641141405994,1.1464200656415633,6,5
2017-12-07,0.57303745,1.3792496,0.8520388990780849,1.0254677938542263,1.4935532726363203,1.3332495947025256,6,6
2017-12-08,0.18254638,1.7369124,0.7014364494332328,1.0023891707934227,1.7464787047441674,1.2234366114831718,6,6
2017-12-09,-0.0919204056,1.4539659,0.5016681032040023,1.374361093417689,1.4568686280267273,1.4630582014645102,7,6
2017-12-10,-0.13696849,1.1424623,0.10794576186794826,1.5615278039148992,1.1506435043809922,1.5652544106005706,7,6
2017-12-11,-0.0190859139,0.83653772,-0.03320747364685087,1.4215015674103544,0.8367554177250344,1.42188939177986,7,7
2017-12-12,0.14702296,0.80490041,-0.17950813839399915,1.135078867073169,0.8182178321115532,1.1491854533650294,6,7
2017-12-13,0.3258847,0.97119159,-0.4041949763322931,1.0633461797257586,1.0244090697474413,1.137575789488168,6,7
2017-12-14,0.33116895,1.3446184,-0.64330826696713,0.7719838270192833,1.384800171527525,1.0048903201482193,6,7
2017-12-15,0.22375557,1.7776496,-0.9028869393721224,0.9469482429663988,1.7916764929769506,1.3084020024999612,6,7
2017-12-16,0.0227482952,1.8434802,-0.7917381862711977,0.4318947716079572,1.8436205500933607,0.9018771808524125,6,8
2017-12-17,-0.28983,1.7230432,-0.3939822053933435,0.4455929617093164,1.7472490658078028,0.5947899340872229,7,7
2017-12-18,-0.61672062,1.6434332,-0.17771639008648368,0.43281327870834263,1.755339569996479,0.46787866966943115,7,7
2017-12-19,-0.84480494,1.4276333,-0.1578702464614688,0.5178549318003957,1.658864740091034,0.5413841012698815,7,7
2017-12-20,-0.99050736,1.2541485,-0.28546725201636847,0.7419047438801881,1.59812180082321,0.7949303120184211,7,7
2017-12-21,-1.0594785,0.89468545,-0.572012327168592,0.9932192152985675,1.3867071595704525,1.1461598981255323,8,7
2017-12-22,-1.1040044,0.82509786,-0.9232141377321998,1.1749355851581744,1.3782641959348503,1.4942549894109742,8,7
2017-12-23,-0.97407836,0.57995665,-1.0176733856982645,0.9315643137186129,1.1336570765886447,1.3796634337955755,8,8
2017-12-24,-0.95763427,0.35353667,-1.0667542187289063,0.6006653078319618,1.0208092731324112,1.224239917340055,8,8
2017-12-25,-0.91771388,-0.0354445465,-1.1180658464472661,0.519258874671918,0.9183981061725057,1.232761540573597,1,8
2017-12-26,-0.86928034,-0.0353660583,-1.0850769799872986,0.28000016134139605,0.8699994641321307,1.1206213200049178,1,8
2017-12-27,-0.84400547,-0.15228978,-0.9922892727259132,0.20539516739116087,0.8576347768615551,1.013323825612802,1,8
2017-12-28,-1.0080585,-0.49530885,-0.8488727791427223,-0.12570351916793737,1.123170866925675,0.8581295764048067,1,1
2017-12-29,-0.77727425,-0.89685214,-0.8292966764090255,-0.013862184836657056,1.1868020141268898,0.8294125256297386,2,1
2017-12-30,-0.71270186,-1.4761374,-0.7249312332514787,-0.16295197220016672,1.6391844206574864,0.7430199446767454,2,1
2017-12-31,-0.65097052,-1.7974317,-0.566784507793291,-0.3393138829346086,1.911680761548319,0.6605895771404847,2,1
2018-01-01,-0.44393876,-1.6069541,-0.38382384043338347,-0.6543278384626419,1.6671481944137863,0.7585945298196031,2,2
2018-01-02,-0.29330477,-1.4267259,-0.36816499809676523,-0.4509409871662533,1.4565625567875768,0.5821453768003884,2,2
2018-01-03,-0.42633396,-1.51802,-0.41486270568048433,-0.6216741402729464,1.5767515231796294,0.7473886547497488,2,2
2018-01-04,-0.44470224,-1.4485096,-0.29975104978339473,-1.0062970241429832,1.515236002592724,1.0499925679000166,2,2
2018-01-05,-0.58529443,-1.5959452,0.22107656456353583,-1.003255267885709,1.6998854817875424,1.0273246711432764,2,3
2018-01-06,-0.67782521,-2.013113,0.6226259043717483,-1.3594945248760049,2.1241635921182116,1.4952887279594438,2,3
2018-01-07,-0.5799526,-2.1559579,0.8568879403786612,-1.399444335302145,2.2325992665095926,1.6409452733030578,2,3
2018-01-08,-0.38818267,-2.1664898,0.7407036282833841,-1.008075855630545,2.200991558092027,1.250943162440814,2,3
2018-01-09,-0.0751588345,-2.0908232,0.45414637983074896,-0.9456011176339464,2.092173631432544,1.0490044842534962,2,3
2018-01-10,0.22652698,-1.7697693,0.4316567008324381,-1.3477830045109394,1.7842079048951696,1.4152196065000229,3,3
2018-01-11,0.31053272,-1.7738509,0.4659325274155302,-1.0940481922052323,1.800826917174832,1.1891318543253986,3,3
2018-01-12,0.21335761,-1.858059,0.45029868969597364,-1.4184780001691533,1.8702686216760178,1.4882367912754313,3,3
2018-01-13,0.34135967,-1.7507112,0.8177800014582188,-1.5830632199015173,1.7836805011290415,1.7818117995428036,3,3
2018-01-14,0.72989935,-1.8506349,1.0796059787765486,-1.4154612564803408,1.9893724121512373,1.78019089931585,3,3
2018-01-15,1.0078861,-1.7300385,1.121433080072967,-1.2551152172359699,2.0022156732119196,1.6831299301061808,3,3
2018-01-16,1.5666181,-1.5907636,1.223457780011314,-0.9701977096877267,2.23267129294318,1.5614520598960198,3,4
2018-01-17,1.9600886,-1.3492881,1.087974988215315,-0.5036371604931738,2.3796062062138708,1.1988911395167376,4,4
2018-01-18,1.9794598,-1.3762423,0.9610256500980405,-0.8456807052019927,2.410872034788518,1.280135209771726,4,4
2018-01-19,2.0107772,-1.0244405,1.0720899976614673,-1.011367017786298,2.25670186025538,1.4738521661794017,4,4
2018-01-20,1.9836758,-0.81224626,1.1847052894989598,-0.6470570387055521,2.1435283218072088,1.3498923787862545,4,4
2018-01-21,1.9081281,-0.5297085,1.5334040062914407,-0.3394629686394351,1.9802888529156195,1.5705295137590185,4,4
2018-01-22,1.7553903,-0.18075958,1.5184587825654394,-0.046755271901010496,1.7646725280050874,1.519178439091555,4,4
2018-01-23,1.7169409,0.33346361,1.6860303942465,0.503309613391145,1.7490237371994246,1.759550811217156,5,5
2018-01-24,1.8648996,0.78376311,1.6007073428335958,0.8184652168338625,2.0229026498269835,1.7978179297604895,5,5
2018-01-25,1.9816059,1.2290298,1.516864229760661,0.5444078426081151,2.331796773349438,1.6116007541015316,5,5
2018-01-26,2.1863546,1.4720666,1.3087647997558631,0.8709503428654976,2.6357402208443683,1.57207499847098,5,5
2018-01-27,2.417726,1.9049447,1.1048980891148306,0.8214768020553181,3.0780210072600367,1.3768165904159626,5,5
2018-01-28,2.4718513,2.4166622,0.8956785958328467,0.891355440263245,3.456921323695483,1.263627582763206,5,5
2018-01-29,1.9763893,3.163697,0.5723637527340847,0.9172553850750919,3.7302940062364374,1.0811834751294986,6,6
2018-01-30,1.3050488,3.5726507,0.257915738268318,1.2235933683398525,3.803549052476112,1.250480411318689,6,6
2018-01-31,0.69968909,3.7206075,0.1436862428683799,1.4730419741295706,3.7858268570711573,1.4800332408216965,6,6
2018-02-01,0.25492892,3.6656532,0.031405885034995494,1.6795920455948303,3.6745070603990686,1.679885641715012,6,6
2018-02-02,-0.28658509,3.3561056,0.05335091352428738,1.8131657592222865,3.368319434400732,1.813950492816716,7,6
2018-02-03,-0.88864446,3.2568574,-0.0717684328303393,2.075135044965929,3.3759160386809755,2.076375727751765,7,7
2018-02-04,-1.1869627,3.3024468,-0.4290565346818148,2.2679300032423706,3.5092784611685532,2.3081585754796197,7,7
2018-02-05,-1.294,3.281743,-1.0468081912298752,2.326362962100638,3.5276441314351707,2.5510335200972207,7,7
2018-02-06,-1.5451323,3.300431,-1.3903383699281753,2.2203399028391724,3.6442116582690818,2.6197232806222877,7,7
2018-02-07,-1.6458524,3.2444119,-1.4871807732509916,2.1002414255553443,3.6379992715017644,2.5734647263846773,7,7
2018-02-08,-1.5705069,3.0863132,-1.5356033507645348,1.9795389277333542,3.462920890150662,2.505324732902101,7,7
2018-02-09,-1.4160571,2.7252104,-1.6813564600105204,1.4540571347559155,3.0711544140157736,2.222890392429121,7,8
2018-02-10,-1.488229,2.2799304,-1.8393247434287676,1.1893910502639329,2.722665639641629,2.190380465178879,7,8
2018-02-11,-1.5568233,2.1918004,-1.8700279007549345,1.2303983464981967,2.6884359357929752,2.2385004893158733,7,8
2018-02-12,-1.3064252,2.1248958,-1.8240667825305206,1.1467567974182376,2.494379474749718,2.1545929498529826,7,8
2018-02-13,-0.95250583,1.8562901,-1.908721648363091,1.0821858622272835,2.0864036741584786,2.194161473395822,7,8
2018-02-14,-0.91520184,1.872752,-1.928763148036358,1.0249404305402716,2.08441705554416,2.1841772289306562,7,8
2018-02-15,-0.88301265,1.8931955,-1.750348385859897,0.9957914910442036,2.08899510322075,2.0137825516967776,7,8
2018-02-16,-0.92632115,1.9425061,-1.516872021241713,0.872597933346356,2.1520689629922485,1.7499508227679577,7,8
2018-02-17,-0.71713787,1.6758947,-1.4351473615386923,0.5987501368525192,1.8228850128508454,1.5550400881367594,7,8
2018-02-18,-0.8035906,1.2513548,-1.5490332229130057,0.6051695495670393,1.4871606126748382,1.6630496412949998,7,8
2018-02-19,-1.3083916,0.71506822,-1.4293386334641414,0.6105525902002912,1.4910436406103371,1.554279059407745,8,8
2018-02-20,-1.3629222,0.22822933,-1.033057566074981,0.5797584595105074,1.3818992547668187,1.1846213767270792,8,8
2018-02-21,-1.3534981,-0.20612475,-1.171562327355967,0.6924184268659741,1.3691035458526035,1.3608826417965953,1,8
2018-02-22,-1.366286,-0.77616775,-1.3470216395071846,0.6075790336800466,1.571360496492152,1.47770754192709,1,8
2018-02-23,-1.5251356,-1.3536655,-1.3414532668186483,0.5869987883208856,2.03922752145944,1.4642624233888581,1,8
2018-02-24,-1.5856116,-1.6088594,-1.033232478755097,0.49851775710984225,2.2588919219437926,1.1472093572265831,2,8
2018-02-25,-1.341607,-1.6994805,-0.8508042362615958,0.1991756752778022,2.165212070982713,0.8738070714196847,2,8
2018-02-26,-1.0104759,-1.7941047,-1.0189177542248629,-0.614411318145606,2.059095242829457,1.1898296759368792,2,1
2018-02-27,-0.70078611,-1.7306364,-0.656022097808833,-0.7669820475289663,1.8671377884274882,1.0092702581792588,2,2
2018-02-28,-0.19579953,-1.4627155,-0.42742591062323654,-0.9064763020918067,1.475762206416898,1.0021936915218232,2,2
2018-03-01,0.0226173513,-1.3445482,-0.20836744449049552,-1.312992501191999,1.3447384157162565,1.3294232960610857,3,2
2018-03-02,0.0986033529,-1.1149383,-0.013395681460466857,-1.772824999372219,1.119289968689978,1.7728756083495814,3,2
2018-03-03,0.22918513,-1.2626983,0.09576508868346277,-1.8025502476399518,1.2833288045688085,1.8050923376596009,3,3
2018-03-04,0.35630643,-1.0982392,0.24250109473074338,-1.6865114841658466,1.1545924010125759,1.7038567331700443,3,3
2018-03-05,0.56423098,-1.2364362,0.4779293897457658,-1.5432476495910084,1.3590920040461574,1.6155586679384106,3,3
2018-03-06,0.84297425,-1.3832606,0.5734945237300605,-1.2757430884449126,1.6198813146880306,1.3987195560452184,3,3
2018-03-07,1.1927625,-1.569943,0.6745633055328897,-0.6880639750467443,1.971649919396253,0.963570281260576,3,3
2018-03-08,1.2621713,-1.4532843,0.5902082558264278,-0.7519825440636116,1.9248666569843689,0.9559411759214348,3,3
2018-03-09,1.1335882,-1.4778594,0.37628325851334027,-0.5593566155663702,1.8625494928585387,0.6741430960970239,3,3
2018-03-10,0.64471686,-1.2324148,0.6868426063785726,-0.8293923046836059,1.390865223099384,1.0768678475120772,3,3
2018-03-11,0.16156182,-1.0852115,0.8355128212489967,-0.3208040124419305,1.0971719197163052,0.8949842953204823,3,4
2018-03-12,0.18539502,-1.0159401,0.9265542730528078,-0.44467377922984513,1.0327175800909028,1.0277342024312366,3,4
2018-03-13,0.3926436,-0.83457142,1.3455572393527997,-0.21519569995416174,0.9223223144333961,1.3626567703033252,3,4
2018-03-14,0.54436415,-0.59923565,1.5910975540477137,-0.08811256789609455,0.8095774774758405,1.5935354564984932,3,4
2018-03-15,0.74825162,-0.42928341,1.4500753422776707,0.030836894524003816,0.862649832164739,1.4504031895806035,4,5
2018-03-16,0.61922461,-0.32535127,1.2286315822354028,-0.3345321336503943,0.6994945078556836,1.2733606375693238,4,4
2018-03-17,0.16061641,-0.5603295,0.6634142971259183,-0.6685257400936367,0.5828951704479444,0.941830767600433,3,3
2018-03-18,0.0514562242,-0.50171721,0.2333495843451243,-0.908862693066066,0.5043489881214245,0.9383407821049581,3,3
2018-03-19,0.26141956,-0.0571976714,0.6770219532980911,-0.6449855541687657,0.2676037368277505,0.9350749116161509,4,4
2018-03-20,0.44186378,0.15455821,0.8062763222987139,-0.1593354966989595,0.4681151998753005,0.8218693986320721,5,4
2018-03-21,0.71271503,0.1984126,0.5823256998468624,0.13707336662792177,0.7398177301380799,0.5982410288009765,5,5
2018-03-22,0.77880287,-0.21164595,0.5955261636067406,0.3045392304859313,0.8070488947217754,0.66887633718433,4,5
2018-03-23,0.79860198,-0.28342566,0.3449519648678991,0.10744157059439535,0.8474049959767502,0.3612970372948202,4,5
2018-03-24,0.53519952,0.0924502462,0.16694216682147056,-0.7101989584743432,0.5431257444005679,0.7295561991245703,5,3
2018-03-25,0.40819675,0.68957365,0.3824779131117517,-0.36921439912811194,0.8013341409704725,0.5316094680701741,6,4
2018-03-26,0.18875033,1.1188281,0.17936184944966452,0.41946058595552516,1.1346378296287847,0.4561993601575485,6,6
2018-03-27,0.1104162,1.4300783,0.1237279672943645,0.4647788613455257,1.4343345778978243,0.480965695080677,6,6
2018-03-28,-0.0798909068,1.5741135,0.34933614760582776,0.5604671112043786,1.5761395458117202,0.6604234450455723,7,6
2018-03-29,-0.37130415,1.7155566,0.6413901945261515,0.22651663194752536,1.7552781032106515,0.6802140590895965,7,5
2018-03-30,-0.73861611,1.4469981,0.7106063244538708,0.21557564264832219,1.6246098791264143,0.7425861606959,7,5
2018-03-31,-0.91135144,1.4047041,0.10902501318343504,0.37287830611659745,1.674441714646074,0.38849026329115527,7,6
2018-04-01,-0.96659964,1.74535,-0.4133045830474535,0.7194493956368668,1.99513445325074,0.8297156809716701,7,7
2018-04-02,-1.1968759,1.8393563,-0.6112601244495375,0.772734264055326,2.19448023876965,0.9852701064110239,7,7
2018-04-03,-1.791031,1.8952563,-0.6628039122607599,0.9354741920462771,2.6076404057405407,1.146482006004806,7,7
2018-04-04,-2.2912319,1.5311303,-0.8000967870894645,0.863314671516189,2.7557401211209487,1.1770586607157645,8,7
2018-04-05,-2.3751769,0.96903646,-1.0645600336719105,0.7550342429465605,2.56524793482091,1.3051301748536142,8,8
2018-04-06,-2.3833575,0.33780286,-1.08646946198721,0.25973962099399334,2.407177547467247,1.1170857453861278,8,8
2018-04-07,-2.60957,0.0155513836,-0.989354340843378,0.40726854835796517,2.609616337784517,1.0699017161530489,8,8
2018-04-08,-2.7289438,-0.17879032,-1.294556569142451,0.63754565023433,2.7347943692504826,1.4430319354895054,1,8
2018-04-09,-2.566251,-0.18308941,-1.5267262331503564,0.39632168080526253,2.5727739751200738,1.5773280780058994,1,8
2018-04-10,-2.1766536,-0.43738294,-1.8097691664224866,0.16685181908804272,2.2201632216114207,1.8174443499778834,1,8
2018-04-11,-1.6459824,-0.97137314,-1.813753634205376,-0.46084374493665275,1.9112362068104558,1.8713843012167348,1,1
2018-04-12,-1.2506794,-1.4188911,-1.3265849711728894,-0.6881235973322393,1.8914150563119587,1.4944369411076661,2,1
2018-04-13,-0.71163142,-1.8214086,-1.0267590346403788,-1.0479484090106916,1.9554918987521213,1.4671162132440916,2,2
2018-04-14,-0.47407728,-2.0089233,-1.1173593762857852,-1.3879673452552737,2.064103217548747,1.7818376265161568,2,2
2018-04-15,-0.0898908749,-1.9017907,-1.1487938887511786,-1.5040990811061565,1.9039139255745723,1.892628184461079,2,2
2018-04-16,0.0530185923,-1.8626517,-1.0230170757511936,-1.298378203277397,1.8634061088883345,1.6529821221127483,3,2
2018-04-17,0.0795804411,-1.5485998,-0.5940057422837829,-1.3659253342044526,1.5506432172378373,1.4894948272779107,3,2
2018-04-18,0.4901531,-1.1922729,0.04396849925862456,-1.3427683744184415,1.2890945386254726,1.3434880484267062,3,3
2018-04-19,0.37382945,-0.88306999,0.4395430254504601,-1.3431439828206235,0.9589374666399799,1.4132352351287423,3,3
2018-04-20,0.42134821,-0.70512342,1.0225368286109224,-1.2421848590024376,0.8214215431206442,1.6089141648330991,3,3
2018-04-21,0.32550225,-0.45673171,1.1375078185821252,-1.211889420145254,0.5608525382616955,1.6621070976310357,3,3
2018-04-22,0.22804512,-0.30199879,1.2123844434717663,-0.8273147619467843,0.37842812516682545,1.4677621585622818,3,4
2018-04-23,0.30505052,-0.0449524149,1.0218887424356908,-0.9639492461821205,0.30834483838328175,1.4047970498018125,4,4
2018-04-24,0.42590731,0.10064063,0.7213593865442596,-0.7027828818807659,0.43763634803136836,1.0071063219045668,5,4
2018-04-25,0.4708133,0.27965608,0.7962753727688925,-0.03543156631146521,0.5476063244136762,0.7970632755117516,5,4
2018-04-26,0.35466731,0.21021909,0.30503547353952637,-0.21986165364265386,0.4122874805073084,0.3760130142162175,5,4
2018-04-27,0.0547806472,0.25549391,0.35967564649034023,-0.14867978264101755,0.2613007029357919,0.38919435818678616,6,4
2018-04-28,-0.14376962,0.10334485,0.22093479197397528,-0.047785765728779135,0.177058921425798,0.2260434951748656,8,4
2018-04-29,-0.21162544,0.25178668,0.06320843420776621,-0.10093687763792167,0.32891010790277636,0.11909474976794855,7,3
2018-04-30,-0.30203164,0.3661221,0.15783462388451264,0.2663323222223914,0.47462459235642185,0.3095879105474522,7,6
2018-05-01,-0.42828152,0.56590587,0.19150266778697925,0.3926499317265065,0.7097002987698169,0.4368606650344711,7,6
2018-05-02,-0.40875918,0.544074,0.12423221710183306,0.4978934625953244,0.6805149408427947,0.5131584003611348,7,6
2018-05-03,-0.36376897,0.65026104,0.08044958127417895,0.15038593130327838,0.7450954862812836,0.17055223088879573,7,6
2018-05-04,-0.50455594,0.57714623,-0.085097374260778,-0.0029946137240190246,0.7665992873675898,0.0851500488398862,7,1
2018-05-05,-1.2139605,0.44655427,-0.03150234420418081,-0.21169373043183753,1.2934878474943177,0.21402484247046225,8,2
2018-05-06,-1.6864289,0.33955279,-0.013577009798907932,0.07027847220226581,1.7202728074209608,0.07157792152727188,8,7
2018-05-07,-1.5887766,0.11974765,-0.2255185181068109,0.0828543357604714,1.5932829580423191,0.24025703520063865,8,8
2018-05-08,-1.6888498,-0.13669769,-0.4087534436439284,0.15856678067357574,1.6943730124772929,0.4384322086981658,1,8
2018-05-09,-1.9654984,-0.41599393,-0.37861985919181246,0.11214495316231282,2.0090383048113853,0.3948790805983589,1,8
2018-05-10,-2.0348577,-0.49597991,-0.3422748407272042,0.29576347786861357,2.0944311710755494,0.45235837721409655,1,8
2018-05-11,-2.0174882,-0.69546604,-0.5147088035827555,0.04112659732833434,2.133994294728203,0.5163492514697765,1,8
2018-05-12,-2.0783472,-0.91724265,-0.9281000877617883,-0.6678244284618399,2.2717528832878946,1.1433981109630287,1,1
2018-05-13,-2.3201554,-1.0976564,-1.0884493730290978,-0.8070885913877001,2.5667042394109454,1.3550328527366478,1,1
2018-05-14,-2.190243,-1.16205,-0.753082483965556,-0.6898730375523032,2.479420214798008,1.0213021274810767,1,1
2018-05-15,-1.8495517,-1.1889566,-0.6236594833489115,-1.0026486081316897,2.198740386597847,1.1807859173277118,1,2
2018-05-16,-1.6316742,-1.2110164,-0.7572255934815737,-1.219366798525326,2.031974757720824,1.4353557011310558,1,2
2018-05-17,-1.468318,-1.3958055,-0.7296102072642404,-1.1498177024064422,2.025890111273129,1.3617678962699178,1,2
2018-05-18,-1.2262402,-1.5980427,-0.5794828453435611,-1.210457885471591,2.0143002504888217,1.3420166394452138,2,2
2018-05-19,-1.1982733,-1.740163,-0.49802109303763675,-1.2567853610159694,2.1128242160818513,1.3518633262184616,2,2
2018-05-20,-1.2470933,-1.7169131,-0.593716813335438,-1.322068164702148,2.122034941243075,1.4492632219704236,2,2
2018-05-21,-1.2979224,-1.6366019,-0.5026812836777731,-1.1980248994627305,2.088795905660812,1.2992121199760336,2,2
2018-05-22,-1.1376656,-1.6541451,-0.2556977898227567,-1.1066492482784356,2.0076052971830323,1.1358054051797206,2,2
2018-05-23,-0.97308785,-1.7501293,-0.16733827761270484,-1.0918067781565677,2.002461617743549,1.1045560827694587,2,2
2018-05-24,-0.8351047,-1.6165065,0.04563166521117786,-1.238246549122133,1.8194760576892295,1.2390870692904579,2,3
2018-05-25,-0.6114285,-1.7393143,0.3601285411213794,-1.2683196940255501,1.843653721498899,1.318456450696525,2,3
2018-05-26,-0.51622486,-1.9322069,0.39391635893416144,-1.3183175990407558,1.9999779025003324,1.3759111126001309,2,3
2018-05-27,-0.28877327,-1.8144586,0.20709401859441118,-1.236393819590578,1.837294209586601,1.253617808448556,2,3
2018-05-28,0.22548807,-1.6191037,0.025252992035354888,-1.1691936255843496,1.6347298434499857,1.169466308926347,3,3
2018-05-29,0.80179191,-1.4857757,0.2489416081237092,-1.1955883034050112,1.688312677690936,1.2212302467160283,3,3
2018-05-30,1.1130691,-0.98217702,0.517592694371474,-1.2540216221563496,1.4844509153188226,1.3566401240205026,4,3
2018-05-31,1.2644073,-0.33535403,0.4175354330763131,-0.9958728412943072,1.3081239030499103,1.0798604326031307,4,3
2018-06-01,1.2612472,0.0453177094,0.6653217067422588,-1.1741679476528508,1.2620610897627351,1.3495641306576505,5,3
2018-06-02,1.2144095,0.42673928,0.9046099698768697,-1.2310719607794636,1.2872050523460388,1.5276967533571655,5,3
2018-06-03,1.3972422,0.75732571,1.004574899529842,-0.8403482895274507,1.589285372891805,1.3097159907694127,5,4
2018-06-04,1.3293145,0.83625799,1.1582800751980382,-0.25443478154647015,1.5704790561319466,1.1858961972539472,5,4
2018-06-05,0.90550756,1.0463798,1.3355288325999368,0.22154968768698766,1.3837827239365266,1.3537804573932775,6,5
2018-06-06,0.52351153,1.0643373,0.9630249427091342,0.7876586698331156,1.1861189696713526,1.2441154369443392,6,5
2018-06-07,0.49492472,1.0412596,0.3648713726191014,1.141391391545484,1.152897234387887,1.1982927135099686,6,6
2018-06-08,0.26045325,0.84484196,0.20657928539187068,1.08077987996169,0.884077956298088,1.1003454685156933,6,6
2018-06-09,-0.10660669,0.40180048,0.09229287158730522,1.1501179587763775,0.41570255241095944,1.1538151035784598,7,6
2018-06-10,-0.16692236,0.3359063,0.09711515854582206,1.2944529550960522,0.37509481021157787,1.2980908315585171,7,6
2018-06-11,0.0277316477,0.32679775,0.15211562529702546,1.1824427146988155,0.32797227579357896,1.192187039437944,6,6
2018-06-12,0.16931161,0.11762679,-0.29989566380671223,0.9752310997861482,0.20616130336825145,1.0203004984611979,5,7
2018-06-13,0.0498135127,0.1469169,-0.4720381553784519,0.5911854844026332,0.1551320777696317,0.7565185371829745,6,7
2018-06-14,-0.0609716028,0.19289407,-0.15249232460922496,0.8009260079458332,0.20230091099440425,0.8153136692517636,7,7
2018-06-15,-0.25873721,-0.28036436,-0.20512005957909038,0.4032841121823431,0.3815090014623425,0.4524514493074702,2,7
2018-06-16,-0.68783116,-0.38729283,-0.1809686951647628,-0.24548774981825644,0.7893715480281478,0.3049818091960039,1,2
2018-06-17,-1.2348634,-0.30025023,0.03562476362538124,0.03484466376708817,1.2708413816344717,0.04983246307785431,1,5
2018-06-18,-1.5939581,-0.28494421,0.16759472451614077,0.2659055490218923,1.6192268609951275,0.3143147350766029,1,6
2018-06-19,-1.5696023,-0.30662534,0.31596972937412554,0.13023011983965238,1.5992718590956965,0.3417554008266853,1,5
2018-06-20,-1.4268539,-0.42809525,0.10033961757328244,0.08433919459087959,1.4896904359690883,0.13107684234444628,1,5
2018-06-21,-1.1175938,-0.52465308,-0.12146771139565274,-0.02085886603769898,1.2346160359204503,0.12324567823691124,1,1
2018-06-22,-0.90570575,-0.71275884,0.1237374188003352,-0.5516807561574224,1.1525311577485478,0.5653871289000086,1,3
2018-06-23,-0.85807192,-0.79898322,-0.057280578993544475,-0.6644699851076994,1.172459639277214,0.6669343489721173,1,2
2018-06-24,-0.84531736,-0.92719024,-0.6698980451473261,-0.8139396958413617,1.2546884793719224,1.054163753578417,2,2
2018-06-25,-0.89372927,-1.1121809,-0.8251718118887106,-0.9455432948138085,1.4267790166593923,1.2549743589026232,2,2
2018-06-26,-1.0190529,-1.1915473,-0.6492861052149668,-0.9059244060668185,1.5678819410707237,1.1145723287130085,2,2
2018-06-27,-1.2045803,-1.1672759,-0.43841226937999067,-0.8824926079386166,1.6773630274537767,0.985392572028638,1,2
2018-06-28,-1.2909766,-1.1064218,-0.15704492959437208,-0.697620275753745,1.700232272738875,0.7150784286034871,1,2
2018-06-29,-1.1592147,-1.0538663,0.019829442738939194,-0.7469340240402238,1.566656598930276,0.7471971915553876,1,3
2018-06-30,-0.68330181,-0.8485527,0.025957428328462387,-0.7994565189691056,1.0894691589148204,0.7998778117985442,2,3
2018-07-01,-0.37363681,-0.65852475,0.06801648408766897,-0.9329175860652144,0.7571388988485128,0.9353937483741244,2,3
2018-07-02,-0.2585426,-0.46752971,0.20224710089169534,-1.1102412210596986,0.5342549070878471,1.1285120552121835,2,3
2018-07-03,-0.22416453,-0.30116257,0.11576704756276363,-1.135816782249859,0.37543125879330536,1.1417012622143425,2,3
2018-07-04,-0.11933185,-0.0521448441,-0.12208225369763699,-1.0799029549270185,0.1302273980030155,1.0867817024260211,1,2
2018-07-05,0.116817,0.3174096,-0.22162805691653525,-1.0172730430344692,0.33822339608779284,1.0411356490377266,6,2
2018-07-06,0.2615107,0.37889469,-0.09212723092477769,-0.9390246115937612,0.4603792266433034,0.9435330666472063,6,2
2018-07-07,0.62182409,0.14729409,0.1935290437482516,-0.3786416781690165,0.6390311008497601,0.42523289056793545,5,3
2018-07-08,1.0722049,-0.10088408,0.21649466290086242,-0.20401913064863955,1.0769405485826302,0.2974789820057624,4,4
2018-07-09,1.203851,-0.25575033,0.060642451282393615,-0.178788347020878,1.2307174580284903,0.1887929551863506,4,3
2018-07-10,1.33678,-0.23125836,-0.012457679312532745,-0.15417621958284902,1.3566359856165875,0.15467870072738776,4,2
2018-07-11,1.4674639,0.027506005,0.02295355429003342,0.12631604275948854,1.4677216623441482,0.12838461088838665,5,6
2018-07-12,1.509774,0.27404666,0.0664078138435923,0.5375346047305626,1.5344442325914471,0.5416211305168285,5,6
2018-07-13,1.6564521,0.62683266,0.1299697597833134,0.49078425482729215,1.7710880111493856,0.5077020024034893,5,6
2018-07-14,1.8528197,0.98867857,0.5235331453330343,0.4645453507243672,2.100101463140611,0.6999209506379455,5,5
2018-07-15,2.0150547,1.445595,0.9632212110071714,0.6031588869593191,2.4799577310948444,1.136483939284725,5,5
2018-07-16,1.926083,1.6857586,0.9794073935392625,0.5850143379251989,2.5596050047542414,1.1408245343160492,5,5
2018-07-17,2.0473194,1.7765434,0.9609890404673186,0.5676042706676228,2.710649954844764,1.1160979096738877,5,5
2018-07-18,2.0248284,1.7474195,0.8344099262136687,0.8642208222877897,2.6745850067677432,1.201298278796604,5,6
2018-07-19,1.6614412,1.8118862,0.5997061220321125,0.994800825383003,2.458316184466083,1.1615834515804273,6,6
2018-07-20,1.1777747,1.9337348,0.39454895181795996,1.2456399380362446,2.264173915734198,1.306632209388545,6,6
2018-07-21,0.66320837,1.850364,0.24812157034143473,1.4971464124082146,1.9656277049670563,1.5175676900407071,6,6
2018-07-22,0.49767247,2.0015545,0.01790553037443625,1.7545605315471773,2.062498073663622,1.7546518933626416,6,6
2018-07-23,0.38585776,2.0781689,-0.23012371952629182,1.778671207972392,2.1136868708206116,1.7934960809431908,6,7
2018-07-24,0.2564722,1.8740541,-0.12461856233389193,1.8203751372285244,1.8915223390432505,1.8246356968770328,6,7
2018-07-25,0.240769,1.789006,-0.08737651818710858,1.8058975986810537,1.8051349476969858,1.8080101749858872,6,7
2018-07-26,0.3319287,1.3982744,-0.44144952278760735,1.6386777217373445,1.4371318518420813,1.6970982166296975,6,7
2018-07-27,0.33843437,1.3289939,-0.7647827305213883,1.3787168792608149,1.371408986784944,1.5766270510372549,6,7
2018-07-28,0.26551932,1.1581541,-0.8800576043554467,0.994914911486636,1.1882009209894058,1.3282910328999096,6,7
2018-07-29,0.20749927,0.86052519,-0.7879542339820667,1.2631902436273088,0.8851889909364379,1.4887986655170957,6,7
2018-07-30,0.12971084,0.74457353,-0.8499167518148786,1.2847867070557395,0.7557874328077747,1.540465957962942,6,7
2018-07-31,0.17812906,1.0681936,-0.7905407163565046,1.0136830952313098,1.0829439177988138,1.2854991411024685,6,7
2018-08-01,0.0608671606,1.3762906,-0.7228419718746892,1.0282891156052696,1.3776358832753544,1.2569323854432093,6,7
2018-08-02,-0.0451754071,1.7328078,-0.4636952871302502,0.7997136481526516,1.7333965758439385,0.9244215696036242,7,7
2018-08-03,-0.20984204,1.5660566,-0.47214089564113976,0.8235220743800711,1.5800528333428987,0.9492658385974252,7,7
2018-08-04,-0.0268117189,1.1915506,-0.5221490530107552,0.6390452046984868,1.1918522142575954,0.8252383941675031,7,7
2018-08-05,0.27326369,1.5388963,-0.3444165340342678,0.35316330368325505,1.56296988660246,0.49330220756109433,6,7
2018-08-06,0.23945819,1.7934958,-0.2973705863112548,0.32065452243697573,1.8094107906652144,0.43731977815139395,6,7
2018-08-07,0.28407916,1.5550873,-0.4957956522093137,0.6883259028045756,1.5808217735619647,0.8482958665591815,6,7
2018-08-08,0.30041558,1.4643815,-0.786499419898475,0.7716535051619188,1.494878823934899,1.1018305085308326,6,8
2018-08-09,0.2291864,1.7278634,-1.0069364749155472,0.9358632964386365,1.742996940618233,1.3746858456157682,6,8
2018-08-10,0.22052382,2.1282742,-0.9418568743414609,0.5573406601109686,2.1396686251784485,1.0944053102745785,6,8
2018-08-11,0.18185037,2.3890896,-0.43223328753198637,0.6064327142654664,2.396000557991859,0.7447054798926147,6,7
2018-08-12,0.1524142,2.2897184,-0.5798693401541731,1.1137910719356403,2.2947854888115793,1.255698611759358,6,7
2018-08-13,0.24262773,2.0133824,-0.8800628684853544,1.2541458908143712,2.0279489401843214,1.5321202850733497,6,7
2018-08-14,0.0834699199,1.5624855,-0.738790490905378,0.9100726391561373,1.5647134450877458,1.1721960578302701,6,7
2018-08-15,0.0314090885,1.1435364,-0.6043502959293999,0.8997934332330559,1.1439676695454994,1.083913051254243,6,7
2018-08-16,0.29761893,0.93769896,-0.886247862208992,1.1216411795733232,0.9837969135342042,1.4295153755677636,6,7
2018-08-17,0.62221694,0.66186327,-1.1084143035400704,1.3857231576104274,0.9084145026352544,1.7744889229944585,6,7
2018-08-18,0.60384762,0.38022518,-1.1776474222506739,1.4917204245351092,0.7135847081361097,1.9005481514838984,5,7
2018-08-19,0.60643327,0.0848757997,-1.1049552916334258,1.3406022835700886,0.6123440310296226,1.737279677893587,5,7
2018-08-20,0.61691821,0.0877037346,-0.8730040291970331,1.1909268339639438,0.6231211943854834,1.476632235476944,5,7
2018-08-21,0.5982033,0.0396724232,-0.7613824016992833,0.7989238628074694,0.5995173803097371,1.1036224445799283,5,7
2018-08-22,0.48648143,-0.13937791,-0.6244586141607003,0.5241417839002843,0.5060537358135132,0.8152749048202542,4,8
2018-08-23,0.60304314,-0.21603021,-0.28968220494169516,0.6138868795424334,0.640570121324515,0.6788025344194204,4,7
2018-08-24,0.59031081,-0.12434397,-0.02925204830794119,0.5899710852153803,0.6032646809471088,0.5906958301193802,4,7
2018-08-25,0.76352257,-0.20012815,-0.009572592160061505,0.4003197929175977,0.789314887305331,0.4004342282101409,4,7
2018-08-26,0.72217488,-0.28624895,0.13057654048466666,0.08231791513755318,0.7768365456639619,0.15435825885755902,4,5
2018-08-27,0.45347542,-0.25745249,0.21129929569004952,0.14316731604154123,0.5214611597725918,0.25523376097540373,4,5
2018-08-28,0.30403349,-0.00801955909,0.18111948559718133,0.11479214664897831,0.3041392384576152,0.21443298485836576,4,5
2018-08-29,0.25403857,0.20728198,0.2677829011329275,-0.11805789077698689,0.32787408296534404,0.29265226415300155,5,4
2018-08-30,0.47800374,0.41210786,0.5193010241658493,0.07914371823000438,0.6311263452968567,0.5252973270776945,5,5
2018-08-31,0.58642554,0.53296685,0.3636237439211397,0.18469567746101015,0.7924320646990592,0.407841538365096,5,5
2018-09-01,0.38793743,0.68312532,0.5354977947774141,0.20090706086211776,0.7855925486027139,0.5719453953969104,6,5
2018-09-02,0.21273251,0.60558844,0.5620255399722202,0.12461674764070593,0.6418664031342766,0.5756752916129135,6,5
2018-09-03,-0.16879307,0.26355338,0.23780172221458917,-0.1029059725958954,0.3129720188602318,0.2591125205082375,7,4
2018-09-04,-0.90286279,0.38360241,-0.013799538926825722,0.12308834174865863,0.9809750386856906,0.12385946531867299,8,7
2018-09-05,-1.2093281,0.68874586,-0.09571454104300885,0.26562909116088035,1.3917059003671537,0.2823474587065184,8,7
2018-09-06,-1.1049639,0.45236021,0.0707482534565775,0.5932045445153526,1.1939744469185487,0.5974085260530043,8,6
2018-09-07,-1.0427727,0.54434091,0.037404626514589416,0.6986312009753334,1.176300102084888,0.6996318039232726,8,6
2018-09-08,-0.98723388,0.3713097,-0.28609879805615124,0.5982437073188841,1.0547519268216317,0.6631350206374393,8,7
2018-09-09,-1.3304496,0.20562294,-0.3409401146071328,0.29887319393420364,1.3462454945493423,0.45339314926535557,8,8
2018-09-10,-1.3819174,0.38001037,-0.24648894229490395,-0.21057236360354098,1.4332144228029167,0.3241874750622583,8,1
2018-09-11,-1.2911477,0.20509136,-0.7239350564860983,-0.40253779834149983,1.3073350179513816,0.8283227904042918,8,1
2018-09-12,-0.92355371,0.12573542,-1.0894123498842647,-0.134242102251204,0.9320734150791666,1.0976521352856643,8,1
2018-09-13,-0.63897735,-0.14092569,-0.7332223574954737,-0.26328056335726396,0.6543333278345209,0.7790582010177022,1,1
2018-09-14,-0.2754952,-0.30738455,-0.6238441466332885,-0.00173324849094879,0.41277459563512686,0.6238465544017594,2,1
2018-09-15,0.20111895,-0.39363706,-0.709112522878742,-0.2616912155717933,0.44203955372177506,0.7558590228414934,3,1
2018-09-16,0.3554962,-0.43236887,-0.8034277849278985,-0.7517753056366652,0.559750290718564,1.10030101143244,3,1
2018-09-17,0.43941048,-0.53268236,-0.9376846326519764,-0.3703450931851755,0.6905302792702142,1.0081705998282278,3,1
2018-09-18,0.36443409,-0.2450781,-0.7360891547874985,-0.5762112478504227,0.4391759112858287,0.9347976497323445,4,1
2018-09-19,0.36602771,0.0580072589,-0.2721579463886822,-0.2661653162621412,0.3705956375524889,0.38067561435352076,5,1
2018-09-20,0.0896031335,0.13554688,-0.003291842118812493,-0.44268162112421267,0.1624859323472442,0.4426938602529926,6,2
2018-09-21,-0.45247376,0.41761652,0.19833561309161782,-0.22249511121042767,0.615740254706031,0.2980622249346074,8,3
2018-09-22,-0.96632719,0.66845071,0.5677692440784788,0.03045348843860818,1.1749955701332666,0.5685853757172512,8,5
2018-09-23,-1.2728779,0.87749273,0.49688160335590936,-0.027861905349668932,1.5460309309684792,0.49766214797114433,8,4
2018-09-24,-1.4271654,0.90176994,0.5292370693666948,-0.19669905553185754,1.6881913705634097,0.5646081774460697,8,4
2018-09-25,-1.5233027,0.88906687,0.23747352166073946,0.08196647955333337,1.7637718149349384,0.2512213710262738,8,5
2018-09-26,-1.525318,0.77341914,-0.08553335488350564,0.2837895954544991,1.7101965288358936,0.2963992059467366,8,7
2018-09-27,-1.5666386,0.72509593,-0.2513447880815826,-0.058143428341425246,1.7263025837646555,0.25798228767702275,8,1
2018-09-28,-1.6934955,0.48174533,-0.5842133240818973,-0.11303228394581138,1.7606832683640345,0.5950474815078428,8,1
2018-09-29,-1.8730412,0.45443794,-1.0110814986606222,-0.19969327591261823,1.9273809115504086,1.030613022127376,8,1
2018-09-30,-2.0255082,0.22743028,-1.1363523569928846,-0.12535634231839576,2.0382364927868695,1.1432457705160037,8,1
2018-10-01,-2.0964348,0.094981581,-1.126502093181672,-0.1660114831822968,2.0985853262091343,1.1386688625281165,8,1
2018-10-02,-2.1765246,-0.0919726193,-1.113005462294826,-0.18558468774550857,2.1784669602970945,1.128371762950366,1,1
2018-10-03,-2.1745584,-0.27498481,-1.0619874294581384,-0.2730676155052091,2.191876109806687,1.0965323629354518,1,1
2018-10-04,-1.8863103,-0.49947488,-1.0658259372754042,-0.32243300844743344,1.951317940172002,1.1135295117353003,1,1
2018-10-05,-1.8667109,-0.65344298,-1.0589417713885667,-0.6894871122154078,1.977775849860163,1.263625796311035,1,1
2018-10-06,-1.8114079,-0.87778521,-1.1205592494337901,-0.7107083271347281,2.0128848588722494,1.3269360789993854,1,1
2018-10-07,-2.0163126,-0.9996627,-1.0811883432965932,-1.0257839143512382,2.250520387530415,1.490369374558596,1,1
2018-10-08,-1.7548569,-1.3306212,-0.9363280424468905,-1.0503476961533427,2.202288699822766,1.4071035803689296,1,2
2018-10-09,-1.579702,-1.5143051,-0.8841076344835505,-1.195276875933895,2.188282053276042,1.4867189107206484,1,2
2018-10-10,-1.4072213,-1.6921914,-0.7357879029895968,-1.2199681798476314,2.2008597232462703,1.4246775768666295,2,2
2018-10-11,-1.2256738,-1.8467965,-0.39266345112196943,-1.1291500030309316,2.216513834023756,1.195476605873895,2,2
2018-10-12,-0.95807779,-1.8842866,-0.40971151528713573,-1.1574809055757127,2.113870630533204,1.2278540518038994,2,2
2018-10-13,-0.52544028,-1.6920618,-0.32662556953587274,-1.2022757164933653,1.771767654876259,1.2458535873626033,2,2
2018-10-14,-0.37552556,-1.4825215,-0.42906123052497114,-1.2443839256330345,1.5293428144714851,1.3162769062448387,2,2
2018-10-15,-0.34067303,-1.0924909,0.007498068880930346,-1.3191879404517526,1.1443751482587303,1.3192092492361778,2,3
2018-10-16,-0.0819643959,-1.019286,0.2780364989884911,-1.3019597391595894,1.0225762132923157,1.3313164376519517,2,3
2018-10-17,0.154828,-0.58378124,0.3525253728547012,-1.325645861724912,0.6039637785165081,1.3717182980534781,3,3
2018-10-18,0.0359147564,-0.27843636,0.5318573498479268,-1.3604898691471337,0.28074307880573107,1.4607549160072146,3,3
2018-10-19,-0.32103792,0.0121867489,0.6929823166210721,-1.2533769337011191,0.3212691440625415,1.4321935026676833,8,3
2018-10-20,-0.38954294,0.22262119,0.8023017845790597,-0.7666448277210666,0.4486690276148552,1.1096992589932677,8,4
2018-10-21,-0.50372261,0.10680985,0.4887308758493399,-0.7257510177686504,0.5149221415731068,0.8749699473700194,8,3
2018-10-22,-0.22937454,0.13282798,0.07292226433389853,-0.4378868557072495,0.2650583933232298,0.44391728400318514,8,3
2018-10-23,-0.24522078,0.13159505,0.38473733150584283,-0.5189594580524828,0.27829927798740495,0.6460199171514478,8,3
2018-10-24,-0.29395258,0.49962375,0.3558163214320757,0.2751309580408321,0.5796826811736908,0.4497802782136188,7,5
2018-10-25,-0.28717491,0.73531258,-0.19502052725281507,0.0628258664619416,0.7894010509492398,0.20489044767060202,7,8
2018-10-26,-0.55773324,0.90133184,-0.38296859878235107,-0.15527011457336223,1.0599365324389396,0.4132478144321424,7,1
2018-10-27,-0.65824318,1.0504886,-0.29265829274896343,0.006271853096149381,1.239681565058734,0.29272548993211656,7,8
2018-10-28,-0.82033986,0.95607871,-0.13086045950724237,-0.2737847624321475,1.259779340051298,0.30345107678582073,7,2
2018-10-29,-0.87622982,0.74851012,0.24632727969845244,0.18491515225238414,1.152408823811952,0.3080109450265721,8,5
2018-10-30,-1.1125852,0.31381091,0.14280317012144322,0.079730283954204,1.1559944266708504,0.1635532438570139,8,5
2018-10-31,-1.528079,-0.16657801,-0.19128069196149025,0.3566371115727424,1.5371316351102011,0.4046953576064535,1,7
2018-11-01,-1.5263304,-1.0012102,-0.3869589588015575,0.39806668234411263,1.8254058054438744,0.5551525190334942,1,7
2018-11-02,-1.6773471,-1.3992559,-0.6313187923646626,0.25512675153353237,2.1843558243938235,0.6809207567263821,1,8
2018-11-03,-1.1696693,-1.3646832,-0.7558782155038264,0.3146702204457754,1.7973554205344946,0.8187607857662957,2,8
2018-11-04,-0.88283938,-1.5775219,-0.7575840926922219,0.07636912259606411,1.8077557124397075,0.7614236011487887,2,8
2018-11-05,-0.46336374,-1.6192052,-0.6107658944347911,-0.06960542284365509,1.684200532969227,0.6147193609233196,2,1
2018-11-06,-0.0899831802,-1.768801,-0.5439089321809486,-0.6196360058274429,1.7710883519237275,0.8244911801978276,2,2
2018-11-07,0.24257326,-1.5136205,-0.6202179387824153,-1.0608125469190868,1.5329347032692806,1.2288179487981397,3,2
2018-11-08,0.72394544,-1.448415,-0.0033891088827894622,-1.511373239865246,1.6192600199849911,1.5113770397355486,3,2
2018-11-09,1.0239681,-1.3112015,0.14481876358935344,-1.5562051197692526,1.663658631877303,1.5629289328320668,3,3
2018-11-10,1.3413841,-1.0306154,0.3487210220621776,-1.1098165472354493,1.6915907916662263,1.163313852640681,4,3
2018-11-11,1.5221896,-0.58632541,0.5540226866603316,-1.2802523087008109,1.6312077319458205,1.394986419743249,4,3
2018-11-12,1.5142864,-0.26206818,0.8798374530883442,-0.9318244108608439,1.536796353520359,1.2815657129203883,4,3
2018-11-13,1.4160939,0.029276669,1.109871375845161,-0.8890380432103044,1.4163965041488011,1.4220418816601845,5,4
2018-11-14,1.2979561,0.22888462,1.0745501409181197,-0.33399916200274365,1.3179826276547633,1.1252615009701905,5,4
2018-11-15,0.86489558,0.46167591,1.192371776873676,-0.09021512320137826,0.9804024735678019,1.1957797551134268,5,4
2018-11-16,0.65911651,0.56210989,1.2317680465458827,0.1653192144434958,0.8662575264841237,1.242812521322373,5,5
2018-11-17,0.78662044,0.43415639,1.121977319321837,0.5284206126083096,0.8984784291253884,1.2401860541475043,5,5
2018-11-18,1.0525478,0.34718168,0.7970197685935724,0.8316339442450171,1.10832846675183,1.151892151526989,5,6
2018-11-19,0.80987,0.3744089,0.508473666060172,0.903394103430211,0.892228357148107,1.0366611670112593,5,6
2018-11-20,0.64798874,0.34430951,0.36937223360004184,0.8255526510710752,0.7337836505695856,0.9044186125048314,5,6
2018-11-21,0.60565376,0.56166339,0.2945864747709672,0.7740986186889945,0.8260037776356896,0.8282571234672208,5,6
2018-11-22,0.47789055,0.89285815,-0.12825144007663689,0.5285429162704063,1.0127067955734894,0.5438805440731971,6,7
2018-11-23,0.30775508,1.2013811,-0.11408263064728268,0.4692742857003539,1.2401732688229563,0.482942234470109,6,7
2018-11-24,-0.0211142935,1.2041248,0.3797556999332155,0.5875479251656599,1.2043099050348478,0.6995905631140534,7,6
2018-11-25,-0.29462674,1.2977545,0.5857805243774442,0.6872408851764903,1.3307785909734486,0.9030165319627761,7,6
2018-11-26,-0.70700747,1.1496282,0.22633118314563974,0.576343314191658,1.3496312684844853,0.619190940080303,7,6
2018-11-27,-0.9033531,1.0695852,0.08780436336575052,0.23701201364215962,1.400021186746347,0.2527534388228497,7,6
2018-11-28,-0.91046149,0.85819972,0.09586332751688292,0.6501410679827482,1.2511781984118404,0.6571705911255901,8,6
2018-11-29,-1.145993,0.48378015,-0.2563339120663798,0.7563037057737372,1.2439225014376991,0.7985626899889213,8,7
2018-11-30,-1.3057458,0.21651004,-0.4956871393496248,0.8393964779019933,1.3235742108542465,0.974829311844328,8,7
2018-12-01,-1.3890996,0.0660873652,-0.6440579269217176,0.5157436190970413,1.3906707872675108,0.8251073226374945,8,8
2018-12-02,-1.5043652,-0.55643201,-0.7646462220617355,0.5085379000036959,1.6039735773146888,0.918310753859201,1,8
2018-12-03,-1.5047063,-1.0957274,-0.9069445067771394,0.10356132346294292,1.8613864683000276,0.9128380393534359,1,8
2018-12-04,-1.361128,-1.6639876,-0.8415001259283106,0.13761746496969646,2.1497730497282173,0.8526787370411252,2,8
2018-12-05,-0.78105044,-1.9381745,-0.6887293333187369,-0.003926136957153304,2.0896315900833917,0.688740523800566,2,1
2018-12-06,-0.36081445,-2.0978637,-0.6541909582564966,-0.5112226567501115,2.128666054388638,0.8302496098398334,2,1
2018-12-07,-0.18373753,-2.034014,-0.6491506136895007,-0.6454621725596533,2.0422958728172813,0.9154331955194126,2,1
2018-12-08,-0.0560973138,-1.7548391,-0.6469354319325319,-0.7131207503744851,1.7557355084136066,0.962843007818201,2,2
2018-12-09,0.18531445,-1.6492838,-0.3767032672579625,-1.317573820026534,1.6596621639120546,1.3703671488992053,3,2
2018-12-10,0.72335273,-1.8196486,0.03203064902104775,-1.4833558041856525,1.9581522411396959,1.4837015886922726,3,3
2018-12-11,1.2686795,-1.7311307,0.44850649274102283,-1.6616657861244806,2.1462435030076947,1.7211308081629186,3,3
2018-12-12,1.4018811,-1.7504359,1.0891904040274207,-1.3019780937062306,2.242609296900827,1.6974930611688304,3,3
2018-12-13,1.6008148,-1.9072624,1.2434060806573508,-1.154577888097462,2.490031703885073,1.696793676644061,3,4
2018-12-14,1.6669238,-1.5764091,1.098577663685385,-1.114578412427469,2.294275616740336,1.5649785687343378,4,3
2018-12-15,1.8647531,-0.97853082,0.7753987906693535,-0.904439727182946,2.1059028205616426,1.1913246848270447,4,3
2018-12-16,2.1440749,-0.35917145,0.9054222011937696,-0.8223589143892814,2.1739506220945115,1.2231367652434002,4,4
2018-12-17,1.9290732,-0.26148817,1.5593355887741962,-0.3157274207589737,1.9467150469465706,1.5909780899298656,4,4
2018-12-18,1.9159143,-0.1364387,1.6578471998350282,0.1619153457742167,1.9207662855751557,1.6657352482306509,4,5
2018-12-19,1.9939355,-0.0358915813,1.5397051697909967,0.027714552209825563,1.9942585047501904,1.5399545792929457,4,5
2018-12-20,2.0809641,0.24130119,1.8335906553619472,-0.042814112867223995,2.094907599342803,1.834090439343508,5,4
2018-12-21,2.4510977,0.31663942,1.6165704393926,0.40608614966297746,2.471465245000064,1.666795112323673,5,5
2018-12-22,2.7826846,0.26332051,1.0979800653015412,0.9699187181592472,2.7951156101427754,1.4650264651654774,5,5
2018-12-23,2.6378527,0.38319016,0.7424374412520854,1.30745001351215,2.6655396387257335,1.5035421151420618,5,6
2018-12-24,2.6879025,0.44300672,0.6767753168479822,0.8876397842297784,2.724164973615109,1.11621199422071,5,6
2018-12-25,2.9967256,0.65140158,0.765672712468237,0.8456514794650632,3.0667064320084267,1.1407809287237922,5,6
2018-12-26,2.9921722,0.90534353,0.8583100929289617,0.9678554511809245,3.126138413724783,1.2936152403262546,5,6
2018-12-27,2.9150283,0.99195206,0.6903032932356425,1.1845659638557045,3.0791815274743275,1.3710270454580273,5,6
2018-12-28,2.6207955,0.97872722,0.982630596353904,1.2892450624242138,2.797583961919495,1.6210230472994651,5,6
2018-12-29,2.297962,1.0307127,1.172208962933899,1.4636082170133808,2.5185309256360724,1.8751594240734986,5,6
2018-12-30,2.0543673,1.2822226,0.8458044943169043,1.453498340780392,2.4216770633715905,1.6816785273226351,5,6
2018-12-31,1.9243855,1.6524482,0.8752540708891342,1.3332587854125764,2.536502435696345,1.5948820261974928,5,6
2019-01-01,1.9583611,1.8801023,0.9844831513438197,1.6286678957782041,2.714767551091345,1.9030938468763072,5,6
2019-01-02,1.1662581,1.7401143,0.6823073191844288,1.828616808527888,2.0947925274069745,1.951763999627865,6,6
2019-01-03,0.41717246,1.7975787,0.5647092891106351,1.7417664528233474,1.8453514689825734,1.8310234726481975,6,6
2019-01-04,-0.52186757,1.8970773,0.5076977452757038,1.5276743421895211,1.9675487396232387,1.6098279089213914,7,6
2019-01-05,-1.5975828,1.9418716,0.28429569899793034,1.4220899925820896,2.5145846801693517,1.4502289445018153,7,6
2019-01-06,-2.095988,1.5675036,-0.010356934430763475,1.5105893783397744,2.6172950219944564,1.5106248826375623,8,7
2019-01-07,-2.2463834,1.0126199,-0.27346964194040724,1.6887599616956144,2.4640692850793724,1.710758853050069,8,7
2019-01-08,-2.2676351,0.75162697,-0.2738150406459442,1.813515455323328,2.388956267658199,1.8340700595071382,8,7
2019-01-09,-2.0221436,0.46032551,-0.6893286066530058,1.1324502080796806,2.0738766390934926,1.3257516365178985,8,7
2019-01-10,-1.5972606,0.18187468,-1.0602034876159974,0.7016945508168917,1.607581980347336,1.2713798322292373,8,8
2019-01-11,-0.9985407,0.11373957,-1.394695753459301,0.41054753413146927,1.0049976215595113,1.453865716804285,8,8
2019-01-12,-0.7743085,0.11900159,-1.8434280130525291,0.0041598805888307736,0.7833996627487008,1.8434327066408769,8,8
2019-01-13,-0.4665516,-0.24095966,-1.6162829610415546,-0.36198033845539396,0.5251018503203694,1.6563213382618533,1,1
2019-01-14,0.14543235,-0.36007085,-1.1106510801935925,-0.6301584994667891,0.38833179813948404,1.2769673278457163,3,1
2019-01-15,0.57743526,-0.66311789,-1.1429392191792511,-0.5221029440846056,0.8792933614723357,1.2565434902779486,3,1
2019-01-16,0.75915498,-0.67929626,-0.9347136893352999,-0.6082405915434217,1.0187049094358915,1.1151889069713252,4,1
2019-01-17,0.99462867,-0.59490561,-0.4548329748814372,-0.6286864168404156,1.1589645706385683,0.7759636884282273,4,2
2019-01-18,1.1204866,-0.7354095,-0.11817022752063708,-0.2838724452590668,1.34026764247661,0.3074862075762765,4,2
2019-01-19,1.3041248,-0.4235979,-0.2710352510465421,-0.2921371497149998,1.3711953452588184,0.39850247371059855,4,2
2019-01-20,1.6024454,-0.33468747,0.0780446814717287,-0.6073727094017463,1.6370238124584995,0.6123663776139588,4,3
2019-01-21,1.7848642,0.23540103,0.6665375412919708,-0.007596926321052312,1.8003204874040346,0.6665808332386052,5,4
2019-01-22,1.9324179,0.79974574,0.8782349442690459,-0.08081633569529265,2.091370887453624,0.8819455184139599,5,4
2019-01-23,1.8785466,1.2848923,0.8371371044238225,-0.1138150513761013,2.2759361922011014,0.8448386813604396,5,4
2019-01-24,1.4838839,1.4031029,0.8986354217102253,0.14825080567503318,2.042206937767968,0.9107820389838673,5,5
2019-01-25,1.1249117,1.6733861,1.0125575936169704,0.08980483068401729,2.0163450529287146,1.016532236579625,6,5
2019-01-26,0.75717628,1.9535762,0.8944549847275891,0.5588453130603036,2.0951792019302498,1.0546837457899407,6,5
2019-01-27,0.6325143,2.0410392,0.9614177081368506,0.6494606301490923,2.136800261054161,1.160225460689762,6,5
2019-01-28,0.5812453,2.1032584,0.562176285510487,1.195767875631671,2.1820957806527765,1.321326223301062,6,6
2019-01-29,0.54904699,1.7091042,0.10106054913709514,1.5618866173070827,1.7951294559684827,1.5651527209556428,6,6
2019-01-30,0.19551972,1.6724064,-0.14138427771309803,1.6305105483037603,1.6837966408298357,1.636628901771652,6,7
2019-01-31,-0.28932768,1.9311167,-0.3639064665505546,1.3585466720743329,1.9526705342768587,1.406441245342853,7,7
2019-02-01,-0.40538388,1.7362468,-0.5578267532800714,1.3167147408491402,1.782943925274739,1.4300029354670583,7,7
2019-02-02,-0.21046911,1.5120668,-0.8294744604327275,1.3214674887500177,1.5266444425361236,1.560225690191468,7,7
2019-02-03,-0.18690717,1.6257458,-0.7689867364492933,1.3658370260216355,1.6364546117797,1.5674346501486307,7,7
2019-02-04,-0.13668962,1.4820392,-0.7421004322241809,1.4073407347657136,1.488329346130212,1.5910125691641204,7,7
2019-02-05,0.17495328,1.4880798,-0.546419802507621,1.0747107631699968,1.4983291164997088,1.2056441535734765,6,7
2019-02-06,0.37779379,1.4954093,-0.7575976119349396,0.9041595959930738,1.5423933098561644,1.179601083687143,6,7
2019-02-07,0.3628937,1.4628741,-1.3361482202648145,0.7684999421237968,1.507213478559192,1.541390355348414,6,8
2019-02-08,0.44199008,1.3139213,-1.0799901555460036,0.4968059257157392,1.3862699641166927,1.1887787278979018,6,8
2019-02-09,0.18139163,1.2484026,-0.5598234736458692,0.7089855645681584,1.2615117816020653,0.9033619719752196,6,7
2019-02-10,-0.21472664,1.3100152,-0.7768801796066223,0.8938769111036355,1.3274966493956697,1.1842967304142127,7,7
2019-02-11,-0.82621199,1.3751918,-0.8061495793688285,0.6709798365315297,1.6043000776684517,1.048852270507347,7,8
2019-02-12,-1.19582,1.3616556,-0.5437300714034018,0.9266919013714957,1.8122062369971472,1.0744302074196659,7,7
2019-02-13,-1.3668736,1.3302119,-0.5308256551311755,1.0410455255209599,1.907303630070097,1.1685682103979438,8,7
2019-02-14,-1.0635134,1.1502836,-0.6376341331231746,0.9577138443754741,1.566592835553808,1.1505620780436805,7,7
2019-02-15,-0.98974884,0.48493248,-0.5424203199905631,0.8484033418533269,1.1021625453808055,1.0069796591821296,8,7
2019-02-16,-1.2690167,0.51203066,-0.6531318512108556,0.6303951147452656,1.368422004229297,0.907733009073051,8,8
2019-02-17,-1.4775602,0.73637033,-1.0274972092206223,0.39143997122046753,1.650886249118439,1.0995343405393248,8,8
2019-02-18,-1.5482274,0.59100401,-1.288385094661531,0.13865023812025062,1.657194563696985,1.2958240778272352,8,8
2019-02-19,-1.8999178,0.47100192,-1.3374116114426704,0.057353692311340174,1.9574295531130939,1.338640827273479,8,8
2019-02-20,-2.1780326,0.45961452,-1.2406430255778784,0.07316055590019684,2.2259989922858434,1.242798287677714,8,8
2019-02-21,-2.1198573,0.32881841,-0.8560718955291531,0.19326335190088142,2.1452078032484914,0.8776159829349287,8,8
2019-02-22,-2.2183921,0.2523059,-0.5353356984296255,-0.3286301272081869,2.2326938385092614,0.6281576796649102,8,1
2019-02-23,-2.1759374,0.0611280352,-0.8390755155485353,-0.38977844929906,2.1767958575406587,0.9251891484075137,8,1
2019-02-24,-2.148016,-0.29832733,-1.3155626009819938,-0.27124265772233014,2.1686336555723122,1.343233984259921,1,1
2019-02-25,-2.1785209,-0.46102998,-1.1238938364517066,-0.540687522380688,2.226769398522355,1.2471889802561207,1,1
2019-02-26,-1.910642,-0.87718838,-1.1814978939995482,-0.8486181524507403,2.1023825308851443,1.4546786731764083,1,1
2019-02-27,-1.4083643,-1.3681078,-1.378016118568018,-0.8661937105389809,1.9634686027373418,1.6276424568100187,1,1
2019-02-28,-1.0193886,-1.8813767,-1.1385460634926161,-0.8849885863531165,2.1397970476456054,1.4420443601601929,2,1
2019-03-01,-0.64505917,-2.2487738,-1.1157304869972902,-1.0085055679577937,2.3394625315160593,1.5039740689975616,2,1
2019-03-02,-0.32059526,-2.2911897,-0.994147809681633,-1.1098111488393783,2.3135106574469364,1.4899700176792046,2,2
2019-03-03,0.4275696,-2.2383087,-0.6794443652760251,-1.3923885116730368,2.2787807264719113,1.5493193385949828,3,2
2019-03-04,0.91465342,-2.2205932,-0.6865298243121752,-1.2925165048591862,2.401588024329722,1.4635307017632098,3,2
2019-03-05,1.347535,-2.0595515,-0.24038783068675632,-1.3987864507676302,2.461219810861527,1.419292022098831,3,2
2019-03-06,1.8749745,-1.7158056,0.3929386963529452,-1.3469035458088006,2.5415582292447305,1.4030502417247472,4,3
2019-03-07,2.0682576,-1.4995297,0.8963073602585305,-1.4193217094928665,2.554658259168895,1.6786426061229853,4,3
2019-03-08,2.0833361,-1.2852055,1.3072002764194217,-1.3567149507212437,2.4478648824625635,1.8839978822125993,4,3
2019-03-09,1.7268888,-0.98907465,1.4093852930413224,-1.1141369435932211,1.9900787901080859,1.7965711879356239,4,4
2019-03-10,1.5155461,-0.8306787,1.7503829466967387,-0.4378383601158786,1.7282670753847333,1.8043123038087725,4,4
2019-03-11,1.256608,-0.72928804,1.8080914493675224,-0.22124259334869598,1.4529021684033103,1.8215770569447796,4,4
2019-03-12,0.99613911,-0.69763565,1.8178645458198601,0.12033932851387688,1.2161367631243267,1.8218433140465227,4,5
2019-03-13,0.83417112,-0.59289336,1.7843253385059024,0.7751304921068701,1.023408028976783,1.9454162005668714,4,5
2019-03-14,0.41825971,-0.63429958,1.5794755516046008,0.7637551718526686,0.7597875638607547,1.754441501061907,3,5
2019-03-15,0.17431189,-0.59849173,1.4321857949828216,0.7781799860651797,0.6233594355376078,1.6299448585958298,3,5
2019-03-16,0.0573426262,-0.56679052,0.8845184011498213,0.5805190935169064,0.5696838336668711,1.0580053024018012,3,5
2019-03-17,0.12647152,-0.38609144,0.7780802666607628,0.317634239799628,0.4062777934029671,0.8404168082921541,3,5
2019-03-18,0.0716126785,-0.33897135,0.7625049026569428,0.1777701351237478,0.34645339057767477,0.7829533495156589,3,5
2019-03-19,0.0910823122,-0.37453038,0.6603794664144523,-0.03358042630764206,0.3854464854407712,0.6612327008647105,3,4
2019-03-20,0.0922623277,-0.0803981423,0.652676010491066,0.042647685394596554,0.12237727892837476,0.6540678861861746,4,5
2019-03-21,0.20838548,0.12876584,0.3711314101037532,-0.5208794276062106,0.24495948609052887,0.6395732183800178,5,3
2019-03-22,0.33058548,0.4017089,0.3928196851432698,-0.4804138604176683,0.5202468644076967,0.6205681125528966,6,3
2019-03-23,0.45486087,0.56798166,0.38373565133192256,-0.433651124194524,0.7276685901930304,0.5790564286995779,6,3
2019-03-24,0.25389233,0.3769955,0.3583054772228787,-0.09579124646743505,0.45451834094245186,0.3708891720011515,6,4
2019-03-25,0.0698087066,0.27946657,0.22636945277187237,-0.23994134772167924,0.28805350069861985,0.32987115589989485,6,3
2019-03-26,0.11245073,0.22122608,0.35943899992312445,-0.23749518450647863,0.24816555995886957,0.4308135992857029,6,4
2019-03-27,0.25630033,0.0402181149,0.10728726707221733,0.14113188079407318,0.25943661253612316,0.17728159930544898,5,6
2019-03-28,0.50213432,0.00455649057,0.01342413321473136,0.30040711818667903,0.5021549929336329,0.30070690715344767,5,6
2019-03-29,0.54534209,0.0204929523,0.03902107705294022,0.5414306871571565,0.5457269978840502,0.542834996522739,5,6
2019-03-30,0.46654728,-0.11290111,-0.0254002081843892,0.6876145741489582,0.48001356763598935,0.6880835510007949,4,7
2019-03-31,0.31716207,0.0456729345,-0.10555518884419109,0.18729146622064433,0.3204337616302723,0.21498835133795413,5,7
2019-04-01,0.0525664203,0.28824842,-0.05980863251698955,0.028149213066806088,0.29300235523908785,0.06610182085111382,6,8
2019-04-02,-0.10032403,0.22933732,0.09945099655306235,0.13156802233257317,0.25032082881818546,0.1649261811111313,7,6
2019-04-03,-0.23291476,0.13717967,0.3329917420782144,0.15740300644503283,0.27031009468232314,0.36831943572152026,8,5
2019-04-04,-0.30852836,0.11339469,0.4776622949726064,0.3099367268242177,0.32870671524093587,0.5694049900317059,8,5
2019-04-05,-0.32652497,0.0636543483,0.37118153897719275,0.35466621714941166,0.3326716580819572,0.5133847100026947,8,5
2019-04-06,-0.30726349,0.21947278,0.2858010606925677,0.04745009853932694,0.37759654851164687,0.28971323432730617,8,5
2019-04-07,-0.13586776,0.0771223605,0.11299548316634238,0.14674255379498416,0.15623030018696615,0.18520625343186709,8,6
2019-04-08,-0.12697378,0.000496754423,-0.2953196394254415,0.146699426608595,0.12697475171247696,0.3297490124286399,8,8
2019-04-09,-0.3051208,-0.19631928,-0.22674541929326086,-0.036516973823711274,0.36282221857592795,0.22966709504785027,1,1
2019-04-10,-0.16002782,-0.21669264,-0.09750844285821386,-0.09056122037170568,0.26937817915362405,0.13307603489676945,2,1
2019-04-11,-0.10761258,-0.27381408,-0.12576330122002063,-0.07780577017087265,0.2942016617568684,0.14788558349494485,2,1
2019-04-12,-0.12894626,-0.23706844,-0.13830151650062564,-0.07630444623244802,0.2698677142824262,0.15795467065336616,2,1
2019-04-13,-0.37754473,-0.27459097,-0.21759473142793984,0.12311995235676307,0.46684068369874726,0.2500119793400486,1,8
2019-04-14,-0.46278629,-0.39121804,-0.04906796805073013,0.04148804993637472,0.6059890304563323,0.06425670218857014,1,8
2019-04-15,-0.44409543,-0.58198196,0.012105558402331395,0.019132901922348337,0.7320681339276601,0.02264094698113259,2,6
2019-04-16,-0.42028594,-0.73829621,-0.12657795523307128,-0.3259856329195569,0.8495419736905574,0.3496978862117263,2,2
2019-04-17,-0.34172827,-0.8730166,0.06165752358225812,-0.12031603985347152,0.9375159702067762,0.13519467319505923,2,3
2019-04-18,-0.35796592,-1.0225496,0.09768573339914514,-0.1574659121752272,1.0833961806936585,0.18530519692362982,2,3
2019-04-19,-0.40565521,-0.96037912,-0.012248504923272925,-0.1363873648676269,1.042537387114783,0.1369362595092718,2,2
2019-04-20,-0.25576481,-1.1228714,-0.24178188295269132,-0.39563639883111046,1.1516318070339564,0.46366651701864176,2,2
2019-04-21,-0.40855128,-1.4179327,-0.1650737446378511,-0.5020731551781473,1.4756175961674245,0.5285137598202174,2,2
2019-04-22,-0.54800665,-2.1735208,0.06814410932810247,-0.5926154139734423,2.241540531972791,0.5965204510450877,2,3
2019-04-23,-0.39345929,-2.5623908,0.22381015843201463,-0.6538866095571083,2.592422964103648,0.6911285590796069,2,3
2019-04-24,0.1013431,-2.5670171,0.3522633627524754,-0.6813095018827531,2.569016779939364,0.7669889921592142,3,3
2019-04-25,0.64775348,-2.4158554,0.3937754238198135,-0.8332033323809929,2.501188094598499,0.9215676196000298,3,3
2019-04-26,1.096698,-2.101145,0.23800163951176695,-0.7291287342080746,2.370138564352093,0.7669898900625471,3,3
2019-04-27,1.4138603,-1.8437055,0.517118743220804,-0.8615696244111279,2.3234136348584897,1.0048452678388826,3,3
2019-04-28,1.5909885,-1.4561766,0.6001119984119303,-1.2041663547617745,2.1567787780669136,1.3454185298925463,4,3
2019-04-29,1.5250781,-0.97451669,1.0505173540209467,-1.6419810746913142,1.809846952144895,1.949278984841219,4,3
2019-04-30,1.8022357,-0.43400151,1.6002656344786106,-1.483124512905101,1.8537558709379103,2.1818589371618926,4,4
2019-05-01,1.8598329,0.13010213,1.8315222112261564,-1.001049423268934,1.864377907011598,2.0872406564749104,5,4
2019-05-02,1.5961194,0.38595605,1.8421266812859678,-0.5047990452830917,1.6421203401663238,1.9100399959226966,5,4
2019-05-03,1.1911453,0.74023604,1.7126859142308848,-0.03544966593384759,1.4024180976538243,1.7130527486390204,5,4
2019-05-04,0.79396451,0.96460187,1.5743637225462441,0.24500481888265174,1.2493343870825924,1.5933136829091088,6,5
2019-05-05,0.38841933,1.2515244,1.3333468507531816,0.5472031320936607,1.3104132553179584,1.4412651012865534,6,5
2019-05-06,-0.1294513,1.5201659,0.7841487915101919,0.6733007269667947,1.5256677235212457,1.0335488358858078,7,5
2019-05-07,-0.13652205,1.5528141,0.6351486712256639,1.1301341762008794,1.558803996432846,1.2963861657611773,7,6
2019-05-08,-0.0395617224,1.5271856,0.3232380571049113,1.3233993947572804,1.5276979370041104,1.3623027562201047,7,6
2019-05-09,-0.0705736503,1.7579337,0.07819734123905295,1.0857297293013362,1.7593497474102062,1.0885420842877915,7,6
2019-05-10,-0.28882763,1.8265384,-0.2698542913574687,0.9458119405756392,1.8492333347974172,0.9835555731627461,7,7
2019-05-11,-0.68679541,1.8122936,-0.47935356118011707,0.7249056145279696,1.9380650215609456,0.8690615551215194,7,7
2019-05-12,-1.0640354,1.637743,-0.6361122013832594,0.7410044713620869,1.9530421056654563,0.9765891456120441,7,7
2019-05-13,-1.4419619,1.3588039,-0.9625295910463914,0.6459114846433257,1.9813132411879804,1.1591655876681635,8,8
2019-05-14,-1.6206772,0.73737931,-0.7640737479342696,0.7138532383231688,1.7805400398238498,1.0456553629885885,8,8
2019-05-15,-1.6528311,0.47664443,-0.5006430484692939,0.8576458158020688,1.7201861985777107,0.9930759323150591,8,7
2019-05-16,-1.536683,0.55801392,-0.7889401217662637,1.036822780149894,1.6348621279492552,1.3028537881014592,8,7
2019-05-17,-1.4780307,0.64832109,-1.0868000254175523,0.7904440622591977,1.613968706599133,1.343851223465014,8,8
2019-05-18,-1.5305259,0.67380601,-1.2355553636613708,0.5170980166890679,1.672281097687506,1.3393981542230635,8,8
2019-05-19,-1.6168444,0.63335454,-1.2791470252307244,0.24473477911474634,1.7364687694139425,1.3023487337364579,8,8
2019-05-20,-1.665875,0.55796432,-1.252983940671345,-0.09910346236786485,1.7568334292180525,1.2568970728876694,8,1
2019-05-21,-1.5242913,0.49980119,-0.8915747429380112,-0.6746044540339003,1.6041400178229785,1.1180325092086354,8,1
2019-05-22,-1.6689177,0.37988934,-0.7586360213788979,-0.5051136518096719,1.7116080743029127,0.9114101240265581,8,1
2019-05-23,-1.8252472,0.26513922,-0.960449003520018,-0.21154143568045775,1.8444040086407447,0.9834694033737628,8,1
2019-05-24,-2.011127,0.20659602,-1.0504067025790749,-0.2727522292103076,2.0217105939300115,1.0852409959830291,8,1
2019-05-25,-2.0510795,0.0579833202,-1.0879215243665317,-0.40249152209073596,2.0518989206931386,1.1599882191362614,8,1
2019-05-26,-2.1263011,-0.14817409,-1.091419658329536,-0.511126205406977,2.1314577004502198,1.2051750364332543,1,1
2019-05-27,-2.113781,-0.74560094,-1.0461312719794673,-0.5570433428677832,2.2414260812460185,1.1851953105065396,1,1
2019-05-28,-1.847827,-1.3447068,-0.887125057674526,-0.41738503704656393,2.285322953084583,0.9804086582157425,1,1
2019-05-29,-1.7377561,-1.8061069,-0.9761784031432974,-0.7502205075860487,2.506355600730834,1.2311600565182688,2,1
2019-05-30,-1.5230646,-2.2292805,-1.0021505433542057,-0.9085273926878805,2.6998920947796066,1.3526742899934812,2,1
2019-05-31,-1.2424703,-2.6363573,-1.0442507812092459,-0.9856366425932578,2.9144660333662116,1.4359454325560668,2,1
2019-06-01,-0.6297214,-2.8039255,-0.9262276726454026,-1.0755532872661064,2.8737688235430854,1.4194057120228334,2,2
2019-06-02,-0.28722271,-2.4788706,-0.7930419557182322,-1.2513999210955746,2.4954551361793915,1.4815253308828065,2,2
2019-06-03,0.09386684,-2.167448,-0.3970211935710434,-1.5320886850548954,2.1694796187923924,1.5826944010192916,3,2
2019-06-04,0.56950724,-1.8289101,0.1310553968472962,-1.539614648999606,1.9155288174011968,1.5451824437447452,3,3
2019-06-05,0.81692713,-1.6034164,0.40726463706906235,-1.6276832427508279,1.7995316300412718,1.6778609070297947,3,3
2019-06-06,0.50721747,-1.6196759,0.720042755870746,-1.6576131502118285,1.6972388113975037,1.8072473339410744,3,3
2019-06-07,0.26013771,-1.3828654,1.118297931794964,-1.6777478479485992,1.4071205856930684,2.0162906798259645,3,3
2019-06-08,0.15855806,-1.190134,1.6446454798623311,-1.4490727500973826,1.2006496559558761,2.191955882198907,3,4
2019-06-09,0.36791924,-0.8867358,1.4418009675379275,-0.9782229652868231,0.9600338255310682,1.7423289585516994,3,4
2019-06-10,0.43450332,-0.88641036,1.1756817333618934,-0.7722834524171894,0.987176003256943,1.4066446847154541,3,4
2019-06-11,0.54918605,-0.72079545,1.336527701249929,-0.19013892462642099,0.9061740441302129,1.3499848543100441,3,4
2019-06-12,0.75873137,-0.63956016,1.1369733897571743,0.018507092857821733,0.9923257983552088,1.1371240044524464,4,5
2019-06-13,0.96213543,-0.74900997,0.7444638919879304,-0.8631668298619908,1.219311494582367,1.1398611593732877,4,3
2019-06-14,1.2803613,-0.63995153,0.6020907130606573,-0.6920492509728664,1.4313850003709803,0.9173033263463053,4,3
2019-06-15,1.7430336,-0.28388619,0.4578509813434868,-0.6148026418785724,1.766000424575735,0.7665571143613932,4,3
2019-06-16,2.1929636,0.0406278558,0.6170790667601072,-0.04339782943794172,2.1933399129163416,0.6186032219714422,5,4
2019-06-17,1.8744886,-0.019137878,0.7044648794412881,-0.28698737977419214,1.874586293000219,0.7606789878233031,4,4
2019-06-18,1.3708688,0.20371456,0.7459960528893708,0.08098271184266786,1.3859223963734166,0.7503787780474028,5,5
2019-06-19,0.89917046,0.34487206,0.8162185887439958,0.23531799695509084,0.9630390718476874,0.8494629740619636,5,5
2019-06-20,0.67608792,0.51001972,1.0364173820630846,0.15060066750254564,0.8468854647228305,1.0473020342263784,5,5
2019-06-21,0.43293074,0.61132663,1.1811217330642707,0.49681552286430986,0.749098974891906,1.2813563954168583,6,5
2019-06-22,0.39557347,0.83588111,1.0914962125663237,0.9665650545734282,0.9247570492960153,1.4579478683304021,6,5
2019-06-23,0.26244989,0.68891656,1.026431566906748,1.3177682678334783,0.7372150102943141,1.6703517501566811,6,6
2019-06-24,-0.0836358741,0.5128324,0.7833889023940791,0.9976096708409046,0.5196075730070059,1.2684333753688042,7,6
2019-06-25,-0.095783852,0.60287714,0.20782972561376034,0.583665938551029,0.6104386883533329,0.6195636550616446,7,6
2019-06-26,-0.0403999388,0.90922117,-0.005755514735289418,0.31213765290235007,0.91011828408796,0.3121907114397482,7,7
2019-06-27,0.0219992604,1.0843143,0.038108789880507095,0.5161118496912597,1.0845374445553444,0.5175168801671015,6,6
2019-06-28,-0.0303899106,0.93924123,-0.11941363893270675,0.4286487760326646,0.9397327464753951,0.4449712241903428,7,7
2019-06-29,-0.16101451,0.76713586,-0.1140007375354226,0.7173011938936942,0.7838514528458053,0.7263037731692844,7,7
2019-06-30,-0.19537851,0.777219,-0.12456159906452104,0.3866241220677383,0.8014001098894485,0.40619429307433635,7,7
2019-07-01,-0.21543929,0.59963506,-0.17544659298172222,-0.03198130142706512,0.6371626894733461,0.178337630997675,7,1
2019-07-02,-0.19925413,0.23862028,-0.1622238164893943,0.2993901203490878,0.31087271728045757,0.34051580110036883,7,7
2019-07-03,-0.74572831,-0.00612913538,-0.3022566858899884,0.6343841095664586,0.7457534972334775,0.7027106820275523,1,7
2019-07-04,-1.0502442,-0.1658093,-0.4193919809989949,0.7182346365565425,1.0632523706064003,0.8317154723075495,1,7
2019-07-05,-1.2480165,-0.26788712,-0.39124049100628544,0.4579753227594672,1.2764437681833638,0.6023375449525602,1,7
2019-07-06,-1.5181421,-0.53711122,-0.3782546302696345,0.24441159513663124,1.6103552087791992,0.4503483020481486,1,8
2019-07-07,-1.7880536,-0.42637178,-0.4051983314566386,0.3400719532824509,1.8381862177846204,0.5289939708773489,1,8
2019-07-08,-1.4792826,-0.28307351,-0.33305980186474404,0.14467484813544745,1.5061233756656458,0.3631248315678747,1,8
2019-07-09,-1.1187273,-0.43910521,-0.06571004741294846,-0.0999770428165041,1.2018170231838265,0.11963786784018274,1,2
2019-07-10,-0.82641029,-0.55786127,-0.4190131131947833,-0.6143639922067172,0.9970773109362668,0.743649853055428,1,2
2019-07-11,-0.75348455,-0.74088156,-0.5681879966102822,-0.7047323026841699,1.0567139882847847,0.9052542283461251,1,2
2019-07-12,-0.78948945,-0.56030273,-0.5412903266501418,-0.830968036514542,0.9681078147121608,0.991717245707591,1,2
2019-07-13,-0.49880424,-0.45447028,-0.577758005323566,-1.1601485529852693,0.6747954543750692,1.296051302113184,1,2
2019-07-14,-0.17030713,-0.44796649,-0.8233991161422817,-1.0447496793921092,0.4792478426573843,1.3302210331571989,2,2
2019-07-15,-0.0853193998,-0.32763666,-0.6752747556514946,-0.6716239995631207,0.3385634075888708,0.9524047419082649,2,1
2019-07-16,-0.14708117,-0.44537684,-0.18145646465644066,-0.7703161569245727,0.4690345404945722,0.7913996652669605,2,2
2019-07-17,-0.35923758,-0.44733608,0.03389549695069106,-0.5796956126033377,0.5737257248494466,0.5806857222156346,2,3
2019-07-18,-0.51616579,-0.47383076,0.04953606438177737,-0.7697840550185113,0.7006730420734779,0.7713762460921247,1,3
2019-07-19,-0.48595175,-0.62390417,-0.2098653137729631,-0.5285865377301916,0.7908258447164277,0.5687241667052804,2,2
2019-07-20,-0.83988935,-0.71470433,-0.03261992496555826,-0.3332902926164474,1.1028220162674354,0.33488278345880335,1,2
2019-07-21,-1.0175242,-0.87746572,0.3609088885605427,-0.1904752447016421,1.343615118760115,0.4080882805057708,1,4
2019-07-22,-0.79807985,-0.80222374,0.2137939100246489,-0.09060626698780895,1.1315893141929232,0.2322010585270743,2,4
2019-07-23,-0.28343672,-0.68151116,0.16116230173192522,-0.46373383625542236,0.7381015075508951,0.4909402798586636,2,3
2019-07-24,0.23774067,-0.33074209,0.07777642021523748,-0.5135449267754835,0.4073216864710459,0.5194011584106584,3,3
2019-07-25,0.51828307,-0.25922346,-0.02624219230370798,-0.589135787812634,0.5794947306602507,0.589719958233158,4,2
2019-07-26,0.78171331,-0.36176494,0.23138488245129368,-0.6394606556832045,0.8613649463754371,0.680035950515701,4,3
2019-07-27,0.81447387,-0.44629088,-0.039324691697926434,-0.9046446263049284,0.9287320574223501,0.9054989405181656,4,2
2019-07-28,0.64739949,-0.37918717,-0.06141393790530133,-1.0441686920105162,0.7502726234808711,1.045973197144166,4,2
2019-07-29,0.58167821,-0.38255382,0.14846892921327268,-0.6216149978448801,0.6962018135464719,0.6390995450533712,4,3
2019-07-30,0.59413171,-0.20238151,0.45295809223356537,-0.17660637531117254,0.6276549724310357,0.4861695641650368,4,4
2019-07-31,0.67405224,-0.0871506482,0.4708701616296673,0.33878365605120436,0.6796629000693636,0.5800802312788894,4,5
2019-08-01,0.74760091,0.13800615,0.47917244223988725,0.38113215379820997,0.7602320817162681,0.6122646062455354,5,5
2019-08-02,0.74910283,0.0261491239,0.7046966207965445,0.24882844283753758,0.7495590881276448,0.7473372206220044,5,5
2019-08-03,0.67354399,0.0211564731,0.7549387328487638,0.17697345182803054,0.6738761776611124,0.775404470587593,5,5
2019-08-04,0.79632688,-0.0204374511,0.5086371531856019,0.07208117659689668,0.7965890968485567,0.5137192322858338,4,5
2019-08-05,0.96056825,-0.24290191,0.5208018395664755,0.006012370191671668,0.9908040678104378,0.5208365431602765,4,5
2019-08-06,1.0251797,-0.65559858,0.5237511879865988,0.3090936773044687,1.2168824575077524,0.608156401155963,4,5
2019-08-07,1.280618,-0.79031831,0.4714347096524426,0.3957498706969902,1.504853977316489,0.6155230666853739,4,5
2019-08-08,1.4467798,-0.80845606,0.38695041957478005,0.6094630139266347,1.6573391296408722,0.7219250602061378,4,6
2019-08-09,1.6992762,-0.72377783,0.43484894697404264,0.34424983198394915,1.8469959261151467,0.5546183854736615,4,5
2019-08-10,1.8000921,-0.52965385,0.4629754323496904,0.3230870397065525,1.8763967515699427,0.5645630931842128,4,5
2019-08-11,1.5583699,-0.0346152745,0.5894836004889019,0.3949347128902745,1.5587542982955076,0.7095522128012024,4,5
2019-08-12,0.95671725,0.32033813,0.8578508574141701,0.36164202455231254,1.0089224023578123,0.9309635049176321,5,5
2019-08-13,0.35440436,0.31245363,1.1346151791978263,0.08301853697429658,0.47247192645403435,1.1376483122421746,5,5
2019-08-14,-0.15122221,0.26301289,1.4189688808169818,0.24870559933583386,0.303387437286774,1.4405995834609957,7,5
2019-08-15,-0.11025655,0.37840265,1.4300008221531644,0.42655353855316597,0.39413839237623755,1.4922634729198974,7,5
2019-08-16,-0.11636087,0.3393636,1.426321195347659,0.6448866891225209,0.35875828223487316,1.5653341477478162,7,5
2019-08-17,-0.46910131,0.0878073871,1.23257944038757,0.8323526507085983,0.4772485476908708,1.4873005789038627,8,5
2019-08-18,-0.83213466,-0.0550819896,0.5248293176834973,1.0046760513334405,0.8339557050297156,1.1334989108168916,1,6
2019-08-19,-0.87334663,-0.12920773,-0.2360749828910432,0.4551394853212108,0.8828527474183392,0.5127215117834076,1,7
2019-08-20,-0.7082659,-0.32441646,-0.3045033028772584,-0.15724382815908555,0.7790292835457095,0.34270670106854256,1,1
2019-08-21,-0.32005304,-0.62052733,-0.171205558685489,-0.20782493989649123,0.6982034916055423,0.26926297362948104,2,2
2019-08-22,0.00240409793,-0.74435192,-0.021005190610897558,0.2016757324804446,0.744355802351633,0.20276666171766006,3,7
2019-08-23,0.22628416,-0.87245113,0.029208895931528915,0.1281510175661881,0.9013187534414129,0.13143760080277006,3,6
2019-08-24,0.31245735,-0.96436763,-0.16419840358171642,-0.4044673350527091,1.0137230989579153,0.4365259910514203,3,2
2019-08-25,0.86103666,-0.62075227,-0.3091097156448147,-0.5416885649587806,1.0614695052492598,0.6236788578372056,4,2
2019-08-26,1.1570234,-0.37210807,-0.2540216729142372,-0.4858664803780572,1.2153878244851248,0.5482638480377023,4,2
2019-08-27,1.0915583,-0.19711296,0.038656364075312866,-0.5123870907826187,1.1092128025310795,0.5138432107989739,4,3
2019-08-28,0.77364641,-0.26103747,0.4606421366779169,-0.43241501145863015,0.8164982109287742,0.631802121093277,4,4
2019-08-29,0.9846223,-0.17377934,0.7098240029659921,-0.27100356875856496,0.9998401535586203,0.7597980320233417,4,4
2019-08-30,0.98919815,-0.26381475,0.7659671448251217,-0.3453792508401412,1.023773022833179,0.8402335948189921,4,4
2019-08-31,0.80091339,-0.29584903,0.7854246251769206,-0.4684472658382497,0.8538084719849253,0.9145133584074309,4,4
2019-09-01,0.77056301,0.0170183498,0.9191155191162592,0.428971360188994,0.7707509173592824,1.0142927414424034,5,5
2019-09-02,0.95658052,0.18654114,0.7248472315260808,0.5588550301732313,0.9745993475043835,0.9152717923114134,5,5
2019-09-03,1.0200229,0.25974798,0.45505871934538283,0.5793257480743303,1.0525757595719611,0.7366795507099015,5,6
2019-09-04,0.93847817,0.73592383,0.24524801342805116,-0.0005091921729467788,1.1926127448289399,0.24524854202843807,5,4
2019-09-05,0.90171307,0.99854422,0.6864644863200865,0.4402039828403864,1.345428192028186,0.8154833152721394,6,5
2019-09-06,0.86417276,0.95526212,0.7303146884514995,0.3542062738041655,1.288146061994878,0.8116782789814214,6,5
2019-09-07,0.89151722,0.83841264,0.5639307362612132,0.12654745400439724,1.2238213548015486,0.5779551309704837,5,5
2019-09-08,1.2587651,1.0049505,0.37051416096224254,0.5164585466833728,1.6107188098573444,0.6356179465023436,5,6
2019-09-09,1.4235075,0.99070412,0.4006226510678097,0.7047523223158434,1.734320690051648,0.8106629042692002,5,6
2019-09-10,1.3220911,0.7507779,0.461061113562846,0.6866078932460804,1.5203921638273528,0.8270476101819245,5,6
2019-09-11,0.93328702,0.42952621,-0.04291660419109824,1.0170941617620168,1.027383777746877,1.0179991988236903,5,7
2019-09-12,0.37746564,0.44192472,-0.2380816931397341,1.0647344072664966,0.5811865169871785,1.091028070502964,6,7
2019-09-13,-0.19530553,0.57385814,-0.09106879685028968,0.9383083499835336,0.6061826580271333,0.9427173942431426,7,7
2019-09-14,-0.62820303,0.77483195,0.06374005150878917,0.8609834641462106,0.9974986704963488,0.8633396317206528,7,6
2019-09-15,-0.94168866,0.80638033,0.15723756387759127,1.2282199137370264,1.2397688369141662,1.2382438402812057,8,6
2019-09-16,-1.2125008,0.71338856,0.16105078293441963,1.2724883210555815,1.4067982895708657,1.2826394200657651,8,6
2019-09-17,-1.4128609,0.57018757,0.184089082971552,0.9373723880691854,1.5235779559088254,0.9552778571619016,8,6
2019-09-18,-1.8282536,0.37815362,0.10231616375940546,0.2779521298364291,1.866952432771672,0.2961857252587447,8,6
2019-09-19,-1.9089057,0.36515135,-0.2418183729440972,-0.0351235278334381,1.943516524215658,0.2443558628328708,8,1
2019-09-20,-1.6905596,0.22523099,-0.5555372156881558,-0.09841000840146012,1.7054972178249193,0.5641862527287633,8,1
2019-09-21,-1.7658271,-0.051569663,-0.7358943221612543,-0.004904506271747844,1.7665799662727821,0.7359106654825309,1,1
2019-09-22,-1.909688,-0.54931682,-0.8441878829838144,-0.15534317286685595,1.9871228512799386,0.8583616272487,1,1
2019-09-23,-2.3816104,-0.9409464,-0.8255715866634081,-0.30631729662113905,2.5607514961552047,0.8805672779039772,1,1
2019-09-24,-2.600915,-1.0860437,-0.8539785065959586,-0.44402984055184685,2.818554550746657,0.9625184616558595,1,1
2019-09-25,-2.7170579,-1.2839079,-1.045499217472591,-0.8456865834554922,3.005132797004954,1.3447135052390986,1,1
2019-09-26,-2.7215035,-1.3608904,-1.0612280787189479,-0.6526356212409301,3.042795422193942,1.245848421427761,1,1
2019-09-27,-2.4192865,-1.2850709,-0.7570798727945824,-0.6581314883520653,2.739407670849496,1.0031485382290928,1,1
2019-09-28,-2.1127663,-1.3838178,-0.6590510661938108,-1.0654805999838286,2.525615398672674,1.2528356703068038,1,2
2019-09-29,-1.8714691,-1.2133803,-0.537323445846717,-1.413646675614354,2.2304009381012424,1.5123205377604658,1,2
2019-09-30,-1.6711385,-1.2910073,-0.6119184996059523,-1.5649477622240018,2.11173003360646,1.6803290596338296,1,2
2019-10-01,-1.5754724,-1.1681216,-0.6918247015241418,-1.457324018545317,1.961280539736302,1.6132001465001293,1,2
2019-10-02,-1.7654244,-0.9244799,-0.6106469729546028,-1.4823784545680936,1.9928337606582667,1.6032266240760564,1,2
2019-10-03,-1.8336018,-0.59920406,-0.6256684069249501,-1.3780431738471262,1.9290259372242053,1.513427878826958,1,2
2019-10-04,-1.6143329,-0.52474397,-0.6201000342364137,-1.1437113966640382,1.6974766408035695,1.3009995431664096,1,2
2019-10-05,-1.5713459,-0.45275828,-0.34423665632253425,-1.2355809411066476,1.6352730651348015,1.2826375706262887,1,2
2019-10-06,-1.5617962,-0.31817901,-0.4354206284616314,-0.9803028473286087,1.5938774271376768,1.0726531574420968,1,2
2019-10-07,-1.5687699,-0.31732723,-0.2879457898178689,-1.1376713112467711,1.6005422737452086,1.1735453933733386,1,2
2019-10-08,-1.580542,-0.22255154,-0.35569167219022174,-0.9779736193705231,1.59613351625745,1.0406483391857968,1,2
2019-10-09,-1.4597788,0.0144089749,-0.7261812846455911,-0.9105622880957415,1.459849911287838,1.1646728891288203,8,2
2019-10-10,-1.5155169,0.16521069,-0.9012650489836183,-0.7746519687022361,1.524495341506784,1.188429367330551,8,1
2019-10-11,-1.3159786,0.28032967,-0.6400582649456855,-0.8086437493313879,1.3455052580871874,1.0312998089100986,8,2
2019-10-12,-1.4402406,0.20037635,-0.5530585881571684,-0.7905503051134063,1.454112673601218,0.9648023563659555,8,2
2019-10-13,-1.6082379,-0.0220783167,-0.6369993269120285,-0.6886496410382654,1.608389441355767,0.9380866007936097,1,2
2019-10-14,-1.518792,-0.24884556,-0.570067709724949,-0.7848715523398225,1.5390429662604332,0.9700518271429478,1,2
2019-10-15,-1.2853332,-0.44790834,-0.5607360823489642,-0.6702809386028431,1.3611404468546937,0.8739001606032423,1,2
2019-10-16,-1.119692,-0.69729561,-0.6085039935248913,-0.33955405157758795,1.319064571046191,0.6968314459598506,1,1
2019-10-17,-1.1773418,-0.88502139,-0.73895696901371,-0.4379466279481908,1.472887156161249,0.8589846628346284,1,1
2019-10-18,-1.1387259,-1.2775086,-0.5535973838171564,-0.20298761712383528,1.7113517751779643,0.589638903121913,2,1
2019-10-19,-1.2342861,-1.6118683,-0.5725014725124048,-0.5514326098846937,2.0301678731568233,0.794881034666897,2,1
2019-10-20,-1.2970915,-1.86849,-0.5002269429279509,-0.8307939682323426,2.2745771561923878,0.9697657511390502,2,2
2019-10-21,-0.91797662,-2.0323291,-0.19503316415557653,-0.7767333502984859,2.2300319830830757,0.8008449491546079,2,2
2019-10-22,-0.49646172,-2.0496318,0.10968536238856527,-0.6923531806716616,2.1089013146651974,0.7009877356334256,2,3
2019-10-23,-0.34308514,-1.8984921,0.24101684937539494,-0.7612745632918493,1.929243288714834,0.7985161754141475,2,3
2019-10-24,-0.15232106,-1.409528,0.20294268387541256,-0.9697768747229056,1.417734420864332,0.9907839924453169,2,3
2019-10-25,0.10234705,-1.0080371,0.48683246909153477,-1.2181254073577183,1.013219479491049,1.3118061446007057,3,3
2019-10-26,0.22245243,-0.95850891,0.6556733940965974,-1.3420298738359335,0.983983950154825,1.4936370984928848,3,3
2019-10-27,0.38094637,-0.92464679,0.6833532060856424,-1.4074985023113105,1.0000459104828543,1.5646161312846383,3,3
2019-10-28,0.47075677,-0.65139949,1.0454886742872689,-1.294178131169829,0.8036997151132337,1.663713798482534,3,3
2019-10-29,0.62951881,-0.59627372,1.2366743352592056,-0.9934805120843698,0.8670849331561785,1.5863060673716847,4,4
2019-10-30,0.74707162,-0.41545007,0.9763344577056237,-0.9306460609629094,0.8548185573982524,1.3488258093946428,4,4
2019-10-31,1.1567075,-0.23119874,0.4846845246302057,-0.37694757150867986,1.1795868335709065,0.6140102279948599,4,4
2019-11-01,1.5824169,0.17353325,0.3031509449423871,-0.12865716160489796,1.5919035882430734,0.3293222747578594,5,4
2019-11-02,1.750524,0.52579427,0.5623532320589766,-0.37384562313521413,1.8277838736953647,0.6752789849717921,5,4
2019-11-03,1.8295995,0.88454908,0.8526923690225403,-0.11386600623679335,2.032206044014508,0.8602614390786033,5,4
2019-11-04,1.9297038,1.1869113,0.6185649272462228,0.24768878144477835,2.2655055042533285,0.6663124654940233,5,5
2019-11-05,2.0932002,1.0350994,0.7346678247869043,0.20239437896184717,2.335148356135087,0.762036939663999,5,5
2019-11-06,1.9749087,1.0939293,0.764985922974252,0.4322326212287318,2.257641620526646,0.8786515243274938,5,5
2019-11-07,1.817062,1.5787601,0.9066389928580104,0.708514584502056,2.40711399090197,1.1506464182461564,5,5
2019-11-08,1.1931143,1.9079025,0.7861309158794274,1.1906984218279635,2.2502474713619254,1.426802210765399,6,6
2019-11-09,0.42355841,2.2805681,0.5006097439040869,1.3699197729879276,2.319567327201204,1.458523328615285,6,6
2019-11-10,-0.0530158952,2.2279525,0.2286445588712851,1.4753649639410853,2.2285831883508647,1.4929769292009587,7,6
2019-11-11,-0.60473019,2.0791001,0.11505570209915222,1.5932736118498156,2.1652611455705397,1.5974224916416089,7,6
2019-11-12,-1.2081536,1.8158494,0.45689419582292734,1.4823497686707712,2.181041990580035,1.5511650920694962,7,6
2019-11-13,-1.4641044,1.4552777,0.30074137920660954,1.471804181892677,2.0643243151735264,1.5022160054412503,8,6
2019-11-14,-1.6437808,0.87274885,-0.3330612973561951,1.6893057995205676,1.8611034021851023,1.721825749630437,8,7
2019-11-15,-1.3441651,0.25705975,-0.8176473363821872,1.3908990197989115,1.3685245818501297,1.6134271752919183,8,7
2019-11-16,-1.3910779,0.25850955,-1.3052446670842057,1.161575154704322,1.4148939576200092,1.7472608508686185,8,8
2019-11-17,-1.4738196,0.32699966,-1.2290114519894786,0.9233240819915349,1.5096598924871374,1.5372041209633798,8,8
2019-11-18,-1.7223767,0.37032032,-1.2638397729342505,0.571480678939647,1.7617373913576884,1.3870404240871346,8,8
2019-11-19,-1.5614045,0.14048567,-1.3861556597985334,0.20823460376013128,1.5677117834907024,1.4017093719436444,8,8
2019-11-20,-1.2407793,-0.00618826784,-1.1941247470584575,-0.0005592772920496201,1.2407947316004164,1.19412487802931,1,1
2019-11-21,-1.0516248,-0.6602456,-0.8834640946023301,-0.5416534154021407,1.2417080865865375,1.0362901277481702,1,1
2019-11-22,-0.65301925,-0.85287249,-0.34285903950764646,-0.4667224183113978,1.0741627553910826,0.5791218669041476,2,2
2019-11-23,-0.0366907232,-0.76334906,-0.6170751335881828,-0.45652388841848807,0.7642303295288814,0.7675908944155146,2,1
2019-11-24,0.32274005,-0.67703676,-0.9779445187273417,-0.5740455313111086,0.7500266090381728,1.1339769634904868,3,1
2019-11-25,0.11307983,-0.4226045,-1.0582543238783433,-0.7805927236317972,0.43747184066300643,1.3150008418986343,3,1
2019-11-26,-0.40776652,-0.23657903,-0.6836324591748908,-0.8015221852345711,0.47142674114718114,1.0534662560617263,1,2
2019-11-27,-0.64956033,-0.20393585,-0.24740754791871783,-0.6161996867995595,0.6808218953771473,0.6640124613130599,1,2
2019-11-28,-0.73251253,-0.40401694,0.06092482997818284,-1.1035966352468407,0.8365430619005603,1.1052770549667712,1,3
2019-11-29,-0.72269344,-0.67564481,0.49167651545066454,-0.7180166757356004,0.9893339767232143,0.8702262593602367,1,3
2019-11-30,-0.53749633,-0.48868671,0.6857813458252421,-0.2906095535823632,0.7264413295608207,0.7448153911642943,1,4
2019-12-01,-0.36704993,-0.31464636,0.674415610797183,-0.1181268702823381,0.4834542201431843,0.6846826809330274,1,4
2019-12-02,-0.4625313,-0.3642002,-0.014409235836508542,-0.30925585354019025,0.5887078979933341,0.3095913581259395,1,2
2019-12-03,-0.53988332,-0.46505582,-0.5256837966044816,-0.6159847706537566,0.7125664284332337,0.8098028721175685,1,2
2019-12-04,-0.47820807,-0.5372687,-0.39943707028074443,-0.6082754411891687,0.7192639391856198,0.7277011649491446,2,2
2019-12-05,-0.42792362,-0.80959255,-0.12429731581528963,-0.7435524087591928,0.9157285195784867,0.7538700201563155,2,2
2019-12-06,-0.45921677,-1.0269798,0.16109676929653974,-0.8392485762656166,1.1249744670245956,0.8545702673517532,2,3
2019-12-07,-0.39987871,-1.1094215,0.10177801116074137,-0.28796077056796565,1.1792875168395172,0.30541802327618545,2,3
2019-12-08,-0.31490937,-0.99674022,-0.048055654932592826,-0.21836260902701474,1.04530329449373,0.22358795806591492,2,2
2019-12-09,-0.44790334,-0.97552592,-0.12493080599395882,-0.5139758987284822,1.0734375727423566,0.5289413301681494,2,2
2019-12-10,-0.46797982,-0.86385638,-0.03181454299950418,-0.6093571597974329,0.9824728786047667,0.610187113386264,2,2
2019-12-11,-0.37198594,-1.0920893,0.12441399408770944,-0.5271206932503889,1.153703852265465,0.5416041609677932,2,3
2019-12-12,-0.27456376,-1.3303275,0.3835990232329537,-0.7770533552211369,1.3583653836731808,0.8665795563511193,2,3
2019-12-13,-0.14694789,-1.4989096,0.5183080178423453,-0.8928734836543679,1.5060955053872287,1.0324079906571566,2,3
2019-12-14,-0.10295149,-1.5138714,0.5843619011869683,-0.8443297265941444,1.5173679926211636,1.0268259437555085,2,3
2019-12-15,0.16957989,-1.3206692,0.4422141227311991,-0.6186462398989208,1.33151210092926,0.7604449358658371,3,3
2019-12-16,0.32198766,-0.98503798,0.16798165301927362,-0.8528422774119132,1.0363280731673516,0.8692282703020112,3,3
2019-12-17,0.48511866,-0.77891153,0.1293611844922189,-0.6826048170288918,0.9176291657565906,0.6947543827024603,3,3
2019-12-18,0.4811357,-0.49783561,0.5075537593587957,-0.9520425438080002,0.692337964002092,1.0788863813486824,3,3
2019-12-19,0.48562816,-0.23035945,0.8350306748051749,-0.9376861692612333,0.5374943590302024,1.2556000875634694,4,3
2019-12-20,0.42614132,-0.10477617,0.9890927345532522,-0.9177532515731596,0.43883307807321376,1.3492870222154876,4,4
2019-12-21,0.4221065,0.13560931,0.9156090104011289,-0.9161850774967228,0.44335514240947527,1.2952740853407863,5,3
2019-12-22,0.40202826,0.19027597,0.9173788348039718,-0.48059398689990285,0.4447827184121124,1.0356420746525494,5,4
2019-12-23,0.58022803,0.55401957,0.5864406343039423,-0.15295858135795362,0.8022482475771859,0.6060601827985798,5,4
2019-12-24,0.60856766,0.85157502,0.5595752669591447,-0.007027875392994043,1.0466778929001395,0.5596193978276106,6,4
2019-12-25,0.530972,1.3008189,0.3545128211735024,0.13415733301692223,1.4050128381552995,0.37904819004792656,6,5
2019-12-26,0.3353959,1.4595418,0.1819413927437696,0.256523316597091,1.4975822767661382,0.31449464598227106,6,6
2019-12-27,-0.021624025,1.4329205,0.1446899270008446,0.16536414109524192,1.433083653447157,0.21972818238832456,7,6
2019-12-28,-0.32551655,1.1587359,0.0964159863826223,0.3847159690031879,1.2035904246348557,0.39661369017747716,7,6
2019-12-29,-0.67371005,0.97474039,0.08107459201632063,0.30417291932142704,1.1849067724375426,0.3147923987632678,7,6
2019-12-30,-0.68296784,0.67583859,0.07895171199171135,0.7601188722414451,0.960834465559731,0.7642081344529307,8,6
2019-12-31,-0.46018589,0.42760435,-0.14373499586027635,0.9577046671021535,0.6281851108503087,0.9684306781717524,8,7
2020-01-01,-0.43488729,0.10185266,-0.44546129824439296,1.1522241729945537,0.4466552578360851,1.2353365181465992,8,7
2020-01-02,-0.3488636,0.0711828321,-0.6561839698034958,1.0122917486172864,0.35605169145889026,1.206363123833665,8,7
2020-01-03,-0.20854364,-0.0968054831,-0.7765224580515286,0.6750753597018566,0.22991683570951038,1.0289382241587584,1,8
2020-01-04,0.17592983,-0.39364409,-0.7511585641235958,0.23001095374208239,0.4311693109159753,0.7855852769098748,3,8
2020-01-05,0.6519109,-0.66428894,-0.702837919307357,0.11089318507781319,0.9307349877087105,0.7115324583692559,3,8
2020-01-06,1.4926015,-0.64652735,-0.513333130906754,-0.022014422707778303,1.6266090040634449,0.5138049611415673,4,1
2020-01-07,2.2428949,-0.6696586,-0.12015315945525612,0.0745307288051863,2.3407306921130355,0.14139169446368635,4,8
2020-01-08,2.6523485,-0.55546004,-0.14681252285267005,-0.20306397443715016,2.7098871602871313,0.2505771230191961,4,2
2020-01-09,3.0931249,-0.42877507,-0.09575279571432697,-0.09427633656556515,3.1227023085227823,0.13437494380774026,4,1
2020-01-10,3.3624463,-0.18215919,0.007100806531870658,-0.19424605434830036,3.367376885779961,0.19437579860488272,4,3
2020-01-11,3.5577629,0.60742354,0.5329841129268137,-0.053956492330963425,3.60924371711894,0.5357082860074537,5,4
2020-01-12,3.4317532,1.2857286,0.9137967140410758,0.04927307691031323,3.6647002685851677,0.915124183212572,5,5
2020-01-13,3.0997558,1.9161406,1.3229207629136526,0.5144412860360102,3.6441845203834013,1.4194256520601651,5,5
2020-01-14,2.5025556,2.282433,1.6141544430435828,0.9236326903002584,3.387076162500684,1.8597289890165802,5,5
2020-01-15,2.0120792,2.4837456,1.5077350321074916,1.261447401446887,3.1964753890170967,1.965836838005963,6,5
2020-01-16,1.9312092,2.7087276,1.5696711096514488,1.4187265519011643,3.326676146721589,2.1158101099918625,6,5
2020-01-17,1.5173742,2.9663482,1.4717566184171962,1.6174457100258823,3.331913280154344,2.186823762614617,6,6
2020-01-18,0.87691742,2.9358387,0.8425325983006163,2.049524814076557,3.0640060433878307,2.2159452030036153,6,6
2020-01-19,0.14623371,2.7539566,0.24263009582331185,2.2308672550349824,2.7578363353585584,2.244022743420072,6,6
2020-01-20,-0.35535219,2.2682514,-0.23582074934436292,2.2297705408820763,2.2959180282709912,2.2422060767928724,7,7
2020-01-21,-0.75346988,2.0437512,-0.5417228825974465,2.07725865401589,2.1782184985828796,2.1467340769675207,7,7
2020-01-22,-0.97261178,2.0272198,-0.6954814174006166,1.964297216230949,2.2484647633678425,2.083784527162592,7,7
2020-01-23,-0.8306343,1.7830598,-0.6781773250990287,2.0853272167479107,1.9670423459378117,2.1928324343615637,7,7
2020-01-24,-0.47842368,1.2794083,-0.9557827112747613,2.1104897406564644,1.365933679097793,2.3168270407149354,7,7
2020-01-25,-0.34576282,0.77875584,-1.2851693094844867,1.778308315792066,0.8520637218121999,2.19409220864941,7,7
2020-01-26,0.14680329,0.54624504,-1.4187235155051985,1.2387182345584105,0.5656278367260806,1.8834009870643411,6,8
2020-01-27,0.29881379,0.59915918,-1.3088769167205412,0.6472392501480688,0.6695382021008485,1.4601634942896309,6,8
2020-01-28,0.55734718,0.72521532,-1.1784668319265388,0.6667417957049294,0.9146437226683705,1.3540046883562873,6,8
2020-01-29,0.71212828,1.0098958,-1.337514022697239,0.6303105398734871,1.2357249750787584,1.4785922824049087,6,8
2020-01-30,0.77026534,1.0091758,-1.0414926164162261,0.5044114260292288,1.2695449930234672,1.1572111979921196,6,8
2020-01-31,0.60763359,0.70925695,-0.4717643608035918,0.4424355598117662,0.9339507486048665,0.6467695391021229,6,8
2020-02-01,0.32359233,0.70430702,-0.297702256405271,0.3093968272349426,0.7750873334380516,0.4293635175138179,6,7
2020-02-02,0.38602972,0.56929958,0.01396274941574528,0.3472840304867243,0.6878378853417823,0.3475646072349009,6,6
2020-02-03,0.5691995,0.43799838,-0.04025849151488307,0.4410773233603114,0.7182135139934881,0.44291077128666745,5,7
2020-02-04,0.62350518,0.15147083,-0.19890881998048665,0.633910670231035,0.641640180964161,0.6643850212781665,5,7
2020-02-05,0.98200089,-0.054749798,-0.2790224016981946,0.8947420940472754,0.9835259469591197,0.9372389852697828,4,7
2020-02-06,1.2640014,0.0333437473,-0.29947333702093276,0.8585733202292392,1.264441119501405,0.9093032639311887,5,7
2020-02-07,1.5382361,0.00576985348,-0.17511194685971843,0.40956610572576785,1.53824692119061,0.4454307902383621,5,7
2020-02-08,1.553382,0.23610532,-0.3405775775695667,0.26609527265269745,1.571222886816604,0.4322034017349558,5,8
2020-02-09,1.6505853,0.61796498,-0.11091462642209983,0.3274287297377153,1.7624734179789747,0.34570453773707943,5,7
2020-02-10,1.3625598,0.86202985,0.2119456321402833,0.41800691785797145,1.6123475651568004,0.4686691096717013,5,6
2020-02-11,0.82344419,1.0402879,0.287070732934518,0.25164628562222413,1.326747620661581,0.3817531385267492,6,5
2020-02-12,0.50997156,1.1741341,0.6683442146041679,0.34026689536279126,1.2801022915344085,0.7499770324981258,6,5
2020-02-13,0.52364439,1.3292981,0.7037333448430875,0.6303660233886609,1.4287186167479171,0.9447761343762201,6,5
2020-02-14,0.7487101,1.4879286,0.7666961071780266,0.7224585215890013,1.6656825425452384,1.0534558539295824,6,5
2020-02-15,1.1775806,1.4567704,0.5556932702504821,0.8758438689394701,1.873199420193301,1.0372547870993583,6,6
2020-02-16,1.3361071,1.3355688,0.22720431087442686,1.181598885410745,1.8891601843686654,1.2032446654292046,5,6
2020-02-17,1.5269868,1.1277609,-0.08974853213255002,1.0942182872476784,1.89829748325784,1.097892735729311,5,7
2020-02-18,1.3660785,1.2318423,-0.5100962293904209,0.6713119578542512,1.8394580506854568,0.8431238983663273,5,7
2020-02-19,1.1077207,1.2570662,-0.503683861146564,0.6894363528763732,1.6754881618176027,0.8538266314931774,6,7
2020-02-20,0.39533356,1.1059489,-0.3460026821770915,1.0104163458222333,1.1744835431258642,1.068016408103591,6,7
2020-02-21,-0.37064442,0.80248326,-0.3375450200051064,1.2264818701308902,0.8839438153284201,1.2720827089030073,7,7
2020-02-22,-0.56011736,0.87469959,-0.08655873859692521,1.396575853142781,1.038667814905005,1.3992557052979908,7,7
2020-02-23,-0.81345534,0.85580647,-0.03710393549657388,1.395481658241375,1.180726176667722,1.3959748423655174,7,7
2020-02-24,-0.94363195,0.51290113,0.0687266032482905,1.3193577955654845,1.0740152821147748,1.3211466000082892,8,6
2020-02-25,-0.81581414,0.39111,-0.20107735735909682,1.240114139818005,0.9047208094898335,1.2563101461896533,8,7
2020-02-26,-0.5853343,0.0770150721,-0.443836656151619,1.0564314341806382,0.5903791697604669,1.1458788559305957,8,7
2020-02-27,-0.11728658,-0.0962467343,-0.7518433795688654,0.2105776276192872,0.1517220343638695,0.7807761552809487,1,8
2020-02-28,0.21511343,-0.22399946,-0.7462770407487024,-0.31890221748830816,0.31056327188941146,0.811559021801619,3,1
2020-02-29,0.5808056,-0.56461334,-0.5932419050702393,0.19678358599657908,0.8100144249933551,0.6250277895014268,4,8
2020-03-01,0.73953432,-1.1166931,-0.7852827478735503,-0.04952272965570138,1.3393709307154131,0.7868427383285593,3,1
2020-03-02,0.98668325,-1.329989,-0.556655783473891,-0.4013054344917664,1.6560237244531137,0.6862300729548049,3,1
2020-03-03,1.1776056,-1.3107544,-0.3158536343433716,-0.07683028000084928,1.7620533607898257,0.325063701838463,3,1
2020-03-04,1.4531714,-0.88077307,-0.08811288322269621,-0.2564550413027609,1.699255224683798,0.27116981469075296,4,2
2020-03-05,1.6724054,-0.39912501,0.2647593165171736,0.04619335193400631,1.7193721515590104,0.26875885370632885,4,5
2020-03-06,1.9079895,0.19189422,0.42498121582268167,0.11010675873463073,1.9176150092705413,0.43901313433788164,5,5
2020-03-07,1.9704471,0.52042413,0.7149091524568619,-0.06938774751763807,2.0380144869418046,0.7182685819191593,5,4
2020-03-08,1.7402548,0.42641178,1.135741583358765,-0.3766062429215485,1.7917348506533572,1.196553887786822,5,4
2020-03-09,1.1976219,0.75196242,1.4637590890548733,-0.25092156536566473,1.4141236496331806,1.4851101988594342,5,4
2020-03-10,0.87086987,0.92146903,1.4672647602947912,-0.04308259309848665,1.2678799248047734,1.4678971308068631,6,4
2020-03-11,0.72022921,0.92949879,1.2210957409938512,0.5709044301501608,1.1758818459133928,1.3479639004952626,6,5
2020-03-12,0.45532367,0.92281258,0.7680820688352114,0.9195961296114623,1.0290299812291794,1.1981682294496712,6,6
2020-03-13,0.16060282,1.1706109,0.4274407010630957,1.3271216488303892,1.1815765506266458,1.394258736289503,6,6
2020-03-14,0.2817879,0.87383908,0.3429654437537975,1.362703557013333,0.9181498561355093,1.4051997295423984,6,6
2020-03-15,0.22389531,0.16502219,0.4658437251331662,0.9411011801997581,0.2781392331771845,1.0500865714879524,5,6
2020-03-16,-0.36962983,-0.20434523,-0.17388808152091412,0.8203564549240572,0.4223543349482538,0.8385831968448871,1,7
2020-03-17,-0.97185838,-0.42849484,-0.38063676869219965,0.7149107841134709,1.0621283061301257,0.8099270207383976,1,7
2020-03-18,-1.0784789,-0.96956414,-0.14532687173535763,0.7279506698050652,1.4502314847358504,0.7423153489710611,1,7
2020-03-19,-0.88503826,-1.5667089,-0.27716853067580205,0.551079540365685,1.799408096848249,0.6168557807191545,2,7
2020-03-20,-0.52144265,-1.7223638,-0.5560023135294356,0.6546860975992507,1.7995664746792384,0.8589251766247281,2,7
2020-03-21,-0.15545124,-1.6987362,-0.1868913796878844,0.48111086890773014,1.7058340380025183,0.516135695319353,2,7
2020-03-22,0.12958363,-1.6772466,0.2790217586662787,0.0015295420943424037,1.6822449507653563,0.2790259509584036,3,5
2020-03-23,0.61233407,-1.577966,-0.0353974115081257,-0.6721043368490793,1.6926103244511905,0.6730358210027281,3,2
2020-03-24,1.1967119,-1.6137974,-0.3369261557328286,-1.0372788990516795,2.0090946766761317,1.0906267688053355,3,2
2020-03-25,1.2332524,-1.4609454,0.19410109913811124,-1.3810356847357976,1.9118768119015723,1.3946091922830195,3,3
2020-03-26,1.1572956,-1.2227865,0.8546783218498905,-1.4362947465974087,1.6836091976351313,1.6713520374066797,3,3
2020-03-27,1.3920969,-1.0264536,1.1163431450094539,-1.0994666223238383,1.7296071149086343,1.5668595568888068,4,4
2020-03-28,1.6491907,-0.74029851,1.078280853711593,-0.9141026162212589,1.8077256011006508,1.4136029118757334,4,4
2020-03-29,1.6664258,-0.74803561,1.0595657951357587,-0.8541203176906249,1.826617699666165,1.3609559843410097,4,4
2020-03-30,1.693296,-0.75211227,1.3066997055209228,-0.3294783351952926,1.8528152121300583,1.3475978976577279,4,4
2020-03-31,1.303383,-0.51080871,1.555984611169976,0.030790378344525672,1.3999045620687376,1.5562892268458264,4,5
2020-04-01,0.96398723,-0.19499511,1.2637463197028815,0.01718702006747975,0.9835112976102435,1.2638631865124397,4,5
2020-04-02,1.0557622,0.40092108,0.9579680280968604,-0.045253498096246625,1.1293234856927428,0.9590362985548223,5,4
2020-04-03,0.83525455,0.72205305,1.1705568636180834,0.3804094885108435,1.1040882076673064,1.2308187315411176,5,5
2020-04-04,0.66881782,0.67928678,1.0860356349015796,0.6937345558280754,0.953282647399144,1.2886974176376913,6,5
2020-04-05,0.54824549,0.62948185,1.0213449817440854,0.5289308210191944,0.8347577593438485,1.1501797186343816,6,5
2020-04-06,0.34377423,0.90967631,1.1061246313833324,0.5047563835381635,0.9724668170108989,1.2158497879571468,6,5
2020-04-07,0.27055785,0.9687832,0.5763273434563172,0.41120835779273396,1.0058540842482384,0.7079869492681435,6,5
2020-04-08,-0.18057361,1.1135449,0.1278725124821753,0.2915016241171225,1.1280908974654666,0.3183152153313194,7,6
2020-04-09,-1.0731844,1.2726314,0.08984950774473369,1.042925366997227,1.6647268354505853,1.0467885436745434,7,6
2020-04-10,-1.7423358,1.2350233,-0.2760104520059299,0.8238954634416461,2.13565366843609,0.8688990184689142,8,7
2020-04-11,-2.0694766,0.92561662,-0.13731066368481104,0.5462109068958174,2.2670464320714263,0.5632056224626265,8,7
2020-04-12,-2.0027409,0.32651752,0.016219221691677783,0.5091915857857112,2.029183284821694,0.5094498348093275,8,6
2020-04-13,-1.7106644,-0.18050198,-0.29333084516433433,0.68468216540321,1.720160938462236,0.7448708964284021,1,7
2020-04-14,-1.4303364,-0.55858922,-0.3559023570258471,0.6256688189851357,1.5355403393806262,0.7198110576997327,1,7
2020-04-15,-1.0983729,-0.68030059,-0.6676621059690167,0.38700836790363385,1.2919875851604605,0.7717176715447281,1,8
2020-04-16,-1.1035403,-0.84607261,-1.344210235218507,-0.05459422285348008,1.3905538663123775,1.345318432801383,1,1
2020-04-17,-1.1748331,-0.90156001,-1.5136151997792517,-0.382444818209922,1.4808927255162039,1.5611838495124155,1,1
2020-04-18,-1.2736332,-0.86681467,-1.2471828695130236,-0.644492080785701,1.5406197455145927,1.4038643638906938,1,1
2020-04-19,-1.404439,-1.1118915,-0.7719919564300282,-0.8513432627873634,1.791298861857856,1.149241894418271,1,2
2020-04-20,-1.4018552,-1.2244123,-0.2657909812652795,-0.9487252294223923,1.8612854381202066,0.9852534733075196,1,2
2020-04-21,-1.2417164,-1.5365841,-0.06569977338667968,-0.9863104823872714,1.9755885994816254,0.9884962457642786,2,2
2020-04-22,-0.75376219,-1.806934,0.04428629119197489,-0.8358731391489779,1.957847777389651,0.8370455067308509,2,3
2020-04-23,-0.45611969,-2.1518531,-0.0580055035195315,-1.1157456656223688,2.199662914081452,1.1172524463135702,2,2
2020-04-24,-0.29305813,-2.2877862,-0.16850422256760958,-1.1262391878694673,2.3064797342421066,1.1387749476151956,2,2
2020-04-25,0.21268784,-2.2574673,-0.3108897392993539,-1.08713812527004,2.267464382929345,1.1307173534607478,3,2
2020-04-26,0.47566679,-2.0438828,-0.14308113708804374,-1.3491724316952487,2.0985032273610504,1.3567381701112702,3,2
2020-04-27,0.94940907,-1.7911307,-0.002046277199053296,-1.2407396483920616,2.0271967755205105,1.240741335791805,3,2
2020-04-28,0.96522552,-1.7213159,0.3605532008738225,-1.3722788864869069,1.9734712392259686,1.4188544509420633,3,3
2020-04-29,1.1393226,-1.4242921,0.9710120634509577,-1.1595035046369675,1.8239144642754415,1.5123864600797963,3,3
2020-04-30,1.1299127,-1.2328955,1.2506754851419815,-1.2406433170132842,1.6723438712004,1.761642701907755,3,4
2020-05-01,1.2140998,-0.74861801,1.3602308818312883,-1.20796070741352,1.4263475205069767,1.8191748466110935,4,4
2020-05-02,1.2814542,-0.42169985,1.6037604185407646,-0.7193789909751976,1.3490573116764397,1.7577126081173058,4,4
2020-05-03,1.2698201,-0.11597686,1.4265485100482203,-0.46032894788910766,1.2751053754178396,1.4989807843283016,4,4
2020-05-04,0.90922469,0.0996312201,1.4796585559659672,0.06670507890081379,0.9146671071620597,1.4811613719627093,5,5
2020-05-05,0.45483381,0.24480233,1.247302733182234,-0.23147396348437077,0.516528775086679,1.26859934730199,5,4
2020-05-06,0.2948679,0.33624759,1.2751400503309047,0.23005711002848914,0.4472242393153776,1.295726985839441,6,5
2020-05-07,0.0266980156,0.19930071,1.0205390913109378,0.14900949026062874,0.20108097136099662,1.0313602014240646,6,5
2020-05-08,-0.38478762,0.16343381,0.7406374079219311,0.6908619493143578,0.41805755914273396,1.0128346375513386,8,5
2020-05-09,-0.55974239,0.0944776982,0.5383610028899563,0.7199597240121087,0.5676597384173748,0.8989853022337302,8,6
2020-05-10,-0.68242449,-0.28166607,0.42315399445794705,0.7923196450007867,0.738267539270829,0.8982370081887568,1,6
2020-05-11,-0.55263501,-0.57613933,0.03104784194923986,0.4292086496874022,0.7983370101971654,0.430330144721687,2,6
2020-05-12,-0.40844822,-0.93140608,-0.214990856487926,0.07553393074170728,1.0170286300208735,0.2278737436974805,2,8
2020-05-13,-0.32981685,-1.0452063,-0.05939512913077134,0.20553714520782723,1.0960088339532728,0.21394695469822528,2,7
2020-05-14,-0.25247997,-1.1237992,-0.015722277330539585,-0.14444603054018473,1.1518119539108116,0.14529915947201616,2,2
2020-05-15,-0.13548686,-1.164556,-0.15098516832484626,-0.2747991210538818,1.1724109204407214,0.31354597427820396,2,2
2020-05-16,-0.16803062,-1.5861243,-0.1625133735441486,-0.33087909901135093,1.5949998696890464,0.36863474435172733,2,2
2020-05-17,-0.24019523,-1.8512219,0.042634161966330415,-0.6426365320917532,1.8667394760797136,0.6440492094129813,2,3
2020-05-18,-0.0685452595,-1.7716261,0.4048446926226144,-0.584761767387224,1.7729516323919083,0.7112281980788788,2,3
2020-05-19,0.23099613,-1.3894941,0.6485821325536172,-0.7781714830117908,1.4085641859744222,1.013020058854003,3,3
2020-05-20,0.56170535,-1.2084734,0.7101166407331356,-0.7588296297113093,1.3326368067580088,1.0392728469338146,3,3
2020-05-21,0.94140196,-0.79589993,0.65926203520222,-0.8235477011862865,1.232758836458229,1.0549204933018366,4,3
2020-05-22,1.306197,0.0610487424,0.7300724786560858,-0.7758615693152036,1.3076228629683797,1.0653482993046413,5,3
2020-05-23,1.4704154,0.77556175,0.8872354698377659,-1.2599593779769824,1.6624131485946034,1.5410011074267227,5,3
2020-05-24,1.0516052,1.124702,1.1345122893859931,-1.291430467534065,1.5397493580031265,1.7189853947148888,6,3
2020-05-25,0.32177863,1.1613702,1.1254107284148396,-0.9592017767129568,1.2051233248811992,1.4787215275637644,6,4
2020-05-26,-0.3523272,1.1953218,0.8342707856890621,-0.3981833620973917,1.2461655834659695,0.9244229192882593,7,4
2020-05-27,-0.88370425,1.0397792,0.9020938354202895,-0.20843804773470645,1.364578318097097,0.925861602857978,7,4
2020-05-28,-1.0938663,0.62225503,0.8108135835415732,0.5478286262517499,1.2584692307068899,0.9785371076236236,8,5
2020-05-29,-1.1932769,0.21983741,0.10013177417141407,1.2558402673945115,1.213358251675538,1.2598258409035088,8,6
2020-05-30,-1.464738,0.0427413695,-0.25598019842837494,1.5494933395004329,1.4653614684816632,1.5704952948492505,8,7
2020-05-31,-1.529649,-0.21204241,-0.5937960145626862,1.1380686187816267,1.5442758972539874,1.283664242692009,1,7
2020-06-01,-1.4952025,-0.50782043,-0.884207234214191,0.3329241769736005,1.5790858447632399,0.9448073563696774,1,8
2020-06-02,-1.4507074,-0.67722446,-0.9040854860406602,0.14674573285044817,1.6009949811404942,0.9159175051166955,1,8
2020-06-03,-1.2931254,-0.81950819,-0.9354687928787693,-0.09653298608758562,1.5309366327847265,0.940436324188431,1,1
2020-06-04,-1.268618,-0.96222055,-0.589326648631705,-0.4247790401984289,1.5922499856386567,0.726459311853992,1,1
2020-06-05,-1.3162496,-1.1881462,-0.34370862820099385,-0.5918429634778658,1.773190458488484,0.6844075646265692,1,2
2020-06-06,-1.1225088,-1.0829003,-0.6054043781237654,-0.7545342459219996,1.559711212313847,0.967386370237096,1,2
2020-06-07,-1.0401938,-1.0311329,-0.49663327697105264,-0.968800184909311,1.4646631691350915,1.0886773673018657,1,2
2020-06-08,-0.81868154,-1.2144135,-0.2421734773891515,-1.0731088935251736,1.4645953751528173,1.1000957642467206,2,2
2020-06-09,-0.60201669,-1.262309,-0.18775338096027563,-1.0445492189513408,1.398516394798272,1.0612890289048835,2,2
2020-06-10,-0.29068068,-1.0960888,-0.097782940314056,-1.002583407503588,1.133977916544543,1.007340554339975,2,2
2020-06-11,-0.13571282,-1.0612019,-0.04113638986139906,-1.1300439774202835,1.0698445878144929,1.1307924626007564,2,2
2020-06-12,0.12942649,-0.94580108,0.040373517269249454,-1.2924133355120522,0.9546155766814652,1.293043793034899,3,3
2020-06-13,0.22974029,-1.0909704,0.0557601502519457,-0.8924050228397653,1.114897759673704,0.8941453568328595,3,3
2020-06-14,0.0853794068,-1.2520323,-0.03393386375445994,-0.9206584284098387,1.2549400477109691,0.9212835876706913,3,2
2020-06-15,-0.10343163,-1.4316323,0.35804080514587,-1.0496755358603291,1.4353637673035178,1.109059037532796,2,3
2020-06-16,-0.16767964,-1.5779811,0.5923988517039411,-0.832034159756379,1.5868650899265946,1.0213800676054197,2,3
2020-06-17,-0.24957138,-1.3777227,0.5713207969961152,-0.43375525325651504,1.4001448895776445,0.7173221541315309,2,4
2020-06-18,-0.37151304,-1.2841105,0.5583234807949492,-0.5951888893626498,1.336772873415784,0.816072866371461,2,3
2020-06-19,-0.64214361,-1.2032831,0.7369295462378299,-0.23947000776250543,1.3639056545851849,0.7748619494697545,2,4
2020-06-20,-0.87547576,-1.289822,0.8327228922175565,-0.5110691623551604,1.558877351824568,0.9770461114674054,2,4
2020-06-21,-1.0288944,-1.2349323,0.8458327890151583,-0.8210934703680687,1.6073834240574494,1.1788246663750466,2,4
2020-06-22,-1.0465378,-1.1681564,0.8808660521083835,-1.074355683088852,1.5683847556291153,1.3893038312559005,2,3
2020-06-23,-1.1102799,-1.0027645,1.0245690220339394,-1.0936916581358342,1.4960809131876058,1.4986337524517102,1,3
2020-06-24,-1.1524298,-0.86255181,0.7031004528609986,-0.840134992900469,1.4394756228788024,1.0955259253478271,1,3
2020-06-25,-1.1067189,-0.67585415,0.3792142123886155,-0.9929817002874126,1.296767348327923,1.0629280671725623,1,3
2020-06-26,-1.143303,-0.60710913,0.1811963239479368,-1.079909552966661,1.294497294527245,1.0950053654667173,1,3
2020-06-27,-1.0426612,-0.31629962,0.15399198851084192,-1.1830399116845889,1.0895814919488969,1.1930201025817642,1,3
2020-06-28,-0.85363173,-0.22502489,0.05617326481038663,-1.0581949246464544,0.8827929154576996,1.0596848277799267,1,3
2020-06-29,-0.84731227,-0.31945285,-0.02308458174411,-0.9809195241064487,0.9055320017899287,0.9811911183289024,1,2
2020-06-30,-0.76446486,-0.44956797,-0.20785323470996292,-0.8733209729427616,0.8868584339254718,0.8977151491208593,1,2
2020-07-01,-0.6935842,-0.58298045,-0.3546071417899127,-0.8259739203271138,0.9060492522881096,0.8988766000230246,1,2
2020-07-02,-0.58776569,-0.81593019,-0.36163074729964695,-0.6664769288203485,1.0055896684506123,0.7582666378275553,2,2
2020-07-03,-0.89592731,-0.9636476,-0.3614477888755242,-0.7367744825633821,1.315789664722138,0.8206589682928865,2,2
2020-07-04,-1.3690392,-1.3031288,-0.3722212195594764,-0.37420338683927273,1.8900828025581524,0.5278037618398776,1,2
2020-07-05,-1.6698074,-1.2664076,-0.2537288556881196,-0.3231480260070328,2.095720630817123,0.4108563969576774,1,2
2020-07-06,-1.6976693,-1.4472615,-0.10601711624359464,-0.5394366540288669,2.2308399542649267,0.5497558845946692,1,2
2020-07-07,-1.6800356,-1.5521399,0.07331213895518998,-0.5175469377294255,2.2872817680468165,0.5227135950702745,1,3
2020-07-08,-1.5705454,-1.6000746,0.22201271230207062,-0.5609046956129873,2.2420641335667275,0.603244330254682,2,3
2020-07-09,-1.3997805,-1.6763755,0.4772732578265276,-0.7148133874714468,2.1839460307389698,0.8595044744181102,2,3
2020-07-10,-1.2125523,-1.5951265,0.2452005465293945,-1.0227251831374295,2.003674532262548,1.0517081858775288,2,3
2020-07-11,-0.75747693,-1.5486603,0.11738887813160963,-1.317215366527422,1.7239837656655341,1.3224358096047493,2,3
2020-07-12,-0.53864706,-1.6053885,-0.09442627984232188,-1.1174497593154367,1.6933437014318429,1.1214322480288266,2,2
2020-07-13,-0.44354159,-1.4552721,-0.011747649881398281,-1.2150939080529786,1.5213632134037347,1.2151506954551754,2,2
2020-07-14,-0.52518451,-1.2756026,0.10755563301311014,-1.2349357727939887,1.3794856877368102,1.23961065545563,2,3
2020-07-15,-0.40829301,-0.94841349,0.10198941383226327,-1.196127663154679,1.0325654119855265,1.2004679200618908,2,3
2020-07-16,-0.21786785,-0.98749006,0.24478279594745528,-1.2313280846819414,1.0112383589749876,1.2554232231874445,2,3
2020-07-17,-0.26290199,-0.80568528,0.22072075723749954,-1.0768901700619915,0.8474940865602771,1.0992770765606095,2,3
2020-07-18,-0.50519812,-0.72109067,0.5199298484111913,-0.895804932685259,0.8804526647200197,1.0357574642222598,2,3
2020-07-19,-0.83728951,-0.40295911,0.6520732676166306,-0.9572268035014836,0.9292092164243917,1.1582239419395102,1,3
2020-07-20,-0.92422611,-0.65377665,0.5115363727322857,-0.7762911016959166,1.132085602103902,0.9296759302038339,1,3
2020-07-21,-0.72636575,-1.1008568,0.1469328800340595,-0.8170393948831312,1.3188983648785462,0.8301461582312457,2,3
2020-07-22,-0.71556962,-1.3983498,0.06918245895240273,-0.4187441132485186,1.570802993448569,0.4244205991784436,2,3
2020-07-23,-0.60589296,-1.6067201,0.43555607515176203,-0.6470152311270914,1.717165035377081,0.7799601296938523,2,3
2020-07-24,-0.42553791,-1.5814766,0.3070838780898728,-0.4007205782596559,1.6377273122210327,0.5048539293929174,2,3
2020-07-25,-0.3830201,-1.7450006,-0.07661515611916649,-0.6664178463744607,1.7865417686145404,0.6708074448852953,2,2
2020-07-26,-0.21216583,-1.565046,-0.3754461870540301,-0.5012639955892882,1.5793616816725637,0.6262790373687657,2,2
2020-07-27,0.20928612,-1.4370615,-0.08861692366136162,-0.8984094188607853,1.4522212072569745,0.9027693188500469,3,2
2020-07-28,0.42543364,-1.2837958,0.6853091892643134,-0.9714391008553344,1.3524516398530817,1.1888408688974026,3,3
2020-07-29,0.7343753,-0.97606236,0.8272413776724977,-1.0634912310494995,1.2214764884592988,1.3473462418594087,3,3
2020-07-30,1.0888386,-0.64835954,0.9502289196572808,-1.1237511271025382,1.2672567182536345,1.4716492773134733,4,3
2020-07-31,1.150672,-0.64974099,0.9940189432127032,-0.9166967854620718,1.3214421688708817,1.3521858806917764,4,4
2020-08-01,1.0010979,-0.64020145,0.9487433582694556,-1.1742155735026325,1.188299163496513,1.5096013291318078,4,3
2020-08-02,0.90744311,-0.3955766,0.9735031932904761,-0.7482711467648233,0.9899160794501886,1.227851039999355,4,4
2020-08-03,1.3549417,-0.2583223,1.086026303034925,-0.3623333035851672,1.3793467370738148,1.1448749074770779,4,4
2020-08-04,1.8992074,-0.36004767,1.0362716613760934,-0.1921622734649079,1.9330346796907678,1.0539379941506857,4,4
2020-08-05,2.074091,-0.44238845,0.9320393169576912,0.31953852401366084,2.120745391831467,0.9852929293787652,4,5
2020-08-06,2.2396755,-0.29262435,0.8725594345729555,0.7015668487587241,2.2587109942427723,1.119623155414143,4,5
2020-08-07,2.2548249,0.0633332878,0.907522648846613,0.3526524054773168,2.2557141740485576,0.9736329273697099,5,5
2020-08-08,1.9461045,0.22865075,0.8196188577464427,0.17256710100837327,1.9594907222020246,0.8375884886530006,5,5
2020-08-09,1.5370337,0.33527622,0.611845145779686,0.4137403854965522,1.5731760037049825,0.7386038105811537,5,5
2020-08-10,1.0993655,0.28619835,0.9991257474197843,0.6894717423617273,1.136007921685836,1.2139289693686606,5,5
2020-08-11,0.62087691,0.43845814,1.4209979636177805,0.8942771721812083,0.7600879409011879,1.6789779251944612,5,5
2020-08-12,0.266247,0.51128531,1.3830167877762252,1.0008199170377718,0.5764547972137938,1.7071543403015326,6,5
2020-08-13,-0.11530804,0.68119407,1.2774953895466667,1.0426495689401791,0.6908844368574287,1.6489731938161187,7,5
2020-08-14,-0.4690071,0.60922068,0.956307434389603,1.2475239782650114,0.768841659114588,1.5718905767943854,7,6
2020-08-15,-1.0253519,0.72041279,0.5992313334062298,1.0712899795263622,1.2531325176649093,1.2274935483208869,8,6
2020-08-16,-1.2580569,0.87197602,0.32719889612287384,0.7012167327824328,1.530702238546952,0.7737984388444428,8,6
2020-08-17,-1.4342711,1.0981374,0.2558740634295013,0.31971430178794935,1.8063884791411757,0.4094981942618067,8,6
2020-08-18,-1.4427207,0.86524218,-0.00531543646598587,0.26813808570812914,1.682286256336787,0.2681907658217261,8,7
2020-08-19,-1.2836697,0.52785856,-0.2187625008824149,0.1489560161484369,1.3879634570345731,0.2646600206664051,8,8
2020-08-20,-1.433916,0.23519504,-0.3111103541982143,0.18271830496239425,1.4530766675907372,0.36079860234993827,8,8
2020-08-21,-1.3905916,0.046003297,-0.4362346543682726,-0.09881338855231833,1.3913523282495452,0.4472859928826272,8,1
2020-08-22,-1.5338733,-0.23896182,-0.7629781508972228,-0.23974535595321395,1.5523756155874784,0.7997583975474585,1,1
2020-08-23,-1.8085926,-0.23478062,-0.968077146493929,-0.10812610163216134,1.8237678394747356,0.974096820351035,1,1
2020-08-24,-1.8461998,-0.62474227,-1.1305486537696092,0.04402415642833547,1.949039918894632,1.1314054909224642,1,8
2020-08-25,-1.9911885,-0.97443402,-0.9855389234141166,-0.2890026010274833,2.2168340717937394,1.0270391779113914,1,1
2020-08-26,-2.0013075,-1.1910652,-0.5570569939203815,-0.3156110553325551,2.3289199256752666,0.6402521633885677,1,1
2020-08-27,-1.6951704,-1.3970488,-0.6737299129825491,-0.70827377047108,2.196667483853121,0.9775294008799906,1,2
2020-08-28,-1.0575029,-1.4042262,-0.5637417210673055,-0.7562340208982108,1.757886118118819,0.9432362495344436,2,2
2020-08-29,-0.54719716,-1.5051967,-0.5208394810568906,-1.0935061932397074,1.6015747992532088,1.2112099568948431,2,2
2020-08-30,-0.14465185,-1.5569788,-0.7679065130643633,-1.070997880732712,1.5636838367642811,1.3178455422926578,2,2
2020-08-31,0.32761085,-1.5749624,-0.5103243815661946,-1.3863995310719084,1.6086750543386574,1.4773403921159558,3,2
2020-09-01,0.54693407,-1.2780763,-0.3207868119929846,-1.4549399668760217,1.3901855651489317,1.4898840511804339,3,2
2020-09-02,0.8767302,-0.71053231,-0.29497666341605533,-1.3902042006583673,1.12849989239963,1.4211540913948209,4,2
2020-09-03,0.80041158,-0.68517232,0.07441311976146066,-1.3509017179033145,1.053622230921633,1.3529496531012377,4,3
2020-09-04,0.70799923,-0.7376582,0.5092118406404154,-0.9533993406871695,1.0224492797727587,1.0808640069273883,3,3
2020-09-05,0.71397883,-0.53159887,0.7650164908195117,-0.8226540866900061,0.8901478125982479,1.1233921744313373,4,3
2020-09-06,0.41883984,-0.56212521,0.9966310284007834,-0.645921096207864,0.7010075344022842,1.187639452568654,3,4
2020-09-07,0.17785965,-0.7026751,1.2423764647031248,-0.28034672279403033,0.7248353959749293,1.2736143706120733,3,4
2020-09-08,0.2963877,-0.51449591,0.9847553906075707,-0.042257928116468196,0.5937606505301761,0.9856616619405291,3,4
2020-09-09,0.6789245,-0.24905926,0.5876247046152339,0.7489783822163306,0.7231659503129262,0.9519828835128984,4,6
2020-09-10,0.86247474,-0.36556152,0.5388667780987049,-0.004044241866750302,0.936748579952368,0.538881954077844,4,4
2020-09-11,0.77416414,-0.51530755,0.7607460850711797,-0.17128730567136152,0.9299849389903807,0.7797909636789087,4,4
2020-09-12,0.6054768,-0.47452113,0.6854406728726906,0.21925728878654172,0.7692674815398848,0.7196545523472994,4,5
2020-09-13,0.54382145,-0.49501681,0.3728920222792576,-0.35538361842103194,0.735379773765011,0.5151174395431978,4,4
2020-09-14,0.70772994,-0.71519756,0.5361775853714081,-0.6159339657485109,1.0061755402524737,0.8166156092173364,3,3
2020-09-15,1.2555386,-0.64245003,0.663718659546038,0.011734310133823075,1.4103613782066498,0.6638223806590934,4,5
2020-09-16,1.5457087,-0.51472694,0.6922361860263091,0.541885891910296,1.6291590493311123,0.8791082169424126,4,5
2020-09-17,1.518859,-0.34004015,0.8280994308474581,0.30934380298909003,1.5564575051998761,0.8839922261070157,4,5
2020-09-18,1.2191538,-0.20991993,0.794216978335653,0.06036743689122419,1.2370943234311782,0.7965079008480901,4,5
2020-09-19,0.87086064,-0.00505096093,0.6335360528841564,-0.015120251049906146,0.8708752875742461,0.6337164604899014,4,4
2020-09-20,0.82338595,0.17609715,0.6562740432830013,-0.0752538283837704,0.8420063116720237,0.6605745670046893,5,4
2020-09-21,0.92831057,0.21926624,1.0753258822436138,-0.047344896716316996,0.9538543905531192,1.0763676380624259,5,4
2020-09-22,1.0901269,0.31082487,1.393227046289537,0.5069923991907572,1.1335734461931113,1.4826067905381615,5,5
2020-09-23,1.2912834,0.38864282,1.2357048978809702,0.7204064712780703,1.3485014129221786,1.4303678123148396,5,5
2020-09-24,1.322513,0.46071997,0.916981392995938,0.7881225720021472,1.4004654675948998,1.209128638152306,5,5
2020-09-25,1.1969647,0.53165287,0.5162685862407052,0.4619601188281607,1.3097248822654806,0.6927773123643013,5,5
2020-09-26,1.2335352,0.46492735,0.20830273460481624,0.32076297021582356,1.3182437295193414,0.38246426278218704,5,6
2020-09-27,1.1507186,0.42384887,0.2755915200151524,0.5109155335798845,1.226295706991685,0.5805044085599008,5,6
2020-09-28,1.3220011,0.53639299,0.4781035546801563,0.6355688175753211,1.4266759786729257,0.795318006128299,5,6
2020-09-29,1.3287997,0.71786785,0.5211726616266805,0.759422299201755,1.5103121838824292,0.9210554661647247,5,6
2020-09-30,1.3344591,0.5818907,0.5436827391283838,0.9082457619435442,1.4558083240314639,1.0585373327920709,5,6
2020-10-01,1.4435751,0.34326473,0.4467975946598961,0.9227134034315516,1.483826049172201,1.0251966228319844,5,6
2020-10-02,1.2486855,0.056935396,0.2479509048570397,0.8504283402017244,1.2499828467734775,0.8858374642323978,5,6
2020-10-03,1.1131914,0.0756273493,0.39729075593450514,0.7538131257553082,1.1157574059786044,0.8520998611148805,5,6
2020-10-04,0.96861261,-0.00263947411,0.4190675939777535,0.688262381677474,0.9686162062832675,0.8058056554496575,4,6
2020-10-05,1.201053,0.089244999,0.39084898632872045,0.9149732431271808,1.2043641387286113,0.9949567657706838,5,6
2020-10-06,1.2757335,0.0444211215,0.22138360391335304,1.0580159234096451,1.276506638861533,1.0809294122513406,5,6
2020-10-07,1.3465339,0.17178456,0.35074439208563335,0.8451289147253939,1.3574474129422487,0.9150215905017993,5,6
2020-10-08,1.5745791,-0.0644781888,0.6548533862241519,0.7514789192764015,1.5758987210438806,0.9967715503394279,4,6
2020-10-09,1.743281,-0.040539261,0.6081137749699741,0.43278916587255895,1.7437522979607587,0.7463972303036083,4,5
2020-10-10,1.7379637,-0.1051849,0.5167579708631501,0.3587393069849547,1.7411437866258201,0.629072881967301,4,5
2020-10-11,1.8540219,-0.0483804047,0.4970346818608399,0.2278069685728431,1.8546530320355195,0.5467535915774625,4,5
2020-10-12,1.9542841,-0.2317993,0.7241611000483342,0.6049013692466694,1.9679830433703691,0.9435650297354755,4,5
2020-10-13,2.046423,-0.16723849,0.7352489129451283,0.6313799021529667,2.0532451893201844,0.9691395899609523,4,5
2020-10-14,2.4097075,0.0692318976,0.6199325242683885,0.7285932588840457,2.410701825444521,0.9566422902721007,5,6
2020-10-15,2.7756443,0.48825738,0.9533465407754775,0.6583556273373997,2.8182612634826736,1.158577472099035,5,5
2020-10-16,2.630718,0.9066388,1.0150414254582076,0.8439046184786776,2.78256556242426,1.3200318558602564,5,5
2020-10-17,2.3593905,1.1344147,0.9125146591299107,0.7268423790916961,2.6179419861918904,1.1666116951113827,5,5
2020-10-18,2.1488359,1.1397208,0.9925955942692419,0.820716467959812,2.4323772789354554,1.2879524581843613,5,5
2020-10-19,2.1627576,1.1125004,1.1484515857423532,0.7421568489767022,2.432113808265954,1.3673835721103107,5,5
2020-10-20,1.9823552,1.2411681,1.147035295518541,0.8877954379831579,2.338852366316577,1.450472581219312,5,5
2020-10-21,1.9540087,1.5411953,1.1577724455798903,1.2001458548808663,2.488660875333917,1.6675692215712563,5,6
2020-10-22,2.0363741,1.5221745,0.9621698805170759,1.6336040691811373,2.542407261553715,1.8958990304917123,5,6
2020-10-23,1.7519419,1.4212091,0.4050305523001522,1.77814708369608,2.2559112852455923,1.8236931758257584,5,6
2020-10-24,1.5306623,1.3288701,0.11310486341107294,1.6289946786870333,2.0270231422742317,1.6329165236832863,5,6
2020-10-25,1.4463301,1.4413146,0.23081738831035978,1.4302929153940993,2.041876228947085,1.4487976016590336,5,6
2020-10-26,1.122846,1.5795482,0.37198629283683743,1.459313013170607,1.9379772072548327,1.5059775139315892,6,6
2020-10-27,0.57823855,1.4690341,0.10949818667855055,1.5085539430923063,1.5787403230642185,1.5125226782118792,6,6
2020-10-28,0.20967367,1.1810101,-0.17093485977793257,1.6723286836278828,1.1994781799571341,1.6810419246324195,6,7
2020-10-29,0.0939934328,1.1990011,0.03926458792591639,1.651725045219081,1.202679676061227,1.6521916755839703,6,6
2020-10-30,-0.18871425,1.3029811,-0.07586045635838885,1.436504669806423,1.3165761714045536,1.438506334784301,7,7
2020-10-31,-0.22428386,1.1365887,-0.17521435811428704,1.2368611863099985,1.1585064189827303,1.2492100165663012,7,7
2020-11-01,-0.0391044579,0.98358756,-0.2172742625648921,1.3131446015808754,0.9843645903903728,1.3309984409585587,7,7
2020-11-02,-0.16791491,0.87867677,-0.5094428192656235,1.2271978174142573,0.8945771532617749,1.3287386760261115,7,7
2020-11-03,-0.0938602239,0.66716945,-0.7618329633636587,0.6814632217904508,0.6737394278531283,1.022145580003394,7,8
2020-11-04,-0.16380624,0.634987,-0.5707472610403109,0.2968062680429883,0.6557750943974142,0.643308943459224,7,8
2020-11-05,-0.29335997,0.42933476,-0.42358608677349385,0.6421808330652176,0.5199888538638675,0.7692992884855794,7,7
2020-11-06,-0.69953018,0.55808717,-0.8063808421668205,0.4528988510408675,0.8948763948442495,0.9248607635140592,8,8
2020-11-07,-0.889763,0.57636315,-0.6083466080045816,0.30915599878799904,1.0601286133516643,0.6823950667005773,8,8
2020-11-08,-0.75970924,0.37755543,-0.2431364243344893,0.5056049514183406,0.8483550153466781,0.5610273502574571,8,7
2020-11-09,-0.69497085,0.49401766,-0.42595554342855396,0.31288311141757175,0.8526651926410496,0.5285205449061137,8,8
2020-11-10,-1.0306013,0.39784315,-0.30961848183646545,0.17403156589806892,1.104725400976918,0.3551768435915433,8,8
2020-11-11,-1.1598797,0.2524094,-0.2699627443974996,0.20069538375395737,1.1870262944351528,0.33639042855405077,8,8
2020-11-12,-1.1882145,-0.11456335,-0.34888993779216676,-0.1302022425425867,1.1937246161378563,0.37239335742698276,1,1
2020-11-13,-0.91757149,-0.3854591,-0.6456229288154233,-0.16827623029842373,0.9952467819760235,0.6671925178654609,1,1
2020-11-14,-0.79381436,-0.7438767,-0.791236538618854,-0.2418529497614972,1.0878850044674298,0.82737422570073,1,1
2020-11-15,-0.87580395,-1.0675411,-0.39188444962511204,-0.18437514711471958,1.380824593865858,0.43309077193072526,2,1
2020-11-16,-0.7488355,-1.2807692,-0.44320729352935473,0.09248267506393015,1.4836186672217662,0.4527535203889596,2,8
2020-11-17,-0.6713292,-1.5004483,-0.8363336217025031,-0.5043612953439152,1.6437846561352036,0.9766443789993458,2,1
2020-11-18,-0.37236494,-1.462605,-0.698490226560834,-0.5776604772667624,1.5092610889326614,0.9064106263703383,2,1
2020-11-19,-0.23069791,-1.5368949,-0.42346860096509853,-0.8269055035424266,1.5541130780365946,0.9290308755860012,2,2
2020-11-20,-0.0821394846,-1.3787868,0.006017681893525643,-0.6712708244957224,1.3812313111078078,0.6712977970428167,2,3
2020-11-21,0.2550922,-1.3215927,0.1088868895930151,-0.8566977519036179,1.3459863651590718,0.8635898290519373,3,3
2020-11-22,0.5641591,-0.8369447,0.18367465238063413,-1.2060346796597567,1.0093324135144477,1.2199409930275966,3,3
2020-11-23,0.61652356,-0.55728781,0.46292940112282677,-1.1911216704958947,0.8310661846144805,1.2779180194162965,4,3
2020-11-24,0.63919532,-0.44555509,0.5917158308484127,-1.2638993673582868,0.7791598008976147,1.3955533795900839,4,3
2020-11-25,0.88304704,-0.50456846,0.7839549758181344,-0.9009058171505352,1.0170355970562355,1.194243147556512,4,3
2020-11-26,0.99807048,-0.70316738,0.7505943900030914,-1.02072201830203,1.2208968209244773,1.2669906775310869,4,3
2020-11-27,0.80585057,-0.66603947,0.7238396292060143,-0.7476425935156272,1.0454681806574535,1.0406311817583949,4,3
2020-11-28,0.87093019,-0.39385122,0.8977771292566327,-0.5285134194545194,0.9558442233695429,1.0417918258269208,4,4
2020-11-29,0.8611328,-0.25146934,0.6429018372848834,0.31855160723862064,0.8970989511730998,0.7174941803656578,4,5
2020-11-30,0.92605019,-0.2950106,0.25537316352288314,0.21231135250856684,0.9719054524548137,0.3321017359962187,4,5
2020-12-01,1.0584946,-0.27200893,0.40036847734078745,0.0841621871819305,1.0928859392584869,0.4091187986385213,4,5
2020-12-02,1.0213602,-0.28202096,0.808586557492312,0.1824642204539875,1.059581275798776,0.8289182183443367,4,5
2020-12-03,1.0761029,-0.0562357344,0.9767261568264853,0.10674175851706261,1.0775713012195143,0.9825414945132602,4,5
2020-12-04,1.1014531,-0.19577231,0.7579694360038248,-0.06556958194100171,1.1187161073580492,0.760800260246981,4,4
2020-12-05,1.0828208,-0.15202719,0.6373741419638159,0.4094220885150302,1.0934409684166475,0.7575435587529735,4,5
2020-12-06,0.88558185,-0.0950738415,0.522625980218821,0.35820330623728647,0.8906706733619276,0.6335988666333036,4,5
2020-12-07,0.76652879,-0.0585666709,0.7176958512267678,0.30210803282428295,0.7687629288923685,0.7786890254556519,4,5
2020-12-08,0.90968579,0.14168826,0.8479836048200734,0.4592531231094646,0.9206540064268182,0.9643596969644903,5,5
2020-12-09,1.0346292,0.34225005,0.76388589928251,0.3956305061616433,1.0897672587381408,0.8602587776526126,5,5
2020-12-10,1.3426921,0.44271916,0.6202789997277701,0.6185828843023872,1.4137971318522031,0.8760084601504392,5,5
2020-12-11,1.5578496,0.61902338,0.7607798233583156,0.38408945514806314,1.676330910413211,0.8522386104754032,5,5
2020-12-12,1.3262672,0.74289823,0.7870803734918765,0.47116012539447766,1.520158697614487,0.9173262113871226,5,5
2020-12-13,1.2020007,0.90135878,0.4811229220100183,0.33455095363849646,1.5024158322793253,0.5860064902916055,5,5
2020-12-14,0.92832345,0.56383198,0.44002149298531235,0.26516968765524124,1.0861357785703512,0.5137449537856323,5,5
2020-12-15,0.84753007,0.36726052,0.5307532584194379,0.6482461109974823,0.9236814976521265,0.8378078787802193,5,6
2020-12-16,0.78666377,0.38823733,0.39656266096664183,0.8319031442624226,0.8772503128732083,0.9215881865055827,5,6
2020-12-17,0.67391741,0.37302721,0.531763193706168,0.9925264211361269,0.7702687679644633,1.1260021273664946,5,6
2020-12-18,0.64434445,0.50341523,0.4936305844002781,1.2058321654089494,0.8176837188312822,1.3029590803207123,5,6
2020-12-19,0.77162677,0.59653103,0.10002866003586346,1.0874431802142606,0.9753241214762884,1.0920340667868722,5,6
2020-12-20,0.71705544,0.7960605,-0.07458429368354096,1.032234503382645,1.0713920028140231,1.0349255465191147,6,7
2020-12-21,0.63380039,0.84642828,0.12832706710872513,0.36339446388130486,1.057423173354883,0.38538730198633714,6,6
2020-12-22,0.53262734,0.63159651,0.42509520218108154,0.40246721489244897,0.8261997547564729,0.5853937051085015,6,5
2020-12-23,0.13259467,0.31717125,0.25758505519865954,0.4988659536564195,0.3437716514475436,0.5614421612056093,6,6
2020-12-24,-0.0381282084,0.10200957,0.156488292750781,0.36449759612731725,0.10890230781475078,0.39666999300507594,7,6
2020-12-25,-0.15655993,0.0557511784,0.10365830751707414,0.5727561399846803,0.16619026919345647,0.582060684643324,8,6
2020-12-26,-0.0990924612,-0.15337925,0.12381602183100295,0.7093256635206292,0.18260479237204044,0.720050903888771,2,6
2020-12-27,0.0139116421,0.00539384549,-0.08147957107185971,0.8116567597091615,0.014920702231747867,0.8157362417372602,5,7
2020-12-28,0.0965734273,-0.18822671,-0.22419819356941317,0.7306079402977298,0.21155548023601867,0.7642334672244334,3,7
2020-12-29,0.28071681,-0.30483285,-0.0634627761481686,0.42555123634932346,0.41439714508632725,0.4302573401057445,3,7
2020-12-30,0.2678656,-0.45201978,-0.11635574774306548,-0.11326915356896962,0.5254273129316827,0.16238399300139997,3,1
2020-12-31,0.1556123,-0.61551845,0.07165106669066816,-0.1803012775108552,0.6348843597078861,0.1940165612259866,3,3
2021-01-01,0.14264372,-0.68290007,0.03168400905760645,-0.118369318248103,0.6976386861846491,0.12253641063978975,3,3
2021-01-02,0.19497921,-0.74720323,0.19402859771256384,-0.18853824020920132,0.7722237753751544,0.27054346185314926,3,4
2021-01-03,0.10391533,-0.84431374,0.19307613416229796,0.19988754377302675,0.8506844816744905,0.27790902061406964,3,6
2021-01-04,0.00354486913,-1.0106314,0.20081494350358733,-0.08134069990031903,1.0106376169345315,0.21666322021659035,3,4
2021-01-05,0.0992399529,-1.1132243,0.5035418941725229,0.055853418061040466,1.1176389892814604,0.5066300854627108,3,5
2021-01-06,0.43753254,-1.3051112,0.43714617139201656,-0.16569729653096665,1.376499171058338,0.4674958494365158,3,4
2021-01-07,0.76037651,-1.4968672,0.42617132791943557,-0.4408638012205831,1.6789234203487724,0.6131744384490248,3,3
2021-01-08,0.65890014,-1.5575671,0.5247281626417476,-0.42027494841879787,1.6912021362020655,0.6722876444928968,3,4
2021-01-09,0.65819752,-1.333779,0.5984387827568258,-0.38989028607099685,1.487343402236064,0.7142432441962577,3,4
2021-01-10,0.70567292,-1.2731886,0.5271971592077903,-0.5862622815662379,1.4556728620096226,0.78844169566558,3,3
2021-01-11,0.55192739,-1.2130001,0.5827866103120793,-0.7929290783509877,1.3326639060289065,0.9840613580735655,3,3
2021-01-12,0.59998804,-1.1746427,0.8082994231337085,-0.6816943475404342,1.319003836539656,1.0573812656307395,3,4
2021-01-13,0.61816955,-1.1379561,1.1804949426873024,-0.4054055462987535,1.2950203388651518,1.2481674433665093,3,4
2021-01-14,0.77591187,-0.99483758,1.4132582569816206,-0.31328248717843366,1.261642199907388,1.4475651341820284,3,4
2021-01-15,0.97485542,-0.64342189,1.1568601957947435,-0.6516923415007968,1.1680474384349928,1.3277908045264675,4,4
2021-01-16,1.0877959,-0.39461866,1.0073519673348033,-0.46340090517329025,1.1571619622494533,1.108827482076776,4,4
2021-01-17,0.99912888,-0.27935803,1.0015772766456785,-0.4289557792385344,1.0374485181326036,1.0895687686580926,4,4
2021-01-18,0.54556441,-0.33824399,0.8385767841339293,-0.6008140180685952,0.6419108366664082,1.031595127555444,4,4
2021-01-19,0.36287153,0.12171456,0.9504741204355968,-0.43657087670059463,0.38274035768459863,1.045942246972053,5,4
2021-01-20,-0.0360681638,0.6577788,0.9535396984512965,-0.390408802013613,0.6587669255277951,1.0303674049640226,7,4
2021-01-21,-0.00258927746,1.026934,1.0029266286721412,-0.04705824188494876,1.026937264254134,1.0040300297446134,7,4
2021-01-22,0.24339114,1.4369808,0.7594353167241542,0.47864206242012075,1.4574474490008684,0.897686038771743,6,5
2021-01-23,0.4134188,1.6868445,0.5818530647286694,0.5021703118914571,1.7367669594317168,0.7685883235382309,6,5
2021-01-24,0.34826836,1.822418,0.4399059513158034,0.38235872936771176,1.8553970511190023,0.5828511335896611,6,5
2021-01-25,-0.00358555722,1.8306326,0.1561938304840672,-0.2206639452720671,1.8306361114113687,0.2703499388280296,7,3
2021-01-26,-0.00286280364,1.6636895,-0.08566791920427205,0.3191368533548918,1.6636919630914044,0.3304350519391842,7,7
2021-01-27,0.32484782,1.7717429,-0.6287220808286993,0.40798521542747507,1.8012770497231019,0.7494954242215043,6,8
2021-01-28,0.53395277,2.1244197,-0.5537955065245929,0.6800632977248925,2.1904941502635342,0.8770265400541115,6,7
2021-01-29,1.0123054,2.1792257,-0.4104032399029092,1.119615461438783,2.4028705488248114,1.1924636685516183,6,7
2021-01-30,1.1688261,2.0161684,-0.5429543300779077,1.3568878049439042,2.330469795813662,1.4614868866178157,6,7
2021-01-31,1.0017973,1.8813152,-0.7305862248048605,1.3109262206887802,2.1314184741712103,1.5007610695790274,6,7
2021-02-01,0.55415726,1.8966972,-1.0124422762417713,0.9289502903766945,1.9759935569982376,1.374040758024508,6,8
2021-02-02,0.52685571,2.2092166,-0.8112319771554283,0.8418835789540654,2.2711703865793873,1.169130138723663,6,7
2021-02-03,0.39343643,1.8430072,-0.5913027910351363,1.2192293049560845,1.8845338319337714,1.355049478340049,6,7
2021-02-04,0.17893212,1.8701682,-0.7959467384931139,1.6114621278208248,1.8787085457459691,1.7973150530495885,6,7
2021-02-05,0.0782047212,1.9980794,-0.6882255321587036,1.7753367986658928,1.999609278614782,1.9040680481044767,6,7
2021-02-06,0.092622295,2.0586796,-0.5189227395738956,1.6650132571299396,2.0607621369258577,1.7440040011609284,6,7
2021-02-07,-0.0425818637,2.0316217,-0.7236687393684935,1.444187307201549,2.0320678992167203,1.6153555096700063,7,7
2021-02-08,-0.46682712,1.9999629,-0.9981657764730261,1.135332231795433,2.0537232436099817,1.5117255683078188,7,7
2021-02-09,-0.64668566,2.0356386,-1.0362265722794362,1.4452540302651715,2.1358901780427746,1.7783488749668077,7,7
2021-02-10,-0.4229925,1.9321569,-0.8024156363138208,1.0084327351770466,1.977916313010705,1.2887231800420031,7,7
2021-02-11,-0.068165496,2.0127201,-0.8945553172196327,1.040377683944803,2.013874061551252,1.37208415952385,7,7
2021-02-12,-0.0743327513,2.5127194,-1.0572430127394783,1.127239436263271,2.5138186372632747,1.5454551221739135,7,7
2021-02-13,-0.11871037,2.6065497,-0.9932174943597574,1.1764250626163322,2.6092515192130534,1.5396288250919816,7,7
2021-02-14,-0.43074155,2.7041619,-1.0542703346527185,1.052588495964254,2.7382530679811192,1.489774640798079,7,8
2021-02-15,-0.52380729,2.4692416,-1.3670052337514664,0.6802984878470508,2.5241886134414964,1.5269280735093207,7,8
2021-02-16,-0.41534764,2.2258475,-1.338434886513144,0.7527008762181537,2.2642682604563045,1.5355671768096075,7,8
2021-02-17,-0.36891687,1.7293428,-1.008900832846344,0.8361724957862345,1.7682551221140113,1.3103683959968764,7,8
2021-02-18,-0.39467502,1.238362,-0.855021163235638,1.2149060294537415,1.2997341322193552,1.4856169930314742,7,7
2021-02-19,-0.48081955,1.0113158,-1.3071088869074394,1.5442812480760948,1.1197977884385386,2.023199993918512,7,7
2021-02-20,-0.65562421,0.81750286,-1.4336193281936567,1.4255123357623671,1.0479284473886106,2.02171951506165,7,8
2021-02-21,-0.30271047,0.85168767,-1.5834749892275073,1.2299042133111675,0.9038835742935314,2.0050080836319877,7,8
2021-02-22,0.30899554,0.62732232,-1.4685169203024417,0.9742464923249827,0.6992935985050013,1.7622991156503771,6,8
2021-02-23,0.69191152,0.54211682,-1.1178616221347093,1.0547908016324934,0.8789949931800651,1.5369444496956166,5,8
2021-02-24,0.87321538,0.67165309,-0.9411555486705716,0.7670979786641672,1.101645575117103,1.2141717653050805,5,8
2021-02-25,0.90045691,0.7011174,-0.7901907713569565,0.4725568104223934,1.141222263781034,0.9207124383944684,5,8
2021-02-26,1.0233736,0.48035049,-0.7893349913290016,0.2854605789849985,1.1304999418045982,0.8393673038013845,5,8
2021-02-27,0.82369506,0.58644134,-0.8553563925993077,0.03327535002925867,1.0111315429405807,0.8560033920961241,5,8
2021-02-28,0.4636614,0.73728132,-0.5637369953143201,0.39670406719362256,0.8709567375426305,0.6893283084379894,6,8
2021-03-01,0.36776155,0.89089882,0.016761875719609565,0.4745032920990476,0.9638201414868829,0.47479925725560457,6,6
2021-03-02,0.071411401,0.93490124,0.028007186298572066,0.6704542127007534,0.9376246139827603,0.6710389361375017,6,6
2021-03-03,-0.14741902,0.57217962,-0.14771339194787433,0.8065952235530248,0.5908653696072438,0.8200092077649497,7,7
2021-03-04,-0.44509739,0.57091606,-0.20935641298708177,0.7641466155499921,0.7239176984649123,0.7923068583038549,7,7
2021-03-05,-0.51702034,0.32593623,0.14143676949243836,0.5904006175960934,0.6111828351650007,0.6071056325074786,8,6
2021-03-06,-0.37644055,0.40155908,-0.08241045468048677,0.5928309755072418,0.5504154634589665,0.5985315769126242,7,7
2021-03-07,-0.4471873,0.325248,-0.558314223673459,0.3699363002222787,0.5529581745351902,0.669751923161289,8,8
2021-03-08,-0.7798177,0.16663957,-0.41826025288849045,0.5718024233454765,0.7974235960410719,0.7084487634897131,8,7
2021-03-09,-0.86673808,-0.052526433,-0.5379668660886212,0.3855931483825411,0.8683282360293196,0.661883996700912,1,8
2021-03-10,-0.89397031,-0.27860722,-0.4127502342763744,-0.09995394967775609,0.9363786083618232,0.42468052457274913,1,1
2021-03-11,-1.0797654,-0.15653409,-0.4148289973031774,0.05480643288305226,1.0910528128231411,0.4184337965424448,1,8
2021-03-12,-1.2649308,-0.02784664,-0.4066096267390043,-0.2077911699299584,1.2652372758292927,0.4566273741878527,1,1
2021-03-13,-1.3961581,0.23098719,-0.20130929312824178,0.1935613433639987,1.415136926993182,0.27926944899982914,8,8
2021-03-14,-1.2830857,0.0609360635,-0.4089654146022017,-0.06562626509974684,1.2845318670159047,0.41419743723457897,8,1
2021-03-15,-1.3061477,0.0237648208,-0.551738069205882,-0.5044393321582299,1.3063638776860549,0.747578716149193,8,1
2021-03-16,-1.3240747,-0.12562624,-0.43621530270889586,-0.5229781440520661,1.3300209635026914,0.6810212401045633,1,2
2021-03-17,-1.4608022,-0.38887495,-0.2745711013039423,-0.6417647511084709,1.5116768154147047,0.6980338712674173,1,2
2021-03-18,-1.3470374,-0.53931779,-0.5648982743358976,-0.5615707377237872,1.45099050155721,0.7965373524294472,1,1
2021-03-19,-1.0511838,-0.69354463,-0.8463893660390914,-0.6076740598668632,1.259361558562225,1.0419418035471708,1,1
2021-03-20,-0.67911136,-0.77402455,-1.0076600534992284,-0.4338711088344158,1.029711728244246,1.0970974990853244,2,1
2021-03-21,-0.39941412,-0.90280819,-0.7254407172790259,-0.6554389483384035,0.9872154107318476,0.97768320497248,2,1
2021-03-22,-0.4831287,-1.1177586,-0.5834856179418113,-0.6534824496379288,1.2177017814874256,0.876067793227057,2,2
2021-03-23,-0.46169889,-1.3729074,-0.5795348286263999,-0.7762451553471349,1.4484614575479708,0.9687193395359299,2,2
2021-03-24,-0.13360758,-1.3836128,-0.48410249428295943,-1.020321097420493,1.3900486918656112,1.1293406779233368,2,2
2021-03-25,0.12915462,-1.0697986,-0.2678820073219812,-0.893417941889214,1.077566684910639,0.9327145269247247,3,2
2021-03-26,0.39137208,-1.0642178,0.03731356230140572,-0.7604105200096021,1.1339010674835641,0.7613254631712342,3,3
2021-03-27,1.1089916,-1.0589746,0.3354726726660366,-0.566949519622361,1.5333915261001412,0.6587667811188718,4,3
2021-03-28,1.5159373,-1.0324203,0.5085192486396003,-0.6002495857682866,1.8341094769351638,0.7866965053004769,4,3
2021-03-29,1.3082021,-0.80192113,0.4729451560180136,-0.9816463881463148,1.5344283082584493,1.089636063996419,4,3
2021-03-30,1.4460112,-0.52215421,0.7361709731541941,-1.108498618807991,1.5373982599008509,1.330682865905328,4,3
2021-03-31,1.4240458,-0.18395457,1.0788835965860284,-0.6622953912059576,1.4358780325367209,1.2659482612630961,4,4
2021-04-01,1.4796748,0.0876601413,0.7584838850629896,-0.18202609504661776,1.4822691436199351,0.7800200658817481,5,4
2021-04-02,1.5395757,0.47163132,0.8511891010159344,-0.35393195972646024,1.6101954657852668,0.9218409395357353,5,4
2021-04-03,1.4576132,0.69026822,1.4454622895280715,0.4028686756135931,1.6127946107165065,1.5005546975163502,5,5
2021-04-04,1.2717233,0.84139377,1.4214590535419716,0.5585050941434757,1.5248683969306016,1.5272438512171689,5,5
2021-04-05,0.98096418,1.1088909,0.9514895591308667,0.37870755417620394,1.480516717415201,1.024085832694298,6,5
2021-04-06,0.57071066,1.481913,0.8400949472353878,0.6764334162067757,1.5880103264798489,1.0785739135226653,6,5
2021-04-07,0.47136292,1.9643468,0.650959605042855,0.8278926158391242,2.0201092428433585,1.0531640853914919,6,6
2021-04-08,0.70093423,2.0754926,0.5249789266482614,0.8835927266597331,2.190657053817519,1.027783527806679,6,6
2021-04-09,0.50932705,2.0213079,0.34069029278964125,1.1483188533124604,2.084490266339498,1.1977921624697396,6,6
2021-04-10,0.29235893,1.9783807,0.1701816704929286,1.1440043352081883,1.9998659800304708,1.1565931522998452,6,6
2021-04-11,-0.0552419946,2.1401615,0.023758726887284344,1.053116099206923,2.140874336351771,1.0533840683777738,7,6
2021-04-12,-0.21702276,2.0311565,-0.28668189017291973,1.025713600821991,2.042717700968557,1.0650234255941662,7,7
2021-04-13,-0.48428771,1.8841702,-0.6832452465283823,0.9852875318980344,1.9454130483332028,1.199006083144431,7,7
2021-04-14,-0.74873424,1.6419743,-0.8123513225967179,1.4035411036822543,1.8046280957606937,1.6216788526247228,7,7
2021-04-15,-0.72702587,1.4782318,-0.6152205447298937,1.5501581819676615,1.647342062287155,1.6677789744984295,7,7
2021-04-16,-0.7857067,1.4392321,-0.6961246581835467,1.3689846508240793,1.639732922184372,1.5358087491361305,7,7
2021-04-17,-0.94451028,1.5605385,-0.9028128826354659,1.178150629929327,1.8241107639087952,1.4842877106058077,7,7
2021-04-18,-0.79915988,1.865178,-1.1641460057911843,1.0714348964697782,2.0291735966855113,1.5821531721589956,7,8
2021-04-19,-0.70041269,2.1090364,-1.1451800635695202,0.8348371125448135,2.2222989161762183,1.4171769058516486,7,8
2021-04-20,-0.75303048,2.0911274,-1.0911491538358682,0.6390246907934172,2.2225815411003014,1.2644995181336978,7,8
2021-04-21,-0.96946895,1.9306806,-1.1004856864238124,0.43516835898539036,2.1604160766459923,1.1834019801765279,7,8
2021-04-22,-0.78160781,1.6935608,-0.9118880033177648,0.45840653464118014,1.8652235662112024,1.0206254364832357,7,8
2021-04-23,-0.77109265,1.7514776,-0.9805627653402003,0.4129108319669806,1.91370260442572,1.0639542715395642,7,8
2021-04-24,-1.1719898,1.8811368,-1.2385421591874286,0.42252465558322627,2.2163564134900056,1.3086304920260652,7,8
2021-04-25,-1.7902452,1.9431303,-1.2620417136528115,0.7239461395996234,2.6421077265889688,1.4549389334404803,7,8
2021-04-26,-2.3046932,1.631174,-1.2852364271408103,0.875610298336133,2.8235331349927946,1.55516110683169,8,8
2021-04-27,-2.8900943,1.1608276,-1.3369432235201983,0.7253164924511486,3.1145089147109934,1.5210197885426133,8,8
2021-04-28,-3.0523708,0.86805004,-1.3560930513706848,0.5251380878862701,3.173401703635492,1.4542208825775755,8,8
2021-04-29,-3.2734096,0.61235106,-1.040527964610634,0.5725891495995518,3.3301928217530112,1.1876686319743763,8,8
2021-04-30,-3.5815957,0.13574904,-1.1114010990661283,0.6698693264775537,3.5841673454401386,1.2976661040348128,8,8
2021-05-01,-3.6921949,-0.26522425,-1.632953024787551,0.4616332159549745,3.701708670651173,1.6969504433647271,1,8
2021-05-02,-3.592787,-0.79688972,-1.910559068979522,0.14723392780179909,3.6801021253778647,1.9162238349305236,1,8
2021-05-03,-3.2647531,-1.3291947,-1.8616363991247442,-0.38605652512793326,3.524964021726704,1.9012442565698913,1,1
2021-05-04,-2.6138721,-1.6807364,-1.782059265145446,-0.957481487831676,3.107603932524763,2.0229943213047057,1,1
2021-05-05,-1.9969281,-2.0035622,-1.734247087422568,-0.8940382775799465,2.828777708806129,1.9511323384157666,2,1
2021-05-06,-1.3156887,-2.0100417,-1.7343398078925336,-1.2104817583786605,2.402353927098707,2.1149942450532113,2,1
2021-05-07,-0.58776802,-1.9402136,-1.5409421356055044,-1.7042932010018192,2.0272888444816344,2.297633125689452,2,2
2021-05-08,0.030883139,-1.5036,-1.2938235390527992,-1.8142608082901601,1.5039171281272428,2.228345043009447,3,2
2021-05-09,0.55153519,-1.0233722,-0.9188761357702798,-1.929058660454086,1.1625324621451119,2.1367266246202474,3,2
2021-05-10,0.64543617,-0.91740334,-0.5276753126600298,-1.8934263672411464,1.1217026066598155,1.9655799764331303,3,2
2021-05-11,0.24388334,-0.84215569,-0.1432475254668887,-1.6679989444662222,0.8767583987216385,1.674138683709572,3,2
2021-05-12,-0.26203158,-0.81120449,0.33597695238333414,-1.6327193464632523,0.8524747934768843,1.6669292057097636,2,3
2021-05-13,-0.67055345,-0.69616604,0.6623202553999805,-1.3375189740790352,0.9665863047634102,1.4925230741045614,2,3
2021-05-14,-0.67410505,-0.76928091,1.0031342028855486,-0.8795853317256878,1.0228444343720753,1.3341471376073228,2,4
2021-05-15,-0.68314815,-1.0759438,0.9795084289416962,-0.16723324518196866,1.2744985114180645,0.9936819011443866,2,4
2021-05-16,-0.45382401,-1.5647281,0.5825700631499657,0.4067129934200843,1.6292115451905225,0.7104951354480061,2,5
2021-05-17,-0.0498397574,-1.6555082,0.5490587317966558,0.02196364087542664,1.6562582533182835,0.5494978548480938,2,5
2021-05-18,0.61909503,-1.467724,0.15257791161437725,-0.6363237077085454,1.5929508455525867,0.6543606651568804,3,3
2021-05-19,1.3228202,-1.2151115,-0.05765253762725222,-0.898043947446781,1.7962041195143412,0.8998926306180411,4,2
2021-05-20,1.6271321,-0.67227864,-0.1674829514556804,-0.852977837135473,1.760544643185926,0.8692650514501404,4,2
2021-05-21,1.4875728,-0.2767719,0.08882911897276066,-0.7929991975177316,1.5131012920255702,0.7979588583637901,4,3
2021-05-22,1.5542789,0.0685043335,0.5148762238801099,-1.06064171767453,1.5557878205891345,1.1790073702859616,5,3
2021-05-23,1.4884002,0.4281114,1.0951300175137684,-1.1022243629656014,1.548746114174302,1.553772281119287,5,3
2021-05-24,1.315814,0.73139566,1.4451909475591913,-0.6333972971806539,1.505425552481037,1.5779001904375292,5,4
2021-05-25,0.67414176,0.73284149,1.4735366121619065,0.04726271421348589,0.9957528619297651,1.4742943775028154,6,5
2021-05-26,0.1405191,0.39819661,1.4980337192448046,0.6476246956275357,0.42226313796056375,1.6320302602528791,6,5
2021-05-27,-0.32353801,0.12166418,1.0160987977337654,0.9674146421506409,0.345657368805921,1.4029782095968049,8,5
2021-05-28,-0.45848432,0.26983631,0.43233879448326673,1.0168189635267548,0.5319957761865018,1.1049152174727563,8,6
2021-05-29,-0.1273379,0.76207405,0.4378856021850788,0.9675864311100547,0.7726395009704153,1.0620580503293038,7,6
2021-05-30,-0.11564811,1.2455863,0.2676355653151691,1.1276513938656643,1.2509435303379055,1.1589764716803985,7,6
2021-05-31,-0.36093256,1.1988822,-0.01207279589395921,1.1088419423821367,1.2520346809673417,1.1089076632373351,7,7
2021-06-01,-0.59657764,1.1859546,-0.39352617023025716,0.3013643737744182,1.3275515785871108,0.4956645361900936,7,8
2021-06-02,-0.89956117,1.0230051,-0.159195506120655,-0.3170870967827141,1.362259055098471,0.35480619514757883,7,2
2021-06-03,-1.0007282,0.94047219,0.0308799281691148,-0.37962934472128884,1.3732970801828117,0.380883196449049,8,3
2021-06-04,-0.65772432,0.99024761,-0.124400071032892,-0.047108327004051605,1.1887773594034228,0.13302094626828223,7,1
2021-06-05,-0.64584565,0.98239589,-0.20800326241233327,0.6761309260802659,1.175677799532174,0.7074025631677708,7,7
2021-06-06,-0.57748616,0.9799425,-0.5643077944913608,0.8308132680778734,1.1374434352080087,1.0043375793715676,7,7
2021-06-07,-0.62272024,0.89409602,-0.7945331401539135,0.3870606723633436,1.0895816583833897,0.883797983078261,7,8
2021-06-08,-0.68244845,0.70421112,-0.7817475257225596,0.3238833631091984,0.9806371339282726,0.8461853383699511,7,8
2021-06-09,-0.61613995,0.41777214,-0.8960326234946482,0.008286354563297786,0.7444205793408604,0.8960709380616306,8,8
2021-06-10,-0.31659412,-0.057587266,-0.8110293081539806,0.02545823258978721,0.32178895261324486,0.8114287770909534,1,8
2021-06-11,-0.42598012,-0.37682974,-0.571307352498562,0.3843050310978303,0.5687351893312758,0.6885364536072295,1,8
2021-06-12,-0.86662632,-0.6731751,-0.6920276098042216,0.2188428719148273,1.0973631549203537,0.725806045248504,1,8
2021-06-13,-1.0753262,-0.92132866,-0.7285703621484891,0.2664537261518095,1.4160412904092292,0.7757656609965178,1,8
2021-06-14,-0.87505621,-1.0649295,-0.7176425070173005,0.12839196597748884,1.3783316765676592,0.7290372177095219,2,8
2021-06-15,-0.68281794,-1.2182705,-0.6507887750249922,-0.061224712854374884,1.3965755798939397,0.6536623709244939,2,1
2021-06-16,-0.67738938,-1.3602786,-0.3905254068140464,-0.1858745216323408,1.5196098978865413,0.4325036776252058,2,1
2021-06-17,-0.68854046,-1.0504737,0.035976742493302814,-0.21462634911521064,1.2560186939089328,0.21762076126820643,2,3
2021-06-18,-0.59827411,-0.93939131,-0.013064878751492294,-0.5546916815749138,1.11372705094193,0.5548455214428577,2,2
2021-06-19,-0.6728434,-0.59461993,-0.22716852373459487,-1.1361003779901204,0.8979371370406533,1.1585894903049352,1,2
2021-06-20,-0.71885997,-0.42460057,-0.13697205451046193,-1.2712434653375846,0.8348923885823405,1.2786013029401808,1,2
2021-06-21,-1.012563,-0.27908653,0.21888710525952534,-1.0726837398434959,1.0503204845171978,1.0947885506222301,1,3
2021-06-22,-1.2916857,-0.36894017,0.40299650446773594,-1.052541604316583,1.3433423973894811,1.1270536861350218,1,3
2021-06-23,-1.6660991,-0.35582805,0.3714827608652654,-1.1986831438903167,1.7036724486202188,1.2549265799507372,1,3
2021-06-24,-1.3898932,-0.45225668,-0.05228444115384184,-0.7654580803181328,1.4616221166946204,0.7672416408870746,1,2
2021-06-25,-1.3259732,-0.66851228,-0.12048826917960974,-0.8245394465267013,1.4849624896370408,0.8332962989768148,1,2
2021-06-26,-1.3958619,-0.91723442,-0.371772273025868,-0.5077906264479956,1.670254299531765,0.6293377021117266,1,2
2021-06-27,-1.4454465,-1.0899304,-0.48604944469326594,-0.5568062932980893,1.8103214800709875,0.7391057508523324,1,2
2021-06-28,-1.6110008,-0.79047143,-0.6206925479493238,-0.6709861490762469,1.794482838939087,0.9140468540135102,1,2
2021-06-29,-1.448694,-0.84457743,-0.6465710703953955,-0.9098871286937995,1.6769094611520936,1.1162207380419404,1,2
2021-06-30,-1.0322931,-1.0245981,-0.7452001074449648,-0.9448156510056209,1.4544518936118924,1.2033286394502387,1,2
2021-07-01,-0.59712291,-1.1324931,-0.3425987342656749,-0.785532975822873,1.2802719989105744,0.856992385512019,2,2
2021-07-02,-0.23195122,-1.2333817,-0.08742462814708919,-0.9183737672104277,1.2550027037239317,0.9225255779147425,2,2
2021-07-03,-0.17587438,-1.4335306,-0.10119986909126785,-1.0982117951482318,1.4442789822872673,1.1028647063474248,2,2
2021-07-04,-0.10942821,-1.4687603,-0.038780482358885544,-1.134446669327048,1.4728310670270008,1.1351093213251402,2,2
2021-07-05,0.18583959,-1.1259782,-0.49174334893420435,-0.8314727865471773,1.1412113126352228,0.9660013022711483,3,2
2021-07-06,0.1919691,-1.0163798,-0.3303819150528172,-0.9417516413600984,1.0343500535132435,0.998022226104412,3,2
2021-07-07,0.0222379714,-0.90570682,0.32835586812907225,-0.8767844638975355,0.9059797851864575,0.9362524084171349,3,3
2021-07-08,-0.0788589045,-0.95697427,0.6467560178525563,-0.6224223579683822,0.9602179337322194,0.8976095689816463,2,4
2021-07-09,-0.0827947706,-1.2872478,0.8768601688879151,-0.589158880951382,1.2899076992729157,1.0564051982009686,2,4
2021-07-10,-0.1509797,-1.3242365,0.904285986608912,-0.8835822441944516,1.3328155077670503,1.264298512153264,2,4
2021-07-11,-0.2124401,-1.3335036,0.9984604331830366,-0.8022408916981522,1.3503194612020408,1.2808253920596295,2,4
2021-07-12,-0.13516219,-0.99675965,0.8484235784049754,-0.09357739422982161,1.0058820097176997,0.8535685661412016,2,4
2021-07-13,0.27840787,-0.78089184,0.5911215225457613,-0.46348416043714025,0.8290373983461317,0.7511605829600884,3,4
2021-07-14,0.55365175,-0.67027283,0.4520304987061306,-0.5427663247432595,0.8693652436774038,0.7063475455013761,3,3
2021-07-15,0.70500147,-0.52692127,0.5272071490906833,-0.7152992431178338,0.8801551553451095,0.8885946124399314,4,3
2021-07-16,0.85312426,-0.33357421,0.9645013516892791,-0.9453718057652875,0.9160200634143728,1.3505520014225172,4,4
2021-07-17,1.2790097,-0.0630380884,0.9776287756466874,-0.8200896686097621,1.2805622254631817,1.2760505818865138,4,4
2021-07-18,1.6746868,0.24134317,0.7454548644430611,-0.9362428780805716,1.6919877079340406,1.1967680149796847,5,3
2021-07-19,1.6298007,0.40649402,0.5101198432298413,-0.41108936756642606,1.6797284631797635,0.6551463367698869,5,4
2021-07-20,1.5432607,1.0082692,0.6796480961058112,-0.020407380179630615,1.8434371070999764,0.6799544070789232,5,4
2021-07-21,1.2313925,1.286779,0.8479938938012568,0.1750082557116636,1.7810467944153656,0.8658646161447274,6,5
2021-07-22,1.1215266,1.1452091,0.7092086979633678,0.2843554673270934,1.602911662329016,0.7640909691036174,6,5
2021-07-23,0.81409001,1.1768168,0.6388952362285184,0.4307915193975877,1.4309578348588894,0.7705637261514303,6,5
2021-07-24,0.5987094,1.094255,0.7426869490457804,0.7979394352928397,1.2473359413860245,1.0900877243040514,6,6
2021-07-25,0.65937352,1.1024847,0.74258764841343,1.1746639858536263,1.2846189912231878,1.3897020886642273,6,6
2021-07-26,0.70758402,1.1431121,0.5074211989965737,1.1340804037287548,1.3443884924104974,1.2424228890811277,6,6
2021-07-27,0.80595678,1.2517051,-0.11701542397704275,1.417475443620629,1.4887350296792168,1.4222971710286236,6,7
2021-07-28,0.57279289,1.2126253,-0.3927429813573368,1.2584788834296419,1.341100970484565,1.3183384047518936,6,7
2021-07-29,-0.010307028,0.9498589,-0.12557374767859872,1.0556689407267037,0.9499148197261703,1.0631113199101443,7,7
2021-07-30,-0.64021176,0.77100533,-0.25068443887645236,0.9344229443847245,1.0021578301498755,0.9674652070681506,7,7
2021-07-31,-1.1383455,0.85812265,-0.38176810797492683,0.7125563636403874,1.4255542640717935,0.8083832380938929,8,7
2021-08-01,-1.2334743,0.75544339,-0.18191399531097807,0.8727552666007353,1.446427863481336,0.8915124548032536,8,7
2021-08-02,-1.2091547,0.68056661,-0.21773221195703582,0.9448084387282254,1.3875251346116155,0.9695722263017699,8,7
2021-08-03,-1.0428913,0.45634162,-0.2900741433411891,1.0736156085537338,1.1383628322112043,1.112112172204463,8,7
2021-08-04,-0.85475087,0.34690854,-0.44221491531226004,0.8367395673024001,0.9224665765710368,0.9464074887774488,8,7
2021-08-05,-0.58486456,0.39007422,-0.6911790679548899,0.0030227984297498643,0.7030109889984665,0.6911856778676315,8,8
2021-08-06,-0.71148008,0.0254617054,-0.7384812232732986,-0.2153542628432017,0.7119355326703977,0.7692411687188656,8,1
2021-08-07,-0.76174808,-0.28876036,-1.0119231612492792,-0.20129845899323037,0.8146426719065335,1.03175072273577,1,1
2021-08-08,-0.85506588,-0.62785554,-0.8796559153516919,-0.26067823654016603,1.0608205495034804,0.9174680770571332,1,1
2021-08-09,-1.0019495,-0.90656239,-0.7097772987385674,-0.12453176730964514,1.35120618985881,0.7206191607734845,1,1
2021-08-10,-1.1250294,-1.4299055,-0.5653712085523809,-0.2024198258215269,1.8194287262200217,0.6005151033451174,2,1
2021-08-11,-1.4698712,-1.6980428,-0.4022651044343577,-0.1214501229036241,2.245856338954315,0.42019917491457565,2,1
2021-08-12,-1.6570152,-1.5702447,-0.3630168585059768,0.0805360245588848,2.2828420424788765,0.3718430997225815,1,8
2021-08-13,-1.6547562,-1.4498653,-0.36954129887917614,-0.6329203788788734,2.200074423646284,0.7329044805276369,1,2
2021-08-14,-1.4163793,-1.5621932,-0.13057781162299195,-0.7109893436413111,2.1086910431817008,0.7228806344478678,2,2
2021-08-15,-1.4744081,-1.8906497,-0.02920906788363771,-0.9538010413370278,2.3975895256393867,0.9542481837039196,2,2
2021-08-16,-1.3932822,-2.0899265,0.009241303445773428,-1.182833572990321,2.5117778692072052,1.1828696729067094,2,3
2021-08-17,-1.1576631,-1.8478465,0.2919120574992069,-1.5911986027804614,2.1805321691421704,1.6177532700643547,2,3
2021-08-18,-0.7417146,-1.5863909,0.21533360820300265,-1.6659426354206133,1.751221469562308,1.6798016035633203,2,3
2021-08-19,-0.42749542,-1.4147544,-0.26209690801235713,-1.3662403606062827,1.4779317800359855,1.3911533028890897,2,2
2021-08-20,-0.41219705,-1.158473,-0.3523062982826272,-1.2690836270517702,1.2296203071508305,1.3170774389763436,2,2
2021-08-21,-0.28482118,-0.7080121,0.04305944982518298,-1.338158743995623,0.7631541379845899,1.338851351103322,2,3
2021-08-22,-0.18542545,-0.40965787,0.25818827663035926,-1.5432506486999367,0.44966895374335036,1.5646992525409253,2,3
2021-08-23,-0.0729123726,-0.335195,0.49791522722722426,-1.531908258661768,0.3430333833654696,1.610795606667981,2,3
2021-08-24,-0.0873313546,-0.27403733,0.3614995478640535,-1.1299297713522933,0.28761645246717,1.1863486887480261,2,3
2021-08-25,-0.40395883,-0.46053383,0.3462166421684028,-0.8111686991381354,0.6125962331825408,0.8819640705696682,2,3
2021-08-26,-0.68226057,-0.91011846,0.44357427220593854,-0.6933792358182164,1.1374511403174627,0.823123866515169,2,3
2021-08-27,-0.56190312,-1.0462285,0.10004060901255743,-0.5827990905223568,1.1875728148109421,0.5913230110229853,2,3
2021-08-28,-0.38986793,-1.1341122,-0.1738327782470539,-0.12861091534522337,1.1992528861884488,0.21623737498181397,2,1
2021-08-29,-0.35738558,-1.1350619,-0.19639153399548923,-0.0876441670636705,1.189995785548649,0.21506076965682508,2,1
2021-08-30,-0.43635646,-1.2761288,0.07755200676809136,-0.13209563999120977,1.34867033569111,0.1531782355899342,2,3
2021-08-31,-0.27285483,-1.0215513,0.14790082192084383,-0.10626419482728554,1.0573631432890116,0.18211735839055118,2,4
2021-09-01,-0.058584027,-0.75613993,0.049894533682596554,-0.6572825605788167,0.7584060139265391,0.6591735954454256,2,3
2021-09-02,-0.0274662301,-0.6518932,0.3675223106750801,-1.1203040712646914,0.6524715610677189,1.1790478620209583,2,3
2021-09-03,0.11238205,-0.51476127,0.7592689582551383,-0.7907157959440706,0.5268860315611105,1.0962302773255754,3,3
2021-09-04,0.15006708,-0.52591425,0.8149775701182478,-0.7118733010068423,0.5469057751137657,1.0821053721714082,3,4
2021-09-05,0.48131588,-0.6161468,0.6983694955653981,-0.7447984785367286,0.781857950967063,1.0210018246638417,3,3
2021-09-06,0.76404566,-0.64413238,0.6423458733830372,-1.031956200490065,0.999335926267689,1.2155417807636677,4,3
2021-09-07,0.88974643,-0.76779354,0.5878458578910167,-0.44025762132399227,1.1752257782075224,0.7344314302734363,4,4
2021-09-08,0.72647303,-0.89061016,0.37054703186433685,-0.21562694182696399,1.149325680741802,0.42871911651466954,3,4
2021-09-09,0.29203019,-1.1079073,0.3143531629351873,-0.3547305624518916,1.145748758351815,0.4739743484459805,3,3
2021-09-10,0.30076155,-1.1148356,0.4110021094838945,-0.1031066129831996,1.1546930003190294,0.4237377817012291,3,4
2021-09-11,0.44994238,-1.2133801,0.4592168735053983,-0.2112518117312505,1.2941172328641923,0.5054774622787931,3,4
2021-09-12,0.78235465,-1.2533436,0.8944162814088357,0.052692121070769565,1.4774806184981184,0.8959670440770386,3,5
2021-09-13,1.0316768,-1.4318129,1.0161019083559835,0.19286432045796925,1.7647790797333955,1.0342435565525103,3,5
2021-09-14,1.0896623,-1.5400267,1.0833179081973967,0.07783337754813478,1.8865434436434747,1.08611036496377,3,5
2021-09-15,1.0591931,-1.3597127,0.9694468222786198,-0.27452176346019136,1.7235743818091809,1.007566047383201,3,4
2021-09-16,1.0655451,-1.3045404,0.7688608609632657,-0.9232764105755423,1.6844025692708289,1.2014933848533798,3,3
2021-09-17,0.88841784,-1.3449485,1.0732655735813168,-0.583722456179206,1.611884836482593,1.2217327438039458,3,4
2021-09-18,0.74615264,-1.1041539,1.2092595841749465,-0.44560668205308646,1.332628829443585,1.288749027937296,3,4
2021-09-19,0.80708474,-0.90662283,1.4432898788266033,-0.10425416203244033,1.213816597933179,1.4470503117115168,3,4
2021-09-20,1.1110423,-0.83360326,1.547116705783136,-0.13007346080520488,1.3889958198180143,1.5525750244413654,4,4
2021-09-21,1.0411557,-0.9755258,1.559542923708971,-0.2231713203004946,1.4267640933623646,1.5754299632466662,4,4
2021-09-22,0.84260309,-0.82263887,1.3478821901822762,-0.1131073216511978,1.1775885010106142,1.3526195565722379,4,4
2021-09-23,0.74334836,-0.29433998,1.252898981831418,-0.1635877233107907,0.7995015998364794,1.2635334589523983,4,4
2021-09-24,0.56731826,-0.0260824896,1.1459486116105424,-0.4595538881687635,0.5679175154836851,1.234661085716707,4,4
2021-09-25,0.66859555,0.11400229,0.9279941322218888,-0.2659010047922889,0.6782451854639637,0.9653374818102761,5,4
2021-09-26,0.90563744,-0.25961661,0.8506128582500118,-0.012248304340152814,0.9421146198407313,0.8507010377209279,4,4
2021-09-27,1.1104155,-0.37966183,1.161857769306239,0.2778761024250963,1.1735270290023996,1.1946248802014097,4,5
2021-09-28,1.2137491,-0.3898145,1.0261018409516183,-0.08811421740600513,1.2748106612987906,1.0298781982901537,4,4
2021-09-29,1.1663867,-0.43142682,0.8176083788592952,-0.08870723121440062,1.2436185246900284,0.822406489547991,4,4
2021-09-30,1.4276319,-0.3146953,0.23631744694941173,0.5233467201233882,1.4619049126874497,0.574227938362978,4,6
2021-10-01,1.5597147,-0.1232685,-0.05815213645630797,0.22818941494338169,1.5645782398104418,0.23548265343042976,4,7
2021-10-02,1.569173,0.12007587,0.27702240623552704,0.4664703587810947,1.5737605022636882,0.5425274271204034,5,6
2021-10-03,1.58462,0.37277633,0.8086210734350026,0.2633689026903245,1.6278767571927146,0.850430020229461,5,5
2021-10-04,1.6705525,0.41022703,1.0098653500871133,0.3988130705831021,1.7201836737391945,1.0857623545576123,5,5
2021-10-05,1.7229078,0.54377007,0.9505852055405816,0.4599873049751158,1.806681260302615,1.0560305647711623,5,5
2021-10-06,1.8895097,0.65510744,0.9030616576677578,0.3665615229096043,1.9998531606939156,0.974621828006867,5,5
2021-10-07,1.9504874,0.7427634,1.0523253433656206,0.6467841653592864,2.0871268686733733,1.2351997347996315,5,5
2021-10-08,1.698374,0.78180033,0.9282937688890233,0.8536926903236584,1.8696753728559696,1.2611584083176202,5,5
2021-10-09,1.4065833,0.59119534,0.6488325974618407,0.9594967546511781,1.52577472448478,1.1582822461365891,5,6
2021-10-10,1.476734,0.87083948,0.4689254843663664,1.039817570361351,1.7143817272365773,1.1406628290254812,5,6
2021-10-11,1.5992557,1.3123108,0.6116425964175544,0.9990515224492809,2.068762535860298,1.171413936343867,5,6
2021-10-12,1.2360346,1.3487015,0.563250766208245,1.1233811426091738,1.8294199267799096,1.2566768149385377,6,6
2021-10-13,0.9635067,1.2186408,0.5416454610344332,1.2675711020210754,1.553521985801788,1.3784470625084329,6,6
2021-10-14,0.82887322,0.94667047,0.5179694385778252,1.3086755693846164,1.2582590327922107,1.4074530490232267,6,6
2021-10-15,0.40765974,0.73379397,0.2552767940537768,1.1434497399851644,0.8394284091125511,1.1715987151983884,6,6
2021-10-16,0.33016467,0.37575361,0.284898830700143,0.6452381247067407,0.5001994449659466,0.7053365021813206,6,6
2021-10-17,0.23476495,0.0715477392,0.21556065371510263,1.1690928411083905,0.24542546879477223,1.1887995905790727,5,6
2021-10-18,-0.13461117,-0.36040926,-0.09407759105559263,1.5278577676915768,0.3847271783777649,1.5307514335888475,2,7
2021-10-19,-0.32580832,-0.33959252,-0.3648289754070557,1.1870979315773442,0.4706103919604547,1.2418943918271679,2,7
2021-10-20,-0.50816739,-0.39171585,-0.30883971961824025,0.9012920879645343,0.6416193602133858,0.9527378444469092,1,7
2021-10-21,-0.41097191,-0.41009471,-0.05985461887910966,0.6857638840114743,0.5805821061478146,0.6883710336843541,1,7
2021-10-22,-0.35101804,-0.67422175,-0.2641523413725236,0.1709438632920127,0.7601240902500749,0.3146398955151501,2,8
2021-10-23,-0.42613974,-0.82764018,0.10049365319274167,-0.006412218312189778,0.9309045845615435,0.10069801823127514,2,4
2021-10-24,-0.34121004,-0.80875134,0.3188224092268523,-0.039245263215798375,0.8777830149579092,0.32122876476133294,2,4
2021-10-25,-0.52890813,-0.67414397,0.18005505460197455,-0.6686687376073387,0.8568628258172121,0.6924866087810738,2,3
2021-10-26,-0.71681631,-0.61154318,0.16513061820714303,-0.44086155188888687,0.9422370632099591,0.4707727997700705,1,3
2021-10-27,-0.84782773,-0.49114794,-0.07173076140068708,-0.6106669906307847,0.9798153697116597,0.6148654125718743,1,2
2021-10-28,-0.87769061,-0.45768872,0.1266739059939794,-0.4099620625024515,0.9898584602342956,0.4290864378549332,1,3
2021-10-29,-1.0751266,-0.40804434,0.3539147741422234,-0.6903726890997604,1.1499553858448577,0.775802885539217,1,3
2021-10-30,-0.857472,-0.34506452,0.36957119378269093,-0.7767930925483378,0.9242985198229143,0.8602269327943493,1,3
2021-10-31,-0.65143788,-0.45998919,0.32435279643253173,-0.6039431083778622,0.7974718593252996,0.6855304622777296,1,3
2021-11-01,-0.48002815,-0.43264407,-0.12395270972022178,-0.6639552180512436,0.6462259017546321,0.6754263881611822,1,2
2021-11-02,-0.22786787,-0.55784929,-0.32367882327087427,-0.7668133176606593,0.6025940561703551,0.8323284476549897,2,2
2021-11-03,0.0577908792,-0.78415734,-0.38207279940316585,-0.6789707367582754,0.7862839942378228,0.7790897800753435,3,2
2021-11-04,0.62242377,-0.78570539,-0.36456908890269046,-0.6664343414735664,1.00236934776362,0.7596350124096729,3,2
2021-11-05,0.67457712,-0.91220534,-0.4954003040893114,-0.7445382758461082,1.1345364133213223,0.8942922930964338,3,2
2021-11-06,0.84614438,-0.8053273,-0.27838660846269075,-0.4857902130380101,1.1681234403653042,0.5599028798415621,4,2
2021-11-07,0.7427817,-0.79645103,0.021063133456576972,-0.51296981764739,1.0890633117697752,0.513402073825385,3,3
2021-11-08,0.45469084,-0.89315277,0.08157682291033025,-0.3158221926011084,1.0022303280876,0.3261877302651266,3,3
2021-11-09,0.48106974,-0.78507048,0.3419004743816684,-0.38106717752370106,0.9207408719672968,0.5119649677158484,3,3
2021-11-10,0.85020399,-0.65090716,0.7559462155295141,-0.344531942585714,1.0707599897041287,0.8307568478413406,4,4
2021-11-11,1.0073292,-0.38374442,1.1000492272732283,0.13813556103706268,1.0779480029453075,1.108688295080024,4,5
2021-11-12,1.0568212,-0.0969882905,0.9554468089693468,-0.1603103570561079,1.0612623508179078,0.9688023613457826,4,4
2021-11-13,1.1170944,-0.0171902515,1.0222255271104697,0.05543105355066602,1.117226657065608,1.0237273220804524,4,5
2021-11-14,1.2754244,0.13827147,0.8273487539586838,-0.14706353284845994,1.2828976574658326,0.8403175848278178,5,4
2021-11-15,1.2911257,-0.14068295,0.6691596761826022,-0.6170203029845247,1.2987675949226607,0.9102135609426613,4,4
2021-11-16,1.2477416,-0.36636239,0.8292214083537017,-0.2001788616392015,1.3004155109721938,0.8530414531072116,4,4
2021-11-17,0.99934,-0.44473854,1.0470094096340232,0.3402394535160972,1.0938339931458207,1.1009048957975973,4,5
2021-11-18,1.0025527,-0.44878483,0.7835293589511627,0.5507778300074966,1.0984169244487354,0.9577444723756889,4,5
2021-11-19,1.1028731,-0.45198515,0.46580753424005056,0.699366162609306,1.1918975000075018,0.8402914306106317,4,6
2021-11-20,1.1716846,-0.42988139,0.5269716989166284,0.6175823815639017,1.2480556122807558,0.8118541552995947,4,6
2021-11-21,0.86080378,-0.38419357,0.6068277121417203,0.7817577430701224,0.942649376434119,0.98963884375728,4,6
2021-11-22,0.58131754,-0.33690882,0.8044451827463776,0.514726081419843,0.6718910888718825,0.9550261729071511,4,5
2021-11-23,0.67432761,-0.67110187,0.9423348783033715,0.2977411502781223,0.951365043254065,0.9882534166072837,4,5
2021-11-24,0.86249626,-0.97684252,0.7934694718887549,0.1194839526564325,1.3031197594211892,0.8024152402352689,3,5
2021-11-25,0.93619943,-0.65441024,0.8997312580259044,0.23076906849698156,1.1422443411762575,0.9288545094059892,4,5
2021-11-26,1.0992218,-0.48525453,1.0377183399861911,0.346509060739648,1.201565863563359,1.0940419929410248,4,5
2021-11-27,1.0174432,-0.25446689,1.0036816723959527,0.4344252997573113,1.0487821810712232,1.0936645923557946,4,5
2021-11-28,0.98713815,0.0964490846,0.5994880195588899,0.156938864347287,0.9918387737458142,0.6196899972867531,5,5
2021-11-29,0.98072517,0.46900788,0.3869480866081164,-0.028318069817665464,1.0871017664292628,0.38798290530367513,5,4
2021-11-30,1.1451824,0.79129899,0.9928598775184734,-0.1934036346414263,1.3919758693471593,1.0115214789012206,5,4
2021-12-01,1.2866335,1.068836,1.4167938380505596,-0.06861817616663274,1.6726733567012568,1.4184545229363084,5,4
2021-12-02,1.3754756,1.3883747,1.072398786736282,0.3035050477541808,1.9543585734955216,1.1145198391261222,6,5
2021-12-03,1.2856981,1.7049701,0.8789816730603893,0.4952742807860494,2.135402221184014,1.0089129768142442,6,5
2021-12-04,1.3208226,1.6427637,0.5976004102493614,0.5586236189283227,2.107900594124033,0.8180382619136961,6,5
2021-12-05,1.1783029,1.5096439,0.29500673777854425,0.7176137010440244,1.915051547336421,0.775885558095291,6,6
2021-12-06,1.235429,1.5155023,0.05523693761287771,0.9347266941369842,1.9552575368340332,0.9363573634083859,6,6
2021-12-07,0.97838062,1.7037543,0.041441242084377175,1.1274301795911117,1.9646901415643319,1.1281915557201898,6,6
2021-12-08,0.29902202,2.1329672,0.009267614748490522,1.318636809779118,2.1538252586318882,1.3186693766018744,6,6
2021-12-09,0.32517648,2.4582467,-0.20076556234646523,1.5003698546843662,2.4796605778223118,1.5137425513837808,6,7
2021-12-10,0.0884876922,2.3776324,-0.46861940210166975,1.5765366646001102,2.3792784412927888,1.644710308490394,6,7
2021-12-11,-0.0467670858,2.3724732,-0.35965630975646995,1.4868857409783103,2.37293410044031,1.5297652982965264,7,7
2021-12-12,-0.0283307824,2.192728,-0.297466806231216,1.2798233017437373,2.1929110139755776,1.3139384249254762,7,7
2021-12-13,0.17021202,2.1584454,-0.3005475784400585,1.3400943544819892,2.165146340673914,1.3733833135074427,6,7
2021-12-14,0.21646723,1.9219699,-0.6084741435155281,1.3196533877414591,1.934121598599706,1.45317784427938,6,7
2021-12-15,0.31095517,1.8437852,-1.2892774843202077,1.1304271291609973,1.8698227139193622,1.7146725418919548,6,8
2021-12-16,0.4637619,1.8630239,-1.1417589773260743,1.5285989074899418,1.9198784211149464,1.907938201903858,6,7
2021-12-17,0.3304244,1.7697948,-1.0658357476993232,1.248947355362389,1.80037604911374,1.6419120979944333,6,7
2021-12-18,0.20544253,1.5672269,-1.144566433517321,1.2741353117146543,1.580634932302969,1.7127326450128635,6,7
2021-12-19,-0.0195009317,1.5859917,-1.0100902869268595,1.1506683552469015,1.5861115846011773,1.531117255963956,7,7
2021-12-20,-0.22138688,2.0584466,-0.8748468335826879,1.2933051361270078,2.070317501178912,1.5614080688155014,7,7
2021-12-21,-0.37968937,2.2902579,-0.7964446773266589,1.1449622505998918,2.321517879794038,1.3947267400249896,7,7
2021-12-22,-0.16609225,2.5190175,-0.7874095759955904,1.139914390380468,2.524487235225465,1.385430856364196,7,7
2021-12-23,-0.29073364,2.3011637,-0.7482592249375959,1.260425665017189,2.319456924287524,1.4657983233508747,7,7
2021-12-24,-0.47222683,2.0835347,-0.8198893771656169,1.0825939809702483,2.1363789516553324,1.358023681097658,7,7
2021-12-25,-0.63439304,1.8649093,-0.8186773112543615,0.8110825503137465,1.9698581741909573,1.1524267626995315,7,8
2021-12-26,-0.81972837,1.9869747,-0.9037947625025741,0.7581130082080103,2.1494238900279643,1.1796526208767066,7,8
2021-12-27,-0.84749579,2.3643699,-1.3227199034274528,1.0530369227312155,2.511671582451363,1.690702429038995,7,8
2021-12-28,-1.0431213,2.0121839,-1.427257866478794,1.0421647929730065,2.266492023796444,1.7672499747172352,7,8
2021-12-29,-1.1942306,1.603296,-1.221153541709027,1.3744034408357568,1.999186031762017,1.8385322381208515,7,7
2021-12-30,-1.0994705,1.4050304,-1.197187393910913,1.0679717654080756,1.7840812216080326,1.604313357124488,7,8
2021-12-31,-1.2559807,1.4535776,-1.2395505989827078,0.8288162814068664,1.9210349705287124,1.491114387216318,7,8
2022-01-01,-1.1536623,1.5765845,-1.2060454888738341,0.6603789461847974,1.9536006214376418,1.37500766317758,7,8
2022-01-02,-1.0242931,1.5881422,-1.3638532163298953,0.7578498663906401,1.8898073981568728,1.5602666489038697,7,8
2022-01-03,-0.65335083,1.8385135,-1.5980606968086737,1.0113653838515089,1.951153299139752,1.8912054172769635,7,8
2022-01-04,-0.13759802,1.7434199,-1.506404777477451,0.40700606634455916,1.7488413772620803,1.5604195883313436,7,8
2022-01-05,-0.16407824,1.7328492,-1.1705683639179343,0.3420940125040986,1.7405999019826863,1.2195321266767283,7,8
2022-01-06,-0.37719655,1.7122563,-1.0909528257181729,0.3840510065716021,1.7533108321748292,1.156578247932723,7,8
2022-01-07,-0.8820141,1.6749841,-1.363835868629063,0.2919561090841192,1.8930189137596116,1.3947353319503772,7,8
2022-01-08,-1.1257101,1.4554935,-1.3926135508021606,0.3941776778145895,1.8400229775152972,1.447324615822278,7,8
2022-01-09,-1.1329453,1.2427313,-1.251805014850645,0.3854397739519472,1.6816498258531054,1.3098013645394295,7,8
2022-01-10,-1.4657401,1.2066975,-1.1502296801835126,0.7854619425074828,1.8985554764752754,1.3928312102701799,8,8
2022-01-11,-1.6606553,1.4002609,-0.8207175205115562,0.9451139279636634,2.172212377620314,1.2517258427089941,8,7
2022-01-12,-1.5553716,1.116419,-0.926262068948777,0.9658468279672756,1.9145684102814293,1.338215795553063,8,7
2022-01-13,-1.1725992,0.97377932,-1.2866639634603345,0.6379760823477215,1.5242162077278614,1.4361468018678327,8,8
2022-01-14,-0.78547597,0.84245205,-1.450324565898582,0.37003539078127023,1.1518237521412047,1.4967857351269611,7,8
2022-01-15,-0.48447961,0.60907197,-1.3600217672322785,0.15064601402954175,0.7782603402110588,1.3683396613738121,7,8
2022-01-16,-0.41095039,0.26185682,-1.0525673886275668,0.17721446022150983,0.4872876124237764,1.067381409110097,8,8
2022-01-17,-0.18117188,0.18496838,-1.3728852668584037,-0.046259459212981656,0.2589141782571182,1.3736644035293146,7,1
2022-01-18,0.13853931,0.2913835,-1.6173676110811797,0.07296597371292783,0.3226414178116723,1.6190126690962976,6,8
2022-01-19,0.39154938,0.27074218,-1.2748902583644262,-0.18552398578079948,0.47603807096653183,1.2883184079149486,5,1
2022-01-20,0.45376006,0.52019048,-0.8092704905682174,0.1327943579733607,0.6902871341216161,0.8200933290876596,6,8
2022-01-21,0.12169441,0.71570116,-0.7027579404245542,0.18548642252104935,0.7259736082328293,0.7268245563885541,6,8
2022-01-22,-0.063726455,0.85084689,-0.45540891854906956,0.09454012377093202,0.8532300342167634,0.4651183914839922,7,8
2022-01-23,-0.041779343,1.0611922,-0.3521033002730603,-0.19524973614224989,1.062014311976233,0.4026154412423834,7,1
2022-01-24,-0.24938582,0.84606177,-0.13247469297951697,-0.009851896342072921,0.8820509088893936,0.13284052145920022,7,1
2022-01-25,-0.49738228,0.5849821,-0.07607953090105468,0.24160640859162216,0.7678497182251279,0.2533017009312539,7,7
2022-01-26,-0.44330013,0.50854653,-0.012351820950169434,0.272790243495551,0.6746366269578445,0.27306974278954277,7,7
2022-01-27,-0.1893349,0.33368534,-0.1984872110306037,0.4841061989587943,0.38365819486741787,0.5232169576887193,7,7
2022-01-28,-0.18114051,0.46657065,-0.6326321329569838,0.3161034946026166,0.5004998059984465,0.7072091875461527,7,8
2022-01-29,0.12478044,0.4821071,-0.6829508739911555,0.3104142449477838,0.49799338758361406,0.7501859101261407,6,8
2022-01-30,0.54860419,0.35571238,-0.5917468921764432,0.5853442399073134,0.6538332008783437,0.8323414345045845,5,8
2022-01-31,0.61785024,0.19990543,-0.6139524876187106,0.1698151186557525,0.6493851707665818,0.6370045773597474,5,8
2022-02-01,0.57773161,-0.18820953,-0.5397581657487014,-0.07184905998181283,0.6076155366479802,0.5445192052744079,4,1
2022-02-02,0.4282912,-0.55397898,-0.39497350685659344,0.11154753066379271,0.700232862895823,0.41042285842260934,3,8
2022-02-03,0.4850114,-0.74718428,-0.11512625935640518,0.15930024275308416,0.8907976237109517,0.19654674490967744,3,7
2022-02-04,0.44389579,-0.8083418,-0.2712112703903319,0.27992992221029495,0.9222038484017316,0.3897644346722768,3,7
2022-02-05,0.3286306,-0.90040779,-0.18742232401775438,0.3866729475610912,0.9585052214511114,0.4297011704845572,3,7
2022-02-06,0.27204663,-1.3798586,0.14876144734110008,0.47745801421522244,1.406420678491438,0.5000961143154008,3,6
2022-02-07,0.022003727,-1.2468208,0.16608879453475195,0.43969290468791244,1.247014944302806,0.4700163168475119,3,6
2022-02-08,-0.0289295893,-1.1557903,0.2614395946842807,-0.021293976761018754,1.156152299098677,0.2623053470956697,2,4
2022-02-09,-0.00341307442,-1.2488292,0.49366390394980775,-0.3659368829179827,1.2488338639905776,0.6145029311099292,2,4
2022-02-10,-0.0483902395,-1.2903937,0.7815496273682488,-0.36055120306887384,1.2913007071470834,0.8607072615435871,2,4
2022-02-11,0.0902871564,-1.3324509,0.7691797595602897,-0.3962823469120907,1.3355063352607535,0.8652613483748015,3,4
2022-02-12,0.23396896,-1.3599777,0.6675609360017605,-0.6166418754199501,1.3799568177087178,0.908782045265519,3,4
2022-02-13,0.23774429,-1.5191975,0.9832726407436733,-0.9830334160434814,1.537687676816672,1.3903883569323907,3,4
2022-02-14,0.30056116,-1.4628781,0.8248563080866885,-0.848685272508556,1.4934354175390898,1.1834925520523245,3,3
2022-02-15,0.55621159,-1.446551,0.4278776537552665,-0.8211944803567743,1.5498003511586027,0.925980378383659,3,3
2022-02-16,0.85223854,-1.6533265,0.7357193945556318,-0.958141291795905,1.8600535058604044,1.2080222525142619,3,3
2022-02-17,0.79238069,-1.7961985,0.7220727957860734,-0.915288343927157,1.963210688970271,1.165822402831252,3,3
2022-02-18,0.4944531,-1.8820344,0.8506679521550689,-0.8069828428068878,1.945902708483384,1.1725430795533207,3,4
2022-02-19,0.66965073,-1.6167964,0.9488206452676463,-0.693257052120477,1.749989342608261,1.1751025305056944,3,4
2022-02-20,0.96938437,-1.3287951,0.9446609657063508,-0.92732880655948,1.6448107716647247,1.3237533968244557,3,4
2022-02-21,1.4082308,-1.1136404,1.0374970072514342,-0.7124755820618263,1.7953576040947385,1.2585791572602896,4,4
2022-02-22,1.1670624,-1.1769577,1.1596733946731623,-0.4714331187051004,1.657487276899298,1.2518352797891557,3,4
2022-02-23,0.85827214,-0.89944363,1.478734461888528,-0.3760596853104526,1.2432336505451245,1.5258035573731472,3,4
2022-02-24,0.89794761,-0.73658603,1.3742809641943428,-0.6676846100036018,1.1614081495735566,1.5278909997059982,4,4
2022-02-25,0.82604396,-0.64748639,1.1411418628082022,-1.1217838316099216,1.0495652667117532,1.6001886501018592,4,4
2022-02-26,0.70752794,-0.48744154,1.3307692216881337,-0.43483442262219024,0.8591827749659645,1.40000989156849,4,4
2022-02-27,0.79847133,-0.32215661,1.2180480490559062,0.1257643566721252,0.8610118153653067,1.2245234678102552,4,5
2022-02-28,0.65621811,-0.28098443,1.2711328510779591,0.49877616033510574,0.713844841540791,1.3654875990678979,4,5
2022-03-01,0.60249311,-0.12812844,0.9412531594269904,-0.20074887228211685,0.6159665938460508,0.96242278643735,4,4
2022-03-02,0.45028758,-0.0809072852,0.6150687673319337,-0.14245102328107037,0.45749851748469145,0.6313492556272229,4,4
2022-03-03,0.26190743,-0.0425351523,0.7105636132180286,0.0729503783465006,0.2653389173686911,0.7142985413189347,4,5
2022-03-04,0.19573303,-0.12736434,0.7028556110006311,0.032048594513221174,0.23352321969478004,0.7035859025913918,4,5
2022-03-05,0.34192193,-0.13392425,0.4746392188239459,0.11722028521951977,0.36721425755679393,0.4888997681659822,4,5
2022-03-06,0.13984983,-0.14614548,0.5433345887185769,0.3330277062138059,0.20227821502934837,0.6372753944755862,3,5
2022-03-07,0.00982991047,-0.21115573,0.392100742583087,0.13517313121094213,0.2113844115626342,0.4147466307706174,3,5
2022-03-08,-0.23657608,-0.42420828,0.327485402375068,0.2718584203515239,0.4857168994885033,0.42562153315449874,2,5
2022-03-09,-0.49910423,-0.49824071,0.2052390857730884,0.09593039070574118,0.7052296345908877,0.22655180906346628,1,5
2022-03-10,-0.83333892,-0.65560943,0.1341473254223636,-0.0052631996995741795,1.0603195180188334,0.13425053515368615,1,4
2022-03-11,-1.0671026,-0.86892372,0.2516588413157134,-0.06992140896034223,1.376130949475884,0.26119183724490097,1,4
2022-03-12,-1.0472786,-1.1963209,0.5101645285143989,0.16023908381200352,1.5899610566912543,0.5347377021823215,2,5
2022-03-13,-1.0198332,-1.4254693,0.21229462002530278,-0.0721667855816784,1.752718597226814,0.22422544599772712,2,4
2022-03-14,-0.49390128,-1.5663418,0.1435827249501375,-0.2272109700714869,1.6423657049551657,0.2687765313879412,2,3
2022-03-15,-0.18235634,-1.9383973,0.20235535951783762,-0.5417370305590621,1.9469560671431407,0.5782963788616902,2,3
2022-03-16,0.00980017055,-2.1130319,0.055681846319568185,-0.6219161083812829,2.113054626307711,0.6244038067418196,3,3
2022-03-17,0.1969744,-1.8618275,-0.1403061928809431,-0.938687331803683,1.8722180839879765,0.9491152378133343,3,2
2022-03-18,0.52542704,-1.9310375,-0.11036450989182725,-1.1082384161173706,2.0012444630203006,1.1137202126216446,3,2
2022-03-19,1.0761366,-2.0504522,0.2174591502023948,-1.2568614184183913,2.3156908702036203,1.2755348317923105,3,3
2022-03-20,1.4091983,-2.0284171,0.36561454214079137,-1.2954292394503646,2.4698817340705403,1.3460352550538082,3,3
2022-03-21,1.4383929,-1.3793314,0.8756829180176403,-0.9663584903664135,1.992869600800908,1.3040971224610318,4,3
2022-03-22,1.4469539,-0.90059882,1.1800789567852754,-1.1224673885168628,1.7043338356409528,1.6286556979703506,4,4
2022-03-23,1.3504984,-0.79316109,1.369721749136982,-1.0753417901044817,1.5661897851450022,1.7414067978516636,4,4
2022-03-24,1.2757237,-0.68916094,1.1612351663053337,-0.7080649125253122,1.4499702617513828,1.3600819945185856,4,4
2022-03-25,0.81816196,-0.47313288,1.332684527499336,-0.7040050787512323,0.9451157150995512,1.5072064227383246,4,4
2022-03-26,0.31081986,-0.13585387,1.8840511689856794,-0.14894676331781603,0.33921270519306396,1.8899296139431114,4,4
2022-03-27,0.0507233366,0.0657014474,1.842768665856079,0.007103700944051149,0.08300323527605334,1.8427823578567535,6,5
2022-03-28,-0.25806722,-0.14251959,1.1899847332391513,0.5748004525945761,0.2948059083062897,1.321536690994686,1,5
2022-03-29,-0.31034234,-0.18659966,0.6577776702075555,0.6443900966661706,0.36212125194303524,0.9208203191204658,1,5
2022-03-30,-0.35498837,0.069458209,0.7783723062313259,0.2535119713043496,0.3617197611863977,0.8186157625543808,8,5
2022-03-31,-0.44764128,-0.00783299282,0.827495790678152,0.347615012148053,0.44770980705872027,0.8975441383356871,1,5
2022-04-01,-0.30710024,-0.0410333537,0.20400065434755074,0.08575345439711525,0.3098294587735758,0.2212914863144694,1,5
2022-04-02,-0.13932978,-0.1729722,-0.31213727826782844,-0.09109086300844589,0.22210846352106528,0.3251572324400477,2,1
2022-04-03,-0.21974848,-0.11939463,-0.22281815405837463,-0.07307341621070766,0.2500889284537548,0.23449446461416715,1,1
2022-04-04,-0.16706482,-0.23565055,-0.051576116582961594,-0.5064229428034166,0.2888630052411262,0.5090425255314646,2,2
2022-04-05,-0.10711924,-0.46917483,0.1631496902310684,-0.2610895643296843,0.48124791187464544,0.30787267177253314,2,3
2022-04-06,0.32967481,-0.47416285,-0.1117731731092391,-0.010493465724017818,0.5775083451073747,0.11226466518815734,3,1
2022-04-07,0.3504909,-0.31129569,-0.18940724495600333,-0.3292121342868155,0.46877380216409925,0.37981012862153074,4,2
2022-04-08,0.43078429,0.0556515045,0.12086682296002474,-0.1361488157434688,0.4343641265849629,0.18205847665186858,5,3
2022-04-09,0.3577067,0.37868434,0.25224576189059655,-0.12348807740259193,0.5209183358129426,0.28085090288684506,6,4
2022-04-10,0.20728081,0.56765217,0.04908874793385069,-0.13254034786310015,0.6043130979053533,0.1413387738215693,6,3
2022-04-11,-0.0435543358,0.74909592,0.10928280599976882,-0.2543373404973892,0.7503610314559422,0.2768216293183537,7,3
2022-04-12,-0.17213447,0.77277458,0.3841933315356051,-0.3918424060724363,0.7917138544047068,0.5487667876184413,7,3
2022-04-13,-0.29562902,0.5880338,0.7618529282039385,0.10156982516127468,0.6581643164199958,0.7685937246661642,7,5
2022-04-14,-0.61023283,0.60044014,0.4126708386646457,0.15676725533440886,0.856103071208735,0.44144443979878806,8,5
2022-04-15,-0.78648335,0.69278824,0.04724465742554809,0.4514782331237038,1.0480990436545203,0.45394344652143487,8,6
2022-04-16,-1.2011186,0.59399635,-0.22535308684249458,0.5130229474416321,1.3399692366167526,0.5603361119463394,8,7
2022-04-17,-1.2082317,-0.0150241517,-0.3416210716844586,0.422969183508581,1.20832510775006,0.5436983417454514,1,7
2022-04-18,-1.1479086,-0.55232692,-0.4833341705950626,0.3635318830524002,1.2738756534727582,0.6047870290114042,1,8
2022-04-19,-1.1093744,-0.76835924,-0.4958774256818577,0.30204277221400283,1.3494767434338162,0.5806240242597497,1,8
2022-04-20,-1.0152729,-0.68294507,-0.3628582167728483,0.10626166115981812,1.22359839412763,0.378097376494489,1,8
2022-04-21,-0.84153402,-0.71908772,-0.5625965933533995,0.02316139500812734,1.1069176373480363,0.5630731542806608,1,8
2022-04-22,-0.54277205,-0.51636559,-0.7764257894841321,0.016505772474413264,0.7491561391307227,0.7766012149752503,1,8
2022-04-23,-0.26910099,-0.44898114,-0.9549607891732586,-0.41442026791547926,0.5234495265970537,1.0410063723712504,2,1
2022-04-24,-0.0867599323,-0.34014583,-0.5016576197795223,-0.801827554505652,0.35103628234000184,0.945826514032764,2,2
2022-04-25,-0.0868343413,-0.37892848,-0.04567478767776111,-0.9067122120001079,0.38875055727820546,0.9078618956755136,2,2
2022-04-26,-0.0304092709,-0.48420623,-0.06203163569424732,-0.9318176328746659,0.48516017656798927,0.9338800912124904,2,2
2022-04-27,0.1602779,-0.54612511,-0.233871122004359,-0.7308354671169993,0.569158713366423,0.7673435877777961,3,2
2022-04-28,0.30614266,-0.66807938,-0.12017080625437863,-0.7657394567177872,0.7348832466814439,0.7751115650345305,3,2
2022-04-29,0.34724405,-0.34001064,-0.006917900420540635,-0.31038576782893246,0.4859893677577855,0.3104628515893399,4,2
2022-04-30,0.35368696,-0.13107532,0.08113898787820328,-0.2511749000968394,0.3771938562425745,0.26395523444810953,4,3
2022-05-01,0.0422925986,-0.16556029,0.13978390747598285,-0.11041562138803612,0.17087677876535717,0.17813239524511051,3,4
2022-05-02,-0.18066479,-0.12270758,0.10456913658534249,-0.3217104631244241,0.21839623745660203,0.3382784746476421,1,3
2022-05-03,-0.65623808,-0.34165749,0.31530758557925403,-0.37694547213243007,0.7398501592317099,0.49143337542840865,1,3
2022-05-04,-0.91751111,-0.74110568,0.5873928436206615,-0.17679672875485264,1.1794338751713445,0.6134227221379916,1,4
2022-05-05,-1.083545,-0.94075948,0.6940503966154195,-0.19686277688825418,1.4349558063699628,0.7214297650957961,1,4
2022-05-06,-1.1030281,-1.1914399,0.38302906153112554,0.16554480741708355,1.623637898270923,0.4172725071702832,2,5
2022-05-07,-0.90902114,-1.2181396,0.08442416385857672,0.18532932919538428,1.519928787165721,0.20365264472437114,2,6
2022-05-08,-0.42642695,-1.110135,-0.0770310822015354,-0.2952934419422466,1.1892180884561514,0.30517536676350315,2,2
2022-05-09,0.15416147,-0.86506128,-0.06857578290604298,-0.2514664734668501,0.878690376064174,0.26064923801736073,3,2
2022-05-10,0.75038958,-0.43005869,-0.25947249997472027,-0.7677219876837598,0.8648901656378645,0.8103844943088646,4,2
2022-05-11,1.1616732,0.3105202,0.008377417854153869,-1.0993029909407095,1.2024589049968735,1.0993349112172743,5,3
2022-05-12,1.1274196,1.0782738,0.05407105247763101,-1.1004348546502551,1.5600478653652265,1.1017624735146714,5,3
2022-05-13,0.6521408,1.5750885,0.16358739066896477,-1.2032407097821396,1.7047555267125223,1.2143101086884303,6,3
2022-05-14,0.0898632109,1.7288127,0.30935313681771187,-0.9883597135358096,1.7311466570901923,1.0356419683459848,6,3
2022-05-15,-0.14155848,1.7841097,0.5313326716272367,-0.5290035338355843,1.7897168001932597,0.7497727300649666,7,4
2022-05-16,-0.54174346,1.4601842,0.693708407630391,0.015168979651795936,1.5574414513497488,0.6938742341093013,7,5
2022-05-17,-1.0611697,0.99013394,0.5694906743779655,0.6821989032105662,1.4513601728509755,0.8886590863459224,8,6
2022-05-18,-1.2866778,0.70633024,0.07077339266786982,1.2510607674419933,1.4678018152840995,1.2530610188423665,8,6
2022-05-19,-1.3725439,0.58392632,-0.4921442602824046,1.4780720796241387,1.4915920034030594,1.557852061491508,8,7
2022-05-20,-1.4842088,0.28135034,-0.9368827501359178,1.1851618268175819,1.5106401874091513,1.5107474452230023,8,7
2022-05-21,-1.2203193,0.0509180352,-1.1234666044539676,0.7806027262396501,1.221381119987172,1.3680342932602612,8,8
2022-05-22,-0.87090331,-0.27222902,-0.9622815787441475,0.8170876061387308,0.9124588838403167,1.2623858336086677,1,8
2022-05-23,-0.60598606,-0.55479997,-0.9406673604412874,0.258986784670808,0.821597292854793,0.975668610560831,1,8
2022-05-24,-0.25303683,-0.35772365,-0.8810062843123414,-0.23974475613142826,0.43817102495004323,0.9130441506796679,2,1
2022-05-25,-0.00404218165,0.18479656,-0.7789639375748718,-0.34931732079173156,0.18484076341631248,0.8537021767848916,7,1
2022-05-26,0.45266896,0.53970891,-0.7979809059648463,-0.3174032628459369,0.7044110269444038,0.8587888899780456,6,1
2022-05-27,0.60671341,1.0363758,-0.7710146228569312,-0.6791368274107253,1.2009063080438325,1.027467945487703,6,1
2022-05-28,0.29041991,1.4014548,-0.3397048386685569,-0.553066404464482,1.4312299887046276,0.6490622660131309,6,2
2022-05-29,0.0390386954,1.9880285,0.07489221540272237,-0.5960539523419326,1.9884117623245905,0.6007405080651433,6,3
2022-05-30,-0.4571574,2.086201,0.19131146920496117,-0.5796619026189834,2.135703046019217,0.6104162510920074,7,3
2022-05-31,-0.92788732,1.7931863,0.21015831048746297,-0.16132975418084178,2.0190324378584092,0.26494113506776507,7,4
2022-06-01,-1.3288876,1.5566144,-0.16262445864913339,0.39253608555158764,2.0467023827906976,0.42488974218153,7,7
2022-06-02,-1.5062059,1.4820539,-0.08046876840008797,0.6646405600075742,2.1130877822986958,0.6694940602387812,8,7
2022-06-03,-1.7846183,1.2089398,-0.2912650031836685,1.0295716545473739,2.1555504904128155,1.0699780810497939,8,7
2022-06-04,-2.1692879,0.86755294,-0.8209446557531432,0.9385915858307237,2.336334328983986,1.2469580156532454,8,7
2022-06-05,-2.0671382,0.45216322,-1.1939176514023147,1.177804172865928,2.1160132124871076,1.6770992898306325,8,8
2022-06-06,-1.9733741,0.11318649,-1.4218434695900588,0.7729344845673802,1.9766174440364856,1.618353042277654,8,8
2022-06-07,-1.8495809,-0.13928631,-1.338670456326515,0.29890780365123637,1.854818099382855,1.3716356898699618,1,8
2022-06-08,-1.5991626,-0.2834051,-1.2760466919937021,0.1670903682122008,1.6240811161837854,1.2869399175164935,1,8
2022-06-09,-1.2999406,-0.40781578,-1.3412098008104156,0.16749656752545164,1.3624093635707912,1.3516282143854215,1,8
2022-06-10,-1.1328633,-0.49576977,-1.3710236791001238,-0.29406119805687025,1.236594889740671,1.4022046629703815,1,1
2022-06-11,-1.0074902,-0.73209697,-1.3916217408718172,-0.7449150838918616,1.2453924990055225,1.5784516311489327,1,1
2022-06-12,-1.0491629,-0.83386499,-1.048840025734944,-0.7355297323937747,1.3401767093499686,1.28104230485138,1,1
2022-06-13,-1.1482309,-0.8716529,-0.7560956001411525,-0.9932922880080288,1.4416008385795356,1.248322925355869,1,2
2022-06-14,-1.4247346,-0.94528162,-0.6523272768101851,-1.071997783649412,1.7098029189198927,1.2548745452115295,1,2
2022-06-15,-1.6106274,-1.1034656,-0.4572928489496284,-0.97930708318223,1.9523721346132044,1.0808140972763793,1,2
2022-06-16,-1.8377039,-1.1178677,-0.2237666695112097,-0.8895432731003682,2.1509960062209554,0.9172561022431277,1,2
2022-06-17,-1.8871068,-0.98885453,-0.20145154427506665,-0.8408308461540164,2.1304941577267376,0.8646266457465258,1,2
2022-06-18,-1.785892,-0.91074914,-0.057037501813089114,-0.984899221689964,2.004713004815088,0.9865494176667355,1,2
2022-06-19,-1.6230813,-0.79633796,-0.05976010381940264,-1.0292901126171514,1.807912346588366,1.031023474970349,1,2
2022-06-20,-1.0369506,-0.81472194,-0.21690849526579176,-1.0595651575336225,1.3187260467427355,1.0815394668608815,1,2
2022-06-21,-0.58740664,-1.129972,-0.3306008849110815,-1.2276479380981862,1.2735318140902838,1.271383657681944,2,2
2022-06-22,-0.79498541,-1.3018161,-0.27088357830357557,-1.277105763577581,1.5253612556807905,1.305517921882969,2,2
2022-06-23,-1.3426812,-1.2091792,-0.404929591642883,-1.1922398582687272,1.8069054049800393,1.2591282118325786,1,2
2022-06-24,-1.3957303,-1.2527746,-0.562872242337659,-1.026574599429099,1.8755018711649556,1.170760679809174,1,2
2022-06-25,-0.86342055,-1.4551296,-0.5118491846496959,-0.980805797895887,1.6920098105384798,1.1063315963185476,2,2
2022-06-26,-0.61918467,-1.8898598,-0.47659354197769804,-0.875885331040827,1.9887080527867957,0.9971542094316942,2,2
2022-06-27,-0.23604769,-1.9382154,0.0632352184596547,-0.6328324450050953,1.9525361581162834,0.635983959156807,2,3
2022-06-28,0.26604155,-1.5407709,0.5844500155432648,-0.7439369545059812,1.5635706164459642,0.9460570875735549,3,3
2022-06-29,0.57314062,-1.2850487,0.3766534524671358,-1.1090454163478012,1.4070679911310875,1.1712598169396407,3,3
2022-06-30,0.59775293,-1.233656,-0.300668144960843,-1.132829309864187,1.370844882420905,1.1720510136856521,3,2
2022-07-01,0.45380077,-0.91120684,-0.14173773711755616,-1.1210622460017692,1.0179553252060616,1.1299867899819611,3,2
2022-07-02,0.88227224,-0.76565653,0.7312198795169974,-1.070445804761188,1.1681755978474548,1.2963551724476126,4,3
2022-07-03,1.1786172,-0.82360411,1.0711414971635467,-1.1980059450943035,1.437867251920264,1.6070352676363575,4,3
2022-07-04,1.4303416,-0.66414964,1.3621947612048209,-0.7971058173910932,1.577013581743255,1.578275087420625,4,4
2022-07-05,1.4345142,-0.40407753,1.1592314470395448,-0.08954527222223936,1.490338766942785,1.1626847825540472,4,4
2022-07-06,1.3119224,-0.18177284,0.9546817753626423,0.05791956418393443,1.324455264998945,0.9564371218876981,4,5
2022-07-07,1.2277067,0.23636571,0.9022431452867634,-0.2552279708802859,1.2502529704378607,0.9376481271439835,5,4
2022-07-08,0.98236018,0.23892251,0.5370071045694823,-0.1043114750040604,1.0109972744940179,0.547044343884133,5,4
2022-07-09,0.76115817,0.0424511433,1.0153991470133013,0.4296061515847609,0.7623410387255994,1.1025410982066874,5,5
2022-07-10,0.51913053,-0.0404137187,1.2309509100170233,0.42345371954703936,0.5207012347183783,1.3017500510735387,4,5
2022-07-11,0.40308213,0.0403822698,1.2157971549630862,0.6644234245211643,0.40509990278885144,1.385503954909103,5,5
2022-07-12,0.41861385,-0.13983932,0.898603896750437,0.8087742561359805,0.44135313619581873,1.2089684696646883,4,5
2022-07-13,0.68228388,-0.1787158,0.6252559354572412,0.6912843438158216,0.7053018007048432,0.9321046233279722,4,6
2022-07-14,0.95733041,-0.21467365,0.3524721034492144,0.930726362684042,0.9811046274047893,0.9952327094227664,4,6
2022-07-15,0.87027848,-0.20694892,0.22046622459252904,0.4620778038625077,0.8945459676507836,0.5119777856591843,4,6
2022-07-16,0.90354127,-0.0627600104,0.45157542065757295,0.12328304390028477,0.9057183036124538,0.46810155891150745,4,5
2022-07-17,0.65372241,-0.0944836661,0.418394144267512,0.049102067719220766,0.6605150660627692,0.42126556115073843,4,5
2022-07-18,0.25542399,-0.0517511144,0.3179456324989246,0.15943616236971536,0.26061387627899246,0.3556814798331837,4,5
2022-07-19,-0.18276049,-0.0136749092,0.5202227852766249,0.022459843447616167,0.18327138305438834,0.5207073946936617,1,5
2022-07-20,-0.78255457,-0.0181205273,0.8585524223636916,0.31813143207776384,0.7827643378038596,0.9155980941561704,1,5
2022-07-21,-1.240837,-0.0784504414,0.9341020782259678,0.5067870202113463,1.2433144945366215,1.0627228125907373,1,5
2022-07-22,-1.6072406,-0.1957047,0.7168080676817603,0.39778776521377945,1.6191116934573877,0.8197858940280883,1,5
2022-07-23,-1.5075585,-0.29572648,0.5814388135967257,0.5041993890279971,1.5362899406998147,0.7696025713658794,1,5
2022-07-24,-1.4774137,-0.72094184,0.37359774469501306,0.14655792864935716,1.6439307703216324,0.40131596191927155,1,5
2022-07-25,-1.4212739,-0.89664942,0.07656070530484145,-0.11418976004560483,1.680476028156173,0.13748033639778304,1,3
2022-07-26,-0.98234409,-0.7967748,-0.14145552292582655,-0.283773534646611,1.2648517672332076,0.31707583309367865,1,2
2022-07-27,-0.56884313,-0.79718763,-0.4466225473561414,-0.5858948907225194,0.9793317231526883,0.7367119673126273,2,2
2022-07-28,-0.14742334,-0.91174853,-0.6336792760710164,-0.7543054139107693,0.9235902896489961,0.9851528218388172,2,2
2022-07-29,0.0437775701,-0.67684984,-0.6989742872337134,-0.9619529193150776,0.678264094252295,1.189083038812966,3,2
2022-07-30,0.15291913,-0.65166819,-0.47334288194001506,-0.8646398722032214,0.6693696214931127,0.9857259215861588,3,2
2022-07-31,0.21748194,-0.65621901,-0.19300240640435257,-1.1998096092037913,0.6913188723820172,1.215233733573762,3,2
2022-08-01,0.49566957,-0.79266179,-0.13675090123467912,-1.092044187619333,0.93488022545671,1.100573176441106,3,2
2022-08-02,0.59396243,-0.8608169,0.020090645275781405,-0.6097822534969322,1.0458475527423272,0.6101131294337093,3,3
2022-08-03,0.60836434,-0.52928501,0.2825371805104574,-0.5267236112282802,0.8063806743680899,0.5977165055410125,4,3
2022-08-04,0.83179611,0.0370196216,0.6374397043090304,-0.43148516772649576,0.8326194935230253,0.7697459493869041,5,4
2022-08-05,1.1066966,0.27869162,0.5085248118677982,-0.08752147351741318,1.1412477309987452,0.5160014463272742,5,4
2022-08-06,1.1180145,0.42760953,0.3571329820154183,-0.31145737944010826,1.196998885695835,0.4738667176020328,5,4
2022-08-07,0.7742843,0.69890124,0.5776409831469287,-0.2718247547742266,1.0430623761309903,0.6384025397184905,5,4
2022-08-08,0.43722951,0.64077026,0.9263300091548068,-0.12284194937507599,0.7757294441461583,0.934439634426437,6,4
2022-08-09,0.10837796,0.48872051,0.9697176856902359,-0.14503433574756278,0.5005931672610222,0.9805036198230804,6,4
2022-08-10,-0.14631869,0.38595849,0.6175878329517579,0.20850890226271487,0.4127627830199765,0.6518364010492592,7,5
2022-08-11,-0.3111164,0.18196653,0.23267469896308976,0.8361574402594144,0.3604236845563855,0.8679267137487707,8,6
2022-08-12,-0.19789898,-0.0136886127,0.30251993727952664,0.8978657859604715,0.19837183369291872,0.9474604382506026,1,6
2022-08-13,-0.19092081,-0.36014163,0.3126691797416352,0.8750002195979354,0.407618386913683,0.9291864184633469,2,6
2022-08-14,-0.143604,-0.3711811,-0.21546872582619786,0.7803475020698506,0.39799185646594576,0.8095486370786011,2,7
2022-08-15,-0.0741976425,-0.12915218,-0.3181426335583647,0.25698050076212314,0.14894823178309372,0.40896664052145315,2,8
2022-08-16,-0.16901909,0.13290583,-0.136359366617877,0.002087556301544476,0.21501491211638557,0.13637534511685281,8,8
2022-08-17,-0.43839246,0.22292106,-0.11029330954384227,-0.03662206260055939,0.4918147496531343,0.1162144121839159,8,1
2022-08-18,-0.57215971,-0.10415713,-0.04163271356417699,-0.17810850900900782,0.5815629299371832,0.18290960559830813,1,2
2022-08-19,-0.59561646,-0.30136269,0.23796375871331157,-0.08958435061157528,0.6675166202777034,0.2542677846984647,1,4
2022-08-20,-0.70892781,-0.48996145,0.30984847349613215,-0.3306736600497614,0.861766129688037,0.4531568668558256,1,3
2022-08-21,-0.80790645,-0.81225675,0.35781474665812774,-0.198092741450845,1.1456325151950624,0.40898915284091764,2,4
2022-08-22,-0.76735473,-0.99664825,0.04350843374607759,0.07382947715556795,1.2578318710707863,0.08569583131110493,2,6
2022-08-23,-1.0355002,-1.2489871,-0.248519819685444,0.11127899045035149,1.6224146942648323,0.27229600528126563,2,8
2022-08-24,-1.0670384,-1.2486742,-0.4758593454047144,-0.1770164734660302,1.6424853743093726,0.507717390373181,2,1
2022-08-25,-1.0180907,-1.4840773,-0.2759040328342724,-0.4924230723349583,1.7997205632546902,0.5644497475435832,2,2
2022-08-26,-1.0142426,-1.6304505,-0.01488569941281639,-0.4684448065689285,1.920171056079382,0.4686812571976925,2,2
2022-08-27,-0.95407504,-1.7601985,-0.09510669854272534,-0.6441643381620148,2.0021383422114596,0.651147432358758,2,2
2022-08-28,-0.96766996,-1.6788538,0.019066951467701532,-0.9731041461501556,1.937765525872736,0.973290926646753,2,3
2022-08-29,-0.67925942,-1.2469954,0.23919019629741173,-0.9691055541803919,1.419996791292113,0.9981871193058338,2,3
2022-08-30,-0.34263054,-1.0552307,0.08084388255016554,-1.2868781800739562,1.109462715535399,1.2894150548586916,2,3
2022-08-31,-0.00471554231,-0.95411891,0.011704587234473077,-1.1376825878963417,0.954130562742262,1.1377427952594763,2,3
2022-09-01,0.2410892,-0.74357969,0.2789695361048077,-1.3299026769734037,0.7816871226629848,1.358846986343774,3,3
2022-09-02,0.44212174,-0.47643149,0.3956575895404601,-1.3261974578390077,0.6499681512537732,1.3839597629048375,3,3
2022-09-03,0.54681814,-0.29545102,0.4793899465165295,-1.3528496991344328,0.6215314822694824,1.4352759418555188,4,3
2022-09-04,0.53029925,-0.22200464,0.3104774472906191,-1.213620985676105,0.5748942117747334,1.2527059280411905,4,3
2022-09-05,0.25303778,-0.18253003,0.06464385176723753,-0.5323215080251565,0.31200213133747867,0.5362322402443566,4,3
2022-09-06,0.33866504,-0.30061364,0.19233647904551798,-0.5084051438674071,0.4528383485000483,0.5435707051363842,4,3
2022-09-07,0.53785664,-0.18501042,0.548767170783357,-0.287690700808971,0.5687869730405805,0.6196057997319965,4,4
2022-09-08,0.68245322,0.0340688229,0.5084301173491171,0.05846936083267293,0.6833030675931141,0.5117810570779445,5,5
2022-09-09,0.38467821,0.13199383,0.39700191671564733,0.34416897600724183,0.40669361490792183,0.5254167925768752,5,5
2022-09-10,0.14959006,0.15926515,0.36905405283891424,0.34260548054073325,0.21850074154411034,0.503566687950439,6,5
2022-09-11,0.27719501,0.058923021,0.35899205734806056,0.19340688925419053,0.2833884189106297,0.4077763137431794,5,5
2022-09-12,0.181337,0.0339076854,0.13218268334819103,-0.07387459816981742,0.1844799140778892,0.1514256188096325,5,4
2022-09-13,-0.0360369273,0.0224022549,0.49931422956986227,-0.04913878373069864,0.04243254828348233,0.5017263396688253,8,4
2022-09-14,-0.40516555,0.21038097,0.693292361908706,0.3326274451362331,0.4565295997467671,0.7689572916221095,8,5
2022-09-15,-0.42236027,0.24844092,0.48527401745038473,0.5845861851345928,0.49001131456826513,0.7597577770991573,8,6
2022-09-16,-0.17410411,0.0196098872,0.044799828001354534,0.23473934887846198,0.17520499078190901,0.23897612119380304,8,6
2022-09-17,-0.12400391,-0.25014254,-0.04498934412608208,-0.024396195054288024,0.2791921560734465,0.051178270955767,2,1
2022-09-18,-0.0865991414,-0.46853873,0.36514729079182207,0.15066274905736174,0.47647450383124396,0.395008617534009,2,5
2022-09-19,0.10488521,-0.37486634,0.29743463823951183,0.15175610420826782,0.3892629961115489,0.3339120830235706,3,5
2022-09-20,0.30402496,-0.2325063,0.009768853010049499,-0.09176464282028088,0.38274058557029406,0.09228315209758323,4,3
2022-09-21,0.42042613,-0.29642007,-0.28578641980185376,-0.138817482850061,0.5144151909553039,0.3177171246376065,4,1
2022-09-22,0.51288265,-0.0224558506,-0.28893233561830445,-0.04135339686368874,0.5133740136559232,0.2918766828611259,4,1
2022-09-23,0.51840776,0.0733171701,0.16254374700492777,-0.009458413250678145,0.5235666271447121,0.16281870676191532,5,4
2022-09-24,0.61275148,-0.0390544869,0.2583478754780164,-0.11714937070933278,0.6139948120214149,0.2836681156238701,4,4
2022-09-25,0.44488007,0.31834188,0.33001143698505414,-0.3163264327852258,0.5470464598597996,0.457132322877705,5,4
2022-09-26,0.42704931,0.22884539,0.414986846455245,-0.008985183852879506,0.4845011101078389,0.41508410745262114,5,4
2022-09-27,0.44918573,-0.0883639082,0.31037605297023724,0.20490613268931002,0.45779471415473,0.37191372315507887,4,5
2022-09-28,0.34892344,-0.16037838,0.37835155309998586,0.08450498533243678,0.38401665556699227,0.38767381944001167,4,5
2022-09-29,0.46366668,-0.4334957,0.2418295293397302,0.3904011398698782,0.6347482273001732,0.4592325895146986,4,6
2022-09-30,0.32968801,-0.59807348,0.08291902648765696,0.3594439776187513,0.6829246454895815,0.36888417965541725,3,6
2022-10-01,0.76188612,-0.66698402,0.34270038284901155,0.2521317813755396,1.0125898196130627,0.4254573863320062,4,5
2022-10-02,0.9403578,-0.64189059,-0.0006702456051035887,0.498943870506377,1.1385500961975228,0.498944320686242,4,7
2022-10-03,0.85961658,-0.62025738,-0.05275756978421383,0.2524689412012606,1.060028245876194,0.25792232830994255,4,7
2022-10-04,0.78245652,-0.47291803,0.4027541750330061,0.07162393244968596,0.9142700196274574,0.40907323697117426,4,5
2022-10-05,0.74180746,-0.44718748,0.3817433576208199,0.03932437279113199,0.8661725867172212,0.38376346540940176,4,5
2022-10-06,0.91024441,-0.20918126,0.5969605791869397,-0.08526746321124963,0.9339709232473117,0.6030194635214424,4,4
2022-10-07,1.0218034,-0.000882308406,0.6513266584646032,-0.29261754698313713,1.0218037809284537,0.7140388258554954,4,4
2022-10-08,1.0542426,0.44606808,1.0611806866242717,0.12435273608174646,1.1447288725500229,1.0684418807943543,5,5
2022-10-09,1.0482597,0.73912531,1.0464670846142108,0.25955460596420565,1.2826358105583542,1.0781752884657485,5,5
2022-10-10,1.1579278,0.9387325,0.798198275676666,0.09982476364024598,1.4906426454952542,0.8044162297772428,5,5
2022-10-11,1.2978081,1.1984644,0.6154887013313914,0.21086104341301284,1.766528455047631,0.6506064256490457,5,5
2022-10-12,1.3762612,1.2284477,0.5998494499327821,0.11631227500038346,1.8447706205002101,0.6110220191616879,5,5
2022-10-13,1.3281668,1.4666502,0.6446854202090762,0.5483940182669156,1.9786586006136277,0.8463777468134942,6,5
2022-10-14,1.1681397,1.8375875,0.4972500326297926,0.6908190020745044,2.1774476294212772,0.8511688954476332,6,6
2022-10-15,0.89498419,1.5783284,0.12811976208377912,0.9835007827629022,1.8144192565657244,0.9918106992423733,6,6
2022-10-16,0.59681869,1.4511589,-0.06761901981785531,1.0592945035279637,1.569093592422876,1.0614505061686497,6,7
2022-10-17,0.29128501,1.4228379,-0.001459779100505051,1.1627491259032212,1.452347977148421,1.1627500422462804,6,7
2022-10-18,0.33983266,1.3102072,-0.06332291778766544,1.3749749510331364,1.353561651249959,1.3764323114071826,6,7
2022-10-19,0.34231463,1.1689162,-0.06879520141174256,1.3772929023416516,1.2180083696487791,1.3790099776934075,6,7
2022-10-20,0.27609152,1.268949,-0.2954038056843072,1.455690329513918,1.2986370131860985,1.4853611493011092,6,7
2022-10-21,0.24647129,1.4242811,-0.6431082300306361,1.5674522436918905,1.4454496700374848,1.6942534437881125,6,7
2022-10-22,0.22714074,1.5787925,-0.5985441401001449,1.074502625010372,1.5950481728850694,1.229963811988955,6,7
2022-10-23,0.42537889,1.8864503,-0.5281373596987494,0.9043992847786246,1.933815382715662,1.0473142494102017,6,7
2022-10-24,0.30663082,1.9474703,-0.6989691427431216,0.7527153319231882,1.9714621551417015,1.0271992179802756,6,7
2022-10-25,0.20582666,1.9208765,-0.46843225630148405,0.8074695837699855,1.931872444603682,0.9335073151600757,6,7
2022-10-26,0.22192658,2.0628142,-0.359281270410373,0.7199508466496809,2.0747177713202674,0.8046193217039247,6,7
2022-10-27,0.37585306,1.8522668,-0.5418859509852701,0.8105509282651137,1.890015296523709,0.9750042005994887,6,7
2022-10-28,0.33652768,1.4516444,-0.6612369363183388,0.9087015065362908,1.4901417192527502,1.1238205879645502,6,7
2022-10-29,0.30841696,1.5107768,-0.7166733687373552,0.9942680636729775,1.5419363023918597,1.2256384866253838,6,7
2022-10-30,0.43654549,1.6061958,-0.7755968684826383,1.3441347540302138,1.6644629502566226,1.5518533240586683,6,7
2022-10-31,0.1526639,1.7397856,-0.8784253053464433,1.2680935467963876,1.7464707842762701,1.542625119884813,6,7
2022-11-01,-0.0637483224,1.8845551,-0.9527130655223147,1.1306924903189743,1.885632990150741,1.4785559485121456,7,7
2022-11-02,-0.19021718,1.8812987,-0.9620817212666278,1.2806181855740975,1.8908906298855157,1.6017441042870895,7,7
2022-11-03,-0.56316519,1.6670424,-0.7453451701157177,1.1900470153687337,1.7595980775806432,1.4041906285839039,7,7
2022-11-04,-0.86025774,1.2728212,-0.5637548215724167,0.8510549140390277,1.536267290024541,1.0208398334489717,7,7
2022-11-05,-1.1229151,1.0613407,-0.7253185057176453,0.948086524769051,1.545115660164151,1.1937147872021752,8,7
2022-11-06,-1.1456717,0.9125753,-0.7237119889812581,1.111210518649362,1.4647038343470602,1.3261025072565817,8,7
2022-11-07,-1.0808996,0.76629966,-0.955823209183256,0.9781369364267914,1.3249751371992893,1.3676073535981617,8,7
2022-11-08,-0.80061418,0.32642695,-1.1983962295606343,0.9110650443005164,0.8646025785893626,1.5053880024669541,8,8
2022-11-09,-0.53378516,0.0152462153,-1.101899583861303,0.8299063975201298,0.5340028502893964,1.3794663176600408,8,8
2022-11-10,-0.36841586,-0.21658467,-1.1791127645940809,0.4498156470982037,0.427363036748089,1.2619988225046297,1,8
2022-11-11,-0.18678324,-0.26862088,-1.0403564018313685,0.11961987227306367,0.32717756022819167,1.0472107508396464,2,8
2022-11-12,0.2481851,-0.35543424,-1.01140823363285,0.016337762392249124,0.4335081808067613,1.0115401808827504,3,8
2022-11-13,0.65659881,-0.24586208,-0.9704900920403859,-0.03946905672402916,0.7011206455919997,0.9712923479505239,4,1
2022-11-14,0.97810537,-0.22409339,-0.8346206857944586,-0.04367194799398961,1.0034480366538812,0.8357624831240046,4,1
2022-11-15,1.0351189,-0.0415077619,-0.4075807390676649,-0.21643346219996615,1.0359507862032622,0.461481854918271,4,1
2022-11-16,0.99396867,0.015191691,-0.11095264181478579,-0.21188099479332145,0.9940847571595736,0.23917367054148678,5,2
2022-11-17,1.1321385,0.2820392,-0.0876387077483085,-0.3604576008792212,1.1667406282112962,0.3709585221118358,5,2
2022-11-18,1.2249259,0.62181836,0.04316337152611716,-0.27400237777598596,1.3737181418776923,0.2773812893264355,5,3
2022-11-19,1.054971,0.84242404,0.4404651155693549,-0.022913675528843925,1.3500526189785795,0.44106071527598817,5,4
2022-11-20,1.0585754,0.99963105,0.5053984570795275,0.2081036626643211,1.455968445265646,0.5465663132984621,5,5
2022-11-21,1.0251381,1.0898302,0.5670846080921834,0.3507255979552323,1.4962078695501002,0.6667783723218087,6,5
2022-11-22,0.80663872,1.3237495,0.3837811740916928,0.5333332130150663,1.550154432098134,0.6570633954894858,6,6
2022-11-23,0.55270129,1.4252646,0.27814273870117445,0.418963573623925,1.5286784802504496,0.502885532816286,6,6
2022-11-24,-0.0175942369,1.5411193,0.29137544525673736,0.7299893440901758,1.5412197293068188,0.7859924252712408,7,6
2022-11-25,-0.59731209,1.6696924,0.08080438662094304,1.0312546345135865,1.77331735554523,1.0344155210083315,7,6
2022-11-26,-0.95037758,1.7071248,-0.17406978373221796,0.9839009838582964,1.9538404815495294,0.999180381936067,7,7
2022-11-27,-1.0471054,1.5064949,-0.16121422516569792,1.0352392506357442,1.8346543550312604,1.047716723381198,7,7
2022-11-28,-1.0159411,1.2973906,-0.15861998119062892,1.0639476810124213,1.6478345449824658,1.075706728790252,7,7
2022-11-29,-0.79338717,0.99334466,-0.45695277419365726,1.0799348510300482,1.2712972960999818,1.172631707021677,7,7
2022-11-30,-0.70879054,0.64383513,-0.6407087439072388,0.9411459868871471,0.9575529772370867,1.1385356661751858,8,7
2022-12-01,-0.3310411,0.34341192,-0.9686513553914782,0.612226812768433,0.476990520542386,1.1459088613735133,7,8
2022-12-02,-0.0363428034,-0.0395970829,-1.2761347465303405,0.4568564751826704,0.05374689138136757,1.355447428054069,2,8
2022-12-03,0.25740895,-0.49312508,-1.3013210957132035,0.41427884551354166,0.5562658645513932,1.3656732976771002,3,8
2022-12-04,0.25819981,-0.65465772,-1.0888786388952103,0.2863331997187807,0.7037356550862224,1.1258967055211953,3,8
2022-12-05,0.29839298,-0.59555256,-0.8860082246588741,0.2729476967142875,0.6661240291686181,0.9270981713415276,3,8
2022-12-06,0.37478796,-0.71485442,-0.6322608323395146,0.21056161237760998,0.8071448796557517,0.6664007448358042,3,8
2022-12-07,0.60826761,-0.73876935,-0.4806299631335971,-0.0039020241213696604,0.956958535086309,0.48064580228484954,3,1
2022-12-08,1.082516,-0.55323666,-0.1478276923594789,0.09010888034716975,1.215693913871397,0.1731260724031747,4,8
2022-12-09,1.2271562,-0.48958302,0.07969524043134957,0.051557378216652745,1.3212130307678474,0.09491835752890794,4,5
2022-12-10,1.1257906,-0.47839555,0.5029277257434015,-0.22000345151278453,1.2232198401383794,0.5489424523563178,4,4
2022-12-11,1.0360757,-0.48229948,0.5159215125847431,-0.39284617783965364,1.1428322906440649,0.6484621242531856,4,4
2022-12-12,0.83440214,-0.33757025,0.42605031275121574,-0.3654042111812249,0.9001003304752433,0.5612834458135942,4,4
2022-12-13,0.49149698,-0.26757631,0.5862359314341211,-0.42897041489010457,0.5596126901905786,0.7264214920797842,4,4
2022-12-14,0.41804516,-0.20667166,0.8398495669980979,-0.11558116664180675,0.46634207492631546,0.8477654753935039,4,4
2022-12-15,0.33989969,-0.24139617,0.9494687314428779,0.3910174267635574,0.4168979613199913,1.0268327517276326,4,5
2022-12-16,0.31813225,-0.27084532,0.8212584547537274,0.41185436585589275,0.41781014331387994,0.9187434180330435,4,5
2022-12-17,0.28459981,-0.36841658,0.6597218689135921,0.2628846065805803,0.46554036159170187,0.7101698815775486,3,5
2022-12-18,0.0097724637,-0.52024084,0.6718942720303532,0.15803443883880003,0.5203326173234515,0.6902295246121342,3,5
2022-12-19,0.17549995,-0.25611013,0.4516566557531945,0.19896825690432002,0.3104716269461984,0.49354037518900434,3,5
2022-12-20,0.65661395,-0.0168071371,0.1381078354322069,-0.11056965562259433,0.6568290182323713,0.1769164292887143,4,4
2022-12-21,1.207595,-0.0962339863,0.29565895151018073,0.012138350088645517,1.2114234041590035,0.2959080180579329,4,5
2022-12-22,1.6304624,-0.0815376043,0.36157638621480903,-0.06227404108621333,1.6324999291665356,0.3668999035995623,4,4
2022-12-23,1.7644166,0.11740475,0.41644611710336066,-0.04284023510598961,1.7683183575584238,0.41864382736928346,5,4
2022-12-24,1.7329216,0.34686381,0.4658188102455916,-0.1510636243726878,1.7672950445339557,0.48970131977280906,5,4
2022-12-25,1.6621295,0.77154344,0.3179526912185736,-0.5339073168620917,1.8324720337776739,0.6214104415376456,5,3
2022-12-26,1.4884917,1.0569087,0.3190960243427383,0.12450140191132297,1.8255584189788558,0.3425242645846075,5,5
2022-12-27,1.2970653,0.94659561,0.45131682027585557,0.5701731874112593,1.6057464436626856,0.7271755880849027,5,6
2022-12-28,1.110525,1.0643698,0.858010097343879,0.6551933668833856,1.5382291268783854,1.0795645766474737,5,5
2022-12-29,0.70067471,1.4215649,0.9882167354808791,0.9654425480837389,1.584863342419653,1.381539586814257,6,5
2022-12-30,0.30849475,1.6222944,0.7562771976974628,1.0677282377630966,1.651365535261325,1.3084337161177921,6,6
2022-12-31,0.0143594723,1.5912158,0.472882195827924,1.0754160336255791,1.5912805901582456,1.174792414220492,6,6
2023-01-01,-0.0922987983,1.2775991,0.11963880015498649,1.299976114098435,1.2809287757281567,1.3054697774092634,7,6
2023-01-02,-0.53098679,1.3935492,-0.12749976120859038,1.3101357755396337,1.4912834552743968,1.3163251647891128,7,7
2023-01-03,-0.50524503,1.3809869,-0.0027962437293883274,0.989013144973143,1.4705092173500005,0.9890170978848957,7,7
2023-01-04,-0.42784134,1.1280558,-0.10499373648871949,1.032968565283939,1.2064651259471348,1.0382907789085976,7,7
2023-01-05,-0.47976896,1.040675,-0.6221745799773246,1.0068578430966104,1.1459418443378713,1.1835809749126245,7,7
2023-01-06,-0.46124244,1.0122111,-0.8721661950664911,0.8725144381537917,1.1123470229296086,1.2336755313304983,7,7
2023-01-07,-0.35045069,0.71234512,-0.7871536674984849,0.7076287077068106,0.7938836540131624,1.0584655328479649,7,8
2023-01-08,-0.51998669,0.84033245,-0.572608908618249,0.4586257095216613,0.9882028052480719,0.7336337667141756,7,8
2023-01-09,-0.59353065,0.85390025,-0.9071688903144566,0.45946132125126815,1.039915510721657,1.0168874575292606,7,8
2023-01-10,-0.43940416,0.75423139,-0.9136818752231407,0.4754799219304638,0.8728923218167505,1.0299979248863926,7,8
2023-01-11,-0.66961157,0.26312971,-0.5406338059031263,0.3174718080600705,0.7194559743045776,0.6269555494596323,8,8
2023-01-12,-0.97009015,0.39522508,-0.6114491545689515,0.36455211992763403,1.0475102686790372,0.7118766162522953,8,8
2023-01-13,-0.93804961,0.5830552,-0.7021686569731783,0.3347965806597254,1.104486503796308,0.7779007476901928,8,8
2023-01-14,-0.69658196,0.48357585,-0.42977066175952516,0.1205223041495933,0.8479811493781356,0.44635014003218065,8,8
2023-01-15,-0.48691791,0.38420713,-0.6443636053743144,0.2598600652085544,0.6202452497372349,0.6947889675442316,8,8
2023-01-16,-0.6575895,0.41103485,-0.8537691976124683,0.11477535163897976,0.7754828163310729,0.8614494901825002,8,8
2023-01-17,-0.71582645,0.0128513062,-0.5030454657559353,0.1757010498741041,0.7159418011197899,0.5328466942230836,8,8
2023-01-18,-0.56057328,-0.34613097,-0.4397381122808428,-0.48871860297779435,0.6588239906402159,0.6574309699800323,1,2
2023-01-19,-0.27461076,-0.69764626,-0.7156573916651628,-0.3346388419460637,0.7497475399091118,0.7900307948326994,2,1
2023-01-20,0.17830685,-1.1209913,-0.8854041657519618,-0.02228338279646949,1.1350836213392441,0.8856845295475029,3,1
2023-01-21,0.35341364,-1.5325147,-0.5545452861184965,-0.022533808391983694,1.5727372656149976,0.5550029251066086,3,1
2023-01-22,0.29398951,-1.4846002,-0.29983165677260687,0.038754901987823755,1.5134290818634617,0.3023259248412087,3,8
2023-01-23,0.28744665,-1.5230998,-0.6256354462933686,-0.18347379491740415,1.5499866377992626,0.6519833932548407,3,1
2023-01-24,0.43474725,-1.569347,-0.4569670710919294,-0.609087599886956,1.6284517732470811,0.7614503321940238,3,2
2023-01-25,0.47874638,-1.9232513,0.059390395929736814,-0.5441084859708585,1.9819418910035669,0.5473401717708931,3,3
2023-01-26,0.66456574,-1.8440182,0.3785334347702638,-0.5584078174658088,1.9601149825234712,0.6746160773698635,3,3
2023-01-27,0.75849265,-1.9317718,1.0162793334617373,-0.46986938330987754,2.0753441611885153,1.1196432114711534,3,4
2023-01-28,0.96983194,-2.0597992,1.2344516760449815,-0.6930047670774271,2.2766964523547717,1.4156717655171,3,4
2023-01-29,0.85118347,-2.317699,0.9879653134581268,-0.8211406163604218,2.4690568956997003,1.2846584652868591,3,4
2023-01-30,0.4886125,-2.0560577,0.9137126674215262,-0.9745893048914567,2.1133185848057887,1.335924830151522,3,3
2023-01-31,0.68765104,-1.6801057,1.1923120768549496,-0.7151708812557019,1.8153840133662,1.3903515663350117,3,4
2023-02-01,0.80218571,-1.4270405,1.33514981524658,-1.0043251700047955,1.6370542147309766,1.670716635536421,3,4
2023-02-02,0.85215938,-1.3725065,1.541887151637752,-0.5570732739748878,1.615533875059336,1.6394348480383965,3,4
2023-02-03,0.93343383,-1.2304798,1.3844596379282081,-0.7728614406898541,1.5444673040231407,1.5855734910616732,3,4
2023-02-04,1.0118725,-1.2827948,1.76497858434114,-0.5500942275343443,1.6338446851409378,1.848716598710971,3,4
2023-02-05,1.2092102,-1.2691007,1.631446391954588,-1.012728253346681,1.7529420682168964,1.920217655618306,3,4
2023-02-06,1.3633833,-1.1746922,1.20355829220624,-1.1271476779460323,1.799643238939243,1.6489434346385365,4,4
2023-02-07,1.6959257,-0.92156082,1.086745335324595,-0.44464321830986564,1.9301394573655972,1.1741903659282515,4,4
2023-02-08,1.8033775,-0.66596812,1.0810988381626552,-0.24972910466022252,1.922416173559353,1.1095671784939565,4,4
2023-02-09,1.8438261,-0.23065305,1.0458499850218452,-0.3454184791849236,1.8581968454702296,1.101415506034221,4,4
2023-02-10,1.9627752,0.27930236,1.098854150144857,-0.08714562518651689,1.982547929820767,1.1023043151869292,5,4
2023-02-11,1.7658836,0.93399,1.1232514780381404,-0.1941349973446849,1.9976691940481437,1.1399045048199816,5,4
2023-02-12,1.5745989,1.611712,1.3607840940288645,0.08007590126710289,2.253214873647254,1.3631381076492932,6,5
2023-02-13,1.1679809,2.1371877,1.2989737574061124,0.24381840138170002,2.4355185582943317,1.3216581385827735,6,5
2023-02-14,0.84553307,2.1444757,1.306066813538834,0.6531249414377062,2.3051468934439114,1.4602680269578905,6,5
2023-02-15,0.1316281,1.9191675,1.0549826522151808,0.825541194474969,1.923676129125134,1.339591975285809,6,5
2023-02-16,-0.56795913,1.9488766,0.6414632941482794,1.0938913843744924,2.0299501411064056,1.2680983867777393,7,6
2023-02-17,-0.85198569,1.9614178,0.39261121363499196,1.3295096593234699,2.138466600656091,1.3862681916953696,7,6
2023-02-18,-0.80884695,1.8435084,-0.17832079295642975,1.5758337934316706,2.01314594835915,1.5858910585919384,7,7
2023-02-19,-0.89430803,1.4720619,-0.5610429571947219,1.6430636186341105,1.7224265122071512,1.7362106020574855,7,7
2023-02-20,-1.0396261,1.1599362,-0.8515232685512657,1.6559755023566445,1.5576502867690327,1.8620812928789043,7,7
2023-02-21,-0.82905692,0.9870255,-0.8746105459334204,1.4307679742483443,1.2890130776102064,1.6769140118660428,7,7
2023-02-22,-0.739447,0.9451322,-1.0048170644311043,0.7488513999443058,1.2000236419695405,1.2531702805965712,7,8
2023-02-23,-0.4278942,0.95372635,-1.3611206543505179,0.5114331797809115,1.0453168883539394,1.4540334704126987,7,8
2023-02-24,-0.0921945646,0.83006251,-1.2889180878146889,0.6147484635553594,0.8351668146240507,1.4280145344286763,7,8
2023-02-25,-0.14612547,0.7227695,-1.0561867172177652,0.5485823023254351,0.7373929773960225,1.190156680463507,7,8
2023-02-26,-0.30470911,0.65665066,-0.8848753001552088,0.27574670509490423,0.7239045040579785,0.9268444002072121,7,8
2023-02-27,-0.19391385,0.90275133,-0.8605505335071307,0.08500109793135845,0.9233431350470914,0.8647383461885704,7,8
2023-02-28,-0.021433387,1.1939967,-0.6360839066850054,0.20827563157027063,1.1941890594412519,0.6693141826150509,7,8
2023-03-01,0.0866783112,1.3042835,-0.6678665695602056,0.1503963682023489,1.3071605020060595,0.6845909890617707,6,8
2023-03-02,-0.1106534,1.7479118,-0.5295618452157135,0.3287545758127443,1.7514108128907964,0.6233099702604545,7,8
2023-03-03,-0.24890149,2.1379356,-0.24638850508905075,0.3942325615079777,2.152375567012314,0.46489419010475774,7,7
2023-03-04,-0.99677253,2.8890593,-0.3782097655261027,0.2685908311919474,3.056177206164442,0.4638789296138495,7,8
2023-03-05,-1.5156627,2.9768798,-0.5782949465741548,0.005079527350608929,3.340515942757844,0.5783172544817508,7,8
2023-03-06,-2.0861683,3.1125669,-0.5254747268996234,0.44057761183067573,3.747021601605801,0.6857348763601392,7,8
2023-03-07,-2.9673355,2.744323,-0.5895524080211572,0.711349222296741,4.041829869983304,0.9238992141276684,8,7
2023-03-08,-3.6860023,2.5186822,-0.5935731265168201,0.8099847564816266,4.46434463053673,1.0041933888726577,8,7
2023-03-09,-4.1601529,1.8900778,-1.0589566066637612,0.9766203470239216,4.569383573462754,1.4405472560863641,8,8
2023-03-10,-4.1797934,1.4298667,-1.3505403514325556,1.128369860400531,4.41760021351553,1.7598800478179997,8,8
2023-03-11,-4.1302958,1.1657888,-1.9569468210050944,1.1788269889748402,4.291667149454053,2.2845730301694087,8,8
2023-03-12,-4.1588373,0.90278429,-2.1009173044414156,0.758675221167712,4.255695849346155,2.233705802319379,8,8
2023-03-13,-3.9851875,0.4724561,-2.121469663994365,0.7729903279756254,4.013095336094504,2.257907788726597,8,8
2023-03-14,-3.6104288,0.10057233,-2.333202779307291,0.029108747977330818,3.61182930291993,2.333384350803801,8,8
2023-03-15,-3.1564832,-0.0465295762,-2.390392525903531,-0.22562861020981925,3.1568261265618656,2.401017429682816,1,1
2023-03-16,-2.791383,-0.13497053,-2.3268343785120957,-0.8669978316248403,2.794644180688748,2.4831116497386794,1,1
2023-03-17,-2.6213851,-0.30535746,-2.1699240655659864,-0.910354509829188,2.6391102706934513,2.353150183028861,1,1
2023-03-18,-2.5204577,-0.59250385,-2.1605620498037164,-1.0438795779098269,2.5891635386267344,2.399523482741779,1,1
2023-03-19,-2.2021132,-0.88737553,-2.1144844028854357,-1.4154874087101958,2.3741815172511602,2.54453313876296,1,1
2023-03-20,-1.5738338,-1.1534356,-1.7996994841055745,-1.7008390672669018,1.9512474249489222,2.4762414595170674,1,1
2023-03-21,-1.0832646,-1.4480726,-1.3797657239264425,-1.7586915186010044,1.8084182172506227,2.2353409830541215,2,2
2023-03-22,-0.67060506,-1.7444577,-1.1918335345161168,-1.6068431545941178,1.8689151434955238,2.0006029334835924,2,2
2023-03-23,-0.37153384,-1.9151312,-1.085493803364538,-1.5103866529921879,1.950836976140904,1.859990494244461,2,2
2023-03-24,-0.14717133,-1.6558155,-0.9558822511857439,-1.5309666584226347,1.6623430363237965,1.8048738979035885,2,2
2023-03-25,-0.11470667,-1.4554554,-0.7462267922359468,-1.5452802056939052,1.4599685070341926,1.7160260311429278,2,2
2023-03-26,0.17238022,-1.283264,-0.36836940186829614,-1.4460392113985718,1.2947901119267355,1.492221638073584,3,2
2023-03-27,0.26733714,-0.97178251,0.13483896030865003,-1.2131768776260006,1.0078841169327353,1.2206472388136917,3,3
2023-03-28,0.24747187,-0.92458063,0.5299647156871227,-1.1672649586147295,0.957126777293632,1.281939968751727,3,3
2023-03-29,0.32855162,-0.42098069,0.9190141247958773,-1.1368332402478432,0.5340139589537903,1.4618402025210357,3,3
2023-03-30,0.26945728,-0.33057678,1.1543691855945413,-1.0556892291190267,0.42648356735068566,1.5643043070733167,3,4
2023-03-31,0.40841052,0.0544935018,0.9496361068460806,-0.6584805246491424,0.4120299680667621,1.1555973938911381,5,4
2023-04-01,0.61147934,0.3705669,0.4962108455302797,-0.8144487046086751,0.7150012661684213,0.953704302003836,5,3
2023-04-02,0.77392024,0.48484954,0.8076205298345851,-0.43612832818713265,0.9132533133363763,0.9178555653574255,5,4
2023-04-03,0.67712951,0.53178936,0.533155197148815,-0.15600630584199543,0.8609903000162369,0.5555109645265861,5,4
2023-04-04,0.30654234,0.71422899,0.47220931440443387,-0.4904777603107861,0.7772330772484504,0.6808451145229658,6,3
2023-04-05,0.0839055851,0.7864539,0.26098149574299184,0.3512637280702396,0.7909171157815359,0.4376043278785671,6,6
2023-04-06,0.19834983,0.78473061,0.10535008222108623,-0.08610238514580291,0.809410146546237,0.13605976830711497,6,4
2023-04-07,0.26171622,1.1042536,0.2285035489823646,0.5245521819660347,1.1348442152665925,0.5721615711517717,6,6
2023-04-08,0.38321644,1.3572073,0.09850104542843427,0.7396413163719897,1.4102717805655631,0.7461713830179929,6,6
2023-04-09,0.19153239,1.7284243,0.1953700385892505,0.7836786723387074,1.7390040877610384,0.8076643569310981,6,6
2023-04-10,-0.11250098,1.9987758,0.08839484321028722,0.6761732734983337,2.0019393520200857,0.6819266412889465,7,6
2023-04-11,-0.30061561,2.1300673,-0.3333416720934399,0.4192486089364719,2.151175596622684,0.5356174627933794,7,7
2023-04-12,-0.38191548,2.1033199,-0.38939388807234504,0.3323080400353677,2.137712336962024,0.5119142833915122,7,8
2023-04-13,-0.51088029,1.9073001,-0.05485405438471189,0.5978727175444517,1.9745359814828631,0.6003838386119572,7,7
2023-04-14,-0.66006285,1.6955444,-0.2513698525183024,0.9043826097329832,1.819492725547833,0.9386664516975743,7,7
2023-04-15,-0.71447438,1.767848,-0.44043779291113594,1.117745696968515,1.9067669471596116,1.2013912320789026,7,7
2023-04-16,-0.95567054,1.5981165,-0.7744994768558502,1.1927447738319306,1.862064050615913,1.422142586083888,7,7
2023-04-17,-1.3171791,1.5427978,-1.19626066776852,1.0509660979983935,2.0285920815091556,1.5923471117793238,7,8
2023-04-18,-1.6630843,1.369253,-1.2194032185147057,1.004115217963846,2.1542291351932574,1.5796175424040482,8,8
2023-04-19,-1.7216663,1.0737184,-1.139124160667938,0.918954320300803,2.0290406725973362,1.4635849467034516,8,8
2023-04-20,-1.9653342,0.49880177,-1.0814143419646776,0.7203854175333936,2.0276443779530897,1.2993891367876131,8,8
2023-04-21,-2.1102831,0.27869141,-1.0578319970925638,0.588213247490317,2.1286060377987748,1.2103732311134228,8,8
2023-04-22,-2.344274,-0.37702274,-1.145590306784375,0.7028216759343306,2.3743981834463037,1.3439997987951708,1,8
2023-04-23,-2.2800314,-0.74563485,-1.2831178541315802,0.33034590301010763,2.398856918309319,1.3249603176045668,1,8
2023-04-24,-2.0917265,-0.97272164,-1.402534401809863,0.21481128974685212,2.3068392097687562,1.418889226988089,1,8
2023-04-25,-1.7772171,-1.3071666,-1.5102955676758458,-0.1524324776697488,2.2061697896326953,1.5179684983522694,1,1
2023-04-26,-1.4123542,-1.461746,-1.2223316300545142,-0.2728174298384092,2.0325958168739895,1.2524072675672882,2,1
2023-04-27,-1.1696225,-1.5149746,-1.083550023396108,-0.9137555593360743,1.9139396101108859,1.417402510022925,2,1
2023-04-28,-0.77498466,-1.2644019,-1.0886192608579384,-0.9186444667822974,1.4830082224852719,1.4244295530002933,2,1
2023-04-29,-0.030398177,-1.238107,-0.8673279811240204,-1.6621949489037922,1.2384801139355948,1.8748732957194598,2,2
2023-04-30,0.74824733,-1.1853932,-0.5484181978238439,-1.6120121788142452,1.4017956717932785,1.7027465414294056,3,2
2023-05-01,1.1960205,-1.352302,-0.39727300442157293,-1.554033285047725,1.8053215047808657,1.6040091306094135,3,2
2023-05-02,1.4740621,-1.2153746,-0.07353387544323063,-1.5764601417562272,1.9104958762011424,1.5781742012160014,4,2
2023-05-03,1.666147,-0.75010836,0.22571626697079272,-1.4351722401077194,1.8272132818450313,1.4528135434222242,4,3
2023-05-04,1.800524,-0.24448226,0.25836713740790607,-1.3270000193882243,1.8170465734346788,1.3519181296027891,4,3
2023-05-05,1.9307911,0.0659003034,0.2222070065513924,-0.7423774778454366,1.9319154023474792,0.7749195270301827,5,3
2023-05-06,1.5935079,0.0393779352,0.8617390753672691,-0.4009839899968297,1.5939943692319072,0.950464304563098,5,4
2023-05-07,1.3506595,0.38153139,1.2296322454751363,0.2848639962369783,1.4035124817740603,1.262197668934754,5,5
2023-05-08,1.1053773,0.71678835,1.3512684613847412,0.1886532716117238,1.3174386187033582,1.3643740365540868,5,5
2023-05-09,0.88831651,0.99372029,1.3483079865082221,0.3799367089793841,1.332886430531973,1.400816308197453,6,5
2023-05-10,0.68192643,1.0564619,1.0116154340028023,0.8518016921621778,1.2574320665881535,1.3224718934945376,6,5
2023-05-11,0.38505307,1.0799037,0.5817788285330387,1.1234044156944576,1.1464980889605159,1.2651103060725892,6,6
2023-05-12,0.0843619406,0.96857697,0.6205145695411411,1.1075367301765346,0.9722439425556627,1.269517995029199,6,6
2023-05-13,0.17786373,1.0557808,0.5254586204861036,0.6685184678340625,1.0706580238797787,0.8503080051830405,6,6
2023-05-14,0.0849654526,1.1210699,0.19151560378803092,0.8561722936034096,1.1242850389565509,0.8773307374237023,6,6
2023-05-15,0.22178012,1.3959259,-0.14056916009769754,0.9306167752438014,1.4134339531502786,0.9411733480798019,6,7
2023-05-16,0.30143055,1.7013832,-0.26809355954264824,0.9006658140381238,1.727878806431615,0.9397196737565963,6,7
2023-05-17,0.31434962,1.81069,-0.29516820596110716,0.789957366862311,1.8377741862628674,0.8433011984281383,6,7
2023-05-18,0.31387392,2.0012333,-0.37538884991179644,0.639346675127961,2.0256977954979014,0.7414047205374941,6,7
2023-05-19,0.20071571,1.9309464,-0.4359627441126408,0.3158620063517088,1.94135025070536,0.5383607724479477,6,8
2023-05-20,0.10051177,1.5254003,-0.23148186504248683,0.733563442182226,1.528708177236134,0.7692198499452443,6,7
2023-05-21,-0.29212627,1.4073215,-0.41076392253107596,0.6508384807729383,1.4373209669333995,0.769621808492939,7,7
2023-05-22,-0.44863138,1.5645328,-0.499672923164991,0.9835240558481859,1.6275850200209343,1.1031738750425124,7,7
2023-05-23,-0.43246111,1.9369974,-0.637892733504892,1.223707814336557,1.9846867609950927,1.3799883891999587,7,7
2023-05-24,-0.51926976,2.236726,-0.7378293086399523,1.230675824056244,2.2962108532812175,1.4349059455604138,7,7
2023-05-25,-0.82878959,2.2047994,-0.8469511922674258,1.3267051325824248,2.355426198956938,1.5739989932982053,7,7
2023-05-26,-1.0765036,1.7755063,-0.8908892694765032,1.1399969258581752,2.076362834899683,1.4468160496187714,7,7
2023-05-27,-1.4554018,1.5331205,-0.718009919356997,0.7024018606665453,2.1139188411487067,1.0044434370151791,7,8
2023-05-28,-1.5640769,1.2000992,-0.8723095229671607,0.47824695980990467,1.9714397375913497,0.9948085536557333,8,8
2023-05-29,-1.3957875,0.89947742,-1.0883785465539757,0.6209410836527204,1.660506661909583,1.25305055363571,8,8
2023-05-30,-1.2512125,0.57576442,-1.1611453321044607,0.9392599072643091,1.3773298034581938,1.4934750267956063,8,8
2023-05-31,-1.4306504,0.28849342,-1.362435251155658,1.0149658741021284,1.4594481903799998,1.698936590689446,8,8
2023-06-01,-1.4536089,0.0781272426,-1.5112932399326773,0.671701842014932,1.4557069417281383,1.6538411718277126,8,8
2023-06-02,-1.3356357,0.071653381,-1.2851024311067953,0.34035123030585546,1.337556327831924,1.329408597236871,8,8
2023-06-03,-1.392419,-0.046096459,-1.3341430653272328,0.13745611290935317,1.393181809776936,1.341205391331579,1,8
2023-06-04,-1.587028,-0.19965032,-1.2562041525030843,-0.14190944419079546,1.5995368464215205,1.2641942742777048,1,1
2023-06-05,-1.5077486,-0.47415265,-0.8784145378079956,-0.07307581549785032,1.5805462904654146,0.8814489066548954,1,1
2023-06-06,-1.4478005,-0.82490873,-0.7641367978538463,-0.24359333267259772,1.6663135061057577,0.8020241627013944,1,1
2023-06-07,-1.2315096,-1.0656818,-0.8647933623931052,-0.7155084009744943,1.6285863789628723,1.1224169597365545,1,1
2023-06-08,-0.69565654,-1.0318514,-0.7638293846311663,-0.815025973095197,1.2444498114937106,1.1170061171031245,2,2
2023-06-09,-0.0484719314,-1.1519849,-0.6500452764951831,-0.6377678386397071,1.15300422287243,0.910662768261041,2,1
2023-06-10,0.27930161,-1.2402257,-0.7007091171366014,-0.8862761038160417,1.2712864257471965,1.1298135240090281,3,2
2023-06-11,0.54702741,-1.1959227,-0.7401763927429046,-1.0786939541358367,1.3150931874458927,1.3082208296243816,3,2
2023-06-12,0.80425406,-1.1045744,-0.460489342286954,-1.1448763705361524,1.366348856684062,1.2340147236446999,3,2
2023-06-13,0.90349013,-1.264671,-0.1818075462294916,-1.281938527704666,1.5542480990010628,1.294766532112873,3,2
2023-06-14,0.96882778,-1.284319,0.06850111304729961,-1.2137200762350966,1.6087580803404622,1.2156516054959363,3,3
2023-06-15,0.79830188,-1.0641329,0.4218684101869575,-0.7153567060449002,1.3302874578353148,0.83048670813992,3,3
2023-06-16,0.54939514,-0.78885853,0.8494137732045516,-0.48883334888539165,0.9613182616643566,0.9800315306622029,3,4
2023-06-17,0.23714739,-0.4503651,1.0035945749738429,-0.3615747389639288,0.508986844507618,1.0667419382276866,3,4
2023-06-18,0.0249413569,-0.0499481186,0.975777775967881,-0.2940071841050713,0.05582907697331959,1.0191086754503749,3,4
2023-06-19,-0.19698693,0.13924605,1.0479122079131995,-0.08139195467190392,0.2412329020499223,1.0510683354467634,8,4
2023-06-20,-0.58483851,0.28195816,1.125917520557775,-0.2894478187478915,0.649258412937103,1.1625275492980283,8,4
2023-06-21,-0.99770546,0.0192313157,1.2568499506058035,-0.18436560994832754,0.997890789824901,1.2703001521173765,8,4
2023-06-22,-1.154032,-0.41034639,0.8420767725063331,-0.2457783034912315,1.2248159113964971,0.8772116422287786,1,4
2023-06-23,-0.96689969,-0.74864036,0.34803282680622866,-0.3052105354533234,1.2228480687080572,0.46290422280039606,1,4
2023-06-24,-0.65687096,-0.99995333,-0.04323807877214681,-0.2579331521380804,1.1964054999327822,0.26153210592161047,2,2
2023-06-25,-0.3032518,-1.2737758,-0.2874110020749697,0.027879113316722146,1.3093763564647407,0.2887599852352553,2,8
2023-06-26,-0.2218471,-1.1246481,-0.35525642435830507,-0.13483106726254626,1.1463199747941322,0.37998229399145084,2,1
2023-06-27,-0.16133733,-0.84711093,-0.5064523747404251,-0.3246585572098673,0.8623379046388915,0.6015789114071476,2,1
2023-06-28,-0.24899994,-0.50570971,-0.5393029381509986,-0.7636483580086096,0.5636872190393247,0.9348831337592659,2,2
2023-06-29,-0.0689728856,-0.76557416,-0.18971053062227838,-0.9584759923523049,0.7686748684637064,0.9770702704231267,2,2
2023-06-30,-0.28054729,-1.1075567,0.24336515978133708,-0.8781229062300634,1.1425360500401,0.9112224972208096,2,3
2023-07-01,-0.53749424,-1.1809129,0.5596618260043321,-0.7999987578633447,1.2974803795894516,0.9763295407132767,2,3
2023-07-02,-0.58818209,-1.2064067,0.8874518375409053,-0.8370378131101992,1.3421532314909719,1.2199192860722525,2,4
2023-07-03,-0.61206073,-1.1063648,0.6727812181001481,-0.6403449129596286,1.2643818283600776,0.9288036256290096,2,4
2023-07-04,-0.52673084,-1.1581572,0.16910932834794573,-0.4524307645353039,1.2723102914458193,0.48300265178598445,2,3
2023-07-05,-0.6348145,-1.354672,-0.17982151862756887,-0.3546625126703082,1.496036656300323,0.3976446610419177,2,2
2023-07-06,-0.59226406,-1.051707,0.41709264796748313,-0.7047497574981326,1.2070063506944293,0.81892520884523,2,3
2023-07-07,-0.45692623,-0.98538238,0.6152670096786863,-1.0121686796028362,1.0861675812122535,1.1844994424514945,2,3
2023-07-08,-0.264961,-0.79297721,0.41518472988404925,-1.0828595964729075,0.8360724771814846,1.1597255130427886,2,3
2023-07-09,0.0964566022,-0.94133258,0.36571674402655685,-1.028896869454471,0.9462615401026427,1.0919603952683434,3,3
2023-07-10,0.21680848,-0.71151024,0.25551885430004545,-0.8737317309015834,0.7438096118125713,0.9103279752304028,3,3
2023-07-11,0.17885253,-0.61946023,0.37799846756839045,-0.9339049527065938,0.6447629052908159,1.0075025072792407,3,3
2023-07-12,0.3285445,-0.69970161,0.4657858795238392,-1.2085984379360366,0.7729966568600682,1.2952477252422505,3,3
2023-07-13,0.40577465,-0.51221675,0.1847122093944653,-0.6123917181932794,0.6534669582795943,0.6396422568991996,3,3
2023-07-14,0.25520909,-0.22594745,0.16631672238680809,-0.7293266753973432,0.34085763858263557,0.7480498991321582,4,3
2023-07-15,0.35697302,-0.0869754329,0.3108613399461063,-0.3799749020520092,0.3674159263505908,0.4909334973929999,4,3
2023-07-16,0.64147669,0.099381052,0.7352888724767006,-0.44909905442684006,0.6491293687008644,0.8615913687329624,5,4
2023-07-17,0.59097338,-0.0931115821,0.6604335433853227,-0.00813100763900644,0.5982635728420956,0.6604835944319272,4,4
2023-07-18,0.7637766,-0.0437839888,0.25125236673931517,-0.3149356859929881,0.7650305434313055,0.4028799301330129,4,3
2023-07-19,0.64849055,0.17844212,0.7241568528526132,-0.2514079308605694,0.6725931783993924,0.7665566484174501,5,4
2023-07-20,0.47313377,0.32633692,0.6258982789453007,0.09157274541507973,0.5747619939327054,0.6325616359609112,5,5
2023-07-21,0.1559976,0.37955973,0.05216943041320612,0.06745715045122241,0.41036671385899814,0.08527670617840027,6,6
2023-07-22,0.0979322046,0.61003613,0.2113964278597959,0.19619270155552268,0.6178469038549866,0.28840947601550176,6,5
2023-07-23,0.47029656,0.66642171,0.4191744917066753,0.5515493207882161,0.8156572502633429,0.6927581885185422,6,6
2023-07-24,0.64290273,0.6915428,0.43409614648740785,0.21343973725175563,0.9442220948872637,0.48373131574595785,6,5
2023-07-25,0.45007971,0.61404032,0.6047258886367418,0.3989913076267118,0.7613259879574494,0.7244911758946209,6,5
2023-07-26,0.29636776,0.60761493,0.26717432584183304,0.5484343262909122,0.6760397564687468,0.6100510885517741,6,6
2023-07-27,0.34241581,0.76571709,-0.05402547734625187,0.37448264944670967,0.8387915407632722,0.3783596264655065,6,7
2023-07-28,0.2574074,0.61757672,-0.19194138512965422,0.09983625022744143,0.6690736690833965,0.21635335029753192,6,8
2023-07-29,0.0297359265,0.49932852,-0.17920999721831574,0.42655515807198724,0.5002131507769502,0.46267215820795476,6,7
2023-07-30,-0.20198523,0.47370157,0.11623217531387244,0.7634129135417694,0.5149671936721968,0.7722105898914673,7,6
2023-07-31,-0.36158293,0.26199755,0.12953590275844626,0.8309197964270071,0.4465253984639479,0.8409561571198254,8,6
2023-08-01,-0.27853075,0.26210716,-0.16703823716287858,0.5610109696174391,0.38246508601286483,0.5853503913944035,8,7
2023-08-02,-0.35939476,0.16621786,-0.2511754984493226,0.3660173046034725,0.3959709212788702,0.44391192627643694,8,7
2023-08-03,-0.56008983,0.0613425374,-0.18356253535714,0.6668221118420297,0.5634390158341002,0.6916262959345932,8,7
2023-08-04,-0.88390625,0.0313066207,-0.20202691965594763,0.3965312585371731,0.8844604927800429,0.44503024084071535,8,7
2023-08-05,-1.0987873,0.0445500687,-0.2434312156093223,0.13101900545215606,1.0996900650921897,0.27645024239943156,8,8
2023-08-06,-1.0069294,0.19403805,-0.3503380221642286,0.055629624552809676,1.0254548168652593,0.35472719786031365,8,8
2023-08-07,-0.685929,0.18707712,-0.2685394253638674,-0.15847952101972942,0.7109827296555764,0.31181594179483346,8,1
2023-08-08,-0.73011082,-0.0467931516,-0.10228118418495709,0.08448549112440273,0.7316087810556494,0.1326621228867104,1,8
2023-08-09,-0.90727746,0.18311331,-0.22056045547945227,-0.09402459136212249,0.9255716469961727,0.23976559032129188,8,1
2023-08-10,-0.75523698,0.2295679,-0.3435549814093119,-0.3051290496637411,0.7893569006919052,0.45949294031557264,8,1
2023-08-11,-0.81941825,0.54904187,-0.5680082385378648,-0.4612782258470976,0.9863535083559847,0.7317178149310934,8,1
2023-08-12,-0.74670339,0.65705192,-0.7021290563595542,-0.5205612221489165,0.9946271553769174,0.8740533151870838,8,1
2023-08-13,-0.80964172,0.65950316,-0.6526855965618592,-0.21852450092696513,1.04425290653871,0.688296044928844,8,1
2023-08-14,-0.86678934,0.673958,-0.39655549753318314,-0.05754822518351208,1.0979722882211715,0.4007094469132998,8,1
2023-08-15,-0.79797179,0.78791487,-0.3179394261799946,-0.5087104531563095,1.12141375950312,0.5998931603795479,8,2
2023-08-16,-0.76334769,0.93609548,-0.6414506871259389,-0.2904966071401229,1.2078801445113527,0.7041642299735638,7,1
2023-08-17,-0.79751796,0.90185946,-0.5918079082276465,-0.15605024278779522,1.203904224643328,0.6120361741881866,7,1
2023-08-18,-1.0275143,0.58452886,-0.7191097635897649,0.045359659634113626,1.182141964773009,0.7205389308096061,8,8
2023-08-19,-1.2338545,0.17494333,-0.7904367497908269,0.008883057275675108,1.2461950472866352,0.7904866628390698,8,8
2023-08-20,-1.4594127,0.12568311,-0.7079191207007959,-0.0822452311530985,1.4648145524470195,0.7126806855115513,8,1
2023-08-21,-1.4524556,-0.1171388,-0.7641129896299454,-0.0867297387514276,1.4571714958908577,0.7690193160806197,1,1
2023-08-22,-1.5441248,-0.13930579,-0.7565736190285695,0.10739622406739925,1.5503959175328617,0.7641580922518075,1,8
2023-08-23,-1.42504,0.10854734,-0.8487366296010178,0.16342017867008746,1.429168123987194,0.8643263395402565,8,8
2023-08-24,-1.2166258,0.26280409,-0.8533131923592109,0.03895554237512795,1.24468643719869,0.8542019307728167,8,8
2023-08-25,-0.83589566,0.0373008624,-0.7911416646411987,-0.44400992646856285,0.8367274996930718,0.9072210030273029,8,1
2023-08-26,-0.85152203,0.00622508815,-0.6416853596444393,-0.7799756269787074,0.8515447840823148,1.010010930368004,8,2
2023-08-27,-0.62179399,-0.15889753,-0.7788292835246183,-0.7135019371192738,0.6417758105757968,1.056248108707621,1,1
2023-08-28,-0.2882849,-0.35733873,-0.6331673992571474,-0.9039062456867775,0.45912868732635614,1.103606567791994,2,2
2023-08-29,-0.0935200453,-0.24915379,-0.6276976093650649,-0.8618919086565646,0.2661270560170051,1.066237286447193,2,2
2023-08-30,0.0472222194,-0.27310461,-0.7904246064002443,-0.4227196720617129,0.2771571143021839,0.8963609649861729,3,1
2023-08-31,0.0541972816,-0.25186759,-0.7420184194730047,-0.2993011212120631,0.25763273903997097,0.8001078027341154,3,1
2023-09-01,-0.0792919546,-0.0418764204,-0.2000845155396523,-0.4033842668454271,0.08967077924165708,0.45028066813617496,1,2
2023-09-02,0.15655847,-0.0400100835,-0.27630996903374827,-0.44315997899827875,0.16159010276133212,0.5222432057702482,4,2
2023-09-03,0.39817682,-0.26400611,-0.08033441344812471,-0.4372709287066417,0.47774889440232565,0.44458911713628707,4,2
2023-09-04,0.46012455,-0.90435004,0.3187019623453839,-0.2967841790261543,1.0146741330893896,0.4354902866000881,3,4
2023-09-05,0.61897349,-1.1939229,0.29092721655902554,-0.039946934740666684,1.3448345892589133,0.29365694769570366,3,4
2023-09-06,0.73026055,-1.5009772,0.24294914396948109,-0.13562565118201375,1.6691953228445562,0.27824198787035886,3,4
2023-09-07,0.89995331,-1.4980252,0.2391583273745896,-0.13374568974138948,1.7475684421546975,0.2740157204924772,3,4
2023-09-08,1.1269095,-1.1749579,-0.11264637561259877,-0.06023260762088867,1.6280206042807506,0.12773869014306755,3,1
2023-09-09,1.3046223,-0.95891619,0.16824171898261303,0.06588423778267893,1.6191230975751676,0.1806820655029965,4,5
2023-09-10,1.2118483,-0.61351126,0.6010771287747866,0.10569596923375957,1.358297599335167,0.6102993959102411,4,5
2023-09-11,1.0002481,-0.79988784,0.9136223397378821,-0.4280151986964366,1.280748538212508,1.0089116859186795,4,4
2023-09-12,0.65603834,-0.43029457,1.3510336094072668,-0.3506332398162078,0.7845633948390918,1.395792062813096,4,4
2023-09-13,0.54511446,-0.2431089,1.4970860562220967,-0.48825775989986964,0.5968682532689283,1.574694351243145,4,4
2023-09-14,0.21941644,-0.35556686,1.593031643231541,-0.25663872172907554,0.41781738364090737,1.6135715818728704,3,4
2023-09-15,0.0526089296,-0.43444973,1.3728239966030618,0.2247131477845731,0.4376234310120182,1.3910937151883243,3,5
2023-09-16,-0.00918168668,-0.5913741,1.1709907954175232,0.394736261852488,0.5914453732350096,1.2357330453515596,2,5
2023-09-17,-0.0874535888,-0.77558798,0.726946064048157,0.51945081764333,0.7805029435655446,0.893465014416027,2,5
2023-09-18,-0.0651921481,-0.80349386,0.7080211581119098,-0.24119284588637532,0.8061342315220164,0.7479759015108033,2,4
2023-09-19,0.14582077,-0.62031513,0.3775085744788521,0.18577961540988133,0.6372241030205228,0.4207455160865038,3,5
2023-09-20,0.25788975,-0.37573713,0.1135462278030244,0.09738765773400887,0.4557252615509693,0.14958977815082408,3,5
2023-09-21,0.44489816,0.0359992683,0.21603408144376482,-0.40269183257605806,0.44635223768848853,0.4569807833691863,5,3
2023-09-22,0.58242869,-0.0498659015,0.33939513737336485,-0.4096865343652073,0.5845594812057399,0.5320076274950006,4,3
2023-09-23,0.60192007,-0.17399393,0.4895467262555514,-0.5029888431161401,0.6265633713724812,0.7018929929033633,4,3
2023-09-24,0.62626332,-0.13746466,0.5854644971240062,-0.6503772322357312,0.6411725810780885,0.8750766946978279,4,3
2023-09-25,0.76473612,-0.15914378,0.6021105731871275,-0.5356423013771213,0.7811197577486713,0.8058844938130464,4,4
2023-09-26,0.82602316,-0.17380188,0.5344991654060539,-0.1298309828483507,0.8441097999359561,0.5500413092915266,4,4
2023-09-27,0.79484391,-0.0796229988,0.29342477701178354,0.07441310375301784,0.7988220472683468,0.3027134119502674,4,5
2023-09-28,0.84374696,0.0547387898,0.08901563666653692,0.5429135065934935,0.845520707977049,0.5501625752564347,5,6
2023-09-29,0.97673601,0.36704019,0.27110701971068657,0.2399050740787683,1.0434230849976227,0.36201306703646746,5,5
2023-09-30,0.70475519,0.61606908,0.47423313307532494,0.17233449011989324,0.9360667653346008,0.5045753075521259,5,5
2023-10-01,0.33698025,0.75455302,0.44405462406001917,0.25998128919143687,0.826381237009398,0.5145627074310054,6,5
2023-10-02,0.00272245426,0.71503705,0.5677192946640135,0.3247180751061267,0.7150422327596463,0.654023719626768,6,5
2023-10-03,-0.27622843,0.76693034,0.6362805189754844,0.34880607826784354,0.8151590592962704,0.7256159997300947,7,5
2023-10-04,-0.63977736,0.76886094,0.48924382941705363,0.4050385909054067,1.0002310810139092,0.6351502064435628,7,5
2023-10-05,-0.80618805,0.49901292,0.4216520723936471,0.5246340576397777,0.9481313549765819,0.6730760466614711,8,6
2023-10-06,-0.86105567,0.29983535,0.2751281868537849,0.8413612541431102,0.9117664744597552,0.8852029593119979,8,6
2023-10-07,-0.95302659,-0.12346955,-0.16707374012992676,0.7305131684555951,0.9609913688604236,0.7493751556650614,1,7
2023-10-08,-1.2037214,-0.32167834,-0.4335617924076213,0.4002349181349264,1.2459623442316048,0.5900540801741655,1,8
2023-10-09,-1.3338722,-0.44154727,-0.3996921712124663,0.17269660253189786,1.4050548165738208,0.43540549864993183,1,8
2023-10-10,-1.3689867,-0.2946074,-0.43083575077097036,0.2243878044480296,1.4003278562221242,0.48576674539061737,1,8
2023-10-11,-1.4593405,-0.27506304,-0.6738914260592637,0.043379407990926565,1.4850368247670802,0.6752861816695432,1,8
2023-10-12,-1.5108056,-0.13420646,-0.5333638630415733,-0.2610874349623452,1.5167547378851638,0.5938380748098315,1,1
2023-10-13,-1.3126848,-0.0484760106,-0.35418903229002524,-0.27306290690419166,1.3135795780061181,0.4472283775896961,1,1
2023-10-14,-1.4309741,0.0627527609,-0.30473295054448324,-0.6414319099996066,1.4323493930851448,0.7101387655333921,8,2
2023-10-15,-1.20281,0.23195793,-0.41368533517089345,-0.8233903079497286,1.2249719904511631,0.9214701057337689,8,2
2023-10-16,-1.3764751,0.0196773298,-0.502180473500642,-0.9252838941277985,1.3766157409488198,1.0527751482142957,8,2
2023-10-17,-1.4463657,-0.30474973,-0.5926522627009152,-0.7435147399510532,1.47812250374303,0.9508158985886789,1,2
2023-10-18,-1.4572176,-0.42903873,-0.707191594019684,-0.8605723607102851,1.5190646350928496,1.1138692646224577,1,2
2023-10-19,-1.4875667,-0.37621331,-0.7711374924345503,-0.7081347317811634,1.5344025357024298,1.046951684937288,1,1
2023-10-20,-1.3235576,-0.0959654823,-0.6414972866395539,-0.5028400273311172,1.327032062276881,0.8150870271647492,1,1
2023-10-21,-1.0512837,0.0816745833,-0.7818169763455468,-0.6096590501021569,1.054451589900133,0.991424198753267,8,1
2023-10-22,-1.1764264,0.38346329,-0.6774665479221688,-0.21855095306771286,1.237345210276657,0.7118465021620783,8,1
2023-10-23,-1.1860029,0.48106954,-0.6302651887275615,-0.8431135879237132,1.2798557657502747,1.0526512861643145,8,2
2023-10-24,-1.3908048,0.53835666,-0.3916495677378085,-0.9686231175181833,1.4913637668487845,1.0448062632372839,8,2
2023-10-25,-1.6196483,0.57495594,-0.2965633798456304,-0.8694530221579152,1.7186724378525926,0.9186394265461263,8,2
2023-10-26,-1.6435519,0.51006967,-0.43390970353879604,-0.7786299867847515,1.7208817263971161,0.8913710154282267,8,2
2023-10-27,-1.7206386,0.29751593,-0.5070543399593059,-0.36657326384148164,1.7461709310413243,0.6256836752185275,8,1
2023-10-28,-1.7006265,-0.0775299072,-0.4250679393425206,-0.19196355250731784,1.7023928392156407,0.46640407218218677,1,1
2023-10-29,-1.7712748,-0.46508721,-0.7454450689446485,-0.17273854449068332,1.831316611080843,0.7651973311288085,1,1
2023-10-30,-1.7343212,-0.66984355,-0.7836838880533926,-0.2229637219804767,1.8591827253516642,0.814784178610428,1,1
2023-10-31,-1.4959424,-0.83634913,-0.8263053345889564,-0.37195255558857315,1.7138621681364918,0.9061618009930885,1,1
2023-11-01,-1.2957927,-0.92989522,-0.9823828382557988,-0.4595978551056526,1.594924399948831,1.0845765207292823,1,1
2023-11-02,-1.0198334,-0.97924811,-0.8708489661963971,-0.4224390154482013,1.4138553761591501,0.9679011538882362,1,1
2023-11-03,-0.63242102,-0.91233975,-0.7440844110028156,-0.6938329410168917,1.1100991694294267,1.0173818165947122,2,1
2023-11-04,-0.63655579,-0.92032951,-0.4453947488748208,-0.9723515497556845,1.1190217516917909,1.0695064369313287,2,2
2023-11-05,-0.71582228,-0.91565859,-0.3043713108017878,-1.1517818788257737,1.1622530662403894,1.191320020494337,2,2
2023-11-06,-0.46923774,-0.57076567,-0.2366636382360096,-1.1026912642435613,0.7388893737839627,1.1278021554785964,2,2
2023-11-07,0.0367222875,-0.30002362,-0.015768846934325606,-1.0166868971855194,0.30226263241945245,1.0168091774971137,3,2
2023-11-08,0.25239527,0.0814663246,0.0995424608102092,-0.9458303695204267,0.2652171456791689,0.951054041267529,5,3
2023-11-09,0.28069696,0.20585147,0.24725331791477806,-0.8326411794034697,0.3480885103740175,0.8685767305530739,5,3
2023-11-10,0.17962913,0.56020451,0.4373835956147869,-0.5264667675396594,0.5882990033723473,0.6844499010421268,6,3
2023-11-11,0.20445879,0.61405349,0.2486715522774767,-0.7627123960942614,0.6471978718981114,0.8022267385645653,6,3
2023-11-12,-0.0177145973,0.68557751,0.13186021052659888,-0.8219983015317409,0.6858063350358476,0.8325072509240901,7,3
2023-11-13,-0.26559132,0.62804425,0.12825673414578176,-0.16908446016351503,0.681893194875418,0.2122247500234811,7,3
2023-11-14,-0.86291718,0.63997597,0.39658246127345387,0.2750705259959266,1.0743348182557397,0.48264007589650726,8,5
2023-11-15,-0.99905568,0.55836904,0.2143318083897663,0.5733438453702727,1.1445034891038053,0.6120958169368572,8,6
2023-11-16,-1.4320002,0.22065127,0.04345384083065663,0.3841048105857761,1.4489001193155633,0.3865549660760692,8,6
2023-11-17,-1.6762208,-0.1083338,-0.14023853684769713,0.5221371195104207,1.6797179473277888,0.5406422280841761,1,7
2023-11-18,-1.7928088,-0.42010999,-0.11069039243392782,0.5121015611966755,1.8413733453743812,0.5239278308672382,1,7
2023-11-19,-1.9400597,-0.92822123,-0.19710886142490486,0.367251797820545,2.150680425211241,0.4168042541225375,1,7
2023-11-20,-1.927567,-1.1249317,-0.3694103536477213,0.0941155699110399,2.2318122387767954,0.38121089947929654,1,8
2023-11-21,-1.8153611,-1.5080314,-0.7018879831376433,-0.25515633716353314,2.3600200479612816,0.7468276221911849,1,1
2023-11-22,-1.4771328,-1.8868843,-0.6446856744132147,-0.25313331822702834,2.396299995915021,0.6926009641851846,2,1
2023-11-23,-1.0880907,-1.8008865,-0.6592468559345837,-0.8212041374875234,2.104075463786587,1.053082452843205,2,2
2023-11-24,-0.71991271,-2.0344598,-0.6258458320307039,-0.9689620168270828,2.158078077326116,1.1535035307808172,2,2
2023-11-25,-0.39911723,-1.9880606,-0.48818087892897527,-1.1471846047317398,2.0277276721875728,1.2467369762244902,2,2
2023-11-26,-0.0776539445,-1.7937781,-0.29844067026414656,-1.3977240464208642,1.7954581607868279,1.4292303325954243,2,2
2023-11-27,0.000966383959,-1.4961258,-0.2239948515968125,-1.298255959597479,1.496126112105392,1.3174377519155314,3,2
2023-11-28,-0.0105802901,-1.3949476,0.07006554665425391,-1.4666696018590142,1.3949877237038182,1.468342229129585,2,3
2023-11-29,0.27320957,-1.6175796,0.5366645173878734,-1.4787095846339087,1.6404899364140413,1.573083227267822,3,3
2023-11-30,0.77264518,-1.6019967,0.6529267744975799,-1.1612546243580315,1.7785876422004405,1.332225835002732,3,3
2023-12-01,1.0188427,-1.5480794,0.8695804754221013,-1.3061432561858728,1.8532647614541344,1.5691336491564898,3,3
2023-12-02,1.1622877,-1.5896536,1.0966743218057913,-0.949606907465138,1.9692412918594437,1.4506715158207577,3,4
2023-12-03,1.3304054,-1.2086754,0.9867165182768333,-0.6881437513442376,1.797463421300784,1.2029760221860102,4,4
2023-12-04,1.5996393,-1.1045942,0.5798864934705249,-0.6004397292743416,1.9439583937878222,0.8347432023087016,4,3
2023-12-05,1.5615336,-1.0611852,0.499373032293718,-0.8216011595274536,1.8879886685645122,0.9614582105942405,4,3
2023-12-06,1.8386749,-0.86627817,1.1771279334147269,-0.7143202139992749,2.0325263234970805,1.3769108684853917,4,4
2023-12-07,1.8221983,-0.50046855,1.5629309895011776,0.058553485838112124,1.8896760076960262,1.5640274257975542,4,5
2023-12-08,1.7044828,0.0116933798,1.3873001145706942,0.06772266156464603,1.7045229099742214,1.3889521110453236,5,5
2023-12-09,1.4969704,0.5069527,1.4841965948643812,-0.02360664963782012,1.5804813882211488,1.4843843188723556,5,4
2023-12-10,1.3989959,0.67440587,1.3335545446059047,0.5198258262237264,1.5530656153901763,1.431288445090032,5,5
2023-12-11,1.1785868,0.80727941,1.3606489016016887,0.5822629553943638,1.4285541260113974,1.4799985076527817,5,5
2023-12-12,0.96148735,0.81242305,1.2988103301003406,0.4383185630215126,1.2587649249885082,1.370777675724477,5,5
2023-12-13,0.60312158,0.89053458,1.3759664428793459,0.7613967325736212,1.075549849350309,1.572580247969504,6,5
2023-12-14,0.51718277,0.87692714,0.9768332340143813,1.0004900150556573,1.01807623803596,1.3982787409172264,6,6
2023-12-15,0.2191209,0.97038418,0.4207005510029954,1.1164944687236225,0.9948162773151042,1.1931256649258148,6,6
2023-12-16,-0.0704859123,1.0851526,0.023921952301710334,1.2098115030993932,1.0874393910096891,1.2100479878226065,7,6
2023-12-17,-0.24525174,0.98423797,0.0919676470614431,1.0318039513048964,1.014333671709043,1.035894512985958,7,6
2023-12-18,-0.49235535,0.85647792,0.03723660431133415,0.9731337029482211,0.9879110375540648,0.9738458648648438,7,6
2023-12-19,-0.418455,0.70283586,-0.09046189650962035,0.7876206411319046,0.8179748364876145,0.7927986056099933,7,7
2023-12-20,-0.34475178,0.75923365,-0.27754464677574375,0.5739490655520064,0.8338402275649041,0.6375331840789887,7,7
2023-12-21,-0.48018786,0.53887564,-0.18010268597528273,0.6260590030567094,0.7217806704787745,0.6514498083535463,7,7
2023-12-22,-0.87988937,0.15897152,-0.3410116290083225,0.527084209669853,0.8941349157761973,0.6277791771014736,8,7
2023-12-23,-1.276839,-0.26066276,-0.6181619371354974,0.42176150232532755,1.303174165785916,0.7483361179088097,1,8
2023-12-24,-1.4174098,-0.31008404,-0.5312221398246807,0.22768970341374603,1.450931650009318,0.5779615583069104,1,8
2023-12-25,-1.7372394,-0.36128882,-0.5043137023260926,0.10528935004525879,1.7744098580568561,0.5151874975063,1,8
2023-12-26,-1.7852657,-0.43148404,-0.3293313023986183,0.16733791466314382,1.8366687497671461,0.3694063946703952,1,8
2023-12-27,-2.0029364,-0.3170473,-0.3203401086965529,0.32519445356830007,2.0278740623821414,0.4564747724368835,1,7
2023-12-28,-2.0300305,-0.54871124,-0.4453300539146479,-0.09879143507496307,2.1028808467986453,0.4561563378533657,1,1
2023-12-29,-1.7100886,-1.0229383,-0.4552127399805195,-0.694181677403076,1.9926880803218676,0.8301245929875348,1,2
2023-12-30,-1.2489152,-1.6223127,-0.49145827835380324,-0.9799936391980996,2.0473611487405754,1.0963205608904811,2,2
2023-12-31,-0.7145896,-1.7537605,-0.49213104013797726,-0.8826185705136058,1.8937566337278953,1.0105486142105031,2,2
2024-01-01,-0.36047375,-1.9252654,-0.7659179281720593,-1.1196567435936042,1.9587210584655035,1.3565623819677493,2,2
2024-01-02,0.13440147,-2.2724237,-0.6940078797640578,-1.1313266363267447,2.2763947872589787,1.3272327961729204,3,2
2024-01-03,0.35034683,-2.274811,-0.9015398006730071,-1.0685269748688528,2.30163159237356,1.398042884971669,3,2
2024-01-04,0.51015961,-2.2993703,-0.7357518317357973,-1.22361221715989,2.3552848244315254,1.4277806609859665,3,2
2024-01-05,0.60854185,-1.9288419,-0.08527551720242832,-1.3153589181007956,2.0225613114061667,1.318120251441968,3,2
2024-01-06,0.53336924,-1.3852706,0.5861843070692305,-1.4123460220543227,1.4844047229116921,1.5291609882111508,3,3
2024-01-07,0.36882269,-1.206286,1.0158622708058656,-0.9813809670061591,1.2614103576770075,1.4124746920383364,3,4
2024-01-08,0.0268928539,-0.92909831,1.0996844469984857,-1.0428454851513442,0.9294874368358848,1.5155304645142926,3,4
2024-01-09,-0.27477276,-1.2543195,1.642118099310039,-0.9397368399820571,1.2840628791917739,1.8919981978059803,2,4
2024-01-10,-0.17149566,-1.2255571,1.6467123686870127,-0.6705834887115314,1.23749786535543,1.778016827962919,2,4
2024-01-11,0.21122743,-1.1072811,1.5157485931381698,-0.8692547810577537,1.127248181014995,1.747311555502368,3,4
2024-01-12,0.62775373,-1.2122779,1.3577884451934163,-0.4519799084901105,1.3651712172314954,1.4310399364027138,3,4
2024-01-13,1.1148041,-1.0261097,0.5049773266869088,-0.17899990416468126,1.5151532258523888,0.5357640022984207,4,4
2024-01-14,1.6522605,-0.78164959,0.41787592656989053,-0.6562561455391905,1.82782407288213,0.7780054103697479,4,3
2024-01-15,2.1910501,-0.61863226,0.13941357892795678,-0.6223779711562432,2.2767095585126174,0.6378012895644404,4,3
2024-01-16,2.6500337,-0.30198953,0.4119459141386587,-1.3252106310372351,2.6671850868219305,1.3877617420831438,4,3
2024-01-17,2.7293062,-0.00314356457,0.8982978593798919,-0.694687567097104,2.7293080103492615,1.1355746827249142,4,4
2024-01-18,2.9813273,0.2602528,0.9470698435160608,-0.25530041435644935,2.992665031311244,0.9808769495039175,5,4
2024-01-19,2.8243241,0.53843957,1.2343851565852384,-0.10933270313620057,2.87519108797704,1.2392176381786342,5,4
2024-01-20,2.6328351,1.0594623,1.2984888592580206,0.41765470250543024,2.838006523761582,1.3640046803959638,5,5
2024-01-21,2.3591504,1.5375823,1.2912463736195092,0.771136518764856,2.8159811680999307,1.503984284478503,5,5
2024-01-22,2.1366937,1.6668525,1.4165023966765768,1.029004343102494,2.7099552070792496,1.750808092828646,5,5
2024-01-23,1.8532326,1.8038651,1.3108797835856107,1.4451033550326131,2.586194186193444,1.9510841893009057,5,6
2024-01-24,1.2706325,1.9810869,1.0455618935487128,1.5017477652903908,2.3535531129353893,1.8298759585818523,6,6
2024-01-25,0.75834125,2.2661524,1.0495020947846507,1.5608887537844542,2.3896711387714675,1.8809115738514017,6,6
2024-01-26,0.47759646,2.3755052,0.7582592622470403,1.6368199537027897,2.42304010157314,1.80392257861113,6,6
2024-01-27,0.27635556,2.5060537,0.15373278993254413,1.7864206655144408,2.5212452365501066,1.7930233029376672,6,6
2024-01-28,-0.0997145772,2.3912914,-0.21138848677078265,1.8355544672652209,2.3933694985564045,1.8476864708701393,7,7
2024-01-29,-0.28613156,2.1516919,-0.20147189791371556,1.7406678192407277,2.1706333873212316,1.7522886128116066,7,7
2024-01-30,-0.384455,2.1967354,-0.3054178557192399,1.6854521844763986,2.2301237778738114,1.7129007947772112,7,7
2024-01-31,-0.31603161,2.0904667,-0.7266533215672037,1.4553513102406614,2.11422018775909,1.6266752859633233,7,7
2024-02-01,-0.30843943,1.9854517,-1.0405664884704133,1.4032408328963515,2.0092668650559125,1.7469583429593543,7,7
2024-02-02,-0.61054701,1.8671901,-1.0146558428679728,1.4126773491927553,1.9644761441559808,1.7393055431373714,7,7
2024-02-03,-0.84719026,1.761233,-1.0384836876166925,1.4855816084519222,1.9543983772322029,1.8125675393806888,7,7
2024-02-04,-0.79663736,1.9349788,-1.2419604937266044,1.0839489783840606,2.0925520399257005,1.6484572350284006,7,8
2024-02-05,-0.51290435,2.0160117,-1.1190485637895868,0.8412833972753313,2.080234132684543,1.4000098009123578,7,8
2024-02-06,-0.0371458232,2.2707882,-1.0950419779026366,1.024279306968114,2.271091997573072,1.4994215658219667,7,8
2024-02-07,0.13883764,2.2162025,-1.0457077488005269,0.9463653361550917,2.220547097290895,1.4103588356788515,6,8
2024-02-08,0.0763554573,1.759505,-0.9445727466362447,0.9347056403923074,1.7611609809680921,1.3288688076214044,6,8
2024-02-09,-0.70815724,1.5137794,-1.2152014857338065,0.5800991582847639,1.6712315065330647,1.3465621724867896,7,8
2024-02-10,-0.97841626,1.6950272,-1.2231531932380688,0.4813887663410277,1.9571447536072102,1.314472851940207,7,8
2024-02-11,-0.88159156,1.6737834,-1.1974473701447654,0.727539551953172,1.8917596435009374,1.401140251339186,7,8
2024-02-12,-1.0595821,1.52772,-1.0515173143502903,0.8882184323064072,1.8592048367623213,1.3764521952713429,7,8
2024-02-13,-0.95644063,1.5561167,-0.9111567678178543,1.3683122506023513,1.8265480729325705,1.643923681528054,7,7
2024-02-14,-0.82206964,1.8128198,-0.9136437102813096,1.36754711793256,1.990505996042657,1.6446671241020927,7,7
2024-02-15,-0.69123191,1.5317092,-0.8187462235004264,0.8921372479786778,1.6804566720885392,1.210889857801765,7,7
2024-02-16,-0.69187212,1.0751817,-1.2746359051784297,0.12092514446084443,1.2785549336841902,1.2803591610688427,7,8
2024-02-17,-0.56307346,0.89340711,-1.3739837950586946,0.5286615610196104,1.056043552868405,1.4721801911395167,7,8
2024-02-18,-0.51268709,0.70208174,-1.1861609559832704,0.4130199995319712,0.869348504280128,1.256010881128239,7,8
2024-02-19,-0.61390263,0.52443099,-1.138324611118543,0.2721910215316739,0.807405909312842,1.1704148292296361,8,8
2024-02-20,-0.30539665,0.30582479,-1.1228528547624523,0.4841920934385012,0.4321989310604164,1.2228002767404607,7,8
2024-02-21,0.103555,0.0723366737,-1.217388253153205,0.6807553721011902,0.12631798124962365,1.394798206035569,5,8
2024-02-22,0.236644,0.24894944,-1.0084683367186975,0.3879214766079483,0.34347664609448136,1.080505186557597,6,8
2024-02-23,0.20237812,0.32551137,-0.7105341968717781,0.18324590820506323,0.383294345710984,0.73378328394569,6,8
2024-02-24,-0.00262395642,0.12886563,-0.5992487558522266,0.28130651320839095,0.12889234167548885,0.6619912580721169,7,8
2024-02-25,0.0148208039,-0.11958914,-0.6038580399633688,0.08033838328050892,0.12050401916194271,0.6091787818502279,3,8
2024-02-26,0.00239064894,-0.34193942,-0.612789593466366,-0.15145104926404737,0.3419477769371965,0.6312277767841454,3,1
2024-02-27,0.0181021746,-0.72304362,-0.20576609693103398,-0.00915838239348963,0.7232701882062839,0.20596980995839428,3,1
2024-02-28,0.19388185,-1.0689396,0.13844945054437263,0.18019209552989696,1.0863802466022578,0.22723873271846548,3,6
2024-02-29,0.28532001,-1.3322845,-0.03187660589472319,0.2381580331458469,1.362493852113341,0.2402818485763455,3,7
2024-03-01,0.6408971,-1.541636,-0.28695296295333894,0.2008104295724475,1.6695480374294147,0.3502382497283402,3,8
2024-03-02,1.1199138,-1.589275,-0.2590861547132533,-0.224650270886314,1.9442227097365774,0.3429189113673874,3,1
2024-03-03,1.1123608,-1.5546944,0.13022533927229962,-0.21619611271937939,1.9116540552014112,0.2523873969586361,3,3
2024-03-04,1.3503877,-1.4455687,0.23333301429984654,-0.2698923089273568,1.9781849778852785,0.35677185144065415,3,3
2024-03-05,1.716249,-1.5599333,0.44349303711031696,-0.5869613738574279,2.319246112522319,0.7356695782523104,4,3
2024-03-06,2.1472821,-1.5137076,0.8956238608457379,-0.5721550130070567,2.627190726856002,1.0627810023825845,4,4
2024-03-07,2.3959694,-1.3988423,1.0426572902328053,-0.6800702700735738,2.774424110694983,1.2448412738632826,4,4
2024-03-08,2.4568448,-1.2376095,1.4209895888656547,-0.4490963552288046,2.7509568600356658,1.4902680792207752,4,4
2024-03-09,2.3701243,-0.92922342,1.6491637782735908,-0.09808688440552359,2.5457700920796023,1.6520781472018835,4,4
2024-03-10,2.3895531,-0.6581856,1.3750858975129616,-0.232345579516662,2.4785423744142383,1.3945772455694092,4,4
2024-03-11,2.2782674,-0.1006519,1.4814062470953344,0.0610061271285979,2.2804896734860187,1.4826618685594886,4,5
2024-03-12,2.5200188,0.47888112,1.764257757461729,0.2321066710790095,2.5651163481304105,1.77946029501174,5,5
2024-03-13,2.431035,1.1450701,1.9248778463209963,0.5804521534056265,2.6872135577841614,2.010492334143701,5,5
2024-03-14,2.1169548,1.4650912,1.820247521717638,0.815108434174758,2.574488269454821,1.9944179100133523,5,5
2024-03-15,1.5588685,2.1297243,1.6343469275337488,0.8897435991608119,2.6392795597099483,1.8608421619757651,6,5
2024-03-16,1.0092785,2.662595,1.3122061050437273,1.0022843219452888,2.847464701201272,1.6511991776074009,6,5
2024-03-17,0.57601213,2.8987906,1.1661434888870301,1.0644601687460915,2.955465600638163,1.578912944883464,6,5
2024-03-18,0.0179093573,2.8728824,0.6836758733211232,1.3098287867497316,2.872938222327215,1.4775195939004242,6,6
2024-03-19,-0.66405213,2.6885421,0.4436723764451281,1.6723042108990278,2.7693363563911744,1.7301579556245978,7,6
2024-03-20,-0.85829955,2.3257823,0.01216324698505605,1.8747443034889262,2.4791009306850524,1.8747837603418156,7,6
2024-03-21,-1.1008675,1.712458,-0.3027095506111985,1.7518374606046254,2.0357852672421646,1.7777985151329427,7,7
2024-03-22,-1.2655483,1.0498867,-0.7917885544232695,1.7408952716618509,1.6443462477440025,1.9124971795561634,8,7
2024-03-23,-1.8264121,0.32487288,-1.2179850140618362,1.7611646893716815,1.8550804691942355,2.1413053396395534,8,7
2024-03-24,-2.1035295,-0.10817688,-1.256983722286693,1.7363258292986719,2.106309235306341,2.1435567320655244,1,7
2024-03-25,-1.9648933,-0.49166739,-1.413032273239043,1.3931156012256496,2.0254734021394363,1.98429616831596,1,8
2024-03-26,-1.5672281,-0.7831409,-1.6426484753237498,0.8329493534209756,1.752002735923212,1.8417650878567173,1,8
2024-03-27,-1.3774061,-0.54346836,-1.3085701615140997,0.751417737454264,1.4807448877636888,1.5089680194642703,1,8
2024-03-28,-1.0874654,-0.57539856,-1.0457666113440407,0.2376405069091771,1.2303107327204919,1.0724275341140999,1,8
2024-03-29,-1.0966146,-0.84436029,-0.7786156675257488,-0.1750807285993393,1.3840187427423245,0.7980574034763683,1,1
2024-03-30,-1.1165941,-0.88312858,-0.8901958400004755,-1.1399407969550048,1.4236216045591703,1.4463449291633594,1,2
2024-03-31,-1.0727082,-0.83779919,-0.8453686632139137,-1.2245558567930945,1.3611063019146947,1.4880138518005634,1,2
2024-04-01,-0.69252586,-0.93211609,-0.4337199555834855,-1.3642801430107367,1.161220251289835,1.4315632394290994,2,2
2024-04-02,-0.52044821,-1.1815417,0.004349401360209709,-1.2227186026636094,1.291087575701623,1.2227263383896831,2,3
2024-04-03,-0.29472241,-1.2060995,-0.3251989305112191,-0.800930700971729,1.2415866070703478,0.8644329541177302,2,2
2024-04-04,0.10950635,-1.252502,-0.24992664344837104,-0.910404295037398,1.2572799611440255,0.9440864936688327,3,2
2024-04-05,0.39670014,-1.1076744,-0.045977804155574974,-1.2066094288947788,1.1765685604720957,1.207485102339881,3,2
2024-04-06,0.56394833,-0.95897436,-0.12405678097030108,-1.0456837218767434,1.1125059739377576,1.053016871233653,3,2
2024-04-07,0.99993086,-0.91736531,-0.192018612308187,-0.9417874507207025,1.3569896229418026,0.9611632274529449,4,2
2024-04-08,0.96068281,-0.87672365,0.2975835293683794,-0.8144191333946419,1.3005982546116301,0.8670838954741465,4,3
2024-04-09,0.98525226,-0.96215761,0.5681623190514756,-0.9556887404786871,1.3771235537583473,1.1118225530486825,4,3
2024-04-10,0.82199776,-0.76557517,0.7367893887790365,-0.7289523866030897,1.1232923298792468,1.0364507635926206,4,4
2024-04-11,0.69908637,-0.44625831,0.9886677158828608,-0.5116373135505402,0.8293782200925178,1.1132100399503442,4,4
2024-04-12,0.67916042,-0.31209987,0.9751073770601996,-0.16996073981018975,0.7474390978190754,0.9898085925440582,4,4
2024-04-13,0.47893015,-0.27759629,0.8014625745963826,-0.13336783200751123,0.5535646202574607,0.8124833765025878,4,4
2024-04-14,0.51450276,-0.0772293359,1.145077637389445,0.23755236309777394,0.5202667204148008,1.1694588153768946,4,5
2024-04-15,0.26566318,0.050582733,0.9331626703160697,0.047390536236010625,0.2704358298847653,0.9343652563083424,5,5
2024-04-16,-0.0935182869,0.13693231,1.020718550285065,-0.11307751050845036,0.16581956309991536,1.0269629410445313,7,4
2024-04-17,-0.27864453,-0.00144113658,0.8250577208753174,-0.0017034973303799161,0.2786482567208399,0.8250594794795875,1,4
2024-04-18,-0.37655377,-0.14553532,0.38517021646126676,0.2322009630637157,0.4036994811350583,0.4497481327326842,1,5
2024-04-19,-0.30799681,-0.44718409,0.4192757364779121,0.1691975421452341,0.54298770273304,0.45212824670339263,2,5
2024-04-20,-0.40726319,-0.69112062,0.32789699153222884,0.0038955991100677583,0.8021913844701652,0.3279201316606117,2,5
2024-04-21,-0.29381761,-0.5253318,0.33962977998203625,0.3250895447379877,0.6019155156974707,0.47013997867507334,2,5
2024-04-22,-0.20208547,-0.43843663,0.005374351381108475,0.08206293089646795,0.4827682836629575,0.08223872737394528,2,6
2024-04-23,0.00399298081,-0.64490515,-0.2169996753795629,-0.1542426198545219,0.6449175113084398,0.2662323137682994,3,1
2024-04-24,0.15714164,-0.77483249,-0.05341087522460957,-0.298598519963427,0.7906066547794103,0.30333776177160654,3,2
2024-04-25,0.0605624728,-0.90807736,0.0779253711637631,-0.30688373832442967,0.9100946680737231,0.31662279185015607,3,3
2024-04-26,0.0581105724,-1.1429901,0.3339321370124702,-0.457056890057228,1.1444663417168133,0.5660491788515378,3,3
2024-04-27,0.0677099824,-1.4297619,0.3814693835869856,-0.6734096090368601,1.4313642906011796,0.773950510147394,3,3
2024-04-28,0.27063161,-1.4319528,0.2503835161160781,-0.2660420528851875,1.457302401617122,0.3653358441845192,3,3
2024-04-29,0.56168908,-1.1971852,0.09151838647463005,-0.28018803994063324,1.3224019909582283,0.29475575106975205,3,3
2024-04-30,0.9043898,-1.0353426,0.49025732397343724,-0.4302561328876727,1.374720047762016,0.6522825948904742,3,4
2024-05-01,1.0553606,-0.74264526,0.721994611493012,-0.31163243742825397,1.290468123679476,0.7863784045117338,4,4
2024-05-02,0.87928265,-0.71035069,0.5376094885259695,-0.6699661521297273,1.1303698869726222,0.8589986071890149,4,3
2024-05-03,0.8962847,-0.52808988,0.7646862264874595,-0.8602387398330994,1.0402909135489478,1.150980327585693,4,3
2024-05-04,1.1752256,-0.097090058,1.0097288416274606,-0.9560453345302636,1.1792292780701314,1.3905304798138791,4,4
2024-05-05,1.2495382,0.19610623,1.1834089975091806,-0.5896134858827358,1.2648333355442736,1.322157675211423,5,4
2024-05-06,0.96927238,0.3404119,1.048134378123169,-0.21418011169776682,1.0273116412717587,1.0697938095027986,5,4
2024-05-07,0.63480163,0.18860075,1.0612930279420754,0.13918764844911516,0.6622260583450483,1.0703812837672626,5,5
2024-05-08,0.22074662,0.00841014087,0.8168097266047709,0.4007341198160443,0.22090676927355044,0.9098164453673611,5,5
2024-05-09,-0.17500846,-0.0502207987,0.5598581541220273,-0.08730712720230659,0.18207166087460597,0.566624820491693,1,4
2024-05-10,-0.22306563,0.0532448329,0.6549441924650603,0.26909276206219,0.2293322644501768,0.7080697775205268,8,5
2024-05-11,-0.46544066,-0.23765643,0.5191247954532564,0.8014686667153224,0.522604617948962,0.9549044857894542,1,6
2024-05-12,-0.52901846,-0.35598505,0.3256977218042994,0.9009198985465307,0.6376408760770236,0.9579852136570803,1,6
2024-05-13,-0.4662981,-0.67437154,0.05478595721089593,0.6094605546573135,0.8198846821508385,0.6119180245676004,2,6
2024-05-14,-0.56201792,-0.79135448,0.07263595249559301,0.03853536721427118,0.9706214789593298,0.08222503342219309,2,5
2024-05-15,-0.52999592,-0.97254956,0.13411793901535027,-0.23150566406574305,1.1075867107693373,0.2675490498212354,2,3
2024-05-16,-0.16453952,-1.1213189,-0.0052746245042864315,-0.3202268639197658,1.1333266647966243,0.32027030152599134,2,2
2024-05-17,0.24668528,-1.2291868,0.008560570692165238,-0.06843595030814839,1.2536960623145141,0.06896928783998653,3,3
2024-05-18,0.47234932,-1.2436349,-0.02225380633321692,-0.5573232197129735,1.3303163701174516,0.5577673378099077,3,2
2024-05-19,0.52776706,-1.3246082,0.12888318055971645,-0.4669146611937028,1.425876906723818,0.4843760678117972,3,3
2024-05-20,0.66752619,-1.416147,0.33769443458538995,-0.69325483277987,1.565587282761621,0.7711289090175466,3,3
2024-05-21,0.64851987,-1.6183491,0.3155242822905127,-0.7637104395634258,1.7434539945910896,0.8263227022254104,3,3
2024-05-22,0.73098785,-1.5244871,0.36549885092213735,-0.8924524087608326,1.6906815652020437,0.964396553254114,3,3
2024-05-23,0.82263184,-1.5089684,0.8375725915343712,-0.659729113678178,1.718635731148502,1.0661943300938141,3,4
2024-05-24,0.89476651,-1.4109795,1.095706439738665,-0.388683834522404,1.6707693607550476,1.162603855706586,3,4
2024-05-25,0.78758454,-1.3737488,1.0427001211079636,-0.3563855307407138,1.5835009230020838,1.1019229506094799,3,4
2024-05-26,0.86697263,-1.4517869,0.9788699139117515,-0.5918447029610442,1.6909543885571625,1.14388218833263,3,4
2024-05-27,0.83550012,-1.3755401,1.213021522829918,-0.48075734836322814,1.609400825533535,1.3048175515580158,3,4
2024-05-28,0.95383215,-1.1010228,1.2429881805262666,-0.7101328581135632,1.4567247428713024,1.4315405314207965,3,4
2024-05-29,1.1255019,-0.87545776,1.3225191337295559,-0.4338623214452559,1.4258964956993994,1.3918668661372184,4,4
2024-05-30,1.1704488,-0.63344544,1.2577951012028739,-0.4207282337422232,1.3308657027958282,1.3262958807437344,4,4
2024-05-31,1.0210977,-0.3455514,1.2695116187056936,-0.25906477591891175,1.0779825058818209,1.295675232514177,4,4
2024-06-01,0.74394846,-0.30158183,1.0328601462779343,-0.50014730737092,0.8027520858412768,1.1475832914606492,4,4
2024-06-02,0.44388902,-0.28867191,1.3061084480208316,-0.39116184827442335,0.5294987570331101,1.363424684218695,4,4
2024-06-03,0.48518896,-0.11137133,1.2043152501591086,-0.3297133453709153,0.49780709120285793,1.2486336980401724,4,4
2024-06-04,0.29713672,-0.10770388,1.0703502027269616,0.08739903547499178,0.31605435630507106,1.0739125420068463,4,5
2024-06-05,-0.0680707842,-0.00233614561,0.9822616287030984,0.3171737266236854,0.06811085991172107,1.032200116296651,1,5
2024-06-06,-0.16918227,0.0246786755,0.7870058381979558,0.41152986226984917,0.17097273907493907,0.8881075480466923,8,5
2024-06-07,-0.16293138,0.12347308,0.3615776723374569,0.47135794661938923,0.2044314948176792,0.5940679481121838,8,6
2024-06-08,-0.19000286,-0.0236781016,0.21195574166249248,0.030837554327968045,0.19147255496169555,0.21418728062288767,1,5
2024-06-09,-0.31602359,-0.17988667,0.22996438989650395,-0.13216449953220388,0.36363460159915617,0.26523777173899876,1,4
2024-06-10,-0.36434308,-0.24151742,0.34163559293585655,0.2644593187144808,0.43712303085898235,0.43203426902916114,1,5
2024-06-11,-0.56150466,-0.30514306,0.16634504699489117,-0.02445503757146154,0.639061632605087,0.16813305303346557,1,4
2024-06-12,-0.51805758,-0.13145284,-0.11864504605634876,-0.19522148453614516,0.5344749810229867,0.22844709448406098,1,2
2024-06-13,-0.33911455,-0.0959945619,-0.04637152218989565,-0.14962519174848993,0.35243954649851006,0.15664614925359754,1,2
2024-06-14,-0.22734717,-0.20572175,0.02505720229458206,0.02635748541085283,0.3066075245816244,0.03636729882758587,1,6
2024-06-15,-0.29512584,-0.34762502,0.05294213589105452,-0.16845053850933733,0.45600703499584955,0.1765742157756693,2,3
2024-06-16,-0.63461024,-0.23999518,0.07969788745121795,-0.30684202071923683,0.6784746444312344,0.3170233097790312,1,3
2024-06-17,-0.83363736,-0.25752988,0.04020205917438537,-0.29772502948805557,0.8725095340915101,0.3004270273219844,1,3
2024-06-18,-0.70995092,-0.24831744,-0.13888641816204986,-0.4802132800125427,0.7521248964214654,0.49989422026093533,1,2
2024-06-19,-0.50651604,-0.4507001,-0.19076313228010727,-0.20454520434575507,0.6780037455038811,0.2796950361700479,1,2
2024-06-20,-0.16354068,-0.65405864,-0.0842895546436587,-0.12122509976073272,0.6741945257664972,0.14764909019030872,2,2
2024-06-21,-0.18319811,-0.7070778,0.061594511049967694,-0.19669044808923328,0.7304249193177982,0.20610923356567012,2,3
2024-06-22,-0.49110425,-0.70114899,0.0429930649596704,-0.3829195171710955,0.8560334634499299,0.3853255250631229,2,3
2024-06-23,-0.73875189,-0.61886573,-0.36206034217387856,-0.4579097766542619,0.9637163206810421,0.5837542761561769,1,2
2024-06-24,-0.87726873,-0.66936576,-0.490655498542874,-0.6081316039249668,1.1034722222585354,0.7813877820536413,1,2
2024-06-25,-0.64452022,-0.8683998,-0.22701537045509176,-0.4268935319572473,1.0814455726613745,0.4835018780209606,2,2
2024-06-26,-0.48691437,-1.0741315,0.07304634525959301,-0.46894397825895706,1.1793405288570162,0.47459901316913927,2,3
2024-06-27,-0.36204118,-1.1341522,0.48063296910082187,-0.346851993270479,1.1905356058432828,0.5927177711376436,2,4
2024-06-28,-0.14712469,-1.223526,0.3699914268804389,-0.5022476733266859,1.2323398667103145,0.6238159835457028,2,3
2024-06-29,0.0356353,-1.0799927,-0.07447654352449205,-0.7585610295156895,1.0805804489529598,0.7622083645796983,3,2
2024-06-30,0.1941171,-0.92050749,-0.28751221693637746,-0.7632831865054982,0.9407526176729513,0.8156374793311412,3,2
2024-07-01,0.49478182,-1.2190866,-0.24579801028959955,-0.8609050218726136,1.31566758252306,0.895306717582199,3,2
2024-07-02,0.38604495,-1.4031669,0.2715285090212535,-0.7974873640289533,1.455303422890262,0.8424451477675879,3,3
2024-07-03,0.36746928,-1.5469103,0.5470689505111909,-0.8015554753436753,1.5899575931419707,0.9704512438380617,3,3
2024-07-04,0.20954639,-1.4518361,0.5928186660640827,-0.7508902086097412,1.4668802782862826,0.9566974841714485,3,3
2024-07-05,0.20230356,-1.1614273,0.7708617687051265,-0.7372582388335192,1.1789147991156796,1.0666665726360314,3,4
2024-07-06,0.4129284,-1.0502005,0.7399549254433252,-0.4482272434524685,1.1284639798091962,0.8651248195843392,3,4
2024-07-07,0.54054761,-0.95912057,0.5657316668862381,-0.3200595736237445,1.1009559421129607,0.6499926534862487,3,4
2024-07-08,0.54718381,-0.85227573,1.101983675375004,-0.41277918550099524,1.0128099732295044,1.1767559971276405,3,4
2024-07-09,0.44903481,-0.62809509,1.08944894458948,-0.6584774655580354,0.7720982467755281,1.2729853005886853,3,4
2024-07-10,0.25978342,-0.24076977,1.1335684548214,-0.823632815897672,0.3541998128920303,1.4011953672453048,4,4
2024-07-11,0.4826439,0.15441459,0.9618678510636197,-0.8472775507597841,0.5067435246868757,1.281822534881972,5,4
2024-07-12,0.94648659,0.15453447,0.6072472274035717,-0.5265404856371173,0.9590191694997598,0.8037375679936185,5,4
2024-07-13,1.2273386,0.28631052,0.8439531955398076,-0.3733211689569199,1.26029113815524,0.9228356795514648,5,4
2024-07-14,1.1654744,-0.12581666,0.9039740270922207,-0.19588848636180214,1.172245882478977,0.9249547776764251,4,4
2024-07-15,1.0895547,0.13527937,0.7031209111840492,-0.19711602164616102,1.0979207404178533,0.7302285544498361,5,4
2024-07-16,0.90530598,0.16088922,0.42238223113971285,-0.11718820916995444,0.9194913042198761,0.4383375703165573,5,4
2024-07-17,0.71441066,0.23146185,-0.07875596708627397,0.048841325188993166,0.7509708244180049,0.09267134075813972,5,8
2024-07-18,0.7766664,0.60595125,0.041081011842374365,0.5926865984034329,0.9850825418539924,0.5941086209280466,5,6
2024-07-19,0.75780147,0.58700758,0.5180132863871703,0.6429085968377621,0.9585619264875991,0.8256326233631619,5,6
2024-07-20,0.71202874,0.67071712,0.6114927481741581,0.8823169057216284,0.978185249146133,1.07350198099108,5,6
2024-07-21,0.78168416,0.46940839,0.6433570648825863,0.4508026538465118,0.9117973253949024,0.7855770781084401,5,5
2024-07-22,0.64596391,0.31200898,0.4708799421437573,0.5899695256787376,0.7173694840339451,0.7548456538544174,5,6
2024-07-23,0.52084523,0.48902494,0.22957553220939922,0.3938284615709767,0.7144404422733617,0.4558571948895741,5,6
2024-07-24,0.68844581,0.39957944,0.23127650418583534,0.327123420448813,0.7960033681946765,0.40062270728773175,5,6
2024-07-25,0.89035523,0.26792866,0.08667311381251039,0.8509519246384294,0.929794709835321,0.8553545502911665,5,6
2024-07-26,0.80906224,0.2404183,0.0675612714448807,0.6833554795776812,0.8440276459741752,0.686687146281399,5,6
2024-07-27,0.6599077,0.51206118,0.06936398170473244,0.7288302484715611,0.8352752986783952,0.7321235503964149,5,6
2024-07-28,0.43365121,0.44736138,0.2647291075898622,0.5812781679866627,0.6230454046455752,0.6387220122895841,6,6
2024-07-29,-0.32158986,0.27163222,0.27905845802648777,0.3381648199149361,0.4209561746749274,0.4384393554691711,8,6
2024-07-30,-0.83936459,0.17316164,-0.009842872330011654,0.4715251169510534,0.8570401790542598,0.4716278385034216,8,7
2024-07-31,-1.2002013,0.23737188,0.22496218036151,0.5409354742909134,1.2234494554073023,0.5858491016800658,8,6
2024-08-01,-1.2227094,0.26693356,0.5093314799565002,0.5294442684677217,1.2515078115228182,0.7346630451356593,8,6
2024-08-02,-1.1065338,0.12273654,0.3432526080222301,0.4888242771604605,1.1133199489785548,0.5973035466624231,8,6
2024-08-03,-0.96184677,0.26014012,-0.06021567538013917,0.5964528793956093,0.9964045819811586,0.5994847495147808,8,7
2024-08-04,-0.78729939,0.36383659,-0.17302446511775574,0.20256502825986822,0.867304671794866,0.2664020574305061,8,7
2024-08-05,-0.67423248,0.10670675,-0.38418694575770096,-0.4117235591404073,0.6826241774084133,0.5631304453160698,8,2
2024-08-06,-0.75188649,-0.0902588442,-0.5201613654133218,-0.5281962936764394,0.7572845916832323,0.741322582093773,1,2
2024-08-07,-0.89722008,-0.39892855,-0.6737920656072552,-0.4982743938362772,0.981910311566341,0.838017374061064,1,1
2024-08-08,-1.1253475,-0.30168065,-0.6896426598577284,-0.3360731957821191,1.165082919942041,0.7671715526652751,1,1
2024-08-09,-1.0237923,-0.44351691,-0.4565403475612838,-0.4550638922010956,1.1157320121764178,0.6446023851465243,1,1
2024-08-10,-1.0040777,-0.44047108,-0.4747441574296587,-0.11659966403386213,1.096442793744232,0.4888532465540206,1,1
2024-08-11,-0.94703412,-0.68261808,-0.5627272993062222,-0.009439518864429768,1.167407841153665,0.5628064657596487,1,1
2024-08-12,-1.1205925,-0.71627247,-0.3027216640919521,-0.3898591253292316,1.3299525564230295,0.493589448340495,1,2
2024-08-13,-1.1549848,-0.80739456,-0.23158607088679672,-0.5419349717483308,1.4092110784934362,0.5893433819367522,1,2
2024-08-14,-1.2939883,-0.96283209,-0.23255205367978019,-0.8293487576219668,1.6129015326642413,0.8613360664919258,1,2
2024-08-15,-1.0335823,-0.96020067,-0.46547869059546876,-0.700911018034248,1.41077202181704,0.8413956659029557,1,2
2024-08-16,-0.73510987,-1.4598126,-0.31236414432095433,-0.7825252294608456,1.634453837858438,0.8425657798653533,2,2
2024-08-17,-0.67746532,-1.7983701,-0.21031155346704503,-0.6748479816788795,1.9217425104255546,0.7068597795162623,2,2
2024-08-18,-0.47597125,-1.7579559,-0.09920572097076585,-0.8824511002710488,1.8212516512473975,0.8880099771077542,2,2
2024-08-19,-0.057594426,-1.7138021,-0.2228654863628007,-0.9146016679469303,1.7147695926481434,0.9413634983485576,2,2
2024-08-20,-0.0243591126,-1.9205934,-0.24089309742841158,-0.9825521190426656,1.920747868537206,1.0116512002779845,2,2
2024-08-21,-0.11190822,-1.6488636,-0.16114299490788392,-1.1389665664107314,1.6526568370682793,1.1503094819262045,2,2
2024-08-22,0.0852198824,-1.3867792,0.057931005642305,-0.8197832796416455,1.389395184211069,0.8218276139159241,3,3
2024-08-23,0.27067366,-1.1290683,0.6812071160337126,-1.2152472225013942,1.1610596264975737,1.3931507264945602,3,3
2024-08-24,0.47962618,-0.99981034,0.9468413922419969,-1.2600113225436207,1.10890125282295,1.5761145754674333,3,3
2024-08-25,0.76089829,-1.0271801,0.945215493936404,-1.0154560628813396,1.278305583794788,1.3872935326094156,3,3
2024-08-26,0.87198567,-0.68860149,1.1168753006873993,-0.7185656326338389,1.111094514753614,1.3280613712054266,4,4
2024-08-27,0.84011042,-0.6604563,1.085065838605396,-1.1255155628672437,1.0686384056369425,1.563378762924967,4,3
2024-08-28,0.8569991,-0.60209602,0.8091525112770513,-0.8468951043892455,1.0473619597353392,1.1713065799970688,4,3
2024-08-29,0.92027849,-0.42925695,0.6109661557244107,-0.5530013837829161,1.015467394001394,0.8240692773708318,4,4
2024-08-30,1.0155632,-0.46638766,0.6878980644250731,-0.3145188398430418,1.1175357097625631,0.7563900102830384,4,4
2024-08-31,0.99366087,-0.41144425,0.7955940866834474,-0.10266025560139865,1.07547584604547,0.8021901762336743,4,4
2024-09-01,1.2938353,-0.46468544,1.0803844718063127,0.044677422335100796,1.374751738196422,1.081307855787016,4,5
2024-09-02,1.4051979,-0.43505678,0.783930389938679,0.42410308661219787,1.471004942203927,0.891296967538543,4,5
2024-09-03,1.108605,-0.34226385,0.6537129842632313,0.044044250458155174,1.16023686764463,0.6551950562945057,4,5
2024-09-04,1.2573652,0.0916827023,0.8375055336977058,0.15261948768655081,1.260703360855388,0.8512979660471321,5,5
2024-09-05,1.3948852,0.26307914,0.7508026820523951,0.4134692660494326,1.419477141444053,0.8571239708143312,5,5
2024-09-06,0.97429174,0.2155928,0.8763645630210336,0.2875624145041394,0.99786003529757,0.9223377849543505,5,5
2024-09-07,0.66732597,0.16181228,0.8466189389611518,0.3751463522525455,0.6866637926927845,0.9260121021974267,5,5
2024-09-08,0.60472864,0.30913392,1.1094531167961283,0.45946378052058934,0.679161621803541,1.2008302061402836,5,5
2024-09-09,0.68843722,0.47039589,1.1164331137751498,0.6129121091585528,0.8337973969797581,1.2736106748480331,5,5
2024-09-10,0.88207114,0.20604576,0.6721779368487903,0.36831528184652507,0.9058169523887689,0.7664719992458835,5,5
2024-09-11,0.86262441,0.29875126,0.549590887474601,0.8807724246057254,0.9128927582577462,1.0381763855631507,5,6
2024-09-12,0.97228694,0.60337514,0.5580489683841925,0.9513421774750928,1.144291681899586,1.1029372555851544,5,6
2024-09-13,1.4528166,0.67371702,0.2572316107491159,0.4142398570974736,1.6014277056031099,0.48760922958524894,5,6
2024-09-14,1.8310093,0.80170345,0.20624541692542145,0.11085113757063823,1.9988305276907277,0.2341477027507327,5,5
2024-09-15,1.8613034,1.0202335,0.2701010325213873,0.4511124018166281,2.1225754972141297,0.5257917523524751,5,6
2024-09-16,1.7155813,1.3424569,0.19889905445071934,0.7018427067979505,2.1783961359833754,0.729482020989458,5,6
2024-09-17,1.2468671,1.4017669,0.5741210150087388,0.48880352332667654,1.8760671648419254,0.7540184508957571,6,5
2024-09-18,0.78711551,1.5066706,0.44299773034172574,0.6234618347069681,1.6998844440099214,0.7648213179717857,6,6
2024-09-19,0.40694156,1.5422366,0.09127734316254812,0.9145273356117191,1.59502199471819,0.9190711620739079,6,6
2024-09-20,0.15655151,1.5092524,0.4534917434029618,1.1571870984491275,1.5173500526210293,1.2428743871171246,6,6
2024-09-21,0.0474016219,1.3723946,0.5701716613651204,1.4200066915561258,1.373212966683577,1.5302008781490213,6,6
2024-09-22,-0.24634749,1.0993946,0.18647875867103045,1.545000674325819,1.1266568121386655,1.5562138063591147,7,6
2024-09-23,-0.47803298,0.93635023,-0.21828663550268745,1.5520145104299308,1.0513169280425068,1.567290048403339,7,7
2024-09-24,-0.56122732,0.79508781,-0.4774850941611622,1.1448418063853305,0.9732115547633918,1.240425240308226,7,7
2024-09-25,-0.67074454,0.44444904,-0.6478284796074472,0.9425735627370245,0.8046323303824755,1.1437336491339511,8,7
2024-09-26,-0.96289504,0.30588302,-0.7141538843799248,0.8302042090367114,1.0103124665077245,1.0951049261496393,8,7
2024-09-27,-1.2625265,-0.00320330937,-0.6765938389309879,0.7438413284973789,1.2625305637461495,1.0055243134107286,1,7
2024-09-28,-1.5226024,-0.3525683,-0.5880673850102541,0.6415975063786605,1.5628891434297734,0.8703278747139572,1,7
2024-09-29,-1.698063,-0.49962884,-0.633444663372174,0.21153638276149056,1.7700415050864615,0.6678321516567637,1,8
2024-09-30,-1.5339346,-0.53304839,-0.6208576502055209,0.14322094010917946,1.6239137733139504,0.6371628202465035,1,8
2024-10-01,-1.1085463,-0.526712,-0.5530219785264464,0.09756898385981473,1.2273143159711328,0.5615630110190148,1,8
2024-10-02,-0.77480417,-0.69654691,-0.4084506365349177,-0.2843323286221344,1.0418728807680604,0.4976713730821423,1,1
2024-10-03,-0.52680397,-0.78376758,-0.5436103124480008,-0.48957286916493525,0.9443590642688919,0.7315693856512859,2,1
2024-10-04,-0.29828215,-1.0334301,-0.66370964170318,-0.8152509062648204,1.0756161083744666,1.0512585451045688,2,2
2024-10-05,0.0999363661,-0.96920174,-0.5351969168229671,-1.1161099973749802,0.974340438495858,1.2377953247678666,3,2
2024-10-06,0.0709071755,-0.85345644,-0.5764282143252831,-1.1531522316772986,0.8563969421447402,1.2891972524375659,3,2
2024-10-07,0.0385197178,-0.72519505,-0.4499300061591356,-0.9923598050600375,0.7262173429517461,1.089593957922471,3,2
2024-10-08,-0.0312671401,-0.77179986,-0.13452109357131903,-0.6946771901802121,0.7724329472168135,0.7075820257555291,2,2
2024-10-09,0.30689979,-0.60754681,0.12053925051258448,-0.7146819065360296,0.6806618892249074,0.7247757849460132,3,3
2024-10-10,0.52294987,-0.50670606,0.258632228222521,-0.6242986005139354,0.7281672869428704,0.6757509689811806,4,3
2024-10-11,0.45957053,-0.51573902,0.5487478490338094,-0.8021388620124109,0.6907907127307382,0.9718801138874064,3,3
2024-10-12,0.41475084,-0.54563856,0.871403718779576,-0.30715320826163867,0.6853755885932757,0.9239521277903374,3,4
2024-10-13,0.66918802,-0.64461815,0.40928136711047536,-0.5083385336581092,0.9291636914026199,0.652624932304533,4,3
2024-10-14,0.96609688,-0.90041429,0.24682136016405376,-0.4756844755753424,1.3206396462252443,0.5359071786574817,4,3
2024-10-15,1.2595545,-0.7457189,0.34736646572546515,-0.6632734606096593,1.4637534684117608,0.7487290197793284,4,3
2024-10-16,1.533039,-0.46713409,0.6923024063877621,0.026859296316738307,1.6026299739993408,0.6928232413025103,4,5
2024-10-17,1.8697876,-0.011968608,0.6355037607158036,0.15391570256536807,1.8698259054498143,0.6538769558411737,4,5
2024-10-18,2.0729117,0.45342764,0.4754216898609697,-0.15462170722306076,2.121923547329842,0.4999336511326618,5,4
2024-10-19,2.1908538,0.78949553,0.5308599168697274,-0.21948994408207864,2.3287643858631175,0.5744458955307175,5,4
2024-10-20,2.1498654,0.74848974,0.9404576177946843,0.04384043101538697,2.2764353996989297,0.9414788974053891,5,5
2024-10-21,2.0406482,0.85083383,1.2486599215839003,0.04643981870573514,2.2109191035485014,1.2495232116816932,5,5
2024-10-22,2.1309328,0.99239796,1.2701851880552513,0.41339914688268864,2.350686773929696,1.3357654234925715,5,5
2024-10-23,2.2506747,1.1985943,1.0736180310065027,0.7571899424620538,2.5499342935088696,1.3137702559686637,5,5
2024-10-24,2.2491539,1.6036274,0.8129079894089543,1.1933431560453078,2.7623023194277576,1.4439138780845222,5,6
2024-10-25,1.9435657,1.8238651,0.511592005014265,1.4726349350658199,2.6653201558564215,1.5589676172296931,5,6
2024-10-26,1.3244703,2.0138879,0.3767960924417379,1.559604415376993,2.410387116076689,1.6044753746140121,6,6
2024-10-27,0.78724539,1.943506,0.5344965333411001,1.3572250247518036,2.096895532951571,1.4586796467923269,6,6
2024-10-28,0.28972465,1.7322237,0.39362061054479974,1.356512196541722,1.7562856600391956,1.4124668224110994,6,6
2024-10-29,-0.28355986,1.448061,0.3258443696959904,1.4846068980502203,1.4755632327773078,1.5199447999848135,7,6
2024-10-30,-0.99609226,1.5054864,0.27008263797653925,1.6665571984062357,1.8051839493572026,1.6883001886204976,7,6
2024-10-31,-1.236432,1.2606074,-0.0849756711664907,1.8688344993635053,1.7657562423955238,1.8707654184053755,7,7
2024-11-01,-1.455004,0.97660053,-0.40463563784326256,1.7807066432198602,1.752365611170306,1.8261013522310767,8,7
2024-11-02,-1.3959062,0.61679155,-0.7750792489815973,1.458346580309547,1.5261015481775262,1.651521295806514,8,7
2024-11-03,-1.4927479,0.34622836,-0.8958204431675717,1.0836104389682324,1.5323740960427057,1.40595371539673,8,7
2024-11-04,-1.3936106,0.39793053,-0.8101778949610628,0.7365242824806145,1.4493099085904437,1.094922938003914,8,8
2024-11-05,-1.5318903,0.53391129,-0.9205769282877418,0.20121812844016249,1.6222666725367794,0.9423113159188188,8,8
2024-11-06,-1.8085393,0.41498545,-1.244769026671696,0.20143460412260816,1.8555396313084214,1.2609622633129167,8,8
2024-11-07,-1.747008,-0.0469284877,-1.162426310261781,-0.10376407764246456,1.7476381876755294,1.167048375431717,1,1
2024-11-08,-1.5570204,-0.2478434,-0.8915056512329722,-0.29320447260040816,1.5766226171597693,0.9384834516032818,1,1
2024-11-09,-1.4078484,-0.62757391,-0.7188252612961151,-0.3700653363043424,1.5413909724321238,0.8084912549999995,1,1
2024-11-10,-1.3142961,-0.68002796,-0.7033084607375185,-0.6167800743593668,1.4798014275087628,0.93544665859242,1,1
2024-11-11,-1.0956122,-0.57109988,-0.7713919054402048,-0.3286779929866828,1.235524652010171,0.8384954948313221,1,1
2024-11-12,-0.8347525,-0.58900291,-1.052797215753766,-0.4493458211094617,1.021634065722516,1.144680586210589,1,1
2024-11-13,-0.58435047,-0.71833706,-1.1292163503456887,-0.8672991221077787,0.9259987060242927,1.4238459653687827,2,1
2024-11-14,-0.45287287,-0.9844113,-0.589418232528168,-1.1366716482587857,1.0835863804744534,1.280404736320502,2,2
2024-11-15,-0.49207547,-1.0360014,-0.29511080899921543,-0.9295125177523639,1.146925093010734,0.9752353101926273,2,2
2024-11-16,-0.41417161,-1.0076723,-0.15239290433755845,-1.1568674078533367,1.0894684881708523,1.1668615156245983,2,2
2024-11-17,-0.29984263,-1.2241514,-0.16821236245602061,-0.9693128525895169,1.260338150214964,0.983800185544942,2,2
2024-11-18,-0.3080779,-1.5541123,-0.23401763530181938,-0.7318321909782352,1.5843538220611264,0.7683375621328554,2,2
2024-11-19,-0.42219326,-1.9019241,-0.024922929565240524,-0.6969796061044786,1.9482203240265814,0.6974250667589086,2,2
2024-11-20,-0.3844727,-2.1213679,0.25383301669709407,-0.6827117652532755,2.155926952425731,0.728372538458714,2,3
2024-11-21,-0.10555383,-2.1401598,0.48287785131800864,-0.8629543130033305,2.1427612047458084,0.9888686291032529,2,3
2024-11-22,0.23836437,-2.046757,0.44430215780499865,-0.8724733047952629,2.060590155740461,0.9790883897843675,3,3
2024-11-23,0.58847165,-1.8946822,0.38737334455713995,-0.7524133360700747,1.9839656050069423,0.8462765129492156,3,3
2024-11-24,0.8737573,-1.5983207,0.6989901843372461,-0.9794156509254349,1.8215600125584057,1.2032631861224339,3,3
2024-11-25,1.1175574,-1.3347373,0.9291082733529288,-1.1527289974253352,1.7408211287510413,1.4805493322135803,3,3
2024-11-26,1.4097879,-1.2884016,1.0408349441702012,-1.4104799764791258,1.9098378480564704,1.7529378611503434,4,3
2024-11-27,1.769245,-1.311928,1.2387982920376597,-1.3845398436076395,2.202585514164887,1.8578406247287438,4,3
2024-11-28,2.049221,-1.0798155,1.4029942804153868,-1.0780372692448932,2.316313497970698,1.7693380979222924,4,4
2024-11-29,2.1152909,-0.82864177,1.4120824417831388,-0.7443035655813783,2.2718060600789727,1.5962345128863067,4,4
2024-11-30,2.3242669,-0.49618578,1.421535622704266,-0.40043731242137665,2.3766398445515087,1.4768593595181838,4,4
2024-12-01,2.3345571,-0.30889568,1.2756043705166298,-0.010087986196909787,2.354904115730208,1.2756442597944915,4,4
2024-12-02,2.2092743,-0.45398271,1.1580352931573288,0.25118367307003175,2.2554363732146014,1.1849637031634905,4,5
2024-12-03,2.2769451,-0.36499628,1.3063435392769382,0.33207746854095893,2.3060141527813416,1.3478905325445272,4,5
2024-12-04,2.1488063,-0.30176404,1.5698017557846133,0.4817488993411396,2.1698917140624348,1.6420595465697505,4,5
2024-12-05,2.0573802,-0.1969367,1.4925001615972489,0.8661596862277661,2.06678430203999,1.7256272292746182,4,5
2024-12-06,2.1424129,0.0440892316,1.213701193784596,0.9597621757913339,2.1428665134416303,1.5473247952107112,5,5
2024-12-07,2.3564529,0.28347513,1.1205068324878382,1.176017543695153,2.373442314286767,1.624362282476021,5,6
2024-12-08,2.2869368,0.39532223,1.040847267019758,1.1109575138201695,2.320853203614225,1.5223631730884688,5,6
2024-12-09,2.373132,0.59057677,1.0986105644973083,0.7851802661969356,2.4455135269892976,1.3503529993487573,5,5
2024-12-10,2.4229279,0.63879341,1.2012837095288351,0.929994220212462,2.5057207803859227,1.5192010401549705,5,5
2024-12-11,2.2999659,1.0276402,1.0451862260962064,0.8687888250786832,2.519104507919203,1.3591204029823218,5,5
2024-12-12,2.3111706,1.2080884,0.9744369781525182,0.8198941122916683,2.6078702276990167,1.2734809695325462,5,5
2024-12-13,2.3982515,1.1863167,0.8998781751060565,1.1003273521702968,2.6756228377615447,1.4214432848222622,5,6
2024-12-14,2.1424243,1.2341939,0.8940343927118929,1.2774208955278008,2.4724919542897807,1.559199037866164,5,6
2024-12-15,1.7953297,0.90480787,0.7900096225068977,1.2859381249554978,2.010444232829159,1.5092223377844474,5,6
2024-12-16,1.6550525,0.81206828,0.6761440998163186,1.380937899368767,1.8435437800981045,1.5375826240008836,5,6
2024-12-17,1.4514356,1.1042572,0.7594742593215398,1.3850301235192726,1.8237459430247405,1.5795915907688964,5,6
2024-12-18,1.3011663,1.1402619,0.24617811938112366,1.648853338438042,1.7300956449998075,1.6671295684919942,5,6
2024-12-19,1.0965782,1.0777304,0.16341294159119857,1.6608528932245827,1.537526118086909,1.6688727100686727,5,6
2024-12-20,1.1732595,1.1599017,0.4335323462103581,1.6098186161281087,1.6498211442465938,1.6671731379923553,5,6
2024-12-21,1.4126011,1.2507263,0.1817619786343859,1.5529540712749927,1.886732133937645,1.563554848531596,5,6
2024-12-22,1.2923049,1.2285676,0.24404743289113986,0.9874117407697806,1.7830957075641707,1.0171239331127568,5,6
2024-12-23,0.9471665,1.1127913,0.3744810417656674,0.9623108785407936,1.4613106637802724,1.032607513821129,6,6
2024-12-24,0.89890343,1.1400234,-0.12329146322022091,1.220059698236156,1.4517853591400227,1.226273400250973,6,7
2024-12-25,0.68922037,1.25749,-0.18855023862505865,1.0801068799181763,1.4339825028649886,1.0964406342945086,6,7
2024-12-26,0.37478113,1.2684202,-0.11694432831345933,0.9175847472175993,1.3226302201190312,0.9250068887587117,6,7
2024-12-27,0.13659036,1.6005768,-0.07447657343432107,1.0936410187611567,1.606394415809259,1.0961739998318965,6,7
2024-12-28,-0.16278481,1.3502874,0.036211781407208724,1.3154677113567472,1.3600643208927643,1.315966030235903,7,6
2024-12-29,-0.22312011,1.1319126,-0.13831849032859517,1.202047889763203,1.1536935110873996,1.209979807290581,7,7
2024-12-30,-0.31751212,1.2198046,-0.3513507689748867,0.8256169519664982,1.2604511924418393,0.89726847388822,7,7
2024-12-31,-0.33512649,1.2330885,-0.23853883496649425,0.8992291208971044,1.2778172847210865,0.9303299348384698,7,7
2025-01-01,-0.29047537,1.0341299,-0.4185051545685161,0.8902710224569452,1.0741511023364667,0.9837322083915684,7,7
2025-01-02,-0.14733869,0.98617315,-0.6163232603062476,0.6515290555947718,0.9971189354093315,0.8968525360831278,7,7
2025-01-03,0.14303294,0.72548133,-0.8012760718281128,0.8843518611116679,0.739446808163787,1.1933656428504893,6,7
2025-01-04,0.15163448,0.55078679,-0.8233683688380479,0.32214316014463357,0.5712784816211568,0.8841446071944332,6,8
2025-01-05,-0.20680808,0.47521335,-0.48462744169211064,0.38209000920773484,0.5182637455692891,0.6171357487436674,7,8
2025-01-06,-0.37489173,0.43080691,-0.6665787121422104,0.49675410111345797,0.5710852851598796,0.8313193227961247,7,8
2025-01-07,-0.74380916,0.53626287,-0.7354071508661568,0.44370598235379993,0.916967792368163,0.8588938679031473,8,8
2025-01-08,-0.85602814,0.57652152,-0.5126720638657274,0.30980212681551494,1.0320664898614673,0.5990075148508246,8,8
2025-01-09,-1.0051121,0.34015641,-0.38421066425211475,0.5024068216215439,1.0611110765751615,0.6324796035738331,8,7
2025-01-10,-1.0285103,0.36678815,-0.11132890746387258,0.4295777800142991,1.0919555779364436,0.44376930348900095,8,7
2025-01-11,-1.6408391,0.2503829,-0.07675012422262469,0.3390729500984295,1.6598326869601105,0.34765075443128324,8,7
2025-01-12,-2.0924423,0.21359879,-0.5023018176769811,-0.12611871580797313,2.1033162439154873,0.5178928909713393,8,1
2025-01-13,-2.1726239,-0.16758221,-0.4476330210197939,-0.11567311932154885,2.179077421286287,0.462337097841915,1,1
2025-01-14,-2.1326568,-0.35273004,-0.6925494166813256,-0.21062436815235794,2.1616298267059144,0.7238696837174661,1,1
2025-01-15,-1.8826097,-0.69943035,-0.7498306873543702,-0.15780322195639465,2.0083381431012093,0.7662557775039263,1,1
2025-01-16,-1.5493568,-0.94110471,-0.6161497832979247,-0.4605231701833053,1.8127836519812353,0.7692347793318768,1,1
2025-01-17,-1.305957,-1.1716756,-0.6169141588883906,-0.2415653352152719,1.7545219854662295,0.6625231245885966,1,1
2025-01-18,-0.68465346,-1.5679243,-1.0972950255031462,-0.9260500464946255,1.710887772713471,1.435836014873094,2,1
2025-01-19,-0.19776557,-2.0056887,-1.2739549181912748,-0.9824416918519251,2.015415188487254,1.6087736980298413,2,1
2025-01-20,0.2535266,-2.1716063,-0.8939449772486259,-1.2924875934491171,2.1863553368808213,1.5715157656122756,3,2
2025-01-21,0.59086877,-2.2129097,-0.6799005499882567,-1.23648703189607,2.290435601302818,1.4110864388553548,3,2
2025-01-22,0.84030813,-2.2755604,-0.37777176598991613,-1.294019658254057,2.4257561475532237,1.3480350081237082,3,2
2025-01-23,1.0238664,-2.0707412,-0.0718864719705715,-1.128150220078589,2.310037125767982,1.1304382264926043,3,2
2025-01-24,1.20618,-1.593345,0.11315200130161036,-1.1888521847876612,1.998403983539114,1.1942248082639026,3,3
2025-01-25,1.3616095,-1.1393352,0.8714574368324981,-1.0663601786503245,1.7754056236390854,1.3771572513049553,4,3
2025-01-26,1.5362179,-1.0471463,1.4210892484159534,-0.9914300812922602,1.8591613189511287,1.7327516435007635,4,4
2025-01-27,1.6932245,-1.039167,1.7022705939298035,-0.6553616912924103,1.9866749259225198,1.824068014458829,4,4
2025-01-28,1.4270376,-0.6949625,1.687959578218368,-0.5517051689040988,1.5872646875111944,1.7758339255388245,4,4
2025-01-29,1.4290907,-0.34049523,1.7601424042670428,-0.572809238628679,1.46909401689587,1.8510028922606612,4,4
2025-01-30,1.6513275,-0.14797918,1.6948847803906224,-0.24894078887841523,1.6579446160742892,1.7130691565629148,4,4
2025-01-31,1.7784137,0.33702329,1.311413255296033,0.3094936684622379,1.810066293357819,1.3474387024960919,5,5
2025-02-01,1.7317389,0.68936169,0.9745584120583443,0.6097026427300071,1.8639042779640982,1.1495657489094029,5,5
2025-02-02,1.6049805,1.2631276,1.1553727201778607,0.42079491950882125,2.0424137042386907,1.2296155849758998,5,5
2025-02-03,1.4022269,1.6085229,1.3087007927217578,0.5362583639172079,2.1339133531865864,1.4143093005922425,6,5
2025-02-04,1.4113882,1.8723311,0.7460659820696224,0.5999229683900256,2.3447047573471695,0.9573515642664453,6,5
2025-02-05,1.4320103,1.8496946,0.4978925555768262,0.7366885736677076,2.339235689830174,0.889160869287096,6,6
2025-02-06,1.0173107,1.946358,0.8106159393914011,0.7946618291094426,2.19618544856724,1.1351588540107365,6,5
2025-02-07,0.79486358,1.9679193,0.4610798969354713,1.2799773359782955,2.122384150459786,1.3604913274167239,6,6
2025-02-08,0.81048763,1.9772232,0.1445142217102595,1.346860944046051,2.136890680638871,1.3545917329118549,6,6
2025-02-09,0.79021925,1.9555986,-0.2528346116200435,1.5232360208686881,2.109220791522908,1.5440768491577526,6,7
2025-02-10,0.51038921,1.9844451,-0.45930524206583334,1.5260892531387287,2.049028916486645,1.5937094195413029,6,7
2025-02-11,-0.0861871019,2.103713,-0.4542704607270353,1.6429597295008338,2.1054777611988498,1.7046050346782993,7,7
2025-02-12,-0.76808536,2.1331708,-0.35268023096505036,1.6321391844161917,2.2672390218543277,1.669808870086727,7,7
2025-02-13,-1.3589412,1.9815365,-0.6845925646864716,1.4532687290008404,2.4027501089147183,1.6064423358202806,7,7
2025-02-14,-1.0944872,1.7175279,-0.8117940426623947,1.3323197044249426,2.0366158985538365,1.5601555571484276,7,7
2025-02-15,-0.74662411,1.4659997,-0.6401100687695502,1.3847558849988677,1.645175577874101,1.5255457256926637,7,7
2025-02-16,-1.1613334,1.1785613,-0.6421958606061732,1.3923477093756442,1.6546002549900836,1.5333126449564376,7,7
2025-02-17,-1.6398195,1.3314903,-0.8526596027754395,1.259401169407277,2.1123149413793247,1.5208943762502336,8,7
2025-02-18,-1.3856436,1.3168119,-1.3224553808995894,0.8585095591734232,1.9115443406320896,1.5766822437201555,8,8
2025-02-19,-0.93583483,1.0449542,-1.5743886224494965,0.5429680903759887,1.4027530463837066,1.6653870065738385,7,8
2025-02-20,-0.5775466,0.84367037,-1.6031853272738514,0.23177712898996639,1.0224185876574707,1.6198530276259626,7,8
2025-02-21,-0.63637447,0.86711735,-0.9935955545985854,0.4834082463289971,1.0755765731638094,1.1049505232076895,7,8
2025-02-22,-0.74190444,0.57493764,-0.67973604592864,0.4530364501584985,0.9386029447964049,0.8168739910824165,8,8
2025-02-23,-0.70167947,0.2859579,-1.0622604463774439,0.013053078311781239,0.7577110261781143,1.062340641598268,8,8
2025-02-24,-0.86788583,0.0609855689,-1.555822993379452,-0.10028463142819197,0.8700258924473716,1.5590516970353763,8,1
2025-02-25,-1.0791258,-0.21625941,-1.1993062061987756,0.1158053056271413,1.1005819481706884,1.2048843284889614,1,8
2025-02-26,-1.142748,0.0457033962,-0.5903318581654499,0.14018728144601145,1.14366157228798,0.6067488579670307,8,8
2025-02-27,-1.1481125,-0.0681060404,-0.41532301794912074,0.21341994313282878,1.1501307514344692,0.4669489065895599,1,8
2025-02-28,-1.0177218,-0.30051076,-0.732338402408581,0.16104908315136254,1.061161806262842,0.7498375442895928,1,8
2025-03-01,-1.4698476,-0.40279403,-0.7257317399154023,-0.33272085180422845,1.524039040782552,0.7983669103526075,1,1
2025-03-02,-1.5516179,-0.50435579,-0.343033294171524,-0.36605630743550815,1.6315308365173287,0.5016662846190549,1,2
2025-03-03,-1.5240269,-0.73569208,-0.4625606876761597,-0.5823691382663937,1.6923063636641966,0.7437178248425835,1,2
2025-03-04,-1.586859,-1.0373099,-0.4976600215816927,-0.8799183527810878,1.8958199583607642,1.010901481174933,1,2
2025-03-05,-1.703344,-1.2325447,-0.6357703918572051,-0.4816876419617018,2.102509743100871,0.7976383739395245,1,1
2025-03-06,-1.595294,-1.271371,-0.6427256833174549,-0.7477962078749355,2.039938029959979,0.9860504411580694,1,2
2025-03-07,-1.4055501,-1.4344956,-0.23371506747144086,-0.8028877994939895,2.0083198724379963,0.8362126232839832,2,2
2025-03-08,-1.4104162,-1.46852,-0.6812640792736755,-1.07684170446171,2.03612987002854,1.2742483283004964,2,2
2025-03-09,-1.5779047,-1.4316249,-0.6534886754710787,-1.110338392188976,2.130571072877434,1.2883705965822665,1,2
2025-03-10,-1.8757071,-1.4780475,-0.3708282889121297,-1.2216631562495572,2.3880748600591777,1.2767045418557608,1,2
2025-03-11,-1.6781887,-1.2916869,-0.21420365969791683,-1.36939914209394,2.1177281129642918,1.3860509435787705,1,2
2025-03-12,-1.114979,-1.2543215,-0.22545609629364363,-1.3646167629968506,1.6782433064973772,1.3831158162670152,2,2
2025-03-13,-0.80724007,-1.4247479,-0.17819922445637304,-1.2157895813599904,1.6375417885257204,1.2287795854995125,2,2
2025-03-14,-0.54628313,-1.5027785,0.1143733691696914,-1.2916327274401906,1.598989830544537,1.2966866892853541,2,3
2025-03-15,-0.47209501,-1.2492388,0.035632929008704024,-1.2309740698640432,1.3354666891736162,1.2314896939509423,2,3
2025-03-16,0.10094073,-1.0317409,-0.2742210366650781,-1.1852681296539689,1.0366669261174213,1.2165762270088496,3,2
2025-03-17,0.52205783,-1.1016006,-0.40864475132526534,-1.2981972970268412,1.2190439941957258,1.3609947666297193,3,2
2025-03-18,0.94442493,-0.70812583,-0.4162818373380536,-0.9702125852680111,1.1804154520840084,1.055747616009614,4,2
2025-03-19,1.1521651,-0.16800258,0.11956595476640533,-0.8944105869623074,1.1643492966222233,0.9023670625690309,4,3
2025-03-20,0.86474246,0.0950576067,0.45020522148028236,-0.9857335138116423,0.8699514185966843,1.0836767514806052,5,3
2025-03-21,0.69709289,0.56045353,0.6724258893313761,-0.8823794815498407,0.8944532724396579,1.1093917820604486,5,3
2025-03-22,0.61536604,0.78491455,0.34237391706524506,-0.5941032719127788,0.9973796739391594,0.6856957027603925,6,3
2025-03-23,0.26509055,1.0095996,0.6756139780067467,-0.04412130448471887,1.0438219924965475,0.6770531270052108,6,4
2025-03-24,0.0733604953,0.94235432,1.0621196159769055,0.03144211470573755,0.9452054944261188,1.0625849072992228,6,5
2025-03-25,0.13941114,0.70405817,0.9441833057368821,0.6947793254143428,0.7177279238679853,1.1722629508158295,6,5
2025-03-26,0.41156122,0.64209914,0.4418880457752099,1.0078705821995233,0.7626755164528543,1.1004854181052288,6,6
2025-03-27,0.54728615,0.50899726,0.05288795423578261,0.692060393242112,0.7473957055464863,0.6940783267021619,5,6
2025-03-28,0.58545154,0.45810378,-0.16925021856814204,0.8865824783681906,0.7433791622978546,0.902593002097206,5,7
2025-03-29,0.33625582,0.52202076,-0.1804926204162322,0.8075182892989813,0.6209457708647752,0.8274438794124175,6,7
2025-03-30,0.27667153,0.4139463,-0.36571388760847723,0.697649352694382,0.4978942405734685,0.7876936377200188,6,7
2025-03-31,0.14204143,0.50327766,-0.38530009986438324,0.4545072731591222,0.5229380182120252,0.5958464804880906,6,7
2025-04-01,0.0247618444,0.44691083,0.01880725937722489,0.4385383377237795,0.44759629009787233,0.4389414387578574,6,6
2025-04-02,-0.26109579,0.3014217,0.22199781720721806,0.6226995811817478,0.3987807076409466,0.6610883445113017,7,6
2025-04-03,-0.15152989,0.14804102,0.21604585096148468,0.5977336188723564,0.21184298705893592,0.6355794905815602,8,6
2025-04-04,-0.00544293923,0.16622204,0.1572730967544685,0.5470789689840285,0.1663111306233683,0.569236528402182,7,6
2025-04-05,-0.10820633,0.3060945,-0.18791069170601268,0.32313268614444146,0.3246574391297986,0.3737982890709296,7,7
2025-04-06,-0.42394346,0.15152088,-0.0725583364598749,0.17296358320869637,0.4502073237440124,0.18756629043145265,8,7
2025-04-07,-0.68432498,-0.094361186,-0.07474954548888313,0.2837553456305378,0.6908000518784918,0.29343583749211777,1,7
2025-04-08,-0.64853454,-0.32176134,-0.17186806139830876,0.12952862826131978,0.7239664422413564,0.21521221170758875,1,8
2025-04-09,-0.41822052,-0.49687451,-0.19373723108374563,-0.12893235984016005,0.6494556813492438,0.2327180012847076,2,1
2025-04-10,-0.0181618501,-0.48809978,0.06981739975777945,-0.016645897761739397,0.4884375579693921,0.07177433539387086,2,4
2025-04-11,0.0411783755,-0.57920849,0.19704818936614343,0.25923846989207205,0.5806704172737742,0.32562643198066443,3,6
2025-04-12,0.12493733,-0.15078218,-0.17403623985897068,0.18850286629896887,0.1958177781333485,0.2565578753170054,3,7
2025-04-13,0.0904340371,0.0799662098,-0.3741235445048833,-0.2998287244547321,0.12071830754273269,0.47944310461310113,5,1
2025-04-14,0.25978857,0.24287131,-0.31541916416700955,-0.4900356316725741,0.35563545144397657,0.5827728283238277,5,2
2025-04-15,0.26910087,0.14535241,-0.06514098300599096,-0.4989948397830367,0.30584734971479643,0.5032287728231418,5,2
2025-04-16,0.27063012,0.41428459,0.20728735572920426,-0.39490788528133375,0.4948458177682039,0.4460048045734269,6,3
2025-04-17,0.12148948,0.63337219,0.4536552305283917,-0.07294679383175426,0.644918618754387,0.45948264702391173,6,4
2025-04-18,0.0876060277,0.8021825,0.34659811212773933,-0.28142688186565185,0.8069520304179321,0.4464653863035034,6,4
2025-04-19,-0.00100393302,0.79766345,-0.023090773078717392,0.1954911499950115,0.7976640817708989,0.1968501296106886,7,7
2025-04-20,0.0224897377,0.81297094,-0.2996066451288803,0.16869591118588434,0.8132819545436247,0.34383492006516525,6,8
2025-04-21,-0.0744410753,0.69308615,-0.08403247966322142,0.3392903255135537,0.6970723671281502,0.3495416750910297,7,7
2025-04-22,0.00259673037,0.98577482,0.023328040304293456,0.15794188633727227,0.9857782401507182,0.15965536923077336,6,6
2025-04-23,-0.0133370236,1.2680699,-0.09750908591953782,0.44710613212800787,1.2681400346509517,0.45761546654733104,7,7
2025-04-24,-0.17460258,1.2032537,-0.3973265430155209,0.4456749573474165,1.2158558827041743,0.5970716451074244,7,7
2025-04-25,-0.33753318,1.1608053,-0.4246328709695781,0.5357768269876778,1.208882786753539,0.6836445592885607,7,7
2025-04-26,-0.47710624,0.89485681,-0.3986101532377951,0.45389395538328203,1.0141001304853057,0.6040776249769059,7,7
2025-04-27,-0.53066069,0.80600113,-0.3584733760186811,0.5176156628900948,0.9650070411518006,0.629626187339268,7,7
2025-04-28,-0.48311877,0.77276647,-0.38037042166476576,0.3151022720779883,0.9113570996500624,0.4939343069135229,7,8
2025-04-29,-0.71319962,0.71670991,-0.48035470297711497,0.6812271919177925,1.01110177186095,0.833553314239967,7,7
2025-04-30,-1.1452104,0.49470013,-0.7073516116049474,0.8350435712034386,1.2474915145563825,1.0943692558950606,8,7
2025-05-01,-1.2844188,0.46375743,-0.8029596362840585,0.5243051753546988,1.3655777559969424,0.9589786725496814,8,8
2025-05-02,-1.2948881,0.33747232,-0.7989654178969083,0.44622217476247666,1.3381415314860354,0.9151283889405549,8,8
2025-05-03,-1.2917631,0.29241931,-0.7073745225339777,0.1674476820499201,1.324447416616638,0.7269232706098108,8,8
2025-05-04,-1.0996504,0.10627116,-0.6071759971163496,0.23405573198934213,1.1047735341090976,0.650726345825417,8,8
2025-05-05,-0.64169425,0.0144523429,-0.6293461195013978,0.2594437888893044,0.6418569783825379,0.6807258021587735,8,8
2025-05-06,-0.0153407669,-0.00510463864,-0.8060978353646218,-0.011537455541963866,0.016167760040435925,0.8061803973428724,1,1
2025-05-07,0.36376306,-0.0339863896,-0.9687297191435137,-0.5608672667335619,0.3653472847834052,1.1193790062552753,4,1
2025-05-08,0.58401865,0.14612642,-0.9103964001444771,-0.4076284258542412,0.6020221874398308,0.9974881146963254,5,1
2025-05-09,0.74875379,0.38895968,-0.8474445249873016,-0.42093751156324094,0.8437546270717965,0.9462296822505658,5,1
2025-05-10,0.72397476,0.80527389,-0.8018088257026386,-0.4393720144485505,1.0828691015227971,0.9143003664306504,6,1
2025-05-11,0.49657089,0.7052936,-0.552039799561048,-0.5094210020436055,0.8625669313139428,0.7511708844347691,6,1
2025-05-12,0.0859071165,0.52541924,-0.06251251097033579,-0.1804092154411852,0.5323959151116039,0.19093270815635632,6,2
2025-05-13,-0.21730681,0.36993125,0.2258410358225547,0.1482545245701043,0.42903540576383503,0.2701547288442534,7,5
2025-05-14,-0.16681756,0.22419921,0.29686455689836755,0.26243192107894064,0.2794519352034938,0.39623109209607393,7,5
2025-05-15,-0.35659242,0.25802866,0.13623646715983695,0.38205401990059507,0.440155589971151,0.4056176143936523,8,6
2025-05-16,-0.28141212,0.15141639,0.0042376058967856884,0.639600039850225,0.3195617380781474,0.6396140776125443,8,6
2025-05-17,-0.2186318,0.000643288251,-0.29880368585897693,0.8631373042141686,0.21863274638309302,0.9133945744359402,8,7
2025-05-18,0.0406890176,-0.22668578,-0.3970859184410453,0.4477060138958492,0.23030857345626868,0.5984295292703049,3,7
2025-05-19,0.16039933,-0.44512686,-0.36010746961742585,-0.0513909945715052,0.47314465711651915,0.3637559951359067,3,1
2025-05-20,0.17587131,-0.37822574,-0.28515179304968175,-0.13656107325675482,0.4171156051739897,0.31616526028089376,3,1
2025-05-21,0.45989767,-0.23033808,-0.02061211563790084,-0.0030575350293350493,0.5143554198893167,0.02083765417521385,4,1
2025-05-22,1.0213388,-0.21366663,-0.2019257795691124,-0.05689172023910418,1.0434492671716231,0.20978724528998005,4,1
2025-05-23,1.1680838,-0.36322233,-0.1487556747146909,-0.06046749783215421,1.2232539494451138,0.16057574242053033,4,1
2025-05-24,0.88249242,-0.48233056,0.048144689045539785,-0.07571386170228446,1.0057015663045226,0.08972457822227071,4,3
2025-05-25,0.57944846,-0.49838752,0.3308335385455311,-0.001988802562730412,0.7642974799697576,0.3308395163250468,4,4
2025-05-26,0.41660434,-0.38950831,0.4676728308171292,-0.10312127862585906,0.5703296412303079,0.4789069583853832,4,4
2025-05-27,0.55472857,-0.2742871,0.32582268506995,-0.10179960131224043,0.6188353574260724,0.3413555052046516,4,4
2025-05-28,0.87633634,-0.18749911,0.372157765886616,0.2523829267571966,0.8961703504665771,0.4496649246141461,4,5
2025-05-29,0.69557637,-0.21663013,0.7676802003724824,0.45096691504251557,0.7285294089645207,0.8903392884214973,4,5
2025-05-30,0.45560738,-0.278007,0.8585518241671111,0.5284849734859113,0.5337283735754212,1.0081704230838546,4,5
2025-05-31,0.22225963,-0.12653646,0.5456402177985058,0.029938181542545295,0.2557553886765018,0.5464609244889109,4,5
2025-06-01,0.17391947,0.19737308,0.41005636069024387,-0.22422079848777945,0.2630667496164563,0.4673555235760296,6,4
2025-06-02,0.5295158,0.49044201,0.3667130703410823,-0.11321390998251007,0.7217481192372309,0.38379143473052063,5,4
2025-06-03,0.65791708,0.62844014,0.5451946211657478,0.21321990256731024,0.9098306950850505,0.5854057582556534,5,5
2025-06-04,0.56929213,0.98314923,0.7327491092551938,0.47195974781694466,1.136079195183826,0.8715889287236924,6,5
2025-06-05,0.25353009,1.2731192,0.4624985799456053,0.23082119301015563,1.2981178698192426,0.5168978231665645,6,5
2025-06-06,-0.0304996204,1.3418921,0.2694069749389501,-0.09664689224468298,1.3422386653970872,0.2862179937151252,7,4
2025-06-07,-0.13070206,1.3431857,0.08263394095234132,-0.04266796628914726,1.3495298637572766,0.09299958894837568,7,4
2025-06-08,-0.47565818,1.4930458,-0.10273675574569362,0.27154897229230046,1.5669832370190029,0.29033374818328456,7,7
2025-06-09,-0.69794393,1.4813086,0.08566892121295235,0.7428473638163572,1.6374983657572928,0.747770934170821,7,6
2025-06-10,-0.83456898,1.2032179,0.05773276329555243,0.8524784111007626,1.4643219240517606,0.8544311050931029,7,6
2025-06-11,-0.98457712,0.90797287,-0.3250840169481196,0.9843436523361155,1.3393307425290928,1.03663496177272,8,7
2025-06-12,-0.9650194,0.38709012,-0.7275612643369715,0.8606415057462043,1.0397601662777691,1.126964593399769,8,7
2025-06-13,-0.82509613,-0.22560497,-0.8196661900214607,0.662421219400622,0.8553836719447466,1.0538759580598203,1,8
2025-06-14,-0.53405792,-0.68820435,-0.7289797080684733,0.637033942268981,0.8711160021912402,0.9681031238346234,2,8
2025-06-15,-0.29694423,-0.86571753,-1.0060505457799391,0.6068779019947854,0.915228232453301,1.174920630763502,2,8
2025-06-16,-0.19369951,-0.75819427,-1.1442733171929131,0.4443614676011722,0.7825458780385166,1.227525371765627,2,8
2025-06-17,0.0506443083,-0.33158654,-0.9218623330997573,0.18452448832338197,0.3354317806534691,0.9401486307915008,3,8
2025-06-18,0.0186967477,-0.26885772,-0.8121601987892724,-0.01917048767541542,0.26950703511811314,0.8123864204275842,3,1
2025-06-19,-0.0860933065,-0.39885762,-0.5222174866995557,-0.39867893485670625,0.40804345167661665,0.65700532456996,2,1
2025-06-20,-0.0389508195,-0.38291287,-0.14535883038766678,-0.5564783107456889,0.38488885714106935,0.5751498064870108,2,2
2025-06-21,-0.1261072,-0.6081444,0.23685340117564277,-0.662619354952394,0.621081828057463,0.7036788636913834,2,3
2025-06-22,0.16639292,-0.68710518,0.4555136777546244,-0.6501619561968568,0.7069654391898934,0.7938534372963736,3,3
2025-06-23,0.50597715,-0.65130883,0.29058166830434357,-0.5395995656258529,0.8247521254038036,0.6128665410822691,3,3
2025-06-24,0.82098192,-0.22728616,-0.011476031246599435,0.07857208806826776,0.8518628478190794,0.07940574485879817,4,7
2025-06-25,0.70062631,0.18133314,-0.16418521334711808,-0.2733713652574687,0.7237119136275675,0.3188866375760688,5,2
2025-06-26,0.42010739,0.43176287,0.025540006754642405,-0.4904189177936126,0.6024196170803612,0.4910835029553378,6,3
2025-06-27,0.33620557,0.35314593,0.16929904639342727,-0.2599363469645691,0.4875922817012076,0.3102081101180443,6,3
2025-06-28,0.28123626,0.22438335,0.2253667855735944,-0.6333758835429057,0.35978010186224874,0.6722761321760062,5,3
2025-06-29,-0.0401894227,-0.00569816772,0.6762355042538074,-0.25028977307882616,0.04059136376527062,0.7210682545510179,1,4
2025-06-30,-0.33962148,-0.17713447,0.7687978708633469,0.02933341122715081,0.38303964564986126,0.7693572741309701,1,5
2025-07-01,-0.36848363,-0.26101011,0.4641929717596567,0.5673809570168206,0.4515600326647488,0.7330731651181788,1,6
2025-07-02,-0.32236335,-0.42740417,-0.11425654134812649,0.6692132414083958,0.5353433047649063,0.6788968402615879,2,7
2025-07-03,-0.53184271,-0.3728421,-0.4383906146637793,0.3682032351369633,0.6495135870115067,0.5725032343931449,1,8
2025-07-04,-0.26022267,-0.1914072,-0.1348981667857894,0.17713168481508837,0.32303645954252425,0.22265028445433988,1,7
2025-07-05,0.15979075,-0.0501586571,0.14515849438229084,0.13420633845681088,0.16747828118188304,0.19769251319490486,4,5
2025-07-06,0.28893,0.00192504248,0.004736823375521421,-0.24656841873839577,0.2889364128810175,0.24661391407388952,5,3
2025-07-07,0.39774293,-0.12801205,-0.032515390113129136,-0.41482478772773024,0.4178355218386625,0.41609717027103826,4,2
2025-07-08,0.33568284,-0.10574791,0.04727878454046129,-0.32529169909572364,0.35194543545815976,0.3287095571598218,4,3
2025-07-09,0.5875836,0.0410111733,0.17997392419075453,-0.4027953918073527,0.5890130756820281,0.441174275145161,5,3
2025-07-10,0.99793756,-0.21877621,-0.11768506018408406,-0.43569555676877697,1.021637119392555,0.4513096404671476,4,2
2025-07-11,1.2224712,-0.59380716,-0.06472146774413949,-0.02094122156887048,1.3590595197034991,0.0680250185428289,4,1
2025-07-12,1.0608151,-0.70743608,0.2514612270753703,0.262805340131605,1.2750664624535366,0.36372983864942887,4,6
2025-07-13,1.140471,-0.27428848,0.1740500881392156,0.3019540585719033,1.1729911645454583,0.3485250158443625,4,6
2025-07-14,1.3246561,0.13002719,0.2521311474257873,0.08163597774943318,1.3310224841851868,0.2650180151713276,5,5
2025-07-15,1.5288068,0.30184701,0.21413066478959866,0.08153058906169224,1.558320201105081,0.22912699220297464,5,5
2025-07-16,1.5214701,0.54933089,0.2857838326310515,0.3945118385313823,1.6176018335493447,0.4871467845882843,5,6
2025-07-17,1.2265847,0.69512856,0.7965151299583265,0.42024662241454697,1.409863022141429,0.9005795777738714,5,5
2025-07-18,1.2191248,1.0275126,1.1397910152902881,0.31350779581625027,1.5943799487994699,1.1821212698255747,5,5
2025-07-19,1.3109964,1.1794909,0.9921419219826483,0.07670112395442846,1.7634937890437183,0.9951023343210968,5,5
2025-07-20,0.92204314,1.1412214,0.6925861908455153,0.6534722382516048,1.4671570590223189,0.9522087995368782,6,5
2025-07-21,0.40524298,1.3213435,0.47012750057507074,0.954334328470693,1.3820891859180182,1.0638486157788483,6,6
2025-07-22,0.18824695,1.826193,0.5682859064649912,1.0140494663779926,1.8358697632003482,1.1624307255695836,6,6
2025-07-23,0.19738929,1.999787,0.37678798687807313,1.1312166145952864,2.009505057763156,1.1923171625838704,6,6
2025-07-24,0.0114816111,1.7830116,0.002787353062119853,0.9574499227897825,1.783048567237587,0.9574539800884705,6,6
2025-07-25,-0.37689891,1.4833543,-0.10153865772459107,1.1711116013102172,1.530487754831014,1.1755052027685342,7,7
2025-07-26,-0.50331283,1.4770567,-0.039514570508738946,1.3020630140551128,1.560455157913068,1.3026624635156934,7,7
2025-07-27,-0.43447357,1.3927965,-0.3170875942494706,0.9404444353266359,1.4589891615227286,0.9924617263974224,7,7
2025-07-28,-0.56580579,1.2197468,-0.7149002542533199,0.6854950438871402,1.3445885794947703,0.9904472872017439,7,8
2025-07-29,-0.57561982,1.1362904,-0.940152014087252,1.1305667676726996,1.2737715848255498,1.4703968939569385,7,7
2025-07-30,-0.52680981,0.78422374,-0.8336264830777936,1.236856147806999,0.9447409434822985,1.4915583272727284,7,7
2025-07-31,-0.60864681,0.65436906,-0.8110758478479375,0.868654824891766,0.8936720908747569,1.188446564120573,7,7
2025-08-01,-1.0034989,0.387797,-0.9276539527521079,0.3873455277293549,1.0758236637619616,1.0052752925982726,8,8
2025-08-02,-1.3070526,0.0613912158,-0.9006091862528413,0.5939404058820037,1.308493553879484,1.078824412081171,8,8
2025-08-03,-1.2311456,-0.12816264,-0.8148936580635207,0.5065539894476163,1.2377985097305335,0.9595043606870383,1,8
2025-08-04,-1.3395008,-0.23645139,-0.7973678741092276,0.32643158600122957,1.3602101503200055,0.8615991568013208,1,8
2025-08-05,-1.2009156,-0.37696967,-0.7848119671647565,0.3641546780124539,1.2586915469737887,0.8651811679199732,1,8
2025-08-06,-0.85678142,-0.46238771,-0.5582133677299995,0.05614925016572933,0.9735896445711922,0.5610302150567662,1,8
2025-08-07,-0.87626135,-0.72371656,-0.5279915791921,0.05230865500319536,1.1364856412300404,0.5305763876069223,1,8
2025-08-08,-0.85170096,-0.86031485,-0.8089815616198726,-0.6024061250342799,1.2105933117258842,1.0086348727462007,2,1
2025-08-09,-0.7261458,-0.59246325,-0.7333104120321121,-0.8327550255783885,0.9371768378797047,1.1096058277698295,1,2
2025-08-10,-0.51449794,-0.46943715,-0.46014211908184677,-0.7234162714501365,0.6964763944774914,0.8573574934366353,1,2
2025-08-11,-0.55178523,-0.56481951,-0.5549454198111422,-0.8578687839757673,0.7896125752055833,1.021715845766046,2,2
2025-08-12,-0.55771726,-0.7210654,-0.396233727592573,-0.8333178983420545,0.9115831575775561,0.9227241660318234,2,2
2025-08-13,-0.50415474,-1.1906898,-0.0513823607105622,-0.617090662079983,1.2930252130907995,0.6192261559547546,2,2
2025-08-14,-0.41250494,-1.4183147,-0.08239810192110102,-0.9426446560345931,1.4770839223823722,0.946239079065527,2,2
2025-08-15,-0.19085187,-1.515604,0.011161155550986743,-0.9644835674287888,1.5275732130076438,0.9645481445907178,2,3
2025-08-16,0.0829665959,-1.4794426,-0.18013129472674153,-0.46555276582935545,1.4817671418714866,0.4991859985128739,3,2
2025-08-17,0.31262964,-1.4515452,-0.14999147407527466,-0.4182560982437034,1.4848302123305444,0.4443372660641017,3,2
2025-08-18,0.42677796,-1.4267564,-0.06510582400197652,-0.6864051079163154,1.4892190074272895,0.6894858522787722,3,2
2025-08-19,0.44117996,-1.3429942,0.11266527865394825,-0.7683116124990663,1.413602906879878,0.7765282988501367,3,3
2025-08-20,0.47028086,-1.3464258,0.5769406145905681,-1.1225108156141448,1.4261930171572077,1.262097858303735,3,3
2025-08-21,0.43442935,-1.3536896,0.8760874783649811,-1.0036334555215691,1.421690681298004,1.3322197201625852,3,3
2025-08-22,0.62639076,-1.1803989,1.0006410989973147,-0.8763286593226104,1.3363034637890405,1.330125756518051,3,4
2025-08-23,0.79106641,-1.2209952,1.0600107337522782,-0.6659274320825027,1.454859217743534,1.2518314984334111,3,4
2025-08-24,0.927975,-1.0947568,1.0698097919362064,-0.5420368214875364,1.4351411260817661,1.1992901678788586,3,4
2025-08-25,0.86895978,-0.94608396,1.0468444270171422,-0.5496551579872392,1.2845878555501486,1.1823722117331859,3,4
2025-08-26,0.60641849,-0.3950929,0.9480656015438349,-0.5779497713139876,0.723769151487054,1.110339733141422,4,4
2025-08-27,0.67023569,-0.15011086,0.9830830124276788,-0.6026235004494042,0.6868399744043119,1.1530859866539758,4,4
2025-08-28,0.72658974,-0.012962712,0.988461996078853,-0.6369908294985595,0.7267053613230484,1.1759313052034346,4,4
2025-08-29,0.59051114,0.0411214381,1.0754556909015658,-0.1967772123105294,0.5919411956736174,1.09330975225563,5,4
2025-08-30,0.33443159,0.15472966,1.1242593196368391,-0.22218422357891865,0.3684911885970188,1.1460038599401206,5,4
2025-08-31,0.22880749,0.1432914,1.1604010409935903,0.030264844487017238,0.2699727630596467,1.1607956481443371,5,5
2025-09-01,0.0374453589,-0.0486462042,0.8614182625411876,-0.06683160697803617,0.06138898994296866,0.8640068788677235,3,4
2025-09-02,-0.21167725,-0.38119587,0.07452818287370525,0.28784882940679335,0.4360247119976337,0.2973405432047868,2,6
2025-09-03,-0.49839303,-0.58740234,0.1609781170048126,0.3219564356227568,0.7703487011672419,0.35995819284095404,2,6
2025-09-04,-0.43589771,-0.78193027,0.3798595468595771,0.44411434102547914,0.8952216265961838,0.5844063853559942,2,6
2025-09-05,-0.12967204,-0.9831174,0.19236776472667416,0.275315253284477,0.9916323210447114,0.3358628374754087,2,6
2025-09-06,-0.19928466,-1.3443742,-0.007331867409108668,0.11776072464840193,1.3590645184600163,0.11798874755425402,2,7
2025-09-07,-0.25206295,-1.4608301,0.0753058982479147,0.03416530561264652,1.4824170505727166,0.08269369031873483,2,5
2025-09-08,-0.0340094604,-1.2925762,0.19088491017837522,-0.19100173827400757,1.293023540467512,0.27003465140144306,2,3
2025-09-09,0.21455809,-1.0518868,0.3020673118369487,-0.5369440346163666,1.0735459999453623,0.6160791809422733,3,3
2025-09-10,0.3215445,-0.83126563,0.2332573872971664,-0.7436322450388645,0.8912875030536145,0.7793573792492389,3,3
2025-09-11,0.40197298,-0.59337616,0.44399600079513757,-0.7198669459978343,0.716713013629881,0.8457782621126678,3,3
2025-09-12,0.31404972,-0.34970969,0.8381520047421701,-0.5936267734862483,0.47002563112236173,1.0270791251179299,3,4
2025-09-13,-0.019468734,-0.1802832,0.8111847645197263,-1.071968032488843,0.1813313646499214,1.3442976548617962,2,3
2025-09-14,-0.39212885,-0.0432649553,0.8671580185500155,-1.086985170714696,0.3945084173492797,1.3905034305924044,1,3
2025-09-15,-0.78055668,0.11714167,0.7947540990452159,-0.6530195671659328,0.7892977268071987,1.0286246317538557,8,4
2025-09-16,-0.84664428,0.19048966,0.6477870694785755,-0.370515682501018,0.8678092229422513,0.7462640004467828,8,4
2025-09-17,-0.63370073,0.0663663521,0.4685313027296959,-0.23993142067112652,0.6371664679607631,0.5263921240509313,8,4
2025-09-18,-0.7631498,-0.11349532,0.35393280976912317,-0.02322180398013889,0.7715431322369103,0.35469379189824896,1,4
2025-09-19,-0.68147993,0.21365812,0.06856706422029137,-0.024967405340774677,0.7141881315415003,0.07297132056664525,8,4
2025-09-20,-0.27527884,0.51237893,-0.29445123744963975,-0.2736519019066232,0.5816447435159116,0.40197872412944474,7,1
2025-09-21,0.0274154767,0.51308745,-0.4040040918034798,-0.37076760765099637,0.5138193648649209,0.5483501847152035,6,1
2025-09-22,0.24985026,0.19944148,-0.6037766254087732,-0.4267243522226011,0.31969056346201086,0.7393509898348717,5,1
2025-09-23,0.45878017,-0.10613724,-0.5441300854567314,-0.27566061509353995,0.47089739657386775,0.60997239659914,4,1
2025-09-24,0.55677491,-0.2592437,-0.1615498134473159,-0.24384465800079042,0.6141706573870149,0.2925039477688891,4,2
2025-09-25,0.7621913,-0.24563643,-0.1858303883230151,-0.5259773729447371,0.8007951258211022,0.5578396992632648,4,2
2025-09-26,0.47272885,-0.35676712,-0.36828960244446757,0.03015987567452625,0.5922460160570241,0.36952246125155486,4,8
2025-09-27,0.17654553,-0.50224668,-0.30652780947421693,0.3920038636811691,0.5323720989439653,0.4976206658912252,3,7
2025-09-28,-0.0874937773,-0.73638135,-0.0007613359893876785,0.3968811945669288,0.741560957503862,0.3968819248005143,2,7
2025-09-29,-0.31996271,-0.87785643,0.21517385980620038,0.27350103231156137,0.934348996618977,0.3479979951370239,2,6
2025-09-30,-0.56296229,-0.98938435,0.4364278569382432,0.19232750995089037,1.1383355972589835,0.4769267715232785,2,5
2025-10-01,-0.59041613,-1.1286227,0.521387773117001,0.07974569937409554,1.2737269744805857,0.5274510276078425,2,5
2025-10-02,-0.46948302,-1.0832057,0.6458250445144422,0.21946758630459506,1.1805714271406074,0.6820967743366377,2,5
2025-10-03,-0.36692902,-0.85529888,0.37048975454176125,-0.18663146673475794,0.9306841998483776,0.4148420935681209,2,4
2025-10-04,-0.17286891,-0.50419188,0.31287286567726963,-0.5041547767031114,0.5330038573054819,0.5933476796530605,2,3
2025-10-05,-0.0916522518,-0.0802129731,0.44270607959893993,-0.7955238474135863,0.12179596181135041,0.9104102727438755,1,3
2025-10-06,-0.0567849129,0.26044929,0.44997261273998446,-0.8641776495351897,0.26656773809777634,0.9743091717582326,7,3
2025-10-07,-0.24931091,0.29881239,0.2589471189024563,-1.0179183313114852,0.3891590603629064,1.0503386785260465,7,3
2025-10-08,-0.45957777,0.27332497,0.3878028497018845,-1.0592356154445794,0.5347132557770321,1.1279942993043712,8,3
2025-10-09,-0.63820088,0.0818537548,0.4318925099244413,-0.7894765641348913,0.6434286288374437,0.899891318686355,8,3
2025-10-10,-0.74593967,-0.052370891,0.14655864825334614,-0.5105519360293834,0.7477758364000824,0.5311710805015646,1,3
2025-10-11,-0.87253934,-0.0858247653,-0.04453487922901934,-0.15267084684737117,0.8767501298468314,0.15903377925785706,1,2
2025-10-12,-1.2306861,-0.20712167,-0.270047897680723,0.1603079433529976,1.2479934546770663,0.31404538484723216,1,8
2025-10-13,-1.2879488,-0.37337959,-0.38728605269173344,0.22611295188577432,1.3409789072353107,0.4484613178636956,1,8
2025-10-14,-1.4250227,-0.65666395,-0.4383359993159866,-0.14214763342188214,1.5690434151880222,0.46080841787426846,1,1
2025-10-15,-1.2181226,-1.0925952,-0.39243891803550723,-0.2519977956045902,1.636333382808589,0.46638095306139205,1,1
2025-10-16,-1.0291455,-1.2698019,-0.31593558727488974,-0.44424547648379265,1.6344838100800694,0.5451324047266328,2,2
2025-10-17,-0.89824206,-1.3344967,-0.25040666629433245,-0.4274021508404,1.6086392512505512,0.49535451655116786,2,2
2025-10-18,-0.32791081,-1.5233654,-0.339917946200333,-0.4780036565185182,1.5582578866259642,0.5865421602869874,2,2
2025-10-19,0.16737451,-1.7530454,-0.5718519506653802,-0.8137490124956995,1.7610174334909068,0.994586400881053,3,2
2025-10-20,0.60490894,-1.7488949,-0.424600329075603,-0.8655047552359686,1.8505534839441775,0.9640456009894887,3,2
2025-10-21,1.0869457,-1.5834558,-0.3147580971259828,-1.095009106705864,1.9206205313132862,1.139349640573579,3,2
2025-10-22,1.5677632,-1.3020514,0.16435421886541052,-1.2166346102916321,2.0379448715596307,1.2276856618118217,4,3
2025-10-23,1.8830978,-1.1863338,0.41170265749922924,-1.0828466403223371,2.225633664686819,1.1584713741173325,4,3
2025-10-24,2.146332,-1.122491,0.3696459085355859,-1.0596342570033308,2.422132758398061,1.1222579277118516,4,3
2025-10-25,2.0870035,-0.8726936,0.9928656800253035,-0.818414066451513,2.2621179740440613,1.2866949299417518,4,4
2025-10-26,1.8087929,-0.62632316,1.4262799197836098,-0.5260081438023416,1.9141610318473197,1.5201838628680169,4,4
2025-10-27,1.7994921,-0.24474764,1.4869577506403029,-0.2255063665299012,1.8160598077288037,1.503960263283172,4,4
2025-10-28,1.6544782,-0.0175194666,1.500664348526878,0.14028088363566413,1.6545709552585492,1.507206758627761,4,5
2025-10-29,1.4544368,0.16651042,1.4777170491445426,0.6843747567380578,1.4639371998698636,1.6285013002735769,5,5
2025-10-30,1.2704636,0.28538373,1.4630779824284024,0.7060463778362323,1.3021219728864393,1.6245302922144689,5,5
2025-10-31,1.1262701,0.48170766,1.5719212859083722,0.8133258238099468,1.2249598392831846,1.7698687591931666,5,5
2025-11-01,0.81236249,0.72352958,1.2486641089599633,0.9371983797691648,1.087854709184079,1.561250415547335,5,5
2025-11-02,1.0022832,0.6823293,0.8131629407915311,0.7106728032690491,1.2124953140695967,1.0799489810092975,5,5
2025-11-03,1.1713462,0.59869021,0.728627235717781,0.912999169648386,1.315477817298446,1.1681032199289485,5,6
2025-11-04,1.3575057,0.31181502,0.5905283508166128,0.8501852924141738,1.3928568958188383,1.035151565982278,5,6
2025-11-05,1.5904211,0.39638126,0.4083922376231619,0.7694074724855046,1.6390721090313254,0.8710752427129275,5,6
2025-11-06,1.7194631,0.69228989,0.32896342648598004,0.6873402756463746,1.8535961383369954,0.7620062929471324,5,6
2025-11-07,1.433771,1.0016474,0.2073027592911502,0.8036520779973133,1.7489987977033488,0.829958490816935,5,6
2025-11-08,1.2323453,1.465591,-0.17426419762085582,0.7157251021696867,1.9148451419666004,0.7366345311266972,6,7
2025-11-09,1.0337019,1.6726445,0.23208668667944732,0.8404344095199042,1.9662856459436053,0.8718911783238286,6,6
2025-11-10,0.9229632,1.6612777,0.46220348957248203,0.8628253369034453,1.9004485431264722,0.9788256370649082,6,6
2025-11-11,0.7992183,1.5905637,0.6539666794329893,0.770220590898149,1.78006819386578,1.0104019875535202,6,6
2025-11-12,0.62948859,1.5170665,0.687259130657522,0.9471191921753126,1.6424818569355457,1.1701965120692122,6,6
2025-11-13,0.66076249,1.7606549,0.35820216867343946,1.2755633674219602,1.8805618163423956,1.3249040334874091,6,6
2025-11-14,0.59455121,1.5348018,-0.15721211058368614,1.2382034675019549,1.645936726182299,1.2481440119826084,6,7
2025-11-15,0.62164307,1.3606292,-0.447879986478022,1.3260467681904815,1.4959117374937818,1.3996415661575552,6,7
2025-11-16,0.1640595,1.2025445,-0.5298158993034195,1.3291239739152887,1.2136839761735754,1.4308303271845548,6,7
2025-11-17,0.56473446,1.2675678,-0.4702560081260522,1.2511902089833393,1.3876790471533147,1.3366441756258178,6,7
2025-11-18,0.56660539,0.92343545,-0.4622109221355857,1.1456460474355472,1.083408832479113,1.23537192883201,6,7
2025-11-19,0.68477529,0.68262213,-0.5235058824944733,1.0240708089154176,0.9668971869647368,1.1501214851827588,5,7
2025-11-20,0.84228945,0.67878914,-0.6375337557369795,1.2716782017518653,1.081760700970063,1.4225381325345752,5,7
2025-11-21,1.0455221,0.93430281,-0.5249411953695431,1.0138563237630094,1.4021548425057433,1.1416951886691338,5,7
2025-11-22,1.0252672,1.1490453,-0.3952724855074894,0.9175888260057418,1.5399603672977853,0.9991043946504609,6,7
2025-11-23,1.137712,1.5229501,-0.6537833471065956,0.47052053542442546,1.9009906896231792,0.8054950274272283,6,8
2025-11-24,1.4663574,1.6084449,-0.3686129276961868,0.9561935960597118,2.1765337169156767,1.024783725285661,6,7
2025-11-25,1.2482712,1.8968675,-0.09506530333935999,0.6491946691693294,2.2707459790354556,0.6561182289624939,6,7
2025-11-26,0.90831918,2.2888463,0.00720208121293647,0.5766581606469523,2.4624908360803217,0.576703133522373,6,6
2025-11-27,0.29294401,2.57219,0.06663183846296115,0.6946525830710323,2.588817797585392,0.6978409654528828,6,6
2025-11-28,-0.1020114,2.723321,-0.09181883067774001,1.0262654368648005,2.7252309250357043,1.0303647143464916,7,7
2025-11-29,-0.35189837,2.8102021,-0.3334074737172866,1.0973903847789774,2.8321490613407105,1.146920311153262,7,7
2025-11-30,-0.63371885,2.8910625,-0.4582689263099065,1.3697161934738737,2.9597030188435416,1.4443451317070284,7,7
2025-12-01,-1.1032884,2.7319336,-0.2282495845947374,1.5743839042113665,2.9463038689828855,1.5908433457469957,7,7
2025-12-02,-1.2609925,2.1445634,-0.596155182236563,1.6246481300994067,2.487821187641067,1.7305728958766828,7,7
2025-12-03,-1.5276058,1.3965892,-1.0625545198163806,1.6418438210507869,2.0697924711792437,1.9556771820279715,8,7
2025-12-04,-1.8111484,0.871984,-1.4199024413258985,1.3565534642805757,2.0101280116148224,1.963761758547833,8,8
2025-12-05,-1.5750489,0.47018179,-1.5197000553953262,1.2931930894174462,1.6437304989075352,1.9954539896689165,8,8
2025-12-06,-1.0525084,0.17463003,-1.4925598765414818,1.2854762621805373,1.0668971737934076,1.9698183179397963,8,8
2025-12-07,-0.37113923,0.32105416,-1.6133594547137056,1.2205473533478999,0.49073424752945305,2.023033507354406,8,8
2025-12-08,0.16185258,0.31161267,-1.741432624746623,0.8067132084982647,0.35113916579781485,1.9192117619735134,6,8
2025-12-09,0.23143651,0.18252292,-1.3977703642433652,0.4913498267889936,0.29474985069768317,1.4816162267748703,5,8
2025-12-10,0.12193847,0.22910139,-1.0806056998272602,-0.07410510968204763,0.2595311876554974,1.0831436865809407,6,1
2025-12-11,-0.0949310213,0.16355878,-1.0940755315073032,-0.5231006276606984,0.18911206550653886,1.2126976273177106,7,1
2025-12-12,-0.0223553125,0.0896196812,-0.7815565215544301,-0.3733654957868804,0.09236583380970632,0.8661595637227839,7,1
2025-12-13,0.0202677455,0.12485634,-0.2474223233742543,-0.2413433411723981,0.12649066031074535,0.34563624583103353,6,1
2025-12-14,-0.18421075,0.32491323,-0.15863019539723966,0.21749345284362176,0.37349994303158257,0.26919684418953943,7,7
2025-12-15,-0.58435702,0.57530922,0.05109831457121312,0.3312785059224561,0.8200328197336304,0.33519619066784373,8,6
2025-12-16,-0.81388378,1.0101435,-0.027367220612511706,0.13179403518141092,1.297226540716516,0.1346054697010967,7,7
2025-12-17,-1.0481038,0.91941714,-0.26155467272203164,-0.029807307347108986,1.3942200159588225,0.2632476446124715,8,1
2025-12-18,-1.1006049,0.7084803,-0.34235446069205866,-0.2532544822277322,1.3089214955038746,0.42584552307636986,8,1
2025-12-19,-0.83979487,0.50074458,-0.02052986360809252,-0.11518918310487614,0.977752810314393,0.11700437258553872,8,2
2025-12-20,-0.30389002,0.57894695,0.021503914606862518,0.07196954976258485,0.6538568002016213,0.07511347706269769,7,6
2025-12-21,-0.25997293,0.53538465,-0.3800199083784662,0.05541932703475631,0.5951660674033823,0.3840396237017258,7,8
2025-12-22,-0.24497382,0.42315432,-0.8029838034259077,-0.0458260879728403,0.48894964057667,0.804290382202368,7,1
2025-12-23,-0.28945175,0.37228486,-1.0823944272420445,0.25691242098945044,0.4715700717425588,1.112466488566417,7,8
2025-12-24,-0.12800699,0.45807526,-1.106790439102851,-0.1411038235504718,0.4756245718136603,1.1157487912205168,7,1
2025-12-25,0.16766728,0.36077648,-0.8050484191035836,-0.2026261645157949,0.3978341178227287,0.8301568042530044,6,1
2025-12-26,0.17544751,-0.0613679737,-0.5072778262017524,-0.0009889296371198607,0.18587053817440782,0.5072787901517296,4,1
2025-12-27,0.0442237742,-0.35203809,-0.2630638628747838,0.3501423612419431,0.3548049591188668,0.43795235938020294,3,7
2025-12-28,0.0651167035,-0.0782537237,-0.37518504433684596,0.1924919810845191,0.10180289950498883,0.42168350723722164,3,8
2025-12-29,0.35313287,0.28294355,-0.42616491223170244,0.012699963226561566,0.4525040070110312,0.4263541033969424,5,8
2025-12-30,0.92171818,0.24184223,-0.37536839158874596,-0.029653153148193657,0.9529176604271145,0.37653783195789553,5,1
2025-12-31,1.0151592,0.17728528,-0.28618176792185607,0.22947579274491406,1.030523300003119,0.36682304146111905,5,8
2026-01-01,0.83256358,0.12823448,0.0025260084535897905,0.28975464316637967,0.8423812655818544,0.28976565351190886,5,6
2026-01-02,0.46956235,0.0741839409,0.09934140693952864,-0.009257233023766853,0.4753862194310824,0.09977179709708224,5,4
2026-01-03,0.0458154082,0.25978059,0.14710513073939263,-0.35662357001635403,0.26378970140868035,0.385772329465273,6,3
2026-01-04,-0.11247598,0.34926262,0.005195550423219691,0.035495230475818006,0.3669267281164249,0.035873459977142676,7,6
2026-01-05,0.0190335866,0.63741285,-0.07191901386454658,0.5057332532982939,0.6376969646814874,0.5108213660830223,6,7
2026-01-06,0.27327648,0.67615646,0.3824956795501903,0.6795892585676832,0.7292925290450478,0.7798362041064362,6,6
2026-01-07,0.63805729,0.72845221,0.43849271189455136,0.691853094832987,0.9683799500072419,0.8191071744372772,6,6
2026-01-08,0.75192529,0.85701698,0.18288999792609173,0.3789671570450388,1.1401183034009692,0.42079075258399506,6,6
2026-01-09,0.77178174,0.87446743,-0.017071838725805526,-0.040245705972105306,1.1663362895529885,0.04371686775917353,6,2
2026-01-10,0.68243146,1.1156306,-0.30831566950395967,-0.046432627762502496,1.3078013355453082,0.3117924646020266,6,1
2026-01-11,0.65396756,1.3557039,-0.29472087455826596,0.05208522138803598,1.5051932214860533,0.29928792856951286,6,8
2026-01-12,0.49410638,1.4464924,-0.18993566190532102,0.5192679319808815,1.5285553238317755,0.5529147681579086,6,7
2026-01-13,0.57885134,1.6605469,-0.0606412025176239,0.646722263751006,1.7585462407680401,0.6495591134562037,6,7
2026-01-14,0.66141522,1.9409994,0.04891498678215198,0.8275407603796544,2.050597172544624,0.8289851542830153,6,6
2026-01-15,0.60455489,2.3639102,-0.1117630187222864,0.9753637203829582,2.4399914034043135,0.9817460768412591,6,7
2026-01-16,0.87317878,2.5287805,-0.23394592648674103,0.9170200749885764,2.675289143068939,0.946391311483677,6,7
2026-01-17,1.0200132,2.3583951,-0.4268814620055635,0.9732428105310332,2.5695241535891915,1.0627461365981774,6,7
2026-01-18,0.98784882,2.2795551,-0.5560487335840766,1.126740864395028,2.4843946435925597,1.2564772857549438,6,7
2026-01-19,0.92833871,2.138561,-0.6415961087146399,1.0251764004307513,2.331363530469983,1.2093933267212615,6,7
2026-01-20,0.905029,2.2052245,-0.6625021220859358,1.2606693126265252,2.3837140319764134,1.4241475266160468,6,7
2026-01-21,0.5694043,1.7984459,-0.7544310583364642,1.5056380894278425,1.886432853850171,1.6840760903589247,6,7
2026-01-22,-0.22840632,1.5829729,-1.0368406808888995,1.723486284083489,1.599366327377925,2.011328806776771,7,7
2026-01-23,-0.8516441,1.6641504,-0.9537688226671054,1.8738784007591436,1.8694101280577704,2.1026400614283562,7,7
2026-01-24,-1.3220073,1.9727125,-0.736555269562965,1.7929238133502394,2.3747205959669317,1.9383213009197768,7,7
2026-01-25,-1.3290225,1.8874085,-0.8344707179117462,1.7104689516910356,2.3083785762691744,1.9031672059362454,7,7
2026-01-26,-1.1890346,1.7384274,-0.8498995835730204,1.5511430893397198,2.1061654980242936,1.7687210593431524,7,7
2026-01-27,-0.80744082,1.690011,-0.8758163906002393,1.588604119212788,1.8729916865601064,1.814033460998961,7,7
2026-01-28,-0.61526155,1.2908388,-0.8513470398386728,1.0291151901684845,1.429969084453871,1.335615909188561,7,7
2026-01-29,-0.67499959,1.013,-1.183883980519544,0.2883465615245363,1.217289384863011,1.2184929293491298,7,8
2026-01-30,-0.60400194,1.0895435,-1.4369530777363606,0.35455770938838527,1.2457621690820497,1.4800490927340004,7,8
2026-01-31,-0.75321019,1.023718,-1.6966875205308953,0.4914006316942392,1.2709540250708662,1.766415331442403,7,8
2026-02-01,-0.95341474,0.72959119,-1.4863450926281392,0.3486958910058173,1.2005427818178258,1.5266992365178194,8,8
2026-02-02,-0.88800728,0.31162882,-1.1178521706287385,0.4441652658950819,0.941100127928793,1.2028616956271536,8,8
2026-02-03,-0.78580415,0.2289737,-0.9797956380454642,0.6399773877355853,0.8184846470453264,1.1702865243801546,8,8
2026-02-04,-0.92606223,0.18096866,-0.7659567511301287,0.399568396166698,0.9435787777047385,0.8639124074910889,8,8
2026-02-05,-0.95602518,0.15830654,-0.7620756517163368,0.23763384888735622,0.9690433970678527,0.7982663371807046,8,8
2026-02-06,-0.8908298,0.21351144,-0.8785107876377859,0.3812173284917741,0.9160594236068497,0.9576574834137559,8,8
2026-02-07,-0.27658126,0.0937751904,-1.0143959862734366,0.09538137382532405,0.2920461944928299,1.0188703663570082,8,8
2026-02-08,0.0548425466,-0.46795955,-0.8965351086222044,-0.2907404047049055,0.4711622282757561,0.9424994344402547,3,1
2026-02-09,0.0594102442,-0.99859238,-0.4812350688845252,-0.41627311741139156,1.0003580951389197,0.6362943499699585,3,1
2026-02-10,-0.19847357,-1.290267,-0.4181174932745722,-0.19235913497496243,1.3054427177312473,0.4602437126029293,2,1
2026-02-11,-0.20114367,-1.4158709,-0.7051832088205678,-0.4671742640625376,1.430087123726341,0.8458931084982583,2,1
2026-02-12,0.0380373709,-1.2171527,-0.6618823904286164,-0.4611510336374478,1.217746909953901,0.8066898874935683,3,1
2026-02-13,-0.0307798553,-1.295632,-0.6038331549856233,-0.3139491591021086,1.2959975613080021,0.6805722250876926,2,1
2026-02-14,-0.17957205,-1.4298071,0.018795504814419557,0.003991810524488066,1.441039369466224,0.019214722285067834,2,5
2026-02-15,-0.0155026503,-1.3266627,0.444320971087453,-0.21109981689076354,1.3267532746285626,0.4919189547470306,2,4
2026-02-16,0.0949267149,-1.3097109,0.6166337094059814,-0.7433490691738531,1.313146497075066,0.9658182904757054,3,3
2026-02-17,0.0360745676,-1.311118,0.6191528946651217,-1.1821906840004475,1.3116141903591647,1.3345130648703463,3,3
2026-02-18,0.10997319,-1.0958084,0.7805210881678676,-1.1013619392021754,1.1013129219387812,1.3498930662085529,3,3
2026-02-19,-0.0341195352,-0.94748932,0.7748159677410462,-0.6004364902366991,0.9481034512100072,0.9802365850519249,2,4
2026-02-20,-0.21887328,-0.74409539,0.5312714761170593,-1.0519872490222733,0.7756181161610464,1.17852728158539,2,3
2026-02-21,0.0677057877,-0.76718742,0.6487658985431235,-1.1801242979488393,0.770169209391244,1.346696160877318,3,3
2026-02-22,0.38990837,-0.56424659,0.773615506843451,-0.7589018482543031,0.685859133731326,1.0837033578025155,3,4
2026-02-23,0.62487131,-0.47097445,0.7322067842353812,-0.8112929222299462,0.7824839209938557,1.0928508500892167,4,3
2026-02-24,0.60235286,-0.52011973,0.660057397375552,-0.9126200966958148,0.795835096917353,1.126299786346098,4,3
2026-02-25,0.85034174,-0.41219491,0.5457112237326022,-0.5434069344103473,0.9449792159704549,0.7701245588039546,4,4
2026-02-26,1.0059885,-0.2499036,0.1884525531528835,-0.7174154743598306,1.0365638771562562,0.741754223203873,4,3
2026-02-27,1.0883141,0.13972703,-0.016733618379233702,-0.6160656266304638,1.0972471112613744,0.6162928445955282,5,2
2026-02-28,0.96894026,0.24867973,0.48905360290447875,-0.44621721065762326,1.000343358833226,0.6620296259238867,5,4
2026-03-01,0.83434117,0.55023533,0.6826152109643732,0.13859523446250535,0.9994418974293492,0.6965430103415384,5,5
2026-03-02,0.80881816,0.86712086,0.579576328543575,0.2410771858301319,1.1857847198344753,0.6277156443293619,6,5
2026-03-03,0.70684057,0.87479424,0.5449223220823387,-0.08286370739629537,1.1246726429210867,0.5511866572288074,6,4
2026-03-04,0.74211013,0.83086896,0.757952865958547,0.3004656607929597,1.1140335155371666,0.8153356120828558,6,5
2026-03-05,0.97325563,0.6605503,0.67811198710694,0.52252706365328,1.1762453911309438,0.8560785006693263,5,5
2026-03-06,0.80042523,0.63221908,0.33523629528728194,0.8119415550929943,1.019990938163962,0.8784261281204991,5,6
2026-03-07,0.447209,0.69324666,0.1800626068338024,0.6270027626542711,0.8249768610586333,0.6523457723905879,6,6
2026-03-08,0.18189478,0.75119931,0.012352636022418342,0.7815570427006396,0.7729075716641185,0.7816546543145968,6,6
2026-03-09,-0.0204708539,0.83186716,-0.16502808728385024,0.952218936979196,0.8321189985488018,0.9664135623708704,7,7
2026-03-10,-0.25161213,0.91822147,-0.17001419037591625,0.7912348673014156,0.9520710750422459,0.8092944088294859,7,7
2026-03-11,-0.22169533,1.0663476,0.0068181212603339635,0.8098983821444912,1.0891492199738146,0.8099270807781309,7,6
2026-03-12,-0.16502419,0.80958426,0.2894716846395375,0.8191089455742357,0.8262322054512906,0.8687538897339039,7,6
2026-03-13,-0.13590011,0.62452722,0.07562430333275998,0.6939343564648797,0.6391424633201431,0.6980429258554892,7,6
2026-03-14,-0.52498162,0.8748697,-0.37098818685807705,0.3551465544353704,1.020295395126291,0.5135769756478176,7,8
2026-03-15,-0.85798502,1.0990359,-0.383102505086879,0.27757598159464,1.3942805327598928,0.4730919096349778,7,8
2026-03-16,-1.0383993,0.9780429,-0.39503691569411836,0.33968080949602014,1.426478538387767,0.5209963695660398,8,8
2026-03-17,-1.1913065,0.67641789,-0.5565729930671603,0.3191613860659254,1.3699461080109328,0.6415898120818784,8,8
2026-03-18,-1.1237856,0.48387289,-0.5540408269422248,0.5308765829097059,1.223530567024916,0.7673272992672098,8,8
2026-03-19,-0.81655604,0.42422009,-0.33685311593035877,0.2894269605248721,0.9201774020372864,0.4441148355894651,8,8
2026-03-20,-0.63745725,0.47851107,-0.19407353720126008,0.29167377296960767,0.7970725121907714,0.35034001724058744,8,7
2026-03-21,-0.93482727,0.57667691,-0.7858197489437971,0.24724053462435258,1.098388948989747,0.8237964310382924,8,8
2026-03-22,-1.0030764,0.61054343,-1.1797774806342483,0.1401582500715854,1.1742766046179771,1.1880737514459374,8,8
2026-03-23,-0.99611914,0.61429024,-1.008859557282295,-0.08933662421409656,1.1703016021665515,1.0128073058315679,8,1
2026-03-24,-0.72175956,0.38676202,-0.7952957211546383,-0.3367371385166692,0.8188539079505416,0.8636476043753439,8,1
2026-03-25,-0.61962616,0.42896533,-0.6594161455668437,-0.2260870540006013,0.7536231369181512,0.6970975606189592,8,1
2026-03-26,-0.60517216,0.4623647,-0.4894225256611327,0.0647087670293156,0.7615868033554386,0.49368171239673886,8,8
2026-03-27,-0.58483464,0.3339656,-0.5407429169593957,0.06605584679555705,0.6734720321789833,0.5447625878652407,8,8
2026-03-28,-0.81150776,0.0999621078,-0.9185342066049094,-0.27806377108670854,0.817641282920595,0.9597002393947142,8,1
2026-03-29,-1.3692645,0.0401801094,-0.9212783735979472,-0.24520367422056655,1.369853901754361,0.9533512907163574,8,1
2026-03-30,-1.6404682,-0.18125749,-0.7921612308928737,-0.15023305114608057,1.650451511827094,0.8062812073875799,1,1
2026-03-31,-1.7643322,-0.29389432,-0.4591501895121874,-0.12497533552014276,1.788642497338443,0.4758547373069326,1,1
2026-04-01,-1.395551,-0.66403365,-0.43516448068589375,0.02165782173800648,1.5454783343461411,0.4357030944267654,1,8
2026-04-02,-1.0440139,-0.788845,-0.6276210402027707,-0.0772985608689162,1.308526445058796,0.6323632165279803,1,1
2026-04-03,-0.62306601,-0.8523128,-0.48838955980605625,-0.2263090480434751,1.0557690854827868,0.5382751595177854,2,1
2026-04-04,-0.29660937,-0.6782847,-0.5032953324675785,-0.5943318639952948,0.7403021360403378,0.7788045687101302,2,2
2026-04-05,0.0181523208,-0.66758329,-0.8888342249441139,-0.8500081794568353,0.6678300351419141,1.2298537248695582,3,1
2026-04-06,0.41440633,-0.42843187,-0.85914489118245,-1.0823453092738802,0.5960591191952068,1.381883248524301,3,2
2026-04-07,0.71855289,0.19058281,-0.7148413318901482,-1.087493699624581,0.7433976480961237,1.3013995068777455,5,2
2026-04-08,0.53275931,0.49444911,-0.15275170264649687,-1.0813446865710377,0.7268510196535932,1.0920803147373455,5,2
2026-04-09,0.53887641,1.1679592,0.11844400716999079,-0.763968182984725,1.2862800931831015,0.773095315887677,6,3
2026-04-10,0.25028601,1.5122011,0.2909714232863189,-0.6085438014560742,1.5327737124712604,0.6745294118567967,6,3
2026-04-11,0.000129806504,1.6605279,0.288630470698316,-0.2758060118943846,1.6605279050736057,0.3992198702627624,6,4
2026-04-12,-0.4630053,1.5333964,0.43952875846201694,-0.29074403362670875,1.6017735256149823,0.5269892053967432,7,4
2026-04-13,-0.80413848,1.4362359,0.5450389105958634,0.27382319659264087,1.646029238946113,0.6099561927349682,7,5
2026-04-14,-1.137681,1.227272,0.06519903801352919,0.8395766643664064,1.6734738180637903,0.8421044412105372,7,6
2026-04-15,-1.5095445,1.113885,-0.3475078644127548,0.6234292044018281,1.8760235581423945,0.7137406312728806,8,7
2026-04-16,-1.9816582,1.1598687,-0.5314543597372013,1.0653793356504413,2.2961412462797077,1.190578374284807,8,7
2026-04-17,-2.2536116,0.8867467,-0.8201649663302184,0.990304561277675,2.4217937471253514,1.2858357967029914,8,7
2026-04-18,-2.2474017,0.53883028,-0.9090412456111842,0.8560842397652744,2.311093349868795,1.2486938022577116,8,8
2026-04-19,-2.375457,0.27429181,-1.0439720216027681,0.3987076519042719,2.3912406729315383,1.1175175048187784,8,8
2026-04-20,-2.5113482,-0.10006075,-1.0405173167115025,0.32287530261621356,2.5133407917220065,1.0894607599248431,1,8
2026-04-21,-2.6654172,-0.58098638,-1.0939372284579092,0.016558556791551587,2.7280018372063726,1.0940625419093695,1,8
2026-04-22,-2.4263086,-1.0635811,-1.212274509865791,-0.19203559110377594,2.6491844365221477,1.2273903843198872,1,1
2026-04-23,-2.1746678,-1.4710356,-1.5425904064632052,-0.35312924822179703,2.6254762952318194,1.5824934211749533,1,1
2026-04-24,-1.9107693,-1.5267882,-1.4757804624605841,-0.7075758178412828,2.4458375918040285,1.6366403121560142,1,1
2026-04-25,-1.6675357,-1.5763516,-1.1364678089329066,-0.7762497739748845,2.294680735439475,1.3762713367417125,1,1
2026-04-26,-1.0316772,-1.6223694,-1.1145577824210267,-1.0894373621388425,1.9226128874675215,1.5585611365549046,2,1
2026-04-27,-0.67170006,-1.5293947,-0.9983873484864152,-1.452664243021217,1.6703978924172809,1.7626714669983572,2,2
2026-04-28,-0.47114,-1.3817502,-0.7587351425522741,-1.6210642093460392,1.4598652385751363,1.789840268673861,2,2
2026-04-29,-0.41055495,-1.3297874,-0.3055321112661009,-1.612519748009273,1.391721917686239,1.6412098612714372,2,2
2026-04-30,-0.62212694,-1.3445532,-0.0497637604032505,-1.5569427806012608,1.4815077580303126,1.5577378643134594,2,2
2026-05-01,-0.60387731,-1.2992764,0.027850391497385635,-1.3985702749960773,1.432755027605835,1.398847546521479,2,3
2026-05-02,-0.56092942,-1.338793,0.04422081857624747,-1.333727500571861,1.4515538264461763,1.3344603877887184,2,3
2026-05-03,-0.34825841,-1.1861748,0.5471771642725896,-1.1099896558027915,1.2362421187982426,1.2375297511941246,2,3
2026-05-04,-0.28593382,-1.1308022,0.5910666679193365,-0.8168476318582548,1.1663926289824675,1.0082657683357628,2,3
2026-05-05,-0.44713584,-1.1399674,0.41422656851135486,-0.7334790616729508,1.2245228182746395,0.8423628576648692,2,3
2026-05-06,-0.60510486,-1.1235214,0.3952700777956613,-0.8704148363912254,1.2761082351640787,0.9559604708410029,2,3
2026-05-07,-0.37627125,-1.1359806,0.2405367367999465,-1.1302356804629814,1.1966753850367786,1.155547755457119,2,3
2026-05-08,-0.27643532,-1.3793687,0.3425436852547694,-0.9580765110430535,1.4067958262246842,1.0174707746762797,2,3
2026-05-09,-0.16732687,-1.4174346,0.4900696697061582,-1.0093364410952936,1.4272768220289842,1.1220197558371314,2,3
2026-05-10,-0.48034516,-1.4759079,0.564115220086616,-0.573096913157083,1.552106826870443,0.8041554908122859,2,3
2026-05-11,-0.38793135,-1.4582467,0.4718408253108926,-0.7092935874710639,1.5089646020943341,0.8518985606617938,2,3
2026-05-12,-0.12774332,-1.3706268,0.354282365940894,-0.9182460651522601,1.3765668093786303,0.9842214339183466,2,3
2026-05-13,0.24372968,-1.1562704,0.2617400389167987,-0.9356785057624415,1.1816790574555607,0.9715977120794401,3,3
2026-05-14,0.37174025,-1.0860382,0.6393469942860548,-0.7111027099588013,1.1478979855933638,0.9562591924856794,3,3
2026-05-15,0.25067568,-0.92660916,0.8838798263002186,-0.9385386959651958,0.9599181381447941,1.2892239647030126,3,3
2026-05-16,0.24052235,-0.80272812,1.0056148044652515,-0.7680173399310202,0.8379877299150967,1.2653504531924769,3,4
2026-05-17,0.50266957,-0.68615097,0.5551151132555022,-1.2147325754092955,0.8505761872024903,1.3355628097267342,3,3
2026-05-18,0.72271717,-0.5732131,0.7603465495751144,-0.9726291472780892,0.9224388141358856,1.2345583556825837,4,3
2026-05-19,0.7428925,-0.28504279,0.9295827030608632,-0.6671334337647563,0.7957001059992603,1.1441988552156026,4,4
2026-05-20,0.56704903,-0.26676473,0.9555110552820844,-0.1293045192670745,0.6266642032188481,0.9642204288798136,4,4
2026-05-21,0.46784544,-0.32419524,0.8251992541862456,-0.30158956128872366,0.5691940876076026,0.8785841294878146,4,4
2026-05-22,0.48861369,-0.0589642935,0.5488702998738222,-0.4085437538991626,0.4921586390213731,0.6842270127184391,4,4
2026-05-23,0.40534487,0.65152693,0.5042742662459363,-0.33983884696142064,0.7673277032341148,0.6080978354688868,6,4
2026-05-24,0.3263838,1.1623802,0.8482066125052555,0.08823089831843818,1.207333472680386,0.852783178138335,6,5
2026-05-25,0.12294321,1.5238216,0.8551370788074177,0.2981462699121589,1.5287731360511487,0.9056216769787578,6,5
2026-05-26,-0.11644355,1.7785463,0.5240774444015622,0.46886988585246003,1.7823540730113903,0.7032041933818167,7,5
2026-05-27,-0.61094373,1.9572567,0.2803293266615989,0.07405932886383393,2.0503916774414597,0.28994709099818006,7,5
2026-05-28,-1.0150373,2.3195906,0.47486330326297277,-0.030036199340517898,2.531956016995487,0.4758122844742928,7,4
2026-05-29,-1.1224118,2.4878056,0.4075033175046516,0.4084995026265023,2.7292828640818088,0.577001557557167,7,6
2026-05-30,-1.3533474,2.3188815,-0.24925944489239496,0.8539915215372755,2.684913517439437,0.8896245217650061,7,7
2026-05-31,-1.5108653,1.9304668,-0.5639093955687984,0.9674082840397129,2.4514110264593185,1.119764526335528,7,7
2026-06-01,-1.7242888,1.970717,-0.7220300994757376,1.0108942838210493,2.618567807007189,1.2422699857965722,7,7
2026-06-02,-1.8879563,2.0358984,-0.960692768626541,0.9975704424961223,2.7765556514920156,1.3849467077953712,7,7
2026-06-03,-1.9718252,1.6048534,-1.3144612014381167,0.7467948509699824,2.542370754796908,1.5117905938063696,8,8
2026-06-04,-2.2158711,1.3595685,-1.6170656414473816,0.8402523636079555,2.599713683852024,1.8223406167065441,8,8
2026-06-05,-2.2509484,1.0044409,-1.6396549799959912,0.8182393239493819,2.4648874662051754,1.8324802985797135,8,8
2026-06-06,-2.4011152,0.84065169,-1.5630996958623637,0.5556672173111481,2.5440223009185465,1.6589293883705023,8,8
2026-06-07,-2.298913,0.5387212,-1.4079351598165648,0.34484965376961196,2.3611906981221233,1.4495525854389406,8,8
2026-06-08,-1.8941083,0.29348183,-1.5872388421115362,0.42217819851982746,1.9167101597969993,1.6424255152709413,8,8
2026-06-09,-1.5051548,0.16012603,-1.8194382963091467,0.27840715464303284,1.513648346693049,1.8406157279108422,8,8
2026-06-10,-1.3960857,0.26572868,-1.5323667483464918,-0.14763078431116122,1.4211498911511875,1.5394618215189129,8,1
2026-06-11,-1.5217661,0.0392390341,-1.5243801061619326,-0.3293316787686981,1.5222719089920536,1.5595493139695435,8,1
2026-06-12,-1.978573,-0.20202175,-1.472642562478311,-0.5564960654705445,1.9888599507763391,1.5742820546861616,1,1
2026-06-13,-2.0893087,-0.49718702,-1.4666170479630145,-0.7007382093777986,2.1476512232558087,1.625422899881059,1,1
2026-06-14,-1.8438995,-0.64067924,-1.2929542397821268,-0.8526487149216799,1.9520336202707236,1.5487867823648835,1,1
2026-06-15,-1.7177265,-0.69679558,-0.7656013625416987,-0.7543847703330124,1.853674299630274,1.0748217657063415,1,1
2026-06-16,-1.4928036,-0.4838523,-0.5715137303188084,-0.6237954700001214,1.569259582219669,0.8460193451308262,1,2
2026-06-17,-1.4410249,-0.30243185,-0.8183248538291756,-0.5304385474756039,1.472419025384565,0.9752028604565156,1,1
2026-06-18,-0.94669032,-0.28090411,-0.8282489949180706,-1.0880998795211716,0.9874865472484141,1.3674639832173943,1,2
2026-06-19,-0.8008967,-0.36838749,-0.9125041457956017,-1.3940450994806803,0.8815582038977291,1.6661409170536148,1,2
2026-06-20,-0.95825595,-0.55241561,-0.7303715320521462,-1.4797793068064595,1.1060820366871864,1.6502088872881533,1,2
2026-06-21,-0.9631173,-0.63325787,-0.3844245195296164,-1.2698468402918475,1.1526536615463583,1.3267604188453788,1,2
2026-06-22,-0.7919426,-0.34771147,-0.40189473102158807,-1.1795626248287447,0.8649140697574071,1.2461490122436372,1,2
2026-06-23,-0.34662217,-0.0918736607,-0.4948220872746734,-0.7986295446732123,0.3585912690877005,0.939498827928916,1,2
2026-06-24,0.15490299,0.0492001697,-0.6505282604142175,-0.7510762733276538,0.16252874517896487,0.9936310109659946,5,2
2026-06-25,0.36566246,0.25155181,-0.18031564395791372,-0.4282090910886521,0.4438325672678017,0.464625394427518,5,2
2026-06-26,0.30134583,0.21379937,-0.026861176215301884,-0.5786321285773576,0.3694854257894156,0.5792552658454071,5,2
2026-06-27,0.36384353,0.40635431,-0.18385819401701467,-0.8421805651361147,0.5454410505072359,0.8620162062282726,6,2
2026-06-28,0.61134553,0.4777112,-0.0656546693645157,-0.7912987627375563,0.7758552362756991,0.7940178005053484,5,2
2026-06-29,0.50735378,0.78675693,-0.10973849717041337,-0.28580414132870446,0.9361593480723852,0.30614791353504095,6,2
2026-06-30,0.45641357,1.0851032,0.06724907264955732,0.11378744515799318,1.1771840559276976,0.1321742049259565,6,6
2026-07-01,-0.10958909,1.1602155,0.3810471764405222,0.35711001106855894,1.1653796699304817,0.5222303234002031,7,5
2026-07-02,-0.51177412,1.192318,0.24066122150833277,0.511587034068934,1.2975110647026384,0.5653663564144328,7,6
2026-07-03,-0.78167456,1.1621337,0.055762931866044675,0.22152317556406137,1.4005605500751774,0.22843384574594697,7,6
2026-07-04,-0.82020408,1.1736722,0.09196987534370518,0.46840838297057114,1.4318663226368187,0.47735193642410406,7,6
2026-07-05,-0.81657332,1.1874336,0.1953469033365026,0.6565706776676244,1.4411074010443436,0.685014939556857,7,6
2026-07-06,-0.59597164,1.1678243,-0.12000923335800608,0.797768186173033,1.311104798006162,0.8067442562305526,7,7
2026-07-07,-0.65292829,1.4630069,-0.3884973409474343,0.9200885233153129,1.6020937991671818,0.9987457507593112,7,7
2026-07-08,-0.62623984,1.5354015,-0.7709985911885758,0.4056899373824579,1.6582020695335884,0.8712193483320668,7,8
2026-07-09,-0.83774573,1.5958855,-0.9032448403861901,0.2501434321382461,1.8024062908355272,0.9372422196669201,7,8
2026-07-10,-1.1295605,1.8337222,-0.8763506997858742,0.22035928137116134,2.1537047220854326,0.9036308770187117,7,8
2026-07-11,-0.8799383,1.9144566,-0.8330678272913354,0.3324269846954646,2.106996792852436,0.8969446499208438,7,8
2026-07-12,-0.85040718,1.7867783,-0.8631296580636295,0.3064028167918069,1.9788302264586628,0.9159014645511774,7,8
2026-07-13,-1.2284777,1.5307102,-0.707947594858024,0.4112666004881218,1.9627101609206923,0.818736840347567,7,8
2026-07-14,-1.6100402,1.3046979,-1.005480703717427,0.6058665424819794,2.0723093533255237,1.1739104364674335,8,8
2026-07-15,-1.9429891,1.1414349,-1.1396875422073816,0.513231925351757,2.2534596232586064,1.2499178785276148,8,8
2026-07-16,-1.8721447,0.72990716,-1.2003007678333888,0.43205216484451514,2.0094004677906683,1.2756923635454807,8,8
2026-07-17,-1.8959627,0.83137596,-1.5300833123596966,0.4982708104806849,2.0702320030994623,1.6091702033466502,8,8
2026-07-18,-1.8040017,0.67121238,-1.297498619564293,0.6408922959052568,1.9248241978601979,1.447150856933014,8,8
2026-07-19,-1.7825845,0.92295873,-1.118055796744715,0.5395154561955353,2.0073515678434264,1.2414208360215062,8,8
2026-07-20,-1.5384895,1.1387211,-1.367627956391688,0.20522481800403264,1.9140626126633005,1.3829401480284291,8,8
2026-07-21,-1.7036661,1.4759715,-1.4679750738398933,-0.17276661615025235,2.2541007184909594,1.478106600036428,8,1
2026-07-22,-1.8019034,1.3690324,-1.4904886807014213,-0.3928357109494938,2.2629859865189887,1.5413878172271434,8,1
2026-07-23,-1.8427256,1.1757449,-1.1563521025448378,-0.5313009112568513,2.1858668090191062,1.2725686006507577,8,1
2026-07-24,-1.7527615,1.0274414,-1.2516784364542273,-0.26034863446894435,2.031700939192629,1.2784679580475777,8,1
2026-07-25,-1.6282976,0.84793198,-1.28344758008671,-0.4851215317113533,1.8358490452301572,1.3720716422112955,8,1
2026-07-26,-1.2217575,0.75491226,-1.309639497721266,-0.18299513713244525,1.436169874737859,1.3223625955862985,8,1
2026-07-27,-0.96837634,0.62770766,-1.3782984673539782,-0.023387294810803247,1.154023241661307,1.3784968736522012,8,1
2026-07-28,-0.91620529,0.71632606,-1.5941153510821442,-0.005757812744031698,1.1629940488493944,1.5941257494198326,8,1
2026-07-29,-0.60458261,0.49115145,-1.5861094469676953,-0.24844319172057402,0.7789415120222536,1.6054492197738532,8,1
2026-07-30,-0.33837342,0.27962765,-1.3180621055736381,-0.3155295995340621,0.4389626339530722,1.355303155139594,8,1
2026-07-31,-0.25654793,0.25008795,-1.2343901963620205,-0.2444826884341999,0.3582747871710866,1.2583683649149329,8,1
2026-08-01,-0.24210353,0.0609509982,-1.1078712606843615,-0.3171095900996764,0.24965805298455188,1.1523615849131474,8,1
2026-08-02,-0.0624618381,0.00976927392,-0.7993065095870662,-0.06829013363205377,0.06322119843655769,0.8022184481921009,8,1
2026-08-03,0.14171349,0.20137496,-0.6791300129730122,-0.12081707099103563,0.2462409140719342,0.6897929683343957,6,1
2026-08-04,0.17048928,0.84847784,-0.8165289480554262,-0.07428313678803233,0.8654370222991297,0.8199009131740069,6,1
2026-08-05,0.35872754,1.0357692,-0.49480309453324495,-0.14608630319525814,1.0961310522118657,0.5159179298502158,6,1
2026-08-06,0.47065026,1.0789666,-0.07467677487487454,-0.04801297822118819,1.177149349553245,0.08877987825729985,6,1
2026-08-07,0.45061216,1.1254977,-0.20445929163635385,-0.0632333360680238,1.2123515956376498,0.21401415076282043,6,1
2026-08-08,0.47865897,1.3115513,-0.19449285804922292,-0.3200166563749803,1.3961666168810767,0.3744838209984209,6,2
2026-08-09,0.55550861,1.641055,0.060197034108609784,-0.06174295887718752,1.7325274395544596,0.08623152489886282,6,3
2026-08-10,0.43183982,1.4876138,0.021458541396237346,0.2376597012063183,1.5490256447483601,0.23862649177392378,6,6
2026-08-11,0.48137537,1.0179899,-0.4884092404735522,0.6603917823710106,1.1260664648876846,0.8213774360201967,6,7
2026-08-12,0.58915216,0.96387601,-0.46673158342333815,0.8265917823325574,1.129671293025624,0.949258840140333,6,7
2026-08-13,0.73953593,0.77103448,-0.3357224645736991,0.857566399397647,1.0683667727469977,0.9209395759740611,6,7
2026-08-14,0.63449103,0.84268975,-0.44748583475118053,0.8633380645658298,1.05484827435301,0.972417701418086,6,7
2026-08-15,0.41606176,1.038977,-0.5659552876935071,0.9982432026109216,1.1191874707408485,1.1475168317838087,6,7
2026-08-16,0.48702848,1.2051872,-0.6989970785234274,1.284184485982934,1.29987419674942,1.462096682789322,6,7
2026-08-17,0.51078922,1.3426291,-0.6899067038283277,0.9660803385884341,1.4365091463109512,1.1871320400841734,6,7
2026-08-18,0.41627586,1.1185853,-0.3043592272308632,0.6569442466757353,1.1935320125555198,0.7240236753317653,6,7
2026-08-19,0.17614979,0.92692065,-0.19946249578041275,0.7434203135860222,0.9435097455317919,0.7697136154929902,6,7
2026-08-20,-0.0923042148,0.46966246,-0.10720577771364098,0.7282792521792513,0.4786469412866817,0.7361275350983388,7,7
2026-08-21,-0.41238925,0.5245955,-0.2939711248741913,0.7009241397153865,0.6672820484141714,0.7600747804627858,7,7
2026-08-22,-0.56185073,0.64760524,-0.6051131760284149,0.671632562598688,0.8573615279897917,0.9040200522920252,7,7
2026-08-23,-0.2098642,0.69351757,-0.5012882333911104,0.8906640856730901,0.7245754635235345,1.0220432507698791,7,7
2026-08-24,-0.058328636,0.66717315,-0.5028821580894796,0.9937411802164513,0.6697180316062448,1.1137378498474035,7,7
2026-08-25,-0.20012611,0.69879216,-0.4799463739913174,0.6889860066796976,0.7268844081291039,0.8396726977268284,7,7
2026-08-26,-0.43278491,0.82593155,-0.4734901280282865,0.37548921038523037,0.9324514483924139,0.6043054264657624,7,8
2026-08-27,-0.45416275,1.1616776,-0.3781085207548659,-0.1695387951750653,1.2473005451090458,0.4143783977680854,7,1
2026-08-28,-0.36186615,0.99221545,-0.4528451377348587,0.021969249209122587,1.0561432714052224,0.45337773068481835,7,8
2026-08-29,-0.33382034,1.1464748,-0.711854057806826,0.05678758051003166,1.1940856277640879,0.7141155571167928,7,8
2026-08-30,-0.39395398,1.046057,-0.3081893902058321,0.37145450914396977,1.1177812780713587,0.4826584222810477,7,7
2026-08-31,-0.50798625,0.88137603,-0.19269645876329464,0.41825752340002137,1.0172874404255778,0.46051197715220565,7,7
2026-09-01,-0.58371991,1.0006362,-0.5293274717955032,0.2833531051410723,1.1584479867826816,0.6003969974862523,7,8
2026-09-02,-0.43861488,1.0447874,-0.7885655908872601,0.20206945550055366,1.133121231005833,0.8140440749601117,7,8
2026-09-03,-0.64364797,0.80386811,-0.9005351893358428,0.5247839531040148,1.0297993239267993,1.0422868245677956,7,8
2026-09-04,-0.82537836,0.67644441,-0.6830976714319916,0.28642005391334463,1.067158131195437,0.7407151112266662,8,8
2026-09-05,-0.96647286,0.63343513,-0.6613653691241558,0.5715146288527155,1.1555560795715178,0.8740898823744547,8,8
2026-09-06,-0.89505386,0.72727543,-0.8206694853261481,0.34527954604339645,1.1532783546839784,0.890346207416766,8,8
2026-09-07,-0.55871516,0.75941104,-0.719052276898386,0.1821284402183735,0.9427978350037229,0.7417593583158427,7,8
