{
"type": "FeatureCollection",
"name": "sangrur_blocks",
"crs": { "type": "name", "properties": { "name": "urn:ogc:def:crs:OGC:1.3:CRS84" } },
"features": [
{ "type": "Feature", "properties": { "block_id": "bhuvan_b_274", "block_name": "Moonak", "district": "Sangrur", "state": "Punjab" }, "geometry": { "type": "MultiPolygon", "coordinates": [ [ [ [ 75.9440962, 29.8970653 ], [ 75.9437181, 29.8973294 ], [ 75.9400939, 29.8992007 ], [ 75.9384844, 29.900559 ], [ 75.935242, 29.9023666 ], [ 75.9346262, 29.9046757 ], [ 75.9341963, 29.9062882 ], [ 75.9303363, 29.9082715 ], [ 75.9303364, 29.9082716 ], [ 75.9313049, 29.9100988 ], [ 75.9325713, 29.9122556 ], [ 75.9329516, 29.9128621 ], [ 75.9344022, 29.9151755 ], [ 75.9322126, 29.9162197 ], [ 75.930176, 29.9178449 ], [ 75.9275054, 29.9195355 ], [ 75.9258424, 29.920612 ], [ 75.9238435, 29.9210163 ], [ 75.922333, 29.9220015 ], [ 75.9204104, 29.9229579 ], [ 75.9201429, 29.923235 ], [ 75.9190977, 29.9219429 ], [ 75.9180449, 29.9205988 ], [ 75.9168471, 29.9194002 ], [ 75.9156262, 29.9182243 ], [ 75.9144901, 29.9169597 ], [ 75.9133603, 29.9156861 ], [ 75.9122389, 29.9144034 ], [ 75.9111253, 29.9131139 ], [ 75.9100265, 29.9118175 ], [ 75.9089585, 29.9104938 ], [ 75.9079742, 29.9091041 ], [ 75.9069674, 29.9077326 ], [ 75.9059297, 29.9063839 ], [ 75.90477, 29.9051352 ], [ 75.9032517, 29.9025985 ], [ 75.8984225, 29.9008741 ], [ 75.8950348, 29.900491 ], [ 75.8924941, 29.8986853 ], [ 75.8910751, 29.8973661 ], [ 75.8880311, 29.8968926 ], [ 75.8861238, 29.8986786 ], [ 75.8805007, 29.8974574 ], [ 75.8788453, 29.8970579 ], [ 75.8705827, 29.8973225 ], [ 75.8687362, 29.8980272 ], [ 75.8659975, 29.8984987 ], [ 75.8638076, 29.8986507 ], [ 75.8622359, 29.9014991 ], [ 75.85865, 29.9026798 ], [ 75.8576738, 29.9029073 ], [ 75.8579175, 29.9012024 ], [ 75.8573303, 29.899539 ], [ 75.8579181, 29.8982492 ], [ 75.8592759, 29.8983712 ], [ 75.860069, 29.8994444 ], [ 75.8614351, 29.8981902 ], [ 75.8621216, 29.8965726 ], [ 75.8631516, 29.8954604 ], [ 75.864891, 29.8950948 ], [ 75.8665616, 29.8946371 ], [ 75.8681948, 29.8941278 ], [ 75.8694992, 29.8931672 ], [ 75.8703305, 29.8916185 ], [ 75.8711011, 29.8903253 ], [ 75.8706971, 29.888963 ], [ 75.870041, 29.887352 ], [ 75.8698655, 29.8856972 ], [ 75.8700107, 29.884011 ], [ 75.8702852, 29.8823081 ], [ 75.870552, 29.880612 ], [ 75.8708112, 29.8789296 ], [ 75.8712999, 29.8772997 ], [ 75.8718489, 29.8756875 ], [ 75.872368, 29.8740642 ], [ 75.8727949, 29.8724032 ], [ 75.8731234, 29.8705849 ], [ 75.872795, 29.8690597 ], [ 75.8728259, 29.8685293 ], [ 75.873123, 29.8665285 ], [ 75.8716891, 29.8650467 ], [ 75.8699111, 29.8636597 ], [ 75.8642734, 29.8601118 ], [ 75.8611678, 29.8561614 ], [ 75.8589627, 29.8548853 ], [ 75.858734, 29.8544694 ], [ 75.8581924, 29.8556032 ], [ 75.8577345, 29.8572892 ], [ 75.8571165, 29.8588725 ], [ 75.8560407, 29.860197 ], [ 75.8546603, 29.8611671 ], [ 75.853218, 29.8620766 ], [ 75.8519438, 29.8632083 ], [ 75.8506393, 29.8643696 ], [ 75.8490827, 29.8645533 ], [ 75.8473662, 29.8642823 ], [ 75.8457033, 29.8644532 ], [ 75.8442151, 29.8653155 ], [ 75.8427121, 29.8661193 ], [ 75.8411939, 29.8668802 ], [ 75.8396454, 29.8675804 ], [ 75.8378752, 29.8686295 ], [ 75.8369751, 29.8673222 ], [ 75.8358764, 29.8660161 ], [ 75.8347398, 29.8647441 ], [ 75.833595, 29.8634879 ], [ 75.8324354, 29.8622363 ], [ 75.8312226, 29.861046 ], [ 75.8297806, 29.8601594 ], [ 75.8283923, 29.8591777 ], [ 75.8270417, 29.8581348 ], [ 75.8256989, 29.8570964 ], [ 75.8242568, 29.8561804 ], [ 75.8227847, 29.8553007 ], [ 75.8213805, 29.8543461 ], [ 75.820206, 29.8531442 ], [ 75.8193591, 29.8516469 ], [ 75.8188173, 29.8500281 ], [ 75.8187559, 29.8469489 ], [ 75.8180998, 29.8441645 ], [ 75.8177185, 29.8424702 ], [ 75.8173982, 29.8407869 ], [ 75.8171847, 29.8391255 ], [ 75.8173219, 29.8375364 ], [ 75.8184817, 29.8361688 ], [ 75.8196868, 29.8349701 ], [ 75.8207628, 29.8336436 ], [ 75.8217547, 29.8322477 ], [ 75.8229673, 29.831094 ], [ 75.8244476, 29.8302591 ], [ 75.8259736, 29.8294689 ], [ 75.8274232, 29.8285191 ], [ 75.8288423, 29.8274814 ], [ 75.8298338, 29.8262095 ], [ 75.8300707, 29.8245114 ], [ 75.8299025, 29.8227775 ], [ 75.8293535, 29.8211566 ], [ 75.8285983, 29.8196294 ], [ 75.8276443, 29.8182141 ], [ 75.8266446, 29.8168396 ], [ 75.8263254, 29.8148736 ], [ 75.8263318, 29.8148829 ], [ 75.8263338, 29.8148858 ], [ 75.8263401, 29.814895 ], [ 75.8263479, 29.8149063 ], [ 75.8263532, 29.814914 ], [ 75.8263533, 29.8149141 ], [ 75.8263534, 29.8149143 ], [ 75.8263535, 29.8149143 ], [ 75.826355, 29.8149165 ], [ 75.8263604, 29.8149143 ], [ 75.8264126, 29.8148928 ], [ 75.8264366, 29.8148829 ], [ 75.8267853, 29.8147392 ], [ 75.8273167, 29.8145202 ], [ 75.8300018, 29.8134136 ], [ 75.8331835, 29.8133835 ], [ 75.8334274, 29.8133812 ], [ 75.8351776, 29.8141083 ], [ 75.8354797, 29.8142338 ], [ 75.838792, 29.8141291 ], [ 75.8389377, 29.8141245 ], [ 75.8391037, 29.8141193 ], [ 75.8391037, 29.8141192 ], [ 75.8391035, 29.8141188 ], [ 75.8391015, 29.8141152 ], [ 75.839101, 29.8141143 ], [ 75.8390995, 29.8141114 ], [ 75.8390962, 29.8141053 ], [ 75.8390858, 29.814086 ], [ 75.8390681, 29.8140532 ], [ 75.8390315, 29.8139851 ], [ 75.8390152, 29.813955 ], [ 75.838903, 29.8137466 ], [ 75.8386644, 29.8133035 ], [ 75.8378372, 29.8117676 ], [ 75.8376014, 29.8113793 ], [ 75.8374867, 29.8111904 ], [ 75.8371215, 29.810589 ], [ 75.8367844, 29.8100338 ], [ 75.8367793, 29.809614 ], [ 75.8367721, 29.8090193 ], [ 75.8367386, 29.8062477 ], [ 75.8369979, 29.8041696 ], [ 75.8372679, 29.8028868 ], [ 75.8373116, 29.8026793 ], [ 75.8373473, 29.8025093 ], [ 75.8375549, 29.8015236 ], [ 75.8379596, 29.8003729 ], [ 75.8380181, 29.8002065 ], [ 75.8391629, 29.7969518 ], [ 75.8394623, 29.7961006 ], [ 75.8394623, 29.7961001 ], [ 75.8394421, 29.7948777 ], [ 75.8394089, 29.7928676 ], [ 75.8394089, 29.7928657 ], [ 75.839504, 29.7928023 ], [ 75.8402004, 29.7923377 ], [ 75.8409959, 29.7918071 ], [ 75.8417937, 29.7912749 ], [ 75.8423656, 29.7908933 ], [ 75.8425142, 29.7907943 ], [ 75.84294, 29.7904064 ], [ 75.8430093, 29.7903433 ], [ 75.8443684, 29.7891054 ], [ 75.8451234, 29.7884177 ], [ 75.8456859, 29.7862861 ], [ 75.8457001, 29.786232 ], [ 75.8457003, 29.7862313 ], [ 75.8457005, 29.7862306 ], [ 75.8457017, 29.7862262 ], [ 75.8457017, 29.7862261 ], [ 75.8457039, 29.7862178 ], [ 75.845705, 29.7862135 ], [ 75.8457121, 29.7861866 ], [ 75.8457175, 29.7861663 ], [ 75.8457432, 29.7860689 ], [ 75.8457587, 29.7860103 ], [ 75.8458871, 29.7855236 ], [ 75.8458873, 29.7855227 ], [ 75.8460464, 29.7849197 ], [ 75.846649, 29.7842525 ], [ 75.8467854, 29.7841014 ], [ 75.8471246, 29.7837258 ], [ 75.8471246, 29.7837258 ], [ 75.8495789, 29.7810078 ], [ 75.8516464, 29.7799568 ], [ 75.8538437, 29.776516 ], [ 75.8538434, 29.7765151 ], [ 75.8533826, 29.7750326 ], [ 75.8533165, 29.7748201 ], [ 75.8526954, 29.7728221 ], [ 75.8526921, 29.7728116 ], [ 75.852692, 29.772811 ], [ 75.8526917, 29.77281 ], [ 75.8527506, 29.7727838 ], [ 75.8535691, 29.7724205 ], [ 75.8561249, 29.7712861 ], [ 75.8569603, 29.7707627 ], [ 75.8607559, 29.7683849 ], [ 75.8627498, 29.7676794 ], [ 75.8627768, 29.7676699 ], [ 75.8643188, 29.7671242 ], [ 75.8659148, 29.766873 ], [ 75.8684387, 29.7664757 ], [ 75.8684645, 29.7663507 ], [ 75.86848, 29.7662756 ], [ 75.8691788, 29.7628898 ], [ 75.8691788, 29.7628898 ], [ 75.8696136, 29.7620533 ], [ 75.8710556, 29.7592793 ], [ 75.8710556, 29.7556878 ], [ 75.8706284, 29.7536964 ], [ 75.8705597, 29.7516537 ], [ 75.8706462, 29.7512979 ], [ 75.8711166, 29.7493648 ], [ 75.8749438, 29.7500178 ], [ 75.877243, 29.75041 ], [ 75.8792922, 29.7504351 ], [ 75.883432, 29.7504857 ], [ 75.8834553, 29.750486 ], [ 75.8841171, 29.7504941 ], [ 75.8853377, 29.7484885 ], [ 75.885583, 29.7480853 ], [ 75.8860626, 29.7472972 ], [ 75.8868366, 29.7461583 ], [ 75.8873978, 29.7453327 ], [ 75.8928341, 29.7458259 ], [ 75.8932419, 29.7458629 ], [ 75.8937377, 29.7459753 ], [ 75.8955307, 29.7463818 ], [ 75.8967397, 29.7468086 ], [ 75.9001236, 29.748003 ], [ 75.9036775, 29.750274 ], [ 75.9050373, 29.751143 ], [ 75.9061203, 29.7518349 ], [ 75.9073729, 29.7530635 ], [ 75.907411, 29.7531009 ], [ 75.9075362, 29.7532238 ], [ 75.9075829, 29.7532695 ], [ 75.9076157, 29.7533017 ], [ 75.9076221, 29.7532991 ], [ 75.907624, 29.7532983 ], [ 75.9096177, 29.7524927 ], [ 75.9099963, 29.7523397 ], [ 75.9099976, 29.7523391 ], [ 75.9100093, 29.7523344 ], [ 75.9100105, 29.7523339 ], [ 75.9100149, 29.7523322 ], [ 75.9100231, 29.7523289 ], [ 75.9103958, 29.7521782 ], [ 75.9106781, 29.7520642 ], [ 75.9108266, 29.7520041 ], [ 75.9114532, 29.7517509 ], [ 75.9114977, 29.7517112 ], [ 75.9116767, 29.7515515 ], [ 75.9123692, 29.7509333 ], [ 75.9128719, 29.7504846 ], [ 75.9131393, 29.7502458 ], [ 75.9136195, 29.7498172 ], [ 75.9142075, 29.7492924 ], [ 75.9143595, 29.7491533 ], [ 75.9158121, 29.7478246 ], [ 75.9158173, 29.74782 ], [ 75.9158181, 29.7478161 ], [ 75.9158195, 29.7478093 ], [ 75.9158324, 29.747748 ], [ 75.915874, 29.7475502 ], [ 75.9159147, 29.7473568 ], [ 75.916064, 29.7466471 ], [ 75.9162099, 29.7459533 ], [ 75.9162598, 29.7457161 ], [ 75.9163738, 29.7453568 ], [ 75.9165964, 29.7446552 ], [ 75.9168208, 29.7439481 ], [ 75.9169191, 29.7436384 ], [ 75.9171158, 29.7430187 ], [ 75.9172821, 29.7424945 ], [ 75.9173068, 29.7424895 ], [ 75.9173496, 29.7424807 ], [ 75.9173933, 29.7424717 ], [ 75.9174404, 29.742462 ], [ 75.917467, 29.7424566 ], [ 75.9176813, 29.7424126 ], [ 75.917929, 29.7423618 ], [ 75.9184105, 29.742263 ], [ 75.9194565, 29.7420483 ], [ 75.9200709, 29.7413001 ], [ 75.920724, 29.7405048 ], [ 75.9208145, 29.7403945 ], [ 75.9212396, 29.7399309 ], [ 75.922226, 29.7388554 ], [ 75.922444, 29.7386784 ], [ 75.9238281, 29.7375546 ], [ 75.9260266, 29.7367754 ], [ 75.9273529, 29.7363053 ], [ 75.9278175, 29.7361869 ], [ 75.9312744, 29.7353058 ], [ 75.9348602, 29.7331142 ], [ 75.9373909, 29.7317083 ], [ 75.9384308, 29.7311306 ], [ 75.9396538, 29.7308111 ], [ 75.9408035, 29.7305107 ], [ 75.941781, 29.7309418 ], [ 75.9426632, 29.7313309 ], [ 75.9428406, 29.731409 ], [ 75.9471359, 29.7302323 ], [ 75.95224, 29.731781 ], [ 75.9523379, 29.7317852 ], [ 75.9539303, 29.7318553 ], [ 75.9561005, 29.7319508 ], [ 75.9571967, 29.7314125 ], [ 75.9580078, 29.7310142 ], [ 75.9599988, 29.7306492 ], [ 75.962246, 29.7302373 ], [ 75.9640732, 29.7299023 ], [ 75.9656638, 29.7300166 ], [ 75.9719849, 29.7304707 ], [ 75.9732289, 29.7299872 ], [ 75.9765549, 29.7286949 ], [ 75.9790658, 29.7281267 ], [ 75.9805756, 29.7277851 ], [ 75.9850761, 29.7271806 ], [ 75.9850767, 29.7271805 ], [ 75.9850769, 29.7271805 ], [ 75.9851369, 29.7272432 ], [ 75.9859322, 29.728075 ], [ 75.9862166, 29.7283725 ], [ 75.9865286, 29.7286988 ], [ 75.9877396, 29.7299653 ], [ 75.9887964, 29.7318494 ], [ 75.9896545, 29.7333799 ], [ 75.9916901, 29.7352057 ], [ 75.9929199, 29.7363091 ], [ 75.9940896, 29.7372465 ], [ 75.9947739, 29.7377949 ], [ 75.996727, 29.7395554 ], [ 75.9985383, 29.7403518 ], [ 75.9992555, 29.7406672 ], [ 75.9994175, 29.7407384 ], [ 75.9996033, 29.74082 ], [ 76.0004728, 29.740807 ], [ 76.0053558, 29.7407342 ], [ 76.0075073, 29.7411309 ], [ 76.0095965, 29.7418158 ], [ 76.0111084, 29.7423114 ], [ 76.0153122, 29.7429333 ], [ 76.0160357, 29.7435914 ], [ 76.0168533, 29.7443351 ], [ 76.0172348, 29.7465425 ], [ 76.0201032, 29.7487764 ], [ 76.023287, 29.7506596 ], [ 76.0244445, 29.7513446 ], [ 76.0244446, 29.7513447 ], [ 76.0250931, 29.7534123 ], [ 76.0255137, 29.7543444 ], [ 76.0266571, 29.7568779 ], [ 76.0291748, 29.7564679 ], [ 76.0298172, 29.7554395 ], [ 76.0311966, 29.753231 ], [ 76.0316873, 29.7508329 ], [ 76.0319214, 29.7496891 ], [ 76.032486, 29.7468605 ], [ 76.0343232, 29.7457515 ], [ 76.0349132, 29.7453953 ], [ 76.0363693, 29.7445163 ], [ 76.0374165, 29.7439591 ], [ 76.038269, 29.7435055 ], [ 76.0386975, 29.7431985 ], [ 76.0400925, 29.742199 ], [ 76.0417781, 29.7415222 ], [ 76.0422041, 29.7413512 ], [ 76.0422211, 29.7413444 ], [ 76.0422635, 29.7413751 ], [ 76.0450673, 29.7434003 ], [ 76.0457306, 29.7438794 ], [ 76.0469208, 29.7455273 ], [ 76.0479847, 29.7476279 ], [ 76.0484378, 29.7485227 ], [ 76.0486695, 29.74898 ], [ 76.04879, 29.749218 ], [ 76.0488995, 29.7496982 ], [ 76.0493088, 29.7514944 ], [ 76.0524213, 29.7546767 ], [ 76.0529175, 29.7551842 ], [ 76.0542679, 29.7569332 ], [ 76.0545138, 29.7574481 ], [ 76.0553894, 29.7592812 ], [ 76.0557292, 29.7603643 ], [ 76.0560913, 29.7615185 ], [ 76.0571795, 29.7640778 ], [ 76.0577011, 29.7653046 ], [ 76.0580971, 29.7652673 ], [ 76.0607986, 29.7650135 ], [ 76.0613868, 29.7657139 ], [ 76.0621872, 29.7666683 ], [ 76.0641853, 29.769296 ], [ 76.064415, 29.7695981 ], [ 76.0658965, 29.7707278 ], [ 76.0660858, 29.7708722 ], [ 76.0674133, 29.7730674 ], [ 76.0686091, 29.7746232 ], [ 76.0688705, 29.7749634 ], [ 76.069569, 29.775561 ], [ 76.0704422, 29.776308 ], [ 76.0738296, 29.7778931 ], [ 76.0759259, 29.7767746 ], [ 76.0785446, 29.7753773 ], [ 76.0794602, 29.7766766 ], [ 76.0798416, 29.7772179 ], [ 76.0809326, 29.7791195 ], [ 76.0829933, 29.7812826 ], [ 76.0836182, 29.7819385 ], [ 76.0836901, 29.7820769 ], [ 76.0854487, 29.7854602 ], [ 76.0844417, 29.7869771 ], [ 76.0842286, 29.7872982 ], [ 76.0842285, 29.7872983 ], [ 76.0839539, 29.7894917 ], [ 76.0841728, 29.7911747 ], [ 76.084259, 29.7918372 ], [ 76.084259, 29.7918376 ], [ 76.0852737, 29.7936135 ], [ 76.0853577, 29.7981987 ], [ 76.0859047, 29.8006396 ], [ 76.0860012, 29.8010702 ], [ 76.0860138, 29.8011265 ], [ 76.0880537, 29.801551 ], [ 76.088974, 29.8017425 ], [ 76.089834, 29.8024848 ], [ 76.0919571, 29.8043174 ], [ 76.0927871, 29.8051727 ], [ 76.0935287, 29.8059368 ], [ 76.0954056, 29.807518 ], [ 76.0973416, 29.8090102 ], [ 76.0984582, 29.8098708 ], [ 76.099823, 29.8109227 ], [ 76.1003675, 29.8110281 ], [ 76.1054967, 29.8120214 ], [ 76.1055375, 29.8120293 ], [ 76.1055445, 29.8120307 ], [ 76.105545, 29.8120308 ], [ 76.1055454, 29.8120304 ], [ 76.1055457, 29.8120306 ], [ 76.1089936, 29.8148053 ], [ 76.110227, 29.8162347 ], [ 76.1118619, 29.8181291 ], [ 76.1118925, 29.8205473 ], [ 76.1118158, 29.8211327 ], [ 76.1117714, 29.821471 ], [ 76.1116259, 29.82258 ], [ 76.1127951, 29.8240848 ], [ 76.1145551, 29.8263499 ], [ 76.1159267, 29.8279314 ], [ 76.1171112, 29.8292972 ], [ 76.1183625, 29.8308973 ], [ 76.1187058, 29.8345413 ], [ 76.1187059, 29.8345424 ], [ 76.1196524, 29.835318 ], [ 76.1203844, 29.8359178 ], [ 76.1204055, 29.8360228 ], [ 76.1204084, 29.8360372 ], [ 76.1208265, 29.8380911 ], [ 76.1210821, 29.8387651 ], [ 76.1216051, 29.8401442 ], [ 76.1212924, 29.8424412 ], [ 76.1209783, 29.8442926 ], [ 76.120842, 29.8450958 ], [ 76.120724, 29.8456984 ], [ 76.1203462, 29.8476267 ], [ 76.1203461, 29.8509178 ], [ 76.1203461, 29.8509182 ], [ 76.1211166, 29.85289 ], [ 76.1211167, 29.8528902 ], [ 76.1211622, 29.853631 ], [ 76.1212844, 29.8556185 ], [ 76.1213123, 29.8568652 ], [ 76.12134, 29.8581041 ], [ 76.1213514, 29.8586231 ], [ 76.1213531, 29.8587017 ], [ 76.1213531, 29.8587018 ], [ 76.1210123, 29.8587695 ], [ 76.1185531, 29.859258 ], [ 76.1157453, 29.8598164 ], [ 76.1133117, 29.8594016 ], [ 76.1081391, 29.857347 ], [ 76.1060189, 29.8543962 ], [ 76.104393, 29.8521332 ], [ 76.1030195, 29.8504888 ], [ 76.1024616, 29.8495502 ], [ 76.1014025, 29.8477681 ], [ 76.1013417, 29.8477122 ], [ 76.0998915, 29.8463774 ], [ 76.0958402, 29.8479204 ], [ 76.0930763, 29.8497068 ], [ 76.0926511, 29.8499817 ], [ 76.0895031, 29.8480142 ], [ 76.0873643, 29.8466775 ], [ 76.0836867, 29.8465994 ], [ 76.081558, 29.8448955 ], [ 76.0784676, 29.844094 ], [ 76.074997, 29.8431939 ], [ 76.0697433, 29.8445247 ], [ 76.0656582, 29.8455595 ], [ 76.0596082, 29.8511647 ], [ 76.058128, 29.8530874 ], [ 76.0563662, 29.8552334 ], [ 76.0554809, 29.8570679 ], [ 76.055025, 29.8583803 ], [ 76.0542682, 29.8605586 ], [ 76.0539172, 29.8636702 ], [ 76.0553921, 29.8662686 ], [ 76.0557784, 29.8669491 ], [ 76.0565946, 29.8709624 ], [ 76.0565947, 29.8709627 ], [ 76.0564962, 29.8710672 ], [ 76.0550958, 29.8725517 ], [ 76.0535233, 29.872505 ], [ 76.0524598, 29.8724735 ], [ 76.0480727, 29.8717165 ], [ 76.0444186, 29.8750913 ], [ 76.0437167, 29.8757396 ], [ 76.0427551, 29.8737552 ], [ 76.0396573, 29.8755168 ], [ 76.0389875, 29.8770593 ], [ 76.038811, 29.8774658 ], [ 76.0386547, 29.8779641 ], [ 76.038078, 29.8798021 ], [ 76.0366711, 29.8794359 ], [ 76.0344433, 29.878856 ], [ 76.0339735, 29.8787334 ], [ 76.0309446, 29.8764559 ], [ 76.0287015, 29.8763945 ], [ 76.027916, 29.874386 ], [ 76.0265045, 29.8722944 ], [ 76.0230715, 29.8695191 ], [ 76.0222931, 29.8693073 ], [ 76.0213623, 29.869054 ], [ 76.0207289, 29.8688829 ], [ 76.0194857, 29.8706522 ], [ 76.0161287, 29.8722799 ], [ 76.0161287, 29.8722801 ], [ 76.0161395, 29.8751742 ], [ 76.0161437, 29.8763158 ], [ 76.0152247, 29.8778824 ], [ 76.0141906, 29.8796449 ], [ 76.0139241, 29.8803184 ], [ 76.0134428, 29.8815344 ], [ 76.0124968, 29.8835405 ], [ 76.0120991, 29.885736 ], [ 76.0118409, 29.8871618 ], [ 76.0118409, 29.8871619 ], [ 76.0120389, 29.8893375 ], [ 76.0089644, 29.8940219 ], [ 76.0067916, 29.8945009 ], [ 76.0035476, 29.8952161 ], [ 76.0009819, 29.8961283 ], [ 75.999664, 29.8965969 ], [ 75.9974518, 29.8968776 ], [ 75.9954375, 29.8979306 ], [ 75.9930648, 29.8993405 ], [ 75.990101, 29.901262 ], [ 75.9898681, 29.9014129 ], [ 75.9896493, 29.9015272 ], [ 75.9863511, 29.9032486 ], [ 75.9845426, 29.9049022 ], [ 75.9845425, 29.9049023 ], [ 75.9837567, 29.9038568 ], [ 75.9835511, 29.9028928 ], [ 75.9821165, 29.9043992 ], [ 75.9807281, 29.9051472 ], [ 75.9785658, 29.9029106 ], [ 75.9782941, 29.9026296 ], [ 75.9778213, 29.8990935 ], [ 75.9778213, 29.8990934 ], [ 75.9756166, 29.8958475 ], [ 75.9756166, 29.8958474 ], [ 75.970352, 29.8926286 ], [ 75.9696886, 29.8916487 ], [ 75.9691924, 29.8909158 ], [ 75.9664873, 29.8920815 ], [ 75.9652939, 29.8925958 ], [ 75.9645209, 29.8921648 ], [ 75.9641876, 29.891979 ], [ 75.9633715, 29.8915224 ], [ 75.9607541, 29.8911332 ], [ 75.9581178, 29.8913254 ], [ 75.9569398, 29.8914113 ], [ 75.9547881, 29.8918668 ], [ 75.9546951, 29.8919681 ], [ 75.9531404, 29.893661 ], [ 75.9515984, 29.8949359 ], [ 75.9513704, 29.8951244 ], [ 75.9513703, 29.8951244 ], [ 75.949211, 29.8952573 ], [ 75.9455489, 29.8960506 ], [ 75.9440962, 29.8970653 ] ] ] ] } },
{ "type": "Feature", "properties": { "block_id": "bhuvan_b_271", "block_name": "Sangrur", "district": "Sangrur", "state": "Punjab" }, "geometry": { "type": "MultiPolygon", "coordinates": [ [ [ [ 75.9883424, 30.3655387 ], [ 75.9839932, 30.3627269 ], [ 75.9825132, 30.3643668 ], [ 75.9812089, 30.3660301 ], [ 75.9784166, 30.3667887 ], [ 75.9762344, 30.3672968 ], [ 75.9740756, 30.3683957 ], [ 75.9721987, 30.3692579 ], [ 75.9693298, 30.3672828 ], [ 75.9689258, 30.3670038 ], [ 75.9664914, 30.364026 ], [ 75.9676514, 30.3615608 ], [ 75.9694061, 30.3598514 ], [ 75.9712293, 30.3564563 ], [ 75.9705732, 30.3534316 ], [ 75.9708022, 30.3511401 ], [ 75.9719774, 30.3492478 ], [ 75.9739076, 30.3481551 ], [ 75.9767074, 30.3459753 ], [ 75.9789809, 30.3427324 ], [ 75.978615, 30.3399401 ], [ 75.9738614, 30.3384958 ], [ 75.9724276, 30.3370401 ], [ 75.9706877, 30.3355168 ], [ 75.9703676, 30.3353635 ], [ 75.9686887, 30.3345571 ], [ 75.9668195, 30.333434 ], [ 75.9645231, 30.3325644 ], [ 75.9620973, 30.331364 ], [ 75.9624482, 30.3287514 ], [ 75.9628677, 30.3252517 ], [ 75.9628909, 30.3250259 ], [ 75.9643249, 30.3218278 ], [ 75.9653245, 30.3180306 ], [ 75.9631348, 30.3143448 ], [ 75.9610975, 30.3106646 ], [ 75.957916, 30.3094314 ], [ 75.9548875, 30.3114275 ], [ 75.9527285, 30.3101122 ], [ 75.954178, 30.3083691 ], [ 75.9538958, 30.3054679 ], [ 75.9532395, 30.3046222 ], [ 75.9516375, 30.3025471 ], [ 75.949402, 30.3023197 ], [ 75.9474793, 30.3031796 ], [ 75.9460831, 30.3046606 ], [ 75.9438856, 30.3042614 ], [ 75.9421771, 30.30306 ], [ 75.9398651, 30.3015607 ], [ 75.9378662, 30.3005666 ], [ 75.9310223, 30.3000921 ], [ 75.9303434, 30.3000451 ], [ 75.9276199, 30.3013999 ], [ 75.9255677, 30.302204 ], [ 75.922058, 30.303668 ], [ 75.920242, 30.3048561 ], [ 75.9173202, 30.3063723 ], [ 75.9144442, 30.309262 ], [ 75.9123004, 30.3100214 ], [ 75.9115373, 30.3111479 ], [ 75.9110871, 30.3118097 ], [ 75.9108965, 30.3160838 ], [ 75.9108354, 30.3174828 ], [ 75.9100571, 30.3193652 ], [ 75.9087676, 30.3217135 ], [ 75.9078825, 30.323653 ], [ 75.9067994, 30.326336 ], [ 75.9061737, 30.3301077 ], [ 75.9056398, 30.3343344 ], [ 75.9050444, 30.3382457 ], [ 75.9086458, 30.3447809 ], [ 75.9046096, 30.3436313 ], [ 75.9019014, 30.3431425 ], [ 75.8997955, 30.3425253 ], [ 75.8974839, 30.3420223 ], [ 75.895096, 30.3416236 ], [ 75.8921283, 30.3410416 ], [ 75.8910754, 30.3409518 ], [ 75.888077, 30.3407014 ], [ 75.8828581, 30.3403172 ], [ 75.8802111, 30.3398026 ], [ 75.8769228, 30.338029 ], [ 75.875885, 30.3361974 ], [ 75.873985, 30.3323006 ], [ 75.8732221, 30.3302867 ], [ 75.8731081, 30.3299762 ], [ 75.872131, 30.3274876 ], [ 75.8711166, 30.3235714 ], [ 75.870743, 30.3213112 ], [ 75.8681796, 30.3181293 ], [ 75.8675687, 30.3160873 ], [ 75.865692, 30.3146807 ], [ 75.8633117, 30.3138099 ], [ 75.8626404, 30.3131646 ], [ 75.860962, 30.3115243 ], [ 75.8584442, 30.3097045 ], [ 75.8546983, 30.3098689 ], [ 75.852394, 30.3105472 ], [ 75.8483047, 30.309782 ], [ 75.8464888, 30.3086838 ], [ 75.8457639, 30.3080523 ], [ 75.8434146, 30.3059808 ], [ 75.8416059, 30.3041831 ], [ 75.8400042, 30.3027181 ], [ 75.8384321, 30.3011377 ], [ 75.8368835, 30.2995572 ], [ 75.8352051, 30.298379 ], [ 75.8332443, 30.2970019 ], [ 75.8290788, 30.2983029 ], [ 75.8267133, 30.2975599 ], [ 75.8227307, 30.2989882 ], [ 75.8214567, 30.2994451 ], [ 75.8193665, 30.2999162 ], [ 75.817436, 30.3008352 ], [ 75.8153765, 30.3021203 ], [ 75.8111803, 30.3015621 ], [ 75.8092497, 30.3026412 ], [ 75.8084564, 30.3047396 ], [ 75.8066862, 30.3060477 ], [ 75.8044889, 30.3069658 ], [ 75.8001937, 30.3088082 ], [ 75.7958447, 30.3067457 ], [ 75.7932664, 30.3029782 ], [ 75.7932666, 30.3026014 ], [ 75.7889101, 30.3012494 ], [ 75.7854614, 30.3000271 ], [ 75.784584, 30.2981577 ], [ 75.7838137, 30.296177 ], [ 75.7825546, 30.2944362 ], [ 75.7807998, 30.2931202 ], [ 75.7786024, 30.2930273 ], [ 75.7759473, 30.2922602 ], [ 75.7722319, 30.2911903 ], [ 75.7687609, 30.2910415 ], [ 75.7663423, 30.2906654 ], [ 75.7636568, 30.2880439 ], [ 75.760132, 30.2865349 ], [ 75.7578433, 30.2867309 ], [ 75.7558057, 30.2874556 ], [ 75.7536774, 30.2878017 ], [ 75.7495577, 30.288042 ], [ 75.7477265, 30.2864281 ], [ 75.7458115, 30.2851599 ], [ 75.7453994, 30.2830936 ], [ 75.7440793, 30.2814159 ], [ 75.7423936, 30.2800358 ], [ 75.7406461, 30.2788951 ], [ 75.7389908, 30.2775622 ], [ 75.7371673, 30.2760632 ], [ 75.7354432, 30.2747396 ], [ 75.7337492, 30.2743837 ], [ 75.7309878, 30.2738035 ], [ 75.7284163, 30.2727824 ], [ 75.7262427, 30.2732957 ], [ 75.7245328, 30.2736996 ], [ 75.7208023, 30.2693413 ], [ 75.7208026, 30.2693408 ], [ 75.7217915, 30.2675166 ], [ 75.7225722, 30.2660766 ], [ 75.7225724, 30.2660762 ], [ 75.7223714, 30.2653613 ], [ 75.7220227, 30.264121 ], [ 75.7205488, 30.2622126 ], [ 75.7195053, 30.2608615 ], [ 75.7191606, 30.2604569 ], [ 75.7189103, 30.2601631 ], [ 75.7171857, 30.2581467 ], [ 75.7151457, 30.2567115 ], [ 75.7142106, 30.2560536 ], [ 75.7103575, 30.2546285 ], [ 75.7073441, 30.2526866 ], [ 75.7038039, 30.2525613 ], [ 75.7031552, 30.2521992 ], [ 75.6999206, 30.2503938 ], [ 75.6999209, 30.2503931 ], [ 75.7007198, 30.248757 ], [ 75.7008514, 30.2484874 ], [ 75.7008516, 30.248487 ], [ 75.7001756, 30.246884 ], [ 75.7000581, 30.2466053 ], [ 75.6997849, 30.2458933 ], [ 75.6990283, 30.2439216 ], [ 75.6985705, 30.2431164 ], [ 75.6980995, 30.24229 ], [ 75.6975477, 30.2413217 ], [ 75.6975477, 30.2413216 ], [ 75.6973277, 30.2414115 ], [ 75.6941226, 30.2427205 ], [ 75.6941223, 30.2427196 ], [ 75.6931383, 30.23945 ], [ 75.6919554, 30.2392852 ], [ 75.6893158, 30.2389174 ], [ 75.6893159, 30.2389164 ], [ 75.6898192, 30.2359436 ], [ 75.6921389, 30.2326422 ], [ 75.6921381, 30.232642 ], [ 75.689949, 30.2320785 ], [ 75.6899487, 30.2320785 ], [ 75.688807, 30.2328793 ], [ 75.6852567, 30.2353698 ], [ 75.683352, 30.2367181 ], [ 75.6824185, 30.2373789 ], [ 75.6813175, 30.2376351 ], [ 75.678711, 30.2382419 ], [ 75.6759338, 30.2365845 ], [ 75.6732966, 30.2362184 ], [ 75.6718443, 30.2360167 ], [ 75.6693411, 30.2359075 ], [ 75.6681903, 30.2358572 ], [ 75.666199, 30.2361033 ], [ 75.6644592, 30.2363184 ], [ 75.6606292, 30.2358865 ], [ 75.6548464, 30.2367796 ], [ 75.6495511, 30.2374512 ], [ 75.6475296, 30.2343547 ], [ 75.6453549, 30.2331584 ], [ 75.6448793, 30.2328954 ], [ 75.6442187, 30.2325301 ], [ 75.6425021, 30.2311353 ], [ 75.6408098, 30.2302236 ], [ 75.640228, 30.2299101 ], [ 75.6381075, 30.2293226 ], [ 75.6336975, 30.2290349 ], [ 75.6318496, 30.2281155 ], [ 75.6301725, 30.227281 ], [ 75.6273879, 30.2257039 ], [ 75.6269681, 30.2254667 ], [ 75.6260984, 30.2249385 ], [ 75.621918, 30.2223978 ], [ 75.6194136, 30.2201039 ], [ 75.6191099, 30.2198257 ], [ 75.6186872, 30.2193057 ], [ 75.6170653, 30.2173109 ], [ 75.6113053, 30.2174597 ], [ 75.6093408, 30.2180908 ], [ 75.6071014, 30.2188103 ], [ 75.6058274, 30.2191568 ], [ 75.6013563, 30.2203799 ], [ 75.5975724, 30.221735 ], [ 75.5935213, 30.2224054 ], [ 75.5921908, 30.2238422 ], [ 75.5909956, 30.225133 ], [ 75.5871582, 30.2266099 ], [ 75.5862348, 30.226966 ], [ 75.5852181, 30.2272514 ], [ 75.5850832, 30.2272892 ], [ 75.5850831, 30.2272892 ], [ 75.5836561, 30.2265985 ], [ 75.5828628, 30.2261612 ], [ 75.5821379, 30.2257615 ], [ 75.5819627, 30.2247409 ], [ 75.5815051, 30.2220762 ], [ 75.5815051, 30.2220757 ], [ 75.5834936, 30.2208334 ], [ 75.5847857, 30.2200262 ], [ 75.5857163, 30.2165094 ], [ 75.5857161, 30.2165093 ], [ 75.583206, 30.2153588 ], [ 75.5831706, 30.2153428 ], [ 75.5829924, 30.2152627 ], [ 75.5806427, 30.2127983 ], [ 75.5792857, 30.2115218 ], [ 75.5776899, 30.2100206 ], [ 75.5758819, 30.2084336 ], [ 75.5750273, 30.2082202 ], [ 75.573715, 30.2078926 ], [ 75.5728699, 30.2072027 ], [ 75.5721205, 30.2065911 ], [ 75.5706636, 30.2037052 ], [ 75.5687484, 30.2027502 ], [ 75.5647351, 30.202675 ], [ 75.5596159, 30.2017698 ], [ 75.5595395, 30.1983702 ], [ 75.5592723, 30.1981557 ], [ 75.5590895, 30.1980089 ], [ 75.5580596, 30.1971787 ], [ 75.5577393, 30.1969205 ], [ 75.5564575, 30.1934494 ], [ 75.5564576, 30.1934493 ], [ 75.5583267, 30.1902086 ], [ 75.5583267, 30.1902084 ], [ 75.5596618, 30.1866187 ], [ 75.559662, 30.1866181 ], [ 75.5586449, 30.1856675 ], [ 75.5580976, 30.185156 ], [ 75.5577654, 30.1833502 ], [ 75.5577393, 30.1832083 ], [ 75.5577394, 30.1832008 ], [ 75.5577928, 30.1809634 ], [ 75.5571594, 30.1774044 ], [ 75.5571593, 30.1774038 ], [ 75.5585211, 30.1767575 ], [ 75.5606081, 30.175767 ], [ 75.5612433, 30.1737398 ], [ 75.5612643, 30.1736728 ], [ 75.5626756, 30.1722026 ], [ 75.5639877, 30.1690498 ], [ 75.5654217, 30.167602 ], [ 75.5683062, 30.1644221 ], [ 75.569547, 30.1631996 ], [ 75.5712661, 30.1615057 ], [ 75.5721044, 30.1605264 ], [ 75.5726928, 30.159839 ], [ 75.5753403, 30.1568678 ], [ 75.5753406, 30.1568675 ], [ 75.5753471, 30.1564891 ], [ 75.5753478, 30.1564456 ], [ 75.5753532, 30.1562536 ], [ 75.5754322, 30.1534154 ], [ 75.576462, 30.1508277 ], [ 75.5786212, 30.1481696 ], [ 75.578049, 30.1461692 ], [ 75.5780489, 30.1461688 ], [ 75.5789107, 30.1448083 ], [ 75.5794449, 30.1439652 ], [ 75.583122, 30.1434594 ], [ 75.5831967, 30.1434346 ], [ 75.5852205, 30.1427642 ], [ 75.5887299, 30.140894 ], [ 75.5892066, 30.1407194 ], [ 75.5909502, 30.1400809 ], [ 75.592246, 30.1402398 ], [ 75.5943225, 30.1404943 ], [ 75.5980151, 30.139151 ], [ 75.5996557, 30.1386291 ], [ 75.6000598, 30.138501 ], [ 75.6030503, 30.1377992 ], [ 75.6036755, 30.1376519 ], [ 75.6053392, 30.1363628 ], [ 75.6090167, 30.1378731 ], [ 75.6114151, 30.1391033 ], [ 75.6126784, 30.1397512 ], [ 75.6138566, 30.1400598 ], [ 75.6165619, 30.1407685 ], [ 75.6202469, 30.1412475 ], [ 75.6234131, 30.1421913 ], [ 75.6245578, 30.1469258 ], [ 75.6262509, 30.1487857 ], [ 75.6285401, 30.1517979 ], [ 75.6300199, 30.1533362 ], [ 75.6326373, 30.1509931 ], [ 75.634659, 30.1497944 ], [ 75.6387713, 30.1488472 ], [ 75.6425092, 30.1481228 ], [ 75.6441269, 30.1467996 ], [ 75.6451342, 30.1449222 ], [ 75.6467284, 30.1412032 ], [ 75.6490403, 30.1379927 ], [ 75.6505738, 30.1362367 ], [ 75.651512, 30.1364261 ], [ 75.6560747, 30.1373622 ], [ 75.6579284, 30.1389953 ], [ 75.6598054, 30.1402154 ], [ 75.6618576, 30.1412496 ], [ 75.6639863, 30.1425451 ], [ 75.66613, 30.1439352 ], [ 75.6680528, 30.1450963 ], [ 75.6699521, 30.1465102 ], [ 75.6713411, 30.1480778 ], [ 75.6739806, 30.1511595 ], [ 75.6753156, 30.1527838 ], [ 75.6777421, 30.1546641 ], [ 75.6814269, 30.1572733 ], [ 75.6841203, 30.1593461 ], [ 75.6844408, 30.1596016 ], [ 75.6861265, 30.1609419 ], [ 75.688072, 30.1623891 ], [ 75.6903001, 30.1641326 ], [ 75.6917952, 30.1656655 ], [ 75.6967697, 30.1696301 ], [ 75.6983106, 30.1710928 ], [ 75.7004393, 30.173342 ], [ 75.703949, 30.1755995 ], [ 75.7081069, 30.1743544 ], [ 75.7101213, 30.1731997 ], [ 75.7123186, 30.1724794 ], [ 75.7144016, 30.1717462 ], [ 75.7198182, 30.1699298 ], [ 75.722168, 30.1728745 ], [ 75.7228548, 30.1768797 ], [ 75.7229001, 30.1830812 ], [ 75.7221222, 30.1852895 ], [ 75.7208713, 30.1871689 ], [ 75.7193834, 30.1886187 ], [ 75.7167433, 30.1913493 ], [ 75.7213208, 30.1946045 ], [ 75.7250441, 30.1945681 ], [ 75.7288285, 30.1950706 ], [ 75.7325897, 30.1955143 ], [ 75.7350387, 30.1958571 ], [ 75.7389146, 30.1973897 ], [ 75.7421573, 30.1994897 ], [ 75.7444687, 30.1962844 ], [ 75.7471316, 30.1931379 ], [ 75.7486725, 30.1915297 ], [ 75.7503664, 30.1893971 ], [ 75.7542421, 30.1846034 ], [ 75.7568591, 30.1814683 ], [ 75.7594607, 30.1786333 ], [ 75.7596665, 30.1783794 ], [ 75.7611315, 30.176591 ], [ 75.7623822, 30.1746323 ], [ 75.765213, 30.171674 ], [ 75.7682341, 30.1687664 ], [ 75.771622, 30.1682164 ], [ 75.77475, 30.1703817 ], [ 75.7749403, 30.1705678 ], [ 75.777573, 30.1731151 ], [ 75.7809754, 30.17448 ], [ 75.7847519, 30.1732415 ], [ 75.7880326, 30.1716923 ], [ 75.7911303, 30.171069 ], [ 75.7918166, 30.1730321 ], [ 75.7937014, 30.1757573 ], [ 75.7955398, 30.1728562 ], [ 75.7986376, 30.1711206 ], [ 75.8016818, 30.1691777 ], [ 75.8026885, 30.1688466 ], [ 75.8051756, 30.1680238 ], [ 75.8087767, 30.1680986 ], [ 75.8082961, 30.1702222 ], [ 75.808739, 30.1716791 ], [ 75.808815, 30.1719245 ], [ 75.8092807, 30.1734647 ], [ 75.8132327, 30.1747533 ], [ 75.8148957, 30.1784473 ], [ 75.8170624, 30.1815786 ], [ 75.8176194, 30.1821279 ], [ 75.8195116, 30.1839885 ], [ 75.8225934, 30.18424 ], [ 75.8251342, 30.1867146 ], [ 75.8292694, 30.1870765 ], [ 75.8326342, 30.1845195 ], [ 75.8315356, 30.1824217 ], [ 75.8308638, 30.1803414 ], [ 75.8305283, 30.1766392 ], [ 75.8294523, 30.1745074 ], [ 75.8283692, 30.1726688 ], [ 75.8322145, 30.1709638 ], [ 75.8326034, 30.1669682 ], [ 75.8360138, 30.165214 ], [ 75.8389894, 30.1629457 ], [ 75.8403394, 30.1611887 ], [ 75.8414538, 30.15974 ], [ 75.843002, 30.1581667 ], [ 75.8439407, 30.1567439 ], [ 75.846153, 30.1533818 ], [ 75.8461458, 30.1510875 ], [ 75.8462525, 30.1489211 ], [ 75.8501056, 30.1490225 ], [ 75.8516772, 30.1514939 ], [ 75.8520357, 30.1520578 ], [ 75.8575898, 30.1535738 ], [ 75.8594052, 30.1550215 ], [ 75.8628537, 30.1558855 ], [ 75.8631895, 30.1556915 ], [ 75.8632889, 30.1556344 ], [ 75.8647154, 30.1548129 ], [ 75.8687745, 30.1561803 ], [ 75.8709563, 30.1565358 ], [ 75.8743362, 30.1565224 ], [ 75.8750456, 30.1565199 ], [ 75.8771056, 30.157113 ], [ 75.8792875, 30.1601056 ], [ 75.8791656, 30.1627549 ], [ 75.8846436, 30.1637852 ], [ 75.8885804, 30.1636728 ], [ 75.8890536, 30.1665753 ], [ 75.8891296, 30.1686751 ], [ 75.8900452, 30.1706 ], [ 75.8931735, 30.1732227 ], [ 75.8985518, 30.1741944 ], [ 75.9024504, 30.1759859 ], [ 75.9048155, 30.1765833 ], [ 75.9054032, 30.1771748 ], [ 75.9080812, 30.1795453 ], [ 75.9137266, 30.1823351 ], [ 75.9157867, 30.1832727 ], [ 75.9200443, 30.18156 ], [ 75.9201505, 30.1787416 ], [ 75.9243928, 30.1747232 ], [ 75.9297864, 30.1749378 ], [ 75.9301912, 30.1756049 ], [ 75.9316864, 30.1780533 ], [ 75.932007, 30.1813514 ], [ 75.9285966, 30.1835977 ], [ 75.9302596, 30.1844748 ], [ 75.9357832, 30.1876073 ], [ 75.9366986, 30.1876076 ], [ 75.9376146, 30.1865723 ], [ 75.9364089, 30.1836099 ], [ 75.93544, 30.1806209 ], [ 75.9347459, 30.1783338 ], [ 75.9370345, 30.1753532 ], [ 75.9375151, 30.1714063 ], [ 75.939087, 30.1698769 ], [ 75.9414595, 30.1671527 ], [ 75.9420549, 30.1651339 ], [ 75.9450911, 30.1634201 ], [ 75.9444658, 30.1611461 ], [ 75.9480899, 30.1591686 ], [ 75.9492877, 30.1575176 ], [ 75.9526746, 30.1556748 ], [ 75.9544372, 30.1544482 ], [ 75.9563062, 30.152296 ], [ 75.9541781, 30.1489704 ], [ 75.9529498, 30.1454826 ], [ 75.9532624, 30.1432966 ], [ 75.9586789, 30.1450507 ], [ 75.9606245, 30.1437257 ], [ 75.962814, 30.1437368 ], [ 75.9656678, 30.1438534 ], [ 75.9711764, 30.145243 ], [ 75.9724195, 30.1471378 ], [ 75.9717484, 30.1492453 ], [ 75.9727784, 30.1513109 ], [ 75.9732435, 30.155323 ], [ 75.9756241, 30.1584366 ], [ 75.9780123, 30.1616403 ], [ 75.9816055, 30.1652613 ], [ 75.9835738, 30.1620995 ], [ 75.9868773, 30.1596789 ], [ 75.9883267, 30.157552 ], [ 75.9894716, 30.1557995 ], [ 75.9945754, 30.1521311 ], [ 75.9963838, 30.1510098 ], [ 75.996773, 30.1500819 ], [ 75.9971999, 30.1490432 ], [ 75.9969711, 30.1470078 ], [ 75.9983904, 30.1451449 ], [ 75.998703, 30.1431325 ], [ 75.999367, 30.1410226 ], [ 76.0010987, 30.1392701 ], [ 76.0024875, 30.1390294 ], [ 76.0044404, 30.1386874 ], [ 76.008629, 30.1405525 ], [ 76.0113065, 30.1405725 ], [ 76.013664, 30.1413461 ], [ 76.0151597, 30.1429949 ], [ 76.0163193, 30.1447005 ], [ 76.0145643, 30.1459999 ], [ 76.0159301, 30.1475685 ], [ 76.0177079, 30.1496866 ], [ 76.0217969, 30.1527748 ], [ 76.0237733, 30.1514171 ], [ 76.0242233, 30.151012 ], [ 76.0257343, 30.1496467 ], [ 76.0281602, 30.1481636 ], [ 76.0312118, 30.1458273 ], [ 76.032936, 30.1447016 ], [ 76.0347059, 30.1430566 ], [ 76.0363387, 30.1415165 ], [ 76.038208, 30.1405136 ], [ 76.0422514, 30.1407816 ], [ 76.0457305, 30.1393418 ], [ 76.0478746, 30.1380749 ], [ 76.0485613, 30.1372956 ], [ 76.0494691, 30.1362597 ], [ 76.0511245, 30.1339522 ], [ 76.0500109, 30.1319691 ], [ 76.052055, 30.1288824 ], [ 76.0542908, 30.1294262 ], [ 76.054352, 30.131526 ], [ 76.0561906, 30.1328512 ], [ 76.0587234, 30.1359891 ], [ 76.061012, 30.1381814 ], [ 76.0612565, 30.1384141 ], [ 76.0632019, 30.1396368 ], [ 76.0634842, 30.1417573 ], [ 76.0636474, 30.1436014 ], [ 76.0637814, 30.1441755 ], [ 76.0638429, 30.1468208 ], [ 76.0638888, 30.148797 ], [ 76.0685733, 30.1473422 ], [ 76.0710297, 30.1473019 ], [ 76.0724489, 30.1488582 ], [ 76.0729639, 30.149466 ], [ 76.0731798, 30.1497207 ], [ 76.0751796, 30.152077 ], [ 76.0751801, 30.1520776 ], [ 76.0741611, 30.152854 ], [ 76.0736778, 30.1532223 ], [ 76.0734023, 30.1534321 ], [ 76.0710677, 30.1538843 ], [ 76.0691303, 30.1547596 ], [ 76.0691303, 30.1547602 ], [ 76.0691606, 30.1567897 ], [ 76.0681555, 30.1577201 ], [ 76.0676191, 30.1582167 ], [ 76.0675557, 30.1582745 ], [ 76.0660708, 30.1596302 ], [ 76.0642258, 30.1609624 ], [ 76.0627593, 30.1620213 ], [ 76.0621941, 30.1623879 ], [ 76.0609668, 30.163184 ], [ 76.059552, 30.1641085 ], [ 76.0588379, 30.1645751 ], [ 76.0568849, 30.1694686 ], [ 76.0567171, 30.169889 ], [ 76.0575715, 30.1736156 ], [ 76.0579759, 30.175381 ], [ 76.0570911, 30.1764627 ], [ 76.0566329, 30.1770229 ], [ 76.0547866, 30.1810848 ], [ 76.0523375, 30.1838431 ], [ 76.0517349, 30.1871815 ], [ 76.0517348, 30.1871822 ], [ 76.0536881, 30.1885764 ], [ 76.0543073, 30.1891269 ], [ 76.0552827, 30.1899939 ], [ 76.0573934, 30.191798 ], [ 76.0599288, 30.1939651 ], [ 76.0614546, 30.1957958 ], [ 76.0619719, 30.1966358 ], [ 76.0627444, 30.1978901 ], [ 76.0627569, 30.1978991 ], [ 76.0650026, 30.1993991 ], [ 76.0659243, 30.2009805 ], [ 76.0660246, 30.2011526 ], [ 76.0656661, 30.2031948 ], [ 76.0656663, 30.2031949 ], [ 76.0681253, 30.2044268 ], [ 76.0687529, 30.2047423 ], [ 76.0691982, 30.2049661 ], [ 76.0691986, 30.2049663 ], [ 76.0680095, 30.2061898 ], [ 76.0675809, 30.2066308 ], [ 76.0672073, 30.2067881 ], [ 76.0640184, 30.2081305 ], [ 76.0640181, 30.2081306 ], [ 76.064274, 30.20944 ], [ 76.0644076, 30.2101233 ], [ 76.0644077, 30.2101239 ], [ 76.0649875, 30.2107093 ], [ 76.066582, 30.2123192 ], [ 76.0678047, 30.2135208 ], [ 76.0682372, 30.2139458 ], [ 76.0695799, 30.2157328 ], [ 76.070198, 30.2160991 ], [ 76.0724485, 30.2174328 ], [ 76.0724824, 30.217507 ], [ 76.0738679, 30.2205275 ], [ 76.0778503, 30.2226402 ], [ 76.0792082, 30.224357 ], [ 76.0825422, 30.2232151 ], [ 76.0826734, 30.2216153 ], [ 76.082718, 30.2210712 ], [ 76.082718, 30.2210706 ], [ 76.0849759, 30.2194807 ], [ 76.0853956, 30.2191851 ], [ 76.0897977, 30.2215849 ], [ 76.0920716, 30.2216133 ], [ 76.0943145, 30.2214841 ], [ 76.0967406, 30.2210645 ], [ 76.0991721, 30.2199636 ], [ 76.0993984, 30.2198606 ], [ 76.0996974, 30.2197246 ], [ 76.1003267, 30.2194396 ], [ 76.1025429, 30.219712 ], [ 76.1047285, 30.21998 ], [ 76.1052267, 30.2200772 ], [ 76.1070024, 30.2204233 ], [ 76.1094437, 30.221014 ], [ 76.1150358, 30.2238473 ], [ 76.1150363, 30.2238589 ], [ 76.1150367, 30.2238676 ], [ 76.1151124, 30.226953 ], [ 76.1151123, 30.2269534 ], [ 76.1150794, 30.2270913 ], [ 76.1142735, 30.230465 ], [ 76.1142733, 30.2304657 ], [ 76.1178744, 30.2307328 ], [ 76.1193269, 30.2325015 ], [ 76.1202623, 30.2336405 ], [ 76.1207553, 30.2344394 ], [ 76.1214143, 30.2355075 ], [ 76.1230478, 30.2364053 ], [ 76.1247404, 30.2373356 ], [ 76.1267699, 30.2365264 ], [ 76.128784, 30.2357217 ], [ 76.1301116, 30.237427 ], [ 76.1330645, 30.2400002 ], [ 76.135048, 30.2368204 ], [ 76.1363069, 30.2351446 ], [ 76.1387674, 30.235582 ], [ 76.1401664, 30.2358307 ], [ 76.1401721, 30.2358323 ], [ 76.1401826, 30.2358351 ], [ 76.1408948, 30.2371499 ], [ 76.1412432, 30.2377929 ], [ 76.1426846, 30.2386831 ], [ 76.144539, 30.2398283 ], [ 76.1454694, 30.2422114 ], [ 76.1480297, 30.2444795 ], [ 76.1489945, 30.2453342 ], [ 76.1508636, 30.2465337 ], [ 76.151787, 30.2467532 ], [ 76.1530685, 30.2470579 ], [ 76.1544621, 30.2473617 ], [ 76.1551973, 30.2475219 ], [ 76.1585158, 30.2460332 ], [ 76.1587674, 30.2459203 ], [ 76.164337, 30.2446144 ], [ 76.1655656, 30.2408972 ], [ 76.1673277, 30.2402386 ], [ 76.167763, 30.2400768 ], [ 76.1696274, 30.2412272 ], [ 76.1705883, 30.2418201 ], [ 76.1708796, 30.2420003 ], [ 76.1713865, 30.2423138 ], [ 76.1729202, 30.2450544 ], [ 76.173482, 30.2456359 ], [ 76.175606, 30.2478344 ], [ 76.1756459, 30.2493521 ], [ 76.1756667, 30.2501438 ], [ 76.1757917, 30.2502758 ], [ 76.1768364, 30.2513821 ], [ 76.1783983, 30.253036 ], [ 76.1816256, 30.2550485 ], [ 76.1821639, 30.2568693 ], [ 76.1824177, 30.257728 ], [ 76.1824569, 30.2578603 ], [ 76.1824577, 30.257863 ], [ 76.1824486, 30.2578648 ], [ 76.1824454, 30.2578654 ], [ 76.1821517, 30.2580259 ], [ 76.179344, 30.2595514 ], [ 76.1791751, 30.2609377 ], [ 76.1790926, 30.2616155 ], [ 76.1783908, 30.2643784 ], [ 76.179926, 30.2674246 ], [ 76.1800917, 30.2677536 ], [ 76.181105, 30.2695243 ], [ 76.1816613, 30.2704949 ], [ 76.1817932, 30.2707249 ], [ 76.1817932, 30.2707252 ], [ 76.1817729, 30.2713425 ], [ 76.1817247, 30.2728139 ], [ 76.1817247, 30.2728145 ], [ 76.1832959, 30.274456 ], [ 76.1874622, 30.2753793 ], [ 76.1900693, 30.2742255 ], [ 76.1906665, 30.2739606 ], [ 76.1921988, 30.2727947 ], [ 76.1922567, 30.2727506 ], [ 76.1923063, 30.2727118 ], [ 76.1962752, 30.2729281 ], [ 76.1964186, 30.2729359 ], [ 76.1967747, 30.2731718 ], [ 76.1995928, 30.2750386 ], [ 76.2015839, 30.2782642 ], [ 76.2043993, 30.2809182 ], [ 76.2039665, 30.2818894 ], [ 76.2035676, 30.2827847 ], [ 76.2035677, 30.282785 ], [ 76.2040251, 30.284919 ], [ 76.2040251, 30.284919 ], [ 76.2025879, 30.2871262 ], [ 76.2019578, 30.2880939 ], [ 76.2017106, 30.2888496 ], [ 76.2013244, 30.2900306 ], [ 76.1995847, 30.29371 ], [ 76.1985736, 30.2957344 ], [ 76.1979333, 30.2970164 ], [ 76.197828, 30.2972263 ], [ 76.1976776, 30.2975263 ], [ 76.1951479, 30.2974077 ], [ 76.1936108, 30.2973356 ], [ 76.1934431, 30.2973281 ], [ 76.1915893, 30.2983804 ], [ 76.188248, 30.2998771 ], [ 76.187279, 30.3011025 ], [ 76.1856841, 30.3031194 ], [ 76.1834104, 30.3054529 ], [ 76.1829831, 30.3058914 ], [ 76.1826553, 30.3061554 ], [ 76.1802498, 30.3080929 ], [ 76.1801146, 30.3082024 ], [ 76.1761858, 30.3066497 ], [ 76.1739122, 30.3059347 ], [ 76.1700133, 30.3045305 ], [ 76.1672437, 30.3065448 ], [ 76.1674229, 30.3089742 ], [ 76.1675187, 30.3102735 ], [ 76.1701509, 30.3134871 ], [ 76.1705091, 30.3151916 ], [ 76.1706236, 30.3157364 ], [ 76.1706846, 30.3179736 ], [ 76.1667175, 30.3199513 ], [ 76.1632233, 30.319053 ], [ 76.1616789, 30.3177757 ], [ 76.1610564, 30.3172609 ], [ 76.1606106, 30.3168466 ], [ 76.1593877, 30.3157101 ], [ 76.1593212, 30.3156491 ], [ 76.1592635, 30.3155962 ], [ 76.1580228, 30.3158954 ], [ 76.1556323, 30.316472 ], [ 76.1538087, 30.3175596 ], [ 76.1532861, 30.3180539 ], [ 76.1521834, 30.3190966 ], [ 76.1508837, 30.3203465 ], [ 76.150696, 30.3205263 ], [ 76.1452408, 30.3183522 ], [ 76.1425931, 30.3154925 ], [ 76.1408386, 30.3137482 ], [ 76.1358415, 30.3123525 ], [ 76.1350173, 30.3121228 ], [ 76.1328128, 30.3128299 ], [ 76.1309964, 30.3138833 ], [ 76.1287079, 30.314785 ], [ 76.1287077, 30.3147851 ], [ 76.1239852, 30.3180245 ], [ 76.1239268, 30.3180447 ], [ 76.123925, 30.3180454 ], [ 76.1237139, 30.3181145 ], [ 76.1194285, 30.3195186 ], [ 76.1188272, 30.3197164 ], [ 76.118027, 30.3199795 ], [ 76.1135711, 30.3211432 ], [ 76.1122161, 30.3213284 ], [ 76.1113357, 30.3214487 ], [ 76.1095758, 30.320165 ], [ 76.1079484, 30.318978 ], [ 76.1046592, 30.3188704 ], [ 76.1042907, 30.3188576 ], [ 76.1039276, 30.318845 ], [ 76.10125, 30.3176765 ], [ 76.1011486, 30.3176672 ], [ 76.0996232, 30.3175278 ], [ 76.098639, 30.3174363 ], [ 76.0976639, 30.3173457 ], [ 76.0943071, 30.3150593 ], [ 76.0922233, 30.3137568 ], [ 76.0912018, 30.3131182 ], [ 76.0893401, 30.3099394 ], [ 76.0891859, 30.3099792 ], [ 76.0891775, 30.3099814 ], [ 76.0877594, 30.3103565 ], [ 76.0869674, 30.310566 ], [ 76.0867024, 30.3106426 ], [ 76.0844651, 30.3112861 ], [ 76.0823896, 30.3121672 ], [ 76.0795139, 30.31337 ], [ 76.0767667, 30.3145191 ], [ 76.0765759, 30.3146012 ], [ 76.0763552, 30.3146962 ], [ 76.0704272, 30.3172195 ], [ 76.0689029, 30.3179869 ], [ 76.0670931, 30.318898 ], [ 76.0652386, 30.3205938 ], [ 76.0641958, 30.3216932 ], [ 76.0638349, 30.3220737 ], [ 76.0626678, 30.3237458 ], [ 76.0626263, 30.3237857 ], [ 76.0609055, 30.3254384 ], [ 76.0609055, 30.3254394 ], [ 76.0607755, 30.3286969 ], [ 76.0584414, 30.3311589 ], [ 76.0564191, 30.3325784 ], [ 76.0557211, 30.3330914 ], [ 76.0539859, 30.3343666 ], [ 76.0508194, 30.3369638 ], [ 76.050424, 30.3372615 ], [ 76.0489806, 30.3383479 ], [ 76.0489783, 30.3383472 ], [ 76.0489734, 30.3383457 ], [ 76.0474792, 30.3375976 ], [ 76.0467071, 30.3372111 ], [ 76.0451892, 30.3354546 ], [ 76.041405, 30.3358052 ], [ 76.0398409, 30.3359507 ], [ 76.0337295, 30.3378805 ], [ 76.0334532, 30.3374678 ], [ 76.0325696, 30.3361482 ], [ 76.0315626, 30.3343582 ], [ 76.0310674, 30.334139 ], [ 76.028313, 30.3329198 ], [ 76.0245389, 30.3323651 ], [ 76.0243683, 30.3323394 ], [ 76.023277, 30.3304914 ], [ 76.0223321, 30.3298315 ], [ 76.0211395, 30.3289989 ], [ 76.0208135, 30.3287705 ], [ 76.0203019, 30.3284121 ], [ 76.016788, 30.328919 ], [ 76.016037, 30.3290273 ], [ 76.0154617, 30.3293867 ], [ 76.0136566, 30.3305144 ], [ 76.0114566, 30.3312089 ], [ 76.0096057, 30.3317932 ], [ 76.0085986, 30.3339037 ], [ 76.0079267, 30.3353118 ], [ 76.0069184, 30.335262 ], [ 76.0017242, 30.3350053 ], [ 76.0001926, 30.3360676 ], [ 75.9983599, 30.3373388 ], [ 75.9970073, 30.3382266 ], [ 75.9955296, 30.3391966 ], [ 75.9953508, 30.3393134 ], [ 75.9950716, 30.3394956 ], [ 75.9896625, 30.3379305 ], [ 75.9896624, 30.3379307 ], [ 75.9887012, 30.3399026 ], [ 75.9881822, 30.3420248 ], [ 75.9880983, 30.34591 ], [ 75.9871394, 30.3473825 ], [ 75.9871077, 30.3474312 ], [ 75.9860228, 30.3490975 ], [ 75.986023, 30.3490981 ], [ 75.9864086, 30.3508114 ], [ 75.9868546, 30.3527931 ], [ 75.9873504, 30.354977 ], [ 75.9873506, 30.3549775 ], [ 75.987287, 30.3561887 ], [ 75.9871366, 30.3590555 ], [ 75.9870074, 30.3605722 ], [ 75.9869539, 30.3611999 ], [ 75.9878119, 30.363881 ], [ 75.9883424, 30.3655387 ] ], [ [ 76.0638888, 30.148797 ], [ 76.0638885, 30.1487969 ], [ 76.0616149, 30.1480687 ], [ 76.0592803, 30.1480966 ], [ 76.0561827, 30.1499015 ], [ 76.0569306, 30.1530898 ], [ 76.0551074, 30.154528 ], [ 76.053154, 30.1558724 ], [ 76.0495605, 30.1550665 ], [ 76.0457763, 30.1541447 ], [ 76.0420758, 30.1559292 ], [ 76.0409547, 30.1594867 ], [ 76.0410157, 30.1617692 ], [ 76.0419081, 30.1639909 ], [ 76.0432585, 30.1658143 ], [ 76.0447081, 30.1686768 ], [ 76.0488208, 30.1701013 ], [ 76.0525205, 30.1677774 ], [ 76.0562591, 30.1622993 ], [ 76.0590894, 30.1586468 ], [ 76.0609056, 30.1567394 ], [ 76.0607379, 30.154469 ], [ 76.0608824, 30.1523924 ], [ 76.0622635, 30.1508879 ], [ 76.0638885, 30.1487973 ], [ 76.0638888, 30.148797 ] ], [ [ 76.026512, 30.1851306 ], [ 76.0283434, 30.183756 ], [ 76.0307922, 30.1802221 ], [ 76.032913, 30.178915 ], [ 76.0358351, 30.1784543 ], [ 76.0375821, 30.1790293 ], [ 76.038086, 30.17614 ], [ 76.0397493, 30.1742431 ], [ 76.0410768, 30.1728971 ], [ 76.0413134, 30.1708852 ], [ 76.0397037, 30.1684751 ], [ 76.0384368, 30.1665022 ], [ 76.0374299, 30.164622 ], [ 76.0358733, 30.1616836 ], [ 76.0342563, 30.1609722 ], [ 76.0329894, 30.1614063 ], [ 76.0315932, 30.162455 ], [ 76.030266, 30.1635189 ], [ 76.0288547, 30.1644887 ], [ 76.0271909, 30.164777 ], [ 76.0254974, 30.1650745 ], [ 76.0239029, 30.165599 ], [ 76.0225294, 30.1665933 ], [ 76.0212404, 30.1677313 ], [ 76.0200345, 30.1689296 ], [ 76.0187071, 30.1700002 ], [ 76.0172961, 30.1709541 ], [ 76.0158082, 30.1717642 ], [ 76.0134732, 30.1721229 ], [ 76.0127562, 30.1729722 ], [ 76.0119097, 30.1788057 ], [ 76.0122225, 30.1791169 ], [ 76.0128934, 30.180542 ], [ 76.0140077, 30.1822862 ], [ 76.015434, 30.1832497 ], [ 76.0188748, 30.1847886 ], [ 76.019577, 30.1848238 ], [ 76.0198212, 30.1848377 ], [ 76.0201794, 30.184765 ], [ 76.0225067, 30.1852003 ], [ 76.0244446, 30.1855912 ], [ 76.026512, 30.1851306 ] ] ] ] } },
{ "type": "Feature", "properties": { "block_id": "bhuvan_b_272", "block_name": "Sunam", "district": "Sangrur", "state": "Punjab" }, "geometry": { "type": "MultiPolygon", "coordinates": [ [ [ [ 76.0609056, 30.1567394 ], [ 76.0590894, 30.1586468 ], [ 76.0562591, 30.1622993 ], [ 76.0525205, 30.1677774 ], [ 76.0488208, 30.1701013 ], [ 76.0447081, 30.1686768 ], [ 76.0432585, 30.1658143 ], [ 76.0419081, 30.1639909 ], [ 76.0410157, 30.1617692 ], [ 76.0409547, 30.1594867 ], [ 76.0420758, 30.1559292 ], [ 76.0457763, 30.1541447 ], [ 76.0495605, 30.1550665 ], [ 76.053154, 30.1558724 ], [ 76.0551074, 30.154528 ], [ 76.0569306, 30.1530898 ], [ 76.0561827, 30.1499015 ], [ 76.0592803, 30.1480966 ], [ 76.0616149, 30.1480687 ], [ 76.0638885, 30.1487969 ], [ 76.0638888, 30.148797 ], [ 76.0638885, 30.1487973 ], [ 76.0622635, 30.1508879 ], [ 76.0608824, 30.1523924 ], [ 76.0607379, 30.154469 ], [ 76.0609056, 30.1567394 ] ] ], [ [ [ 76.026512, 30.1851306 ], [ 76.0244446, 30.1855912 ], [ 76.0225067, 30.1852003 ], [ 76.0201794, 30.184765 ], [ 76.0198212, 30.1848377 ], [ 76.019577, 30.1848238 ], [ 76.0188748, 30.1847886 ], [ 76.015434, 30.1832497 ], [ 76.0140077, 30.1822862 ], [ 76.0128934, 30.180542 ], [ 76.0122225, 30.1791169 ], [ 76.0119097, 30.1788057 ], [ 76.0127562, 30.1729722 ], [ 76.0134732, 30.1721229 ], [ 76.0158082, 30.1717642 ], [ 76.0172961, 30.1709541 ], [ 76.0187071, 30.1700002 ], [ 76.0200345, 30.1689296 ], [ 76.0212404, 30.1677313 ], [ 76.0225294, 30.1665933 ], [ 76.0239029, 30.165599 ], [ 76.0254974, 30.1650745 ], [ 76.0271909, 30.164777 ], [ 76.0288547, 30.1644887 ], [ 76.030266, 30.1635189 ], [ 76.0315932, 30.162455 ], [ 76.0329894, 30.1614063 ], [ 76.0342563, 30.1609722 ], [ 76.0358733, 30.1616836 ], [ 76.0374299, 30.164622 ], [ 76.0384368, 30.1665022 ], [ 76.0397037, 30.1684751 ], [ 76.0413134, 30.1708852 ], [ 76.0410768, 30.1728971 ], [ 76.0397493, 30.1742431 ], [ 76.038086, 30.17614 ], [ 76.0375821, 30.1790293 ], [ 76.0358351, 30.1784543 ], [ 76.032913, 30.178915 ], [ 76.0307922, 30.1802221 ], [ 76.0283434, 30.183756 ], [ 76.026512, 30.1851306 ] ] ], [ [ [ 75.7444687, 30.1962844 ], [ 75.7421573, 30.1994897 ], [ 75.7389146, 30.1973897 ], [ 75.7350387, 30.1958571 ], [ 75.7325897, 30.1955143 ], [ 75.7288285, 30.1950706 ], [ 75.7250441, 30.1945681 ], [ 75.7213208, 30.1946045 ], [ 75.7167433, 30.1913493 ], [ 75.7193834, 30.1886187 ], [ 75.7208713, 30.1871689 ], [ 75.7221222, 30.1852895 ], [ 75.7229001, 30.1830812 ], [ 75.7228548, 30.1768797 ], [ 75.722168, 30.1728745 ], [ 75.7198182, 30.1699298 ], [ 75.7144016, 30.1717462 ], [ 75.7123186, 30.1724794 ], [ 75.7101213, 30.1731997 ], [ 75.7081069, 30.1743544 ], [ 75.703949, 30.1755995 ], [ 75.7004393, 30.173342 ], [ 75.6983106, 30.1710928 ], [ 75.6967697, 30.1696301 ], [ 75.6917952, 30.1656655 ], [ 75.6903001, 30.1641326 ], [ 75.688072, 30.1623891 ], [ 75.6861265, 30.1609419 ], [ 75.6844408, 30.1596016 ], [ 75.6841203, 30.1593461 ], [ 75.6814269, 30.1572733 ], [ 75.6777421, 30.1546641 ], [ 75.6753156, 30.1527838 ], [ 75.6739806, 30.1511595 ], [ 75.6713411, 30.1480778 ], [ 75.6699521, 30.1465102 ], [ 75.6680528, 30.1450963 ], [ 75.66613, 30.1439352 ], [ 75.6639863, 30.1425451 ], [ 75.6618576, 30.1412496 ], [ 75.6598054, 30.1402154 ], [ 75.6579284, 30.1389953 ], [ 75.6560747, 30.1373622 ], [ 75.651512, 30.1364261 ], [ 75.6505738, 30.1362367 ], [ 75.6490403, 30.1379927 ], [ 75.6467284, 30.1412032 ], [ 75.6451342, 30.1449222 ], [ 75.6441269, 30.1467996 ], [ 75.6425092, 30.1481228 ], [ 75.6387713, 30.1488472 ], [ 75.634659, 30.1497944 ], [ 75.6326373, 30.1509931 ], [ 75.6300199, 30.1533362 ], [ 75.6285401, 30.1517979 ], [ 75.6262509, 30.1487857 ], [ 75.6245578, 30.1469258 ], [ 75.6234131, 30.1421913 ], [ 75.62421, 30.142428 ], [ 75.6260221, 30.1429663 ], [ 75.6272363, 30.1411098 ], [ 75.6279907, 30.1399563 ], [ 75.6281624, 30.1391646 ], [ 75.6286236, 30.1370368 ], [ 75.6286237, 30.1370362 ], [ 75.6265019, 30.13435 ], [ 75.6262892, 30.1340807 ], [ 75.6263501, 30.1320161 ], [ 75.6285706, 30.129472 ], [ 75.6297193, 30.1285163 ], [ 75.6311342, 30.127339 ], [ 75.6299898, 30.123877 ], [ 75.6318209, 30.1226883 ], [ 75.6323903, 30.1223075 ], [ 75.6348651, 30.1206522 ], [ 75.6348678, 30.120641 ], [ 75.6357191, 30.1171467 ], [ 75.6378986, 30.1162727 ], [ 75.6401672, 30.1153631 ], [ 75.6445639, 30.1137902 ], [ 75.6455762, 30.113428 ], [ 75.6459056, 30.1135419 ], [ 75.6501238, 30.1150006 ], [ 75.6536639, 30.1151374 ], [ 75.6538998, 30.1151465 ], [ 75.655258, 30.1133327 ], [ 75.6549962, 30.1129619 ], [ 75.6539307, 30.1114533 ], [ 75.6531317, 30.1104281 ], [ 75.6527484, 30.1099363 ], [ 75.6519523, 30.1089136 ], [ 75.6504672, 30.1070057 ], [ 75.6496202, 30.1050539 ], [ 75.6494665, 30.1049858 ], [ 75.6493535, 30.1049357 ], [ 75.6464042, 30.1036089 ], [ 75.6454545, 30.1031817 ], [ 75.6446982, 30.1027628 ], [ 75.6421435, 30.1013479 ], [ 75.639015, 30.0963096 ], [ 75.6377794, 30.0949534 ], [ 75.6364897, 30.0935379 ], [ 75.6359499, 30.0932371 ], [ 75.6346593, 30.092518 ], [ 75.6322582, 30.0911784 ], [ 75.6298445, 30.0898317 ], [ 75.6269148, 30.0878671 ], [ 75.6266358, 30.0873969 ], [ 75.6256398, 30.0857186 ], [ 75.625023, 30.084677 ], [ 75.625023, 30.084677 ], [ 75.6293411, 30.0807941 ], [ 75.6303976, 30.0798408 ], [ 75.6321564, 30.0782538 ], [ 75.6342094, 30.0768856 ], [ 75.6354369, 30.0760676 ], [ 75.6373217, 30.0719683 ], [ 75.6370534, 30.0716253 ], [ 75.635391, 30.0695005 ], [ 75.6353914, 30.0695002 ], [ 75.6387151, 30.0674929 ], [ 75.6403503, 30.0665053 ], [ 75.6403505, 30.0665052 ], [ 75.6403566, 30.06645 ], [ 75.6403597, 30.0664216 ], [ 75.6406782, 30.0636136 ], [ 75.6404759, 30.0623374 ], [ 75.6401064, 30.0600066 ], [ 75.6392594, 30.0561303 ], [ 75.639229, 30.0555383 ], [ 75.6390607, 30.0522576 ], [ 75.6383033, 30.0501243 ], [ 75.6378406, 30.0488208 ], [ 75.6377261, 30.0451192 ], [ 75.6404589, 30.0435899 ], [ 75.6411058, 30.0432279 ], [ 75.6421449, 30.0424928 ], [ 75.6442111, 30.0410311 ], [ 75.6437324, 30.0376768 ], [ 75.6436767, 30.0372866 ], [ 75.6436767, 30.0372864 ], [ 75.6423188, 30.0335976 ], [ 75.6403809, 30.0306835 ], [ 75.6403807, 30.0306832 ], [ 75.6411288, 30.0294862 ], [ 75.6423266, 30.0275694 ], [ 75.6452407, 30.0250418 ], [ 75.6497419, 30.0240157 ], [ 75.6507108, 30.0237944 ], [ 75.6520005, 30.025365 ], [ 75.6535949, 30.0290976 ], [ 75.6556782, 30.0318321 ], [ 75.6558911, 30.0321116 ], [ 75.6579666, 30.0352439 ], [ 75.6610333, 30.0369883 ], [ 75.6636267, 30.0365601 ], [ 75.6687013, 30.0357222 ], [ 75.672615, 30.0363588 ], [ 75.6750188, 30.0388608 ], [ 75.6762925, 30.0401865 ], [ 75.6801608, 30.0391626 ], [ 75.6801134, 30.0389999 ], [ 75.6792753, 30.0361215 ], [ 75.6782739, 30.0349159 ], [ 75.6768571, 30.0332102 ], [ 75.6768571, 30.0332101 ], [ 75.6776123, 30.030098 ], [ 75.6776124, 30.0300974 ], [ 75.6785666, 30.0294775 ], [ 75.68071, 30.0280848 ], [ 75.6808216, 30.027906 ], [ 75.6818314, 30.0262854 ], [ 75.682037, 30.0262122 ], [ 75.6886366, 30.0238676 ], [ 75.6886366, 30.0238667 ], [ 75.6886977, 30.0195785 ], [ 75.6885757, 30.0174945 ], [ 75.6885758, 30.0174945 ], [ 75.6898496, 30.0158545 ], [ 75.6898497, 30.0158541 ], [ 75.690218, 30.014927 ], [ 75.6910477, 30.0128386 ], [ 75.6910477, 30.0128384 ], [ 75.6900709, 30.0110388 ], [ 75.6883918, 30.0100053 ], [ 75.6883921, 30.0100051 ], [ 75.6899034, 30.008928 ], [ 75.692421, 30.0084523 ], [ 75.6944354, 30.0080198 ], [ 75.6980362, 30.0070442 ], [ 75.7012937, 30.0067291 ], [ 75.7039946, 30.0079984 ], [ 75.7061617, 30.0077296 ], [ 75.7087554, 30.0073005 ], [ 75.7120359, 30.0083161 ], [ 75.7144776, 30.006947 ], [ 75.7152255, 30.0044229 ], [ 75.7156831, 30.0026359 ], [ 75.7149429, 30.0008914 ], [ 75.7144167, 29.9988029 ], [ 75.714096, 29.9970043 ], [ 75.7161331, 29.9958043 ], [ 75.7184294, 29.9963378 ], [ 75.7205045, 29.9957534 ], [ 75.7205963, 29.9969824 ], [ 75.7209322, 29.9991622 ], [ 75.7215345, 30.0008149 ], [ 75.7227249, 30.0026064 ], [ 75.7230909, 30.0045582 ], [ 75.7240374, 30.0063037 ], [ 75.7259671, 30.0070872 ], [ 75.7277682, 30.0079187 ], [ 75.7297517, 30.0083364 ], [ 75.7314986, 30.0090058 ], [ 75.7337266, 30.0090114 ], [ 75.7370226, 30.009099 ], [ 75.7401045, 30.0065369 ], [ 75.7413023, 30.0049081 ], [ 75.7426608, 30.0030256 ], [ 75.7433012, 30.0018331 ], [ 75.7463381, 30.0001441 ], [ 75.7480847, 29.9982843 ], [ 75.7503127, 29.9959005 ], [ 75.7518236, 29.9943419 ], [ 75.7532577, 29.9925537 ], [ 75.7544249, 29.9907851 ], [ 75.7558592, 29.9888795 ], [ 75.7585066, 29.9860622 ], [ 75.7599715, 29.9838564 ], [ 75.7606737, 29.9813729 ], [ 75.7615277, 29.9791886 ], [ 75.7620848, 29.975869 ], [ 75.7632446, 29.9767331 ], [ 75.7654191, 29.976619 ], [ 75.7694013, 29.9762664 ], [ 75.7734301, 29.9761684 ], [ 75.7771911, 29.9770509 ], [ 75.7776033, 29.9771455 ], [ 75.7796708, 29.9790103 ], [ 75.7809066, 29.9801287 ], [ 75.7806321, 29.9821405 ], [ 75.7818296, 29.9854002 ], [ 75.786163, 29.986913 ], [ 75.7883683, 29.9879579 ], [ 75.7906038, 29.9886371 ], [ 75.7928159, 29.991665 ], [ 75.7936554, 29.9938392 ], [ 75.7950209, 29.9955794 ], [ 75.7967379, 29.9954946 ], [ 75.7985461, 29.9982067 ], [ 75.7982405, 29.9993704 ], [ 75.8018033, 30.0034277 ], [ 75.8049698, 30.0017028 ], [ 75.8084491, 29.9994841 ], [ 75.8122483, 29.9983801 ], [ 75.8160018, 29.997001 ], [ 75.8196795, 29.9955636 ], [ 75.8230819, 29.9957161 ], [ 75.824295, 29.9967575 ], [ 75.8258514, 29.9980901 ], [ 75.827156, 29.9998371 ], [ 75.829193, 30.0033911 ], [ 75.8301619, 30.0078384 ], [ 75.8307955, 30.009919 ], [ 75.8312075, 30.0119919 ], [ 75.8307878, 30.0140498 ], [ 75.8322755, 30.018284 ], [ 75.8326337, 30.0184081 ], [ 75.8366239, 30.0197792 ], [ 75.8386763, 30.0167589 ], [ 75.84375, 30.0191833 ], [ 75.8467558, 30.0168019 ], [ 75.8504408, 30.0143665 ], [ 75.8522111, 30.0129676 ], [ 75.8554151, 30.0140229 ], [ 75.8551484, 30.0142029 ], [ 75.8550112, 30.0165658 ], [ 75.8603058, 30.0205109 ], [ 75.8620836, 30.0196172 ], [ 75.8643493, 30.0252153 ], [ 75.8655093, 30.0275787 ], [ 75.8704758, 30.0347359 ], [ 75.8759229, 30.0407954 ], [ 75.8776168, 30.0446261 ], [ 75.8795474, 30.0455901 ], [ 75.8818741, 30.0457302 ], [ 75.882088, 30.0464619 ], [ 75.8820877, 30.0467958 ], [ 75.8846359, 30.04568 ], [ 75.8860471, 30.0439154 ], [ 75.8868635, 30.042633 ], [ 75.8853911, 30.0414382 ], [ 75.8845746, 30.039508 ], [ 75.8853456, 30.0369851 ], [ 75.8892286, 30.0331553 ], [ 75.8891828, 30.0309989 ], [ 75.88974, 30.0308237 ], [ 75.891907, 30.0306939 ], [ 75.8941651, 30.0296657 ], [ 75.8980863, 30.0279109 ], [ 75.8999023, 30.0268945 ], [ 75.9033661, 30.0256119 ], [ 75.9069441, 30.0240803 ], [ 75.9088821, 30.0226637 ], [ 75.9104996, 30.0211478 ], [ 75.9146653, 30.0165911 ], [ 75.9158936, 30.0145634 ], [ 75.919098, 30.0122084 ], [ 75.9175567, 30.008517 ], [ 75.9164732, 30.0064062 ], [ 75.9148635, 30.0027378 ], [ 75.9137424, 30.0010266 ], [ 75.9116208, 29.9977588 ], [ 75.9106677, 29.9958455 ], [ 75.9095688, 29.9937144 ], [ 75.9082792, 29.9919185 ], [ 75.9066312, 29.9898882 ], [ 75.9050824, 29.9882858 ], [ 75.9036634, 29.9861297 ], [ 75.9028094, 29.9848316 ], [ 75.9052584, 29.9844674 ], [ 75.9056169, 29.9819291 ], [ 75.9048694, 29.9800099 ], [ 75.9062192, 29.978259 ], [ 75.9083175, 29.9744837 ], [ 75.9102097, 29.9728463 ], [ 75.9104536, 29.9728063 ], [ 75.9124757, 29.9724832 ], [ 75.9134443, 29.9742701 ], [ 75.9148865, 29.9762047 ], [ 75.9163974, 29.9798151 ], [ 75.917801, 29.9816891 ], [ 75.9195404, 29.9803392 ], [ 75.9227142, 29.9799222 ], [ 75.9251788, 29.9795259 ], [ 75.924095, 29.9775662 ], [ 75.9245913, 29.9740095 ], [ 75.9267504, 29.9732386 ], [ 75.9304427, 29.9734946 ], [ 75.9308777, 29.9714476 ], [ 75.933441, 29.9700532 ], [ 75.9345319, 29.968261 ], [ 75.9352799, 29.9659636 ], [ 75.9352417, 29.9639605 ], [ 75.9346467, 29.9619772 ], [ 75.9327469, 29.9593444 ], [ 75.9302295, 29.9577671 ], [ 75.9285278, 29.9569783 ], [ 75.9304278, 29.9563918 ], [ 75.9308775, 29.9548771 ], [ 75.9312438, 29.9531825 ], [ 75.9315341, 29.9515291 ], [ 75.9314496, 29.9498309 ], [ 75.9317396, 29.9481503 ], [ 75.9326402, 29.9491547 ], [ 75.9339218, 29.9503323 ], [ 75.9350278, 29.9516239 ], [ 75.9361955, 29.9528677 ], [ 75.9375382, 29.9539049 ], [ 75.9391021, 29.9545729 ], [ 75.9406813, 29.9552068 ], [ 75.9422605, 29.9558385 ], [ 75.9438551, 29.956452 ], [ 75.9454272, 29.9570905 ], [ 75.9468843, 29.9579553 ], [ 75.9483187, 29.9588767 ], [ 75.9498135, 29.9596894 ], [ 75.9513397, 29.9604545 ], [ 75.952896, 29.9611178 ], [ 75.9545286, 29.9616248 ], [ 75.9562758, 29.9624627 ], [ 75.9585724, 29.9612887 ], [ 75.9614562, 29.9586868 ], [ 75.9642945, 29.9551309 ], [ 75.9659271, 29.9557844 ], [ 75.9676437, 29.955007 ], [ 75.9684983, 29.9524334 ], [ 75.9705202, 29.9530863 ], [ 75.9721528, 29.9486052 ], [ 75.9725647, 29.9467409 ], [ 75.9744113, 29.9418453 ], [ 75.975685, 29.9403085 ], [ 75.981865, 29.9405875 ], [ 75.9833295, 29.9419302 ], [ 75.982605, 29.9437923 ], [ 75.9844591, 29.9468173 ], [ 75.9861069, 29.9480886 ], [ 75.9878308, 29.9503069 ], [ 75.9908372, 29.9533818 ], [ 75.993141, 29.9551422 ], [ 75.9941253, 29.9573344 ], [ 75.9949188, 29.957863 ], [ 75.9964676, 29.9540545 ], [ 75.9934791, 29.9475166 ], [ 75.9942498, 29.9478375 ], [ 75.9950867, 29.9481858 ], [ 75.998832, 29.9470286 ], [ 76.0002363, 29.9465947 ], [ 76.0013992, 29.9462278 ], [ 76.0044783, 29.9452562 ], [ 76.0047539, 29.9454284 ], [ 76.0047886, 29.9454501 ], [ 76.0055386, 29.9459163 ], [ 76.0076749, 29.9472441 ], [ 76.0087879, 29.9477443 ], [ 76.011421, 29.9489277 ], [ 76.013275, 29.9503145 ], [ 76.0162123, 29.9530735 ], [ 76.017464, 29.9541354 ], [ 76.0189288, 29.9553784 ], [ 76.020294, 29.9574592 ], [ 76.0212555, 29.9595338 ], [ 76.0212556, 29.959534 ], [ 76.0212797, 29.9596284 ], [ 76.0214904, 29.9604549 ], [ 76.0218885, 29.9620129 ], [ 76.0229568, 29.9640531 ], [ 76.0242978, 29.9657284 ], [ 76.0245361, 29.9660261 ], [ 76.0252381, 29.9697317 ], [ 76.025238, 29.9697323 ], [ 76.025238, 29.9697324 ], [ 76.0248339, 29.9734527 ], [ 76.0248337, 29.9734529 ], [ 76.0237196, 29.9754038 ], [ 76.0228026, 29.9760661 ], [ 76.0222862, 29.9764391 ], [ 76.020578, 29.97767 ], [ 76.0204316, 29.9777755 ], [ 76.0204316, 29.9777756 ], [ 76.0198517, 29.9813614 ], [ 76.0198515, 29.9813625 ], [ 76.0197677, 29.9850201 ], [ 76.0197627, 29.9853068 ], [ 76.0197298, 29.9871996 ], [ 76.0198442, 29.9893983 ], [ 76.0198061, 29.9895517 ], [ 76.0188672, 29.9933335 ], [ 76.0180786, 29.9940534 ], [ 76.0176109, 29.9944803 ], [ 76.0171969, 29.994858 ], [ 76.0163689, 29.9954844 ], [ 76.0155489, 29.9961047 ], [ 76.0155487, 29.9961052 ], [ 76.0147858, 29.9982035 ], [ 76.0147856, 29.9982041 ], [ 76.0155183, 30.0001003 ], [ 76.0163936, 30.0009124 ], [ 76.0180736, 30.0024708 ], [ 76.0186995, 30.0030513 ], [ 76.0197231, 30.0034042 ], [ 76.0208819, 30.0038037 ], [ 76.0222844, 30.0042347 ], [ 76.0231018, 30.0044858 ], [ 76.024899, 30.0055853 ], [ 76.0270998, 30.0069317 ], [ 76.0289918, 30.0084194 ], [ 76.0325617, 30.0101666 ], [ 76.0325624, 30.0101669 ], [ 76.0295563, 30.0122479 ], [ 76.0276568, 30.0145683 ], [ 76.0276634, 30.0147736 ], [ 76.0276778, 30.015206 ], [ 76.0277707, 30.0180101 ], [ 76.0281172, 30.0196817 ], [ 76.0281907, 30.0200366 ], [ 76.0281908, 30.0200371 ], [ 76.028244, 30.0200334 ], [ 76.0282977, 30.0200295 ], [ 76.030472, 30.0198952 ], [ 76.0340174, 30.0188071 ], [ 76.0341411, 30.01877 ], [ 76.0342028, 30.0187515 ], [ 76.0344642, 30.0189173 ], [ 76.0348631, 30.0191704 ], [ 76.0363616, 30.0201219 ], [ 76.0383378, 30.0218164 ], [ 76.0395277, 30.0237403 ], [ 76.0396476, 30.0239576 ], [ 76.0406343, 30.0257462 ], [ 76.0423585, 30.0286089 ], [ 76.0440673, 30.0301517 ], [ 76.0440676, 30.0301519 ], [ 76.0438021, 30.0312402 ], [ 76.0434797, 30.0325614 ], [ 76.0411657, 30.0339981 ], [ 76.0403292, 30.0345175 ], [ 76.0398348, 30.0349908 ], [ 76.03878, 30.0360006 ], [ 76.0390067, 30.0369567 ], [ 76.0395814, 30.0393804 ], [ 76.0399939, 30.0408909 ], [ 76.0403512, 30.0422011 ], [ 76.0403628, 30.042244 ], [ 76.0405042, 30.0427638 ], [ 76.040704, 30.0440166 ], [ 76.0408858, 30.0451589 ], [ 76.0412359, 30.0459705 ], [ 76.0424272, 30.0487337 ], [ 76.0444481, 30.0489313 ], [ 76.0463105, 30.0491134 ], [ 76.0476018, 30.0499776 ], [ 76.0486523, 30.0506806 ], [ 76.0486524, 30.0506807 ], [ 76.0480003, 30.0514485 ], [ 76.0462721, 30.0534835 ], [ 76.0462724, 30.0534838 ], [ 76.0487959, 30.0563801 ], [ 76.0492588, 30.0569113 ], [ 76.0502012, 30.0579934 ], [ 76.0503863, 30.0582062 ], [ 76.0503865, 30.0582064 ], [ 76.05159, 30.0595953 ], [ 76.0525361, 30.062874 ], [ 76.0525363, 30.0628746 ], [ 76.0541613, 30.0649686 ], [ 76.0572281, 30.0669811 ], [ 76.0592958, 30.0660598 ], [ 76.061127, 30.0644276 ], [ 76.0618817, 30.0641305 ], [ 76.0618818, 30.0641304 ], [ 76.0647124, 30.0630202 ], [ 76.0645869, 30.0613208 ], [ 76.0645448, 30.0607498 ], [ 76.0645447, 30.0607496 ], [ 76.0634689, 30.0572099 ], [ 76.0634692, 30.0572097 ], [ 76.0652469, 30.0558397 ], [ 76.0657549, 30.0559473 ], [ 76.0676577, 30.0563503 ], [ 76.069049, 30.0577825 ], [ 76.0695038, 30.0582506 ], [ 76.0709989, 30.0597612 ], [ 76.0748216, 30.05832 ], [ 76.0752758, 30.0581204 ], [ 76.075512, 30.0580166 ], [ 76.0770809, 30.0573308 ], [ 76.0802458, 30.0559475 ], [ 76.0841373, 30.0561455 ], [ 76.0865326, 30.0550814 ], [ 76.0865329, 30.0550813 ], [ 76.0864629, 30.0580922 ], [ 76.0864486, 30.0587073 ], [ 76.0859295, 30.0604961 ], [ 76.0856788, 30.0613598 ], [ 76.0856719, 30.0613621 ], [ 76.0856718, 30.0613621 ], [ 76.0856717, 30.0613621 ], [ 76.0848815, 30.0619435 ], [ 76.0825959, 30.0636254 ], [ 76.0848391, 30.0667043 ], [ 76.0862602, 30.0676446 ], [ 76.0881727, 30.0689101 ], [ 76.089592, 30.0704436 ], [ 76.090668, 30.0722417 ], [ 76.0915233, 30.0736141 ], [ 76.0919112, 30.0742364 ], [ 76.0919115, 30.0742369 ], [ 76.0913074, 30.0767129 ], [ 76.0909882, 30.078021 ], [ 76.0909882, 30.078022 ], [ 76.0909882, 30.078022 ], [ 76.0909884, 30.0782195 ], [ 76.0909882, 30.0800853 ], [ 76.090988, 30.081256 ], [ 76.0914329, 30.0825478 ], [ 76.0917054, 30.083339 ], [ 76.0927787, 30.0850495 ], [ 76.0928346, 30.0851385 ], [ 76.0928348, 30.0851389 ], [ 76.0929784, 30.085415 ], [ 76.0950629, 30.0894223 ], [ 76.0956458, 30.0905416 ], [ 76.0956955, 30.0906372 ], [ 76.0956957, 30.0906375 ], [ 76.0979661, 30.0911502 ], [ 76.0987496, 30.0913271 ], [ 76.0988041, 30.0913395 ], [ 76.0994186, 30.0914795 ], [ 76.099431, 30.091547 ], [ 76.0997138, 30.0930772 ], [ 76.0998077, 30.0935855 ], [ 76.1002047, 30.0961674 ], [ 76.1003866, 30.0977832 ], [ 76.1004486, 30.0983333 ], [ 76.100721, 30.099643 ], [ 76.1009062, 30.1005335 ], [ 76.1033958, 30.1020536 ], [ 76.1043321, 30.1026253 ], [ 76.1059046, 30.1049763 ], [ 76.1059873, 30.105099 ], [ 76.1059877, 30.1050996 ], [ 76.1058858, 30.1052376 ], [ 76.1058535, 30.1052812 ], [ 76.1047622, 30.1067703 ], [ 76.1034549, 30.1085544 ], [ 76.1032948, 30.108728 ], [ 76.1018525, 30.1102914 ], [ 76.0988673, 30.1138594 ], [ 76.0979997, 30.1148964 ], [ 76.0970683, 30.1155606 ], [ 76.0966186, 30.1158817 ], [ 76.0950473, 30.1170032 ], [ 76.0946263, 30.116844 ], [ 76.0942538, 30.1167031 ], [ 76.0935298, 30.1164308 ], [ 76.0929569, 30.1162153 ], [ 76.090561, 30.1150847 ], [ 76.0880891, 30.1141036 ], [ 76.0876991, 30.113929 ], [ 76.0859222, 30.1131334 ], [ 76.0839866, 30.1124723 ], [ 76.0824204, 30.1119374 ], [ 76.0807411, 30.1117101 ], [ 76.0787428, 30.1114397 ], [ 76.0788243, 30.1126988 ], [ 76.0789003, 30.1138726 ], [ 76.078972, 30.1149819 ], [ 76.0792917, 30.1152116 ], [ 76.0817488, 30.1169713 ], [ 76.0844803, 30.1189724 ], [ 76.0844802, 30.1189727 ], [ 76.0832595, 30.1224836 ], [ 76.0815918, 30.1224567 ], [ 76.0795518, 30.1224239 ], [ 76.0782072, 30.1222802 ], [ 76.0770421, 30.1221557 ], [ 76.0747987, 30.121917 ], [ 76.0742841, 30.123385 ], [ 76.0731128, 30.1267265 ], [ 76.0731127, 30.1267268 ], [ 76.0739245, 30.1276982 ], [ 76.0746613, 30.1285798 ], [ 76.0767578, 30.1312978 ], [ 76.0770112, 30.1316263 ], [ 76.0779134, 30.1320836 ], [ 76.0813825, 30.1338418 ], [ 76.0813824, 30.1338423 ], [ 76.0808945, 30.1358603 ], [ 76.0799101, 30.1368336 ], [ 76.0792081, 30.1375278 ], [ 76.078212, 30.1378022 ], [ 76.0769885, 30.1381393 ], [ 76.075181, 30.1388102 ], [ 76.0748442, 30.1389352 ], [ 76.0712588, 30.1412948 ], [ 76.0702917, 30.1419127 ], [ 76.0682904, 30.1431914 ], [ 76.0637814, 30.1441755 ], [ 76.0636474, 30.1436014 ], [ 76.0634842, 30.1417573 ], [ 76.0632019, 30.1396368 ], [ 76.0612565, 30.1384141 ], [ 76.061012, 30.1381814 ], [ 76.0587234, 30.1359891 ], [ 76.0561906, 30.1328512 ], [ 76.054352, 30.131526 ], [ 76.0542908, 30.1294262 ], [ 76.052055, 30.1288824 ], [ 76.0500109, 30.1319691 ], [ 76.0511245, 30.1339522 ], [ 76.0494691, 30.1362597 ], [ 76.0485613, 30.1372956 ], [ 76.0478746, 30.1380749 ], [ 76.0457305, 30.1393418 ], [ 76.0422514, 30.1407816 ], [ 76.038208, 30.1405136 ], [ 76.0363387, 30.1415165 ], [ 76.0347059, 30.1430566 ], [ 76.032936, 30.1447016 ], [ 76.0312118, 30.1458273 ], [ 76.0281602, 30.1481636 ], [ 76.0257343, 30.1496467 ], [ 76.0242233, 30.151012 ], [ 76.0237733, 30.1514171 ], [ 76.0217969, 30.1527748 ], [ 76.0177079, 30.1496866 ], [ 76.0159301, 30.1475685 ], [ 76.0145643, 30.1459999 ], [ 76.0163193, 30.1447005 ], [ 76.0151597, 30.1429949 ], [ 76.013664, 30.1413461 ], [ 76.0113065, 30.1405725 ], [ 76.008629, 30.1405525 ], [ 76.0044404, 30.1386874 ], [ 76.0024875, 30.1390294 ], [ 76.0010987, 30.1392701 ], [ 75.999367, 30.1410226 ], [ 75.998703, 30.1431325 ], [ 75.9983904, 30.1451449 ], [ 75.9969711, 30.1470078 ], [ 75.9971999, 30.1490432 ], [ 75.996773, 30.1500819 ], [ 75.9963838, 30.1510098 ], [ 75.9945754, 30.1521311 ], [ 75.9894716, 30.1557995 ], [ 75.9883267, 30.157552 ], [ 75.9868773, 30.1596789 ], [ 75.9835738, 30.1620995 ], [ 75.9816055, 30.1652613 ], [ 75.9780123, 30.1616403 ], [ 75.9756241, 30.1584366 ], [ 75.9732435, 30.155323 ], [ 75.9727784, 30.1513109 ], [ 75.9717484, 30.1492453 ], [ 75.9724195, 30.1471378 ], [ 75.9711764, 30.145243 ], [ 75.9656678, 30.1438534 ], [ 75.962814, 30.1437368 ], [ 75.9606245, 30.1437257 ], [ 75.9586789, 30.1450507 ], [ 75.9532624, 30.1432966 ], [ 75.9529498, 30.1454826 ], [ 75.9541781, 30.1489704 ], [ 75.9563062, 30.152296 ], [ 75.9544372, 30.1544482 ], [ 75.9526746, 30.1556748 ], [ 75.9492877, 30.1575176 ], [ 75.9480899, 30.1591686 ], [ 75.9444658, 30.1611461 ], [ 75.9450911, 30.1634201 ], [ 75.9420549, 30.1651339 ], [ 75.9414595, 30.1671527 ], [ 75.939087, 30.1698769 ], [ 75.9375151, 30.1714063 ], [ 75.9370345, 30.1753532 ], [ 75.9347459, 30.1783338 ], [ 75.93544, 30.1806209 ], [ 75.9364089, 30.1836099 ], [ 75.9376146, 30.1865723 ], [ 75.9366986, 30.1876076 ], [ 75.9357832, 30.1876073 ], [ 75.9302596, 30.1844748 ], [ 75.9285966, 30.1835977 ], [ 75.932007, 30.1813514 ], [ 75.9316864, 30.1780533 ], [ 75.9301912, 30.1756049 ], [ 75.9297864, 30.1749378 ], [ 75.9243928, 30.1747232 ], [ 75.9201505, 30.1787416 ], [ 75.9200443, 30.18156 ], [ 75.9157867, 30.1832727 ], [ 75.9137266, 30.1823351 ], [ 75.9080812, 30.1795453 ], [ 75.9054032, 30.1771748 ], [ 75.9048155, 30.1765833 ], [ 75.9024504, 30.1759859 ], [ 75.8985518, 30.1741944 ], [ 75.8931735, 30.1732227 ], [ 75.8900452, 30.1706 ], [ 75.8891296, 30.1686751 ], [ 75.8890536, 30.1665753 ], [ 75.8885804, 30.1636728 ], [ 75.8846436, 30.1637852 ], [ 75.8791656, 30.1627549 ], [ 75.8792875, 30.1601056 ], [ 75.8771056, 30.157113 ], [ 75.8750456, 30.1565199 ], [ 75.8743362, 30.1565224 ], [ 75.8709563, 30.1565358 ], [ 75.8687745, 30.1561803 ], [ 75.8647154, 30.1548129 ], [ 75.8632889, 30.1556344 ], [ 75.8631895, 30.1556915 ], [ 75.8628537, 30.1558855 ], [ 75.8594052, 30.1550215 ], [ 75.8575898, 30.1535738 ], [ 75.8520357, 30.1520578 ], [ 75.8516772, 30.1514939 ], [ 75.8501056, 30.1490225 ], [ 75.8462525, 30.1489211 ], [ 75.8461458, 30.1510875 ], [ 75.846153, 30.1533818 ], [ 75.8439407, 30.1567439 ], [ 75.843002, 30.1581667 ], [ 75.8414538, 30.15974 ], [ 75.8403394, 30.1611887 ], [ 75.8389894, 30.1629457 ], [ 75.8360138, 30.165214 ], [ 75.8326034, 30.1669682 ], [ 75.8322145, 30.1709638 ], [ 75.8283692, 30.1726688 ], [ 75.8294523, 30.1745074 ], [ 75.8305283, 30.1766392 ], [ 75.8308638, 30.1803414 ], [ 75.8315356, 30.1824217 ], [ 75.8326342, 30.1845195 ], [ 75.8292694, 30.1870765 ], [ 75.8251342, 30.1867146 ], [ 75.8225934, 30.18424 ], [ 75.8195116, 30.1839885 ], [ 75.8176194, 30.1821279 ], [ 75.8170624, 30.1815786 ], [ 75.8148957, 30.1784473 ], [ 75.8132327, 30.1747533 ], [ 75.8092807, 30.1734647 ], [ 75.808815, 30.1719245 ], [ 75.808739, 30.1716791 ], [ 75.8082961, 30.1702222 ], [ 75.8087767, 30.1680986 ], [ 75.8051756, 30.1680238 ], [ 75.8026885, 30.1688466 ], [ 75.8016818, 30.1691777 ], [ 75.7986376, 30.1711206 ], [ 75.7955398, 30.1728562 ], [ 75.7937014, 30.1757573 ], [ 75.7918166, 30.1730321 ], [ 75.7911303, 30.171069 ], [ 75.7880326, 30.1716923 ], [ 75.7847519, 30.1732415 ], [ 75.7809754, 30.17448 ], [ 75.777573, 30.1731151 ], [ 75.7749403, 30.1705678 ], [ 75.77475, 30.1703817 ], [ 75.771622, 30.1682164 ], [ 75.7682341, 30.1687664 ], [ 75.765213, 30.171674 ], [ 75.7623822, 30.1746323 ], [ 75.7611315, 30.176591 ], [ 75.7596665, 30.1783794 ], [ 75.7594607, 30.1786333 ], [ 75.7568591, 30.1814683 ], [ 75.7542421, 30.1846034 ], [ 75.7503664, 30.1893971 ], [ 75.7486725, 30.1915297 ], [ 75.7471316, 30.1931379 ], [ 75.7444687, 30.1962844 ] ] ] ] } },
{ "type": "Feature", "properties": { "block_id": "bhuvan_b_273", "block_name": "Lehra", "district": "Sangrur", "state": "Punjab" }, "geometry": { "type": "MultiPolygon", "coordinates": [ [ [ [ 75.9104996, 30.0211478 ], [ 75.9088821, 30.0226637 ], [ 75.9069441, 30.0240803 ], [ 75.9033661, 30.0256119 ], [ 75.8999023, 30.0268945 ], [ 75.8980863, 30.0279109 ], [ 75.8941651, 30.0296657 ], [ 75.891907, 30.0306939 ], [ 75.88974, 30.0308237 ], [ 75.8891828, 30.0309989 ], [ 75.8892286, 30.0331553 ], [ 75.8853456, 30.0369851 ], [ 75.8845746, 30.039508 ], [ 75.8853911, 30.0414382 ], [ 75.8868635, 30.042633 ], [ 75.8860471, 30.0439154 ], [ 75.8846359, 30.04568 ], [ 75.8820877, 30.0467958 ], [ 75.882088, 30.0464619 ], [ 75.8818741, 30.0457302 ], [ 75.8795474, 30.0455901 ], [ 75.8776168, 30.0446261 ], [ 75.8759229, 30.0407954 ], [ 75.8704758, 30.0347359 ], [ 75.8655093, 30.0275787 ], [ 75.8643493, 30.0252153 ], [ 75.8620836, 30.0196172 ], [ 75.8603058, 30.0205109 ], [ 75.8550112, 30.0165658 ], [ 75.8551484, 30.0142029 ], [ 75.8554151, 30.0140229 ], [ 75.8522111, 30.0129676 ], [ 75.8504408, 30.0143665 ], [ 75.8467558, 30.0168019 ], [ 75.84375, 30.0191833 ], [ 75.8386763, 30.0167589 ], [ 75.8366239, 30.0197792 ], [ 75.8326337, 30.0184081 ], [ 75.8322755, 30.018284 ], [ 75.8307878, 30.0140498 ], [ 75.8312075, 30.0119919 ], [ 75.8307955, 30.009919 ], [ 75.8301619, 30.0078384 ], [ 75.829193, 30.0033911 ], [ 75.827156, 29.9998371 ], [ 75.8258514, 29.9980901 ], [ 75.824295, 29.9967575 ], [ 75.8230819, 29.9957161 ], [ 75.8196795, 29.9955636 ], [ 75.8160018, 29.997001 ], [ 75.8122483, 29.9983801 ], [ 75.8084491, 29.9994841 ], [ 75.8049698, 30.0017028 ], [ 75.8018033, 30.0034277 ], [ 75.7982405, 29.9993704 ], [ 75.7985461, 29.9982067 ], [ 75.7967379, 29.9954946 ], [ 75.7950209, 29.9955794 ], [ 75.7936554, 29.9938392 ], [ 75.7928159, 29.991665 ], [ 75.7906038, 29.9886371 ], [ 75.7883683, 29.9879579 ], [ 75.786163, 29.986913 ], [ 75.7818296, 29.9854002 ], [ 75.7806321, 29.9821405 ], [ 75.7809066, 29.9801287 ], [ 75.7796708, 29.9790103 ], [ 75.7776033, 29.9771455 ], [ 75.7771911, 29.9770509 ], [ 75.7734301, 29.9761684 ], [ 75.7694013, 29.9762664 ], [ 75.7654191, 29.976619 ], [ 75.7632446, 29.9767331 ], [ 75.7620848, 29.975869 ], [ 75.7615277, 29.9791886 ], [ 75.7606737, 29.9813729 ], [ 75.7599715, 29.9838564 ], [ 75.7585066, 29.9860622 ], [ 75.7558592, 29.9888795 ], [ 75.7544249, 29.9907851 ], [ 75.7532577, 29.9925537 ], [ 75.7518236, 29.9943419 ], [ 75.7503127, 29.9959005 ], [ 75.7480847, 29.9982843 ], [ 75.7463381, 30.0001441 ], [ 75.7433012, 30.0018331 ], [ 75.7426608, 30.0030256 ], [ 75.7413023, 30.0049081 ], [ 75.7401045, 30.0065369 ], [ 75.7370226, 30.009099 ], [ 75.7337266, 30.0090114 ], [ 75.7314986, 30.0090058 ], [ 75.7297517, 30.0083364 ], [ 75.7277682, 30.0079187 ], [ 75.7259671, 30.0070872 ], [ 75.7240374, 30.0063037 ], [ 75.7230909, 30.0045582 ], [ 75.7227249, 30.0026064 ], [ 75.7215345, 30.0008149 ], [ 75.7209322, 29.9991622 ], [ 75.7205963, 29.9969824 ], [ 75.7205045, 29.9957534 ], [ 75.7184294, 29.9963378 ], [ 75.7161331, 29.9958043 ], [ 75.714096, 29.9970043 ], [ 75.7144167, 29.9988029 ], [ 75.7149429, 30.0008914 ], [ 75.7156831, 30.0026359 ], [ 75.7152255, 30.0044229 ], [ 75.7144776, 30.006947 ], [ 75.7120359, 30.0083161 ], [ 75.7087554, 30.0073005 ], [ 75.7061617, 30.0077296 ], [ 75.7039946, 30.0079984 ], [ 75.7012937, 30.0067291 ], [ 75.6980362, 30.0070442 ], [ 75.6944354, 30.0080198 ], [ 75.692421, 30.0084523 ], [ 75.6899034, 30.008928 ], [ 75.6883921, 30.0100051 ], [ 75.6883918, 30.0100053 ], [ 75.6876681, 30.0095602 ], [ 75.6866799, 30.0091385 ], [ 75.6841739, 30.0080691 ], [ 75.6817584, 30.0068062 ], [ 75.6806489, 30.0062261 ], [ 75.6797332, 30.0037582 ], [ 75.6769775, 30.0023081 ], [ 75.6760562, 30.0018233 ], [ 75.6743469, 30.0004063 ], [ 75.6743469, 30.0004063 ], [ 75.6714175, 29.9969717 ], [ 75.6697132, 29.9981159 ], [ 75.668465, 29.998954 ], [ 75.6667639, 29.9988772 ], [ 75.6660388, 29.9988445 ], [ 75.6659234, 29.9987549 ], [ 75.6648638, 29.9979322 ], [ 75.6639555, 29.9972286 ], [ 75.6633533, 29.9967622 ], [ 75.6606977, 29.9945758 ], [ 75.6593127, 29.9933694 ], [ 75.6586917, 29.9928284 ], [ 75.6581211, 29.9923526 ], [ 75.655838, 29.9904489 ], [ 75.6546735, 29.9892892 ], [ 75.6543119, 29.9889292 ], [ 75.6533338, 29.9881374 ], [ 75.6519546, 29.9870209 ], [ 75.6512238, 29.986407 ], [ 75.6500777, 29.9854442 ], [ 75.648491, 29.9833316 ], [ 75.6484908, 29.9833313 ], [ 75.6506442, 29.9814854 ], [ 75.6518475, 29.980454 ], [ 75.6518476, 29.9804537 ], [ 75.6522213, 29.9783698 ], [ 75.6501159, 29.9741117 ], [ 75.6495897, 29.9717837 ], [ 75.6495897, 29.9717835 ], [ 75.6498291, 29.9705341 ], [ 75.6499938, 29.9696745 ], [ 75.6491011, 29.965891 ], [ 75.6489255, 29.961788 ], [ 75.6486356, 29.9597477 ], [ 75.6483383, 29.9577412 ], [ 75.6477279, 29.9557115 ], [ 75.6474614, 29.9550719 ], [ 75.6470101, 29.9539891 ], [ 75.6467052, 29.953258 ], [ 75.6462785, 29.9522352 ], [ 75.6457593, 29.9502727 ], [ 75.645149, 29.9463184 ], [ 75.6448088, 29.944989 ], [ 75.6445641, 29.9440339 ], [ 75.6442414, 29.942774 ], [ 75.6444856, 29.9405641 ], [ 75.6444854, 29.9405638 ], [ 75.6436734, 29.9387666 ], [ 75.6429141, 29.9370862 ], [ 75.6429141, 29.9370861 ], [ 75.6496279, 29.9386189 ], [ 75.6519661, 29.9366366 ], [ 75.6542585, 29.934693 ], [ 75.655187, 29.9331182 ], [ 75.6569977, 29.9300476 ], [ 75.6576158, 29.9307838 ], [ 75.6594008, 29.9329099 ], [ 75.662865, 29.9324841 ], [ 75.6636629, 29.9317379 ], [ 75.66449, 29.9309644 ], [ 75.6657713, 29.9297055 ], [ 75.6673129, 29.9281909 ], [ 75.668376, 29.9277305 ], [ 75.6693423, 29.927312 ], [ 75.6706389, 29.9256201 ], [ 75.6704132, 29.9226549 ], [ 75.6703415, 29.9217129 ], [ 75.6703414, 29.9217118 ], [ 75.6731408, 29.9190624 ], [ 75.6736637, 29.9185683 ], [ 75.6744083, 29.9178647 ], [ 75.6745076, 29.9167923 ], [ 75.6745984, 29.915813 ], [ 75.6745984, 29.9158129 ], [ 75.672455, 29.9127804 ], [ 75.6731031, 29.9105616 ], [ 75.6753613, 29.9099951 ], [ 75.6810685, 29.9099319 ], [ 75.6827964, 29.910117 ], [ 75.6866915, 29.9105344 ], [ 75.6888207, 29.9112851 ], [ 75.6902921, 29.9118039 ], [ 75.6908902, 29.9120765 ], [ 75.6924744, 29.9127986 ], [ 75.6956123, 29.9138513 ], [ 75.6974868, 29.9144801 ], [ 75.6976393, 29.9145312 ], [ 75.6998062, 29.9154447 ], [ 75.7016746, 29.9163304 ], [ 75.7036513, 29.9172675 ], [ 75.705691, 29.9178874 ], [ 75.7059709, 29.9179725 ], [ 75.7063056, 29.918213 ], [ 75.7081836, 29.9195625 ], [ 75.7083148, 29.9199997 ], [ 75.7092744, 29.9231957 ], [ 75.709198, 29.9274939 ], [ 75.7096255, 29.9317015 ], [ 75.7103575, 29.9326779 ], [ 75.7116926, 29.9344586 ], [ 75.7158584, 29.9341743 ], [ 75.7167097, 29.9339928 ], [ 75.7179869, 29.9337206 ], [ 75.7205427, 29.9334314 ], [ 75.7233355, 29.9334973 ], [ 75.7257002, 29.9339287 ], [ 75.7266947, 29.9339375 ], [ 75.7280582, 29.9339496 ], [ 75.7311179, 29.9344852 ], [ 75.7325055, 29.9347281 ], [ 75.7347262, 29.9343119 ], [ 75.7349397, 29.9337728 ], [ 75.7361757, 29.9306512 ], [ 75.7369066, 29.9294853 ], [ 75.7373655, 29.9287517 ], [ 75.7384451, 29.9271725 ], [ 75.7395935, 29.9254927 ], [ 75.7416609, 29.9242493 ], [ 75.7428575, 29.9237385 ], [ 75.745094, 29.9227838 ], [ 75.7485197, 29.9212009 ], [ 75.7495508, 29.9208248 ], [ 75.7505492, 29.9204607 ], [ 75.7514376, 29.919587 ], [ 75.752289, 29.9187497 ], [ 75.7575761, 29.9157391 ], [ 75.7597656, 29.9161439 ], [ 75.7615202, 29.917343 ], [ 75.7649078, 29.9189614 ], [ 75.765129, 29.9188203 ], [ 75.7652506, 29.9187428 ], [ 75.766064, 29.9182194 ], [ 75.7668991, 29.917682 ], [ 75.7668993, 29.9176819 ], [ 75.7669298, 29.9152384 ], [ 75.767036, 29.9128824 ], [ 75.767112, 29.9111924 ], [ 75.7671356, 29.9106692 ], [ 75.7671356, 29.9106686 ], [ 75.7667343, 29.9094987 ], [ 75.7664489, 29.9086669 ], [ 75.7664519, 29.9078192 ], [ 75.7664567, 29.9064749 ], [ 75.7664567, 29.906474 ], [ 75.7683869, 29.902912 ], [ 75.7683871, 29.9029117 ], [ 75.7691119, 29.8987495 ], [ 75.7690194, 29.8985898 ], [ 75.7680438, 29.8969012 ], [ 75.7669484, 29.8961829 ], [ 75.7661818, 29.8956802 ], [ 75.7648721, 29.8948993 ], [ 75.7642668, 29.8945385 ], [ 75.763538, 29.893926 ], [ 75.762459, 29.8930193 ], [ 75.7618694, 29.8912297 ], [ 75.7618692, 29.8912291 ], [ 75.7612305, 29.8892903 ], [ 75.7603104, 29.8882983 ], [ 75.7596362, 29.8875713 ], [ 75.7601016, 29.8851817 ], [ 75.7606663, 29.8819035 ], [ 75.7607649, 29.8813312 ], [ 75.7607651, 29.8813306 ], [ 75.7613066, 29.8791104 ], [ 75.7617797, 29.8769034 ], [ 75.7616805, 29.8747472 ], [ 75.7616806, 29.8747467 ], [ 75.761782, 29.8742717 ], [ 75.762028, 29.8731185 ], [ 75.7621627, 29.8724889 ], [ 75.7623904, 29.8714244 ], [ 75.7623901, 29.8714239 ], [ 75.7620086, 29.8708453 ], [ 75.7604388, 29.8684644 ], [ 75.7603279, 29.8682971 ], [ 75.7602614, 29.8681969 ], [ 75.7588121, 29.866353 ], [ 75.7588121, 29.8663523 ], [ 75.7586824, 29.8637479 ], [ 75.7581101, 29.8617345 ], [ 75.75811, 29.8617343 ], [ 75.7581394, 29.8617108 ], [ 75.7582637, 29.8616116 ], [ 75.7604749, 29.8598301 ], [ 75.7657547, 29.8580826 ], [ 75.7678795, 29.857286 ], [ 75.7699964, 29.8564922 ], [ 75.7717626, 29.8558963 ], [ 75.772514, 29.8556428 ], [ 75.7749252, 29.8545886 ], [ 75.7761228, 29.853635 ], [ 75.7766493, 29.8532158 ], [ 75.7766376, 29.8531278 ], [ 75.7766122, 29.8529362 ], [ 75.7763969, 29.8513305 ], [ 75.7763672, 29.8511085 ], [ 75.7763671, 29.851108 ], [ 75.7726367, 29.846277 ], [ 75.7725306, 29.8448536 ], [ 75.7724837, 29.8442248 ], [ 75.7725171, 29.8435884 ], [ 75.7725909, 29.8421824 ], [ 75.772975, 29.8398348 ], [ 75.7732848, 29.8379414 ], [ 75.7739486, 29.8345966 ], [ 75.7739486, 29.8345962 ], [ 75.7705539, 29.831426 ], [ 75.7702275, 29.831248 ], [ 75.7699276, 29.8310844 ], [ 75.7693736, 29.8307802 ], [ 75.7686388, 29.8303767 ], [ 75.7668955, 29.8293054 ], [ 75.7666168, 29.8291341 ], [ 75.7644119, 29.8279038 ], [ 75.7602918, 29.8285728 ], [ 75.7579334, 29.8285508 ], [ 75.7578964, 29.8285504 ], [ 75.7578963, 29.8285504 ], [ 75.757442, 29.8283209 ], [ 75.7526782, 29.8259136 ], [ 75.7484515, 29.8254796 ], [ 75.7481171, 29.8251229 ], [ 75.7470399, 29.8239737 ], [ 75.7457431, 29.8220791 ], [ 75.7440108, 29.8203201 ], [ 75.7437654, 29.8200337 ], [ 75.7424547, 29.8185037 ], [ 75.7409209, 29.8168134 ], [ 75.7392047, 29.8151129 ], [ 75.7392046, 29.8151129 ], [ 75.7392109, 29.8151063 ], [ 75.7392305, 29.8150859 ], [ 75.7392718, 29.8150431 ], [ 75.7393558, 29.814956 ], [ 75.7394347, 29.8148742 ], [ 75.7394709, 29.8148366 ], [ 75.7398075, 29.8144875 ], [ 75.7400629, 29.8142225 ], [ 75.7403277, 29.8139479 ], [ 75.7404814, 29.8137884 ], [ 75.7407591, 29.8135004 ], [ 75.7413504, 29.8128871 ], [ 75.7419128, 29.8123036 ], [ 75.7421963, 29.8120755 ], [ 75.7426487, 29.8117116 ], [ 75.7429417, 29.8114758 ], [ 75.7436648, 29.810894 ], [ 75.7439041, 29.8107014 ], [ 75.7445808, 29.8102366 ], [ 75.7457004, 29.8094675 ], [ 75.7464887, 29.808926 ], [ 75.7475588, 29.808191 ], [ 75.747603, 29.8081607 ], [ 75.7478331, 29.8080027 ], [ 75.7502438, 29.8077002 ], [ 75.7522019, 29.8069015 ], [ 75.752594, 29.8067418 ], [ 75.7558942, 29.8060066 ], [ 75.7562236, 29.8059333 ], [ 75.756224, 29.8059332 ], [ 75.7562298, 29.8059319 ], [ 75.7562422, 29.8059291 ], [ 75.7562531, 29.8059267 ], [ 75.7562634, 29.8059244 ], [ 75.7562683, 29.8059233 ], [ 75.7562842, 29.8059198 ], [ 75.7563037, 29.8059154 ], [ 75.7563108, 29.8059138 ], [ 75.756373, 29.8059 ], [ 75.7564262, 29.8058881 ], [ 75.7564981, 29.8058721 ], [ 75.7565565, 29.8058591 ], [ 75.7566154, 29.805846 ], [ 75.7566589, 29.8058363 ], [ 75.7566806, 29.8058315 ], [ 75.7566838, 29.8058307 ], [ 75.7566914, 29.8058291 ], [ 75.7566965, 29.8058279 ], [ 75.7567161, 29.8058235 ], [ 75.7568789, 29.8057873 ], [ 75.7571982, 29.8057161 ], [ 75.7575331, 29.8056416 ], [ 75.7578227, 29.8055771 ], [ 75.7579701, 29.8055442 ], [ 75.7579751, 29.8055431 ], [ 75.7579803, 29.8055419 ], [ 75.7580075, 29.8055713 ], [ 75.758043, 29.8056096 ], [ 75.7580506, 29.8056178 ], [ 75.7581486, 29.8057236 ], [ 75.7582752, 29.8058603 ], [ 75.7584453, 29.806044 ], [ 75.7586021, 29.8062133 ], [ 75.7587883, 29.8064144 ], [ 75.7596445, 29.8073389 ], [ 75.7604675, 29.8082276 ], [ 75.7609969, 29.8089706 ], [ 75.7614966, 29.8096719 ], [ 75.7618118, 29.8101143 ], [ 75.7623449, 29.8108625 ], [ 75.76259, 29.8112065 ], [ 75.7625998, 29.8112203 ], [ 75.7626002, 29.8112209 ], [ 75.7626034, 29.8112254 ], [ 75.7626038, 29.8112259 ], [ 75.7626039, 29.811226 ], [ 75.7630459, 29.8115274 ], [ 75.7630658, 29.811541 ], [ 75.7630657, 29.8115409 ], [ 75.7630675, 29.8115422 ], [ 75.763112, 29.8115725 ], [ 75.7631145, 29.8115742 ], [ 75.7633277, 29.8117196 ], [ 75.7633962, 29.8117663 ], [ 75.7636113, 29.811913 ], [ 75.7642314, 29.8123359 ], [ 75.7644113, 29.8124586 ], [ 75.7645111, 29.8125267 ], [ 75.7645201, 29.8125287 ], [ 75.7645638, 29.8125387 ], [ 75.7645804, 29.8125425 ], [ 75.7646757, 29.8125642 ], [ 75.7664779, 29.812975 ], [ 75.7668766, 29.8130659 ], [ 75.7678463, 29.813287 ], [ 75.7682327, 29.8133751 ], [ 75.7682336, 29.8133753 ], [ 75.7682343, 29.8133754 ], [ 75.7683821, 29.8135129 ], [ 75.7695052, 29.8145574 ], [ 75.7697601, 29.8147945 ], [ 75.7705452, 29.8156077 ], [ 75.7714081, 29.8165016 ], [ 75.7735062, 29.8194541 ], [ 75.7770081, 29.8211193 ], [ 75.7791592, 29.8217838 ], [ 75.7792849, 29.8218226 ], [ 75.7805867, 29.8222247 ], [ 75.7806961, 29.8222585 ], [ 75.780713, 29.8222637 ], [ 75.7807734, 29.8222824 ], [ 75.7808304, 29.8223 ], [ 75.7809121, 29.8222304 ], [ 75.7810233, 29.8221358 ], [ 75.7811084, 29.8220633 ], [ 75.7813849, 29.8218279 ], [ 75.7821188, 29.8212031 ], [ 75.7845026, 29.8191737 ], [ 75.7848941, 29.8188403 ], [ 75.7850882, 29.8186751 ], [ 75.7856293, 29.8182144 ], [ 75.7865715, 29.8168961 ], [ 75.7869339, 29.8163891 ], [ 75.787529, 29.8143635 ], [ 75.7891869, 29.811333 ], [ 75.7893141, 29.8111004 ], [ 75.7893143, 29.8111001 ], [ 75.7893379, 29.8110858 ], [ 75.789496, 29.8109906 ], [ 75.7897596, 29.8108319 ], [ 75.7898666, 29.8107674 ], [ 75.7899028, 29.8107456 ], [ 75.7899774, 29.8107007 ], [ 75.7905988, 29.8103265 ], [ 75.7914429, 29.8098182 ], [ 75.7944039, 29.8089875 ], [ 75.7951279, 29.8087845 ], [ 75.79549, 29.8087192 ], [ 75.7992859, 29.8080349 ], [ 75.8013306, 29.807048 ], [ 75.8027039, 29.8063851 ], [ 75.8044026, 29.805443 ], [ 75.8045519, 29.8053602 ], [ 75.8045577, 29.805357 ], [ 75.8045578, 29.8053569 ], [ 75.8045812, 29.8053586 ], [ 75.804638, 29.8053625 ], [ 75.8046539, 29.8053636 ], [ 75.8046655, 29.8053644 ], [ 75.8047136, 29.8053677 ], [ 75.8048, 29.8053736 ], [ 75.8050189, 29.8053887 ], [ 75.805549, 29.8054253 ], [ 75.8058273, 29.8054444 ], [ 75.8061598, 29.8054674 ], [ 75.8073417, 29.8055488 ], [ 75.8104248, 29.8057613 ], [ 75.812007, 29.805482 ], [ 75.8126279, 29.8053724 ], [ 75.8143463, 29.805069 ], [ 75.8163364, 29.8042292 ], [ 75.8163757, 29.8042126 ], [ 75.816429, 29.8042339 ], [ 75.8164659, 29.8042486 ], [ 75.8166236, 29.8043116 ], [ 75.8171416, 29.8045186 ], [ 75.818363, 29.8050067 ], [ 75.8188322, 29.8051942 ], [ 75.8194036, 29.8054225 ], [ 75.8214264, 29.8062306 ], [ 75.8238907, 29.8092136 ], [ 75.8239759, 29.8101883 ], [ 75.8241043, 29.811657 ], [ 75.8248511, 29.8127385 ], [ 75.8254455, 29.8135994 ], [ 75.8261769, 29.8146586 ], [ 75.8262225, 29.8147247 ], [ 75.8262765, 29.8148028 ], [ 75.8263115, 29.8148535 ], [ 75.826325, 29.8148731 ], [ 75.8263254, 29.8148736 ], [ 75.8266446, 29.8168396 ], [ 75.8276443, 29.8182141 ], [ 75.8285983, 29.8196294 ], [ 75.8293535, 29.8211566 ], [ 75.8299025, 29.8227775 ], [ 75.8300707, 29.8245114 ], [ 75.8298338, 29.8262095 ], [ 75.8288423, 29.8274814 ], [ 75.8274232, 29.8285191 ], [ 75.8259736, 29.8294689 ], [ 75.8244476, 29.8302591 ], [ 75.8229673, 29.831094 ], [ 75.8217547, 29.8322477 ], [ 75.8207628, 29.8336436 ], [ 75.8196868, 29.8349701 ], [ 75.8184817, 29.8361688 ], [ 75.8173219, 29.8375364 ], [ 75.8171847, 29.8391255 ], [ 75.8173982, 29.8407869 ], [ 75.8177185, 29.8424702 ], [ 75.8180998, 29.8441645 ], [ 75.8187559, 29.8469489 ], [ 75.8188173, 29.8500281 ], [ 75.8193591, 29.8516469 ], [ 75.820206, 29.8531442 ], [ 75.8213805, 29.8543461 ], [ 75.8227847, 29.8553007 ], [ 75.8242568, 29.8561804 ], [ 75.8256989, 29.8570964 ], [ 75.8270417, 29.8581348 ], [ 75.8283923, 29.8591777 ], [ 75.8297806, 29.8601594 ], [ 75.8312226, 29.861046 ], [ 75.8324354, 29.8622363 ], [ 75.833595, 29.8634879 ], [ 75.8347398, 29.8647441 ], [ 75.8358764, 29.8660161 ], [ 75.8369751, 29.8673222 ], [ 75.8378752, 29.8686295 ], [ 75.8396454, 29.8675804 ], [ 75.8411939, 29.8668802 ], [ 75.8427121, 29.8661193 ], [ 75.8442151, 29.8653155 ], [ 75.8457033, 29.8644532 ], [ 75.8473662, 29.8642823 ], [ 75.8490827, 29.8645533 ], [ 75.8506393, 29.8643696 ], [ 75.8519438, 29.8632083 ], [ 75.853218, 29.8620766 ], [ 75.8546603, 29.8611671 ], [ 75.8560407, 29.860197 ], [ 75.8571165, 29.8588725 ], [ 75.8577345, 29.8572892 ], [ 75.8581924, 29.8556032 ], [ 75.858734, 29.8544694 ], [ 75.8589627, 29.8548853 ], [ 75.8611678, 29.8561614 ], [ 75.8642734, 29.8601118 ], [ 75.8699111, 29.8636597 ], [ 75.8716891, 29.8650467 ], [ 75.873123, 29.8665285 ], [ 75.8728259, 29.8685293 ], [ 75.872795, 29.8690597 ], [ 75.8731234, 29.8705849 ], [ 75.8727949, 29.8724032 ], [ 75.872368, 29.8740642 ], [ 75.8718489, 29.8756875 ], [ 75.8712999, 29.8772997 ], [ 75.8708112, 29.8789296 ], [ 75.870552, 29.880612 ], [ 75.8702852, 29.8823081 ], [ 75.8700107, 29.884011 ], [ 75.8698655, 29.8856972 ], [ 75.870041, 29.887352 ], [ 75.8706971, 29.888963 ], [ 75.8711011, 29.8903253 ], [ 75.8703305, 29.8916185 ], [ 75.8694992, 29.8931672 ], [ 75.8681948, 29.8941278 ], [ 75.8665616, 29.8946371 ], [ 75.864891, 29.8950948 ], [ 75.8631516, 29.8954604 ], [ 75.8621216, 29.8965726 ], [ 75.8614351, 29.8981902 ], [ 75.860069, 29.8994444 ], [ 75.8592759, 29.8983712 ], [ 75.8579181, 29.8982492 ], [ 75.8573303, 29.899539 ], [ 75.8579175, 29.9012024 ], [ 75.8576738, 29.9029073 ], [ 75.85865, 29.9026798 ], [ 75.8622359, 29.9014991 ], [ 75.8638076, 29.8986507 ], [ 75.8659975, 29.8984987 ], [ 75.8687362, 29.8980272 ], [ 75.8705827, 29.8973225 ], [ 75.8788453, 29.8970579 ], [ 75.8805007, 29.8974574 ], [ 75.8861238, 29.8986786 ], [ 75.8880311, 29.8968926 ], [ 75.8910751, 29.8973661 ], [ 75.8924941, 29.8986853 ], [ 75.8950348, 29.900491 ], [ 75.8984225, 29.9008741 ], [ 75.9032517, 29.9025985 ], [ 75.90477, 29.9051352 ], [ 75.9059297, 29.9063839 ], [ 75.9069674, 29.9077326 ], [ 75.9079742, 29.9091041 ], [ 75.9089585, 29.9104938 ], [ 75.9100265, 29.9118175 ], [ 75.9111253, 29.9131139 ], [ 75.9122389, 29.9144034 ], [ 75.9133603, 29.9156861 ], [ 75.9144901, 29.9169597 ], [ 75.9156262, 29.9182243 ], [ 75.9168471, 29.9194002 ], [ 75.9180449, 29.9205988 ], [ 75.9190977, 29.9219429 ], [ 75.9201429, 29.923235 ], [ 75.9204104, 29.9229579 ], [ 75.922333, 29.9220015 ], [ 75.9238435, 29.9210163 ], [ 75.9258424, 29.920612 ], [ 75.9275054, 29.9195355 ], [ 75.930176, 29.9178449 ], [ 75.9322126, 29.9162197 ], [ 75.9344022, 29.9151755 ], [ 75.9346586, 29.9155843 ], [ 75.9347459, 29.9157235 ], [ 75.936989, 29.916874 ], [ 75.9372795, 29.917084 ], [ 75.9387438, 29.9181429 ], [ 75.940544, 29.9191295 ], [ 75.9418768, 29.9198597 ], [ 75.9423447, 29.9201161 ], [ 75.9434419, 29.9204574 ], [ 75.9461442, 29.9212981 ], [ 75.9502182, 29.9215914 ], [ 75.953972, 29.9207544 ], [ 75.9572232, 29.9191353 ], [ 75.9589003, 29.9183002 ], [ 75.9594883, 29.9167881 ], [ 75.959656, 29.9163568 ], [ 75.959656, 29.9163568 ], [ 75.9613801, 29.913928 ], [ 75.9637526, 29.914037 ], [ 75.9660733, 29.9137278 ], [ 75.9669951, 29.913605 ], [ 75.9669952, 29.9136049 ], [ 75.9667816, 29.9140308 ], [ 75.965263, 29.9170581 ], [ 75.9648589, 29.9188759 ], [ 75.9647828, 29.9192181 ], [ 75.9647828, 29.9192183 ], [ 75.9651531, 29.9195884 ], [ 75.9671023, 29.9215363 ], [ 75.9694216, 29.922345 ], [ 75.9694214, 29.9237672 ], [ 75.9694213, 29.9244521 ], [ 75.9686126, 29.9275262 ], [ 75.9696085, 29.9306092 ], [ 75.9702911, 29.9327221 ], [ 75.9702915, 29.932723 ], [ 75.9716186, 29.9299098 ], [ 75.9723357, 29.92839 ], [ 75.9727094, 29.9232096 ], [ 75.9726275, 29.922748 ], [ 75.9723361, 29.9211053 ], [ 75.9704441, 29.9180828 ], [ 75.970444, 29.9180826 ], [ 75.9714531, 29.9171176 ], [ 75.9730375, 29.9156022 ], [ 75.9736534, 29.9147363 ], [ 75.974228, 29.9139285 ], [ 75.97554, 29.9111055 ], [ 75.9759999, 29.9092672 ], [ 75.9760895, 29.9089088 ], [ 75.9760896, 29.9089086 ], [ 75.9764911, 29.9086697 ], [ 75.9779285, 29.9078143 ], [ 75.9798139, 29.9060182 ], [ 75.980728, 29.9051474 ], [ 75.9807281, 29.9051472 ], [ 75.9821165, 29.9043992 ], [ 75.9835511, 29.9028928 ], [ 75.9837567, 29.9038568 ], [ 75.9845425, 29.9049023 ], [ 75.9844518, 29.9051622 ], [ 75.9838413, 29.9069104 ], [ 75.9838411, 29.9069108 ], [ 75.9849023, 29.9081877 ], [ 75.9861983, 29.9097471 ], [ 75.9871214, 29.9117119 ], [ 75.9888228, 29.9128904 ], [ 75.9888228, 29.9128913 ], [ 75.9888759, 29.9151237 ], [ 75.9889069, 29.9164272 ], [ 75.9889984, 29.9184794 ], [ 75.9900285, 29.9204361 ], [ 75.9906995, 29.9217108 ], [ 75.9908245, 29.9225674 ], [ 75.9910052, 29.9238066 ], [ 75.9910049, 29.9238069 ], [ 75.9884718, 29.9265148 ], [ 75.9876321, 29.9294388 ], [ 75.9874953, 29.9299151 ], [ 75.9868734, 29.9308915 ], [ 75.9862825, 29.9318193 ], [ 75.9862826, 29.9318195 ], [ 75.9870638, 29.9335944 ], [ 75.9871979, 29.9338991 ], [ 75.9871979, 29.9338992 ], [ 75.9873047, 29.937769 ], [ 75.9873048, 29.9377697 ], [ 75.9881264, 29.9380926 ], [ 75.9894793, 29.9386242 ], [ 75.9892122, 29.9425156 ], [ 75.9914552, 29.9466701 ], [ 75.9922506, 29.9470028 ], [ 75.9934791, 29.9475166 ], [ 75.9964676, 29.9540545 ], [ 75.9949188, 29.957863 ], [ 75.9941253, 29.9573344 ], [ 75.993141, 29.9551422 ], [ 75.9908372, 29.9533818 ], [ 75.9878308, 29.9503069 ], [ 75.9861069, 29.9480886 ], [ 75.9844591, 29.9468173 ], [ 75.982605, 29.9437923 ], [ 75.9833295, 29.9419302 ], [ 75.981865, 29.9405875 ], [ 75.975685, 29.9403085 ], [ 75.9744113, 29.9418453 ], [ 75.9725647, 29.9467409 ], [ 75.9721528, 29.9486052 ], [ 75.9705202, 29.9530863 ], [ 75.9684983, 29.9524334 ], [ 75.9676437, 29.955007 ], [ 75.9659271, 29.9557844 ], [ 75.9642945, 29.9551309 ], [ 75.9614562, 29.9586868 ], [ 75.9585724, 29.9612887 ], [ 75.9562758, 29.9624627 ], [ 75.9545286, 29.9616248 ], [ 75.952896, 29.9611178 ], [ 75.9513397, 29.9604545 ], [ 75.9498135, 29.9596894 ], [ 75.9483187, 29.9588767 ], [ 75.9468843, 29.9579553 ], [ 75.9454272, 29.9570905 ], [ 75.9438551, 29.956452 ], [ 75.9422605, 29.9558385 ], [ 75.9406813, 29.9552068 ], [ 75.9391021, 29.9545729 ], [ 75.9375382, 29.9539049 ], [ 75.9361955, 29.9528677 ], [ 75.9350278, 29.9516239 ], [ 75.9339218, 29.9503323 ], [ 75.9326402, 29.9491547 ], [ 75.9317396, 29.9481503 ], [ 75.9314496, 29.9498309 ], [ 75.9315341, 29.9515291 ], [ 75.9312438, 29.9531825 ], [ 75.9308775, 29.9548771 ], [ 75.9304278, 29.9563918 ], [ 75.9285278, 29.9569783 ], [ 75.9302295, 29.9577671 ], [ 75.9327469, 29.9593444 ], [ 75.9346467, 29.9619772 ], [ 75.9352417, 29.9639605 ], [ 75.9352799, 29.9659636 ], [ 75.9345319, 29.968261 ], [ 75.933441, 29.9700532 ], [ 75.9308777, 29.9714476 ], [ 75.9304427, 29.9734946 ], [ 75.9267504, 29.9732386 ], [ 75.9245913, 29.9740095 ], [ 75.924095, 29.9775662 ], [ 75.9251788, 29.9795259 ], [ 75.9227142, 29.9799222 ], [ 75.9195404, 29.9803392 ], [ 75.917801, 29.9816891 ], [ 75.9163974, 29.9798151 ], [ 75.9148865, 29.9762047 ], [ 75.9134443, 29.9742701 ], [ 75.9124757, 29.9724832 ], [ 75.9104536, 29.9728063 ], [ 75.9102097, 29.9728463 ], [ 75.9083175, 29.9744837 ], [ 75.9062192, 29.978259 ], [ 75.9048694, 29.9800099 ], [ 75.9056169, 29.9819291 ], [ 75.9052584, 29.9844674 ], [ 75.9028094, 29.9848316 ], [ 75.9036634, 29.9861297 ], [ 75.9050824, 29.9882858 ], [ 75.9066312, 29.9898882 ], [ 75.9082792, 29.9919185 ], [ 75.9095688, 29.9937144 ], [ 75.9106677, 29.9958455 ], [ 75.9116208, 29.9977588 ], [ 75.9137424, 30.0010266 ], [ 75.9148635, 30.0027378 ], [ 75.9164732, 30.0064062 ], [ 75.9175567, 30.008517 ], [ 75.919098, 30.0122084 ], [ 75.9158936, 30.0145634 ], [ 75.9146653, 30.0165911 ], [ 75.9104996, 30.0211478 ] ] ] ] } },
{ "type": "Feature", "properties": { "block_id": "bhuvan_b_270", "block_name": "Dhuri", "district": "Sangrur", "state": "Punjab" }, "geometry": { "type": "MultiPolygon", "coordinates": [ [ [ [ 76.0161822, 30.3816508 ], [ 76.0161821, 30.3816509 ], [ 76.0144576, 30.3826951 ], [ 76.0132979, 30.3833989 ], [ 76.0110625, 30.3836892 ], [ 76.0065919, 30.3844659 ], [ 76.0056686, 30.384446 ], [ 76.0043641, 30.3846748 ], [ 76.0042188, 30.3842676 ], [ 76.0034028, 30.3819436 ], [ 76.0020749, 30.3782203 ], [ 76.0001222, 30.3773262 ], [ 75.9946139, 30.3771584 ], [ 75.9912948, 30.3788462 ], [ 75.9889524, 30.3796174 ], [ 75.9857178, 30.3816383 ], [ 75.9851303, 30.3821503 ], [ 75.9857025, 30.3825814 ], [ 75.9867856, 30.384141 ], [ 75.9875181, 30.3865966 ], [ 75.989212, 30.388596 ], [ 75.9909518, 30.3905003 ], [ 75.9931262, 30.3918802 ], [ 75.9944, 30.3932285 ], [ 75.9944993, 30.3932729 ], [ 75.9945758, 30.3951063 ], [ 75.9939652, 30.3975811 ], [ 75.9938509, 30.3980422 ], [ 75.992462, 30.4005635 ], [ 75.9911269, 30.402358 ], [ 75.9901735, 30.4039466 ], [ 75.9885257, 30.4057795 ], [ 75.9882815, 30.405822 ], [ 75.9891661, 30.4070199 ], [ 75.9898985, 30.4089386 ], [ 75.993027, 30.4113963 ], [ 75.9941332, 30.4135828 ], [ 75.9959334, 30.4142639 ], [ 75.9960329, 30.4140669 ], [ 75.9982913, 30.4166709 ], [ 76.0004654, 30.4189755 ], [ 76.0015032, 30.4213858 ], [ 76.0010757, 30.4240014 ], [ 75.9994276, 30.4250539 ], [ 75.9997025, 30.4252729 ], [ 75.9960405, 30.4264694 ], [ 75.9947051, 30.4280045 ], [ 75.9942473, 30.429648 ], [ 75.9928439, 30.4314183 ], [ 75.9903945, 30.4334355 ], [ 75.9894865, 30.4356825 ], [ 75.9892118, 30.4384547 ], [ 75.9883881, 30.4405431 ], [ 75.9873504, 30.4416202 ], [ 75.9872436, 30.4416188 ], [ 75.9851988, 30.4427396 ], [ 75.981644, 30.4441334 ], [ 75.9799194, 30.4447509 ], [ 75.978325, 30.4456901 ], [ 75.9763031, 30.446973 ], [ 75.9756091, 30.4485979 ], [ 75.9751511, 30.4507082 ], [ 75.9740602, 30.452679 ], [ 75.9714811, 30.4540517 ], [ 75.9686203, 30.4545287 ], [ 75.9666594, 30.4541146 ], [ 75.9649661, 30.4533105 ], [ 75.9618911, 30.4524579 ], [ 75.961601, 30.4525481 ], [ 75.960724, 30.4521327 ], [ 75.958237, 30.4514878 ], [ 75.955246, 30.4498336 ], [ 75.9534988, 30.4488899 ], [ 75.9513548, 30.4477641 ], [ 75.9485018, 30.4455358 ], [ 75.9474714, 30.4438581 ], [ 75.9469987, 30.4431014 ], [ 75.9451907, 30.4426407 ], [ 75.9425201, 30.4413539 ], [ 75.9394457, 30.439903 ], [ 75.9376753, 30.4395571 ], [ 75.9351042, 30.4392574 ], [ 75.9320296, 30.4391373 ], [ 75.9292982, 30.4393643 ], [ 75.9273071, 30.4399109 ], [ 75.9261931, 30.4412407 ], [ 75.9261859, 30.4431673 ], [ 75.9251631, 30.4465831 ], [ 75.9224933, 30.4544231 ], [ 75.9219055, 30.4553296 ], [ 75.9235153, 30.4565566 ], [ 75.928276, 30.4600036 ], [ 75.9296798, 30.4611983 ], [ 75.9348986, 30.4639559 ], [ 75.9364776, 30.4655418 ], [ 75.9401552, 30.4678411 ], [ 75.9420931, 30.4686212 ], [ 75.9421461, 30.4687133 ], [ 75.9422761, 30.468762 ], [ 75.9411012, 30.4707556 ], [ 75.9397967, 30.4724727 ], [ 75.9377519, 30.4745357 ], [ 75.9350126, 30.4781309 ], [ 75.9337537, 30.4804927 ], [ 75.933357, 30.4812986 ], [ 75.932457, 30.4803915 ], [ 75.9307482, 30.479075 ], [ 75.9282534, 30.4775971 ], [ 75.9264219, 30.4760965 ], [ 75.9246289, 30.4745301 ], [ 75.9233015, 30.4731702 ], [ 75.9222943, 30.4721351 ], [ 75.9205397, 30.4701985 ], [ 75.9192124, 30.4680806 ], [ 75.9180449, 30.4659051 ], [ 75.9167175, 30.4637624 ], [ 75.9155809, 30.4599399 ], [ 75.9122541, 30.4589436 ], [ 75.9118268, 30.4575186 ], [ 75.9100573, 30.456394 ], [ 75.9100339, 30.4540075 ], [ 75.9101716, 30.4519447 ], [ 75.9087445, 30.4503146 ], [ 75.9089433, 30.4495711 ], [ 75.9041136, 30.448885 ], [ 75.9020236, 30.4491115 ], [ 75.8996888, 30.450048 ], [ 75.8972246, 30.4506402 ], [ 75.8949659, 30.4510731 ], [ 75.8934859, 30.4520329 ], [ 75.8896868, 30.4532297 ], [ 75.8892134, 30.4525675 ], [ 75.8885571, 30.4518433 ], [ 75.8864596, 30.449737 ], [ 75.8856508, 30.4482604 ], [ 75.8844606, 30.4464954 ], [ 75.8834303, 30.4451398 ], [ 75.8822559, 30.4438867 ], [ 75.8815992, 30.4423707 ], [ 75.8809815, 30.4408499 ], [ 75.8796922, 30.4397014 ], [ 75.8783647, 30.4386433 ], [ 75.8769915, 30.4376396 ], [ 75.8757706, 30.4365605 ], [ 75.874092, 30.4372846 ], [ 75.8721926, 30.4375545 ], [ 75.8711473, 30.4374825 ], [ 75.8693237, 30.4383744 ], [ 75.8674696, 30.4390613 ], [ 75.8652114, 30.4399042 ], [ 75.8619235, 30.4413449 ], [ 75.86026, 30.4420236 ], [ 75.8529816, 30.446044 ], [ 75.8509447, 30.4466258 ], [ 75.8504412, 30.4463651 ], [ 75.8482209, 30.4456757 ], [ 75.8459169, 30.4455576 ], [ 75.8439027, 30.4455977 ], [ 75.8421021, 30.4447476 ], [ 75.8404385, 30.4435514 ], [ 75.8388216, 30.4427023 ], [ 75.8369445, 30.4406593 ], [ 75.8355945, 30.4393482 ], [ 75.8336942, 30.4374654 ], [ 75.832825, 30.4359731 ], [ 75.8314744, 30.4344341 ], [ 75.830017, 30.4334937 ], [ 75.828163, 30.4327407 ], [ 75.8237154, 30.4311379 ], [ 75.8216785, 30.4313853 ], [ 75.8196641, 30.4320003 ], [ 75.8195346, 30.4320756 ], [ 75.8164823, 30.4348175 ], [ 75.815987, 30.4352064 ], [ 75.8128507, 30.4376623 ], [ 75.8112491, 30.4390168 ], [ 75.8095702, 30.4407146 ], [ 75.8104093, 30.44246 ], [ 75.8096387, 30.4442018 ], [ 75.8088986, 30.4429408 ], [ 75.8081057, 30.4471034 ], [ 75.8075942, 30.4525613 ], [ 75.8072965, 30.4549904 ], [ 75.8064654, 30.4576259 ], [ 75.8063659, 30.460011 ], [ 75.8066329, 30.4622337 ], [ 75.8067014, 30.4633522 ], [ 75.8068388, 30.46572 ], [ 75.8071138, 30.4697067 ], [ 75.806778, 30.472012 ], [ 75.80603, 30.4743154 ], [ 75.8047638, 30.4781447 ], [ 75.8041381, 30.4802894 ], [ 75.8046721, 30.4822713 ], [ 75.8050539, 30.4830066 ], [ 75.8056566, 30.4841624 ], [ 75.8068773, 30.4857881 ], [ 75.8079834, 30.4896952 ], [ 75.8050688, 30.4929752 ], [ 75.8032992, 30.4946036 ], [ 75.79982, 30.4972891 ], [ 75.7976915, 30.4983015 ], [ 75.794861, 30.4994039 ], [ 75.7918014, 30.502477 ], [ 75.7901992, 30.5056156 ], [ 75.7900698, 30.5058781 ], [ 75.7880786, 30.5109523 ], [ 75.7858731, 30.5090932 ], [ 75.7834546, 30.5089995 ], [ 75.7801667, 30.5090847 ], [ 75.7794647, 30.5091047 ], [ 75.7759629, 30.5121958 ], [ 75.7727053, 30.5147372 ], [ 75.7702712, 30.5148261 ], [ 75.7681964, 30.5154745 ], [ 75.7659528, 30.5156997 ], [ 75.7617872, 30.5154489 ], [ 75.7585833, 30.5155669 ], [ 75.7562715, 30.5160631 ], [ 75.755081, 30.5162685 ], [ 75.7539218, 30.516467 ], [ 75.7493822, 30.5173978 ], [ 75.7469712, 30.5178786 ], [ 75.7439955, 30.5183039 ], [ 75.7418596, 30.5186454 ], [ 75.7356341, 30.5200275 ], [ 75.7313155, 30.5212023 ], [ 75.7285386, 30.523758 ], [ 75.7292102, 30.5261883 ], [ 75.730911, 30.5299078 ], [ 75.7321551, 30.5326642 ], [ 75.7335207, 30.5352621 ], [ 75.7352826, 30.5394391 ], [ 75.7356109, 30.5402065 ], [ 75.7342375, 30.5420347 ], [ 75.731659, 30.5432245 ], [ 75.7290421, 30.5443333 ], [ 75.7265015, 30.5451934 ], [ 75.7242965, 30.5459795 ], [ 75.7198179, 30.5472766 ], [ 75.7175448, 30.5481171 ], [ 75.71344, 30.5487013 ], [ 75.71241, 30.5468414 ], [ 75.7095491, 30.5441951 ], [ 75.707611, 30.5432559 ], [ 75.7053531, 30.5423229 ], [ 75.7039187, 30.5406613 ], [ 75.7028577, 30.538815 ], [ 75.700249, 30.5385583 ], [ 75.6975476, 30.5378983 ], [ 75.6965712, 30.5376599 ], [ 75.6943818, 30.5370828 ], [ 75.6910475, 30.5349078 ], [ 75.6893616, 30.5311539 ], [ 75.6872485, 30.5281489 ], [ 75.6857068, 30.5265306 ], [ 75.6838915, 30.5250918 ], [ 75.6824721, 30.5232472 ], [ 75.6805877, 30.5215967 ], [ 75.6789319, 30.5191735 ], [ 75.677796, 30.5174631 ], [ 75.6777957, 30.5174626 ], [ 75.6784965, 30.516774 ], [ 75.6793213, 30.5159636 ], [ 75.679512, 30.515473 ], [ 75.6798268, 30.5146414 ], [ 75.6800844, 30.5139608 ], [ 75.6801718, 30.5136512 ], [ 75.6806718, 30.5118778 ], [ 75.6808103, 30.511163 ], [ 75.6808472, 30.5109723 ], [ 75.6810683, 30.5098003 ], [ 75.6807249, 30.5082956 ], [ 75.6804657, 30.5071596 ], [ 75.6790464, 30.5050058 ], [ 75.677559, 30.5036172 ], [ 75.6756213, 30.5026797 ], [ 75.6745499, 30.5018574 ], [ 75.6721878, 30.5000445 ], [ 75.6721878, 30.5000439 ], [ 75.6722944, 30.497937 ], [ 75.6700841, 30.4966397 ], [ 75.6688994, 30.4959444 ], [ 75.6665491, 30.4961513 ], [ 75.6663135, 30.496172 ], [ 75.6663132, 30.4961719 ], [ 75.6662809, 30.4961675 ], [ 75.6655351, 30.4960654 ], [ 75.6606214, 30.4953888 ], [ 75.6606217, 30.495388 ], [ 75.660719, 30.4951636 ], [ 75.6617735, 30.4927304 ], [ 75.6617737, 30.49273 ], [ 75.660225, 30.4874207 ], [ 75.659557, 30.4855638 ], [ 75.6579893, 30.4812057 ], [ 75.656914, 30.4793364 ], [ 75.6569141, 30.4793363 ], [ 75.6572875, 30.4771621 ], [ 75.6575432, 30.4771542 ], [ 75.6578981, 30.4771432 ], [ 75.6609117, 30.4770558 ], [ 75.6637956, 30.474765 ], [ 75.6668037, 30.4744497 ], [ 75.667099, 30.4744187 ], [ 75.6705857, 30.4753686 ], [ 75.673813, 30.4738947 ], [ 75.6770604, 30.4741021 ], [ 75.6771774, 30.4741096 ], [ 75.6771775, 30.4741096 ], [ 75.6761705, 30.4713356 ], [ 75.6749881, 30.4685083 ], [ 75.6747744, 30.4679973 ], [ 75.6747744, 30.4679971 ], [ 75.6749461, 30.4666289 ], [ 75.6750335, 30.4659323 ], [ 75.6750336, 30.4659318 ], [ 75.6748353, 30.4640684 ], [ 75.6746368, 30.4622025 ], [ 75.6743131, 30.459866 ], [ 75.6741181, 30.4584581 ], [ 75.6741181, 30.458458 ], [ 75.6740109, 30.4583085 ], [ 75.6719668, 30.4554553 ], [ 75.6717768, 30.4542289 ], [ 75.6717454, 30.4540262 ], [ 75.6715086, 30.4525143 ], [ 75.6715085, 30.4525137 ], [ 75.6704256, 30.4506559 ], [ 75.6677311, 30.448772 ], [ 75.66687, 30.44817 ], [ 75.6652299, 30.4467662 ], [ 75.6640625, 30.4462533 ], [ 75.6639409, 30.4461994 ], [ 75.6637805, 30.4461284 ], [ 75.6612852, 30.4450311 ], [ 75.6585889, 30.4449907 ], [ 75.6576846, 30.4449771 ], [ 75.6564766, 30.4461321 ], [ 75.6548692, 30.4476691 ], [ 75.6540754, 30.4468646 ], [ 75.6533277, 30.4461067 ], [ 75.6524414, 30.4450513 ], [ 75.6515883, 30.4440354 ], [ 75.6499479, 30.4424487 ], [ 75.6491525, 30.4420068 ], [ 75.6481245, 30.4414358 ], [ 75.6481247, 30.4414349 ], [ 75.648613, 30.4391233 ], [ 75.6489339, 30.4386289 ], [ 75.6497953, 30.4373014 ], [ 75.6500108, 30.4369684 ], [ 75.650513, 30.4361924 ], [ 75.652107, 30.4349234 ], [ 75.652107, 30.4349233 ], [ 75.6547929, 30.4324577 ], [ 75.6555084, 30.4302938 ], [ 75.6560668, 30.428605 ], [ 75.6597215, 30.4280767 ], [ 75.6648561, 30.4270784 ], [ 75.665048, 30.4267776 ], [ 75.665672, 30.4257996 ], [ 75.6658875, 30.4254626 ], [ 75.665947, 30.4253696 ], [ 75.6677859, 30.4221861 ], [ 75.669594, 30.4210232 ], [ 75.6705473, 30.4204101 ], [ 75.6695987, 30.4177775 ], [ 75.6693189, 30.4170009 ], [ 75.6692048, 30.4166811 ], [ 75.6687493, 30.4159967 ], [ 75.6680752, 30.4149837 ], [ 75.6674784, 30.4143843 ], [ 75.6666338, 30.413536 ], [ 75.6660231, 30.4117644 ], [ 75.6653288, 30.4097504 ], [ 75.6655273, 30.4089824 ], [ 75.6667175, 30.4078573 ], [ 75.6671809, 30.4074771 ], [ 75.6680453, 30.4067677 ], [ 75.6687318, 30.4062904 ], [ 75.6690064, 30.4060183 ], [ 75.6693424, 30.4059489 ], [ 75.6699902, 30.4055395 ], [ 75.6704552, 30.405239 ], [ 75.6705707, 30.4051643 ], [ 75.6709442, 30.4048917 ], [ 75.671072, 30.4047672 ], [ 75.6711885, 30.4046536 ], [ 75.6702882, 30.4031602 ], [ 75.6702882, 30.4031603 ], [ 75.6700504, 30.4035957 ], [ 75.669548, 30.4045153 ], [ 75.6693802, 30.4047192 ], [ 75.6693022, 30.4047955 ], [ 75.6692735, 30.4048236 ], [ 75.6690372, 30.4048925 ], [ 75.6689221, 30.4049674 ], [ 75.6688312, 30.4050266 ], [ 75.6684952, 30.405096 ], [ 75.6683339, 30.4051264 ], [ 75.6672287, 30.4053348 ], [ 75.667099, 30.4053851 ], [ 75.6663437, 30.4056078 ], [ 75.665047, 30.4061874 ], [ 75.6649324, 30.4062525 ], [ 75.6648104, 30.4063217 ], [ 75.6648108, 30.4063222 ], [ 75.6650851, 30.4066294 ], [ 75.6649091, 30.4067679 ], [ 75.6640928, 30.4065284 ], [ 75.6637189, 30.4064604 ], [ 75.6633761, 30.4062907 ], [ 75.6632421, 30.4062655 ], [ 75.6630022, 30.4062204 ], [ 75.6628098, 30.4062214 ], [ 75.6625903, 30.4062225 ], [ 75.6622344, 30.4061234 ], [ 75.6622161, 30.4061184 ], [ 75.6621642, 30.4061095 ], [ 75.6612319, 30.4059496 ], [ 75.6607516, 30.405846 ], [ 75.6604462, 30.4058115 ], [ 75.66042, 30.4058568 ], [ 75.6603086, 30.4060491 ], [ 75.6600342, 30.4062557 ], [ 75.6600341, 30.4062557 ], [ 75.6600184, 30.4062448 ], [ 75.6599349, 30.4061864 ], [ 75.6599347, 30.4061863 ], [ 75.6598661, 30.405846 ], [ 75.6596634, 30.4058177 ], [ 75.6591192, 30.4057416 ], [ 75.6591184, 30.4057415 ], [ 75.6591949, 30.4056035 ], [ 75.6591949, 30.4056034 ], [ 75.6591959, 30.4056003 ], [ 75.6592485, 30.4054385 ], [ 75.6594375, 30.4052261 ], [ 75.6594926, 30.4051643 ], [ 75.6596299, 30.4046854 ], [ 75.6597716, 30.4044972 ], [ 75.6601413, 30.404006 ], [ 75.6609193, 30.4034945 ], [ 75.661812, 30.4029147 ], [ 75.6624956, 30.402733 ], [ 75.6629713, 30.4026065 ], [ 75.6639173, 30.4023692 ], [ 75.6643295, 30.4022658 ], [ 75.6660383, 30.4018239 ], [ 75.6663834, 30.4017575 ], [ 75.6665802, 30.4017196 ], [ 75.6669235, 30.4015825 ], [ 75.6669233, 30.4015828 ], [ 75.6667554, 30.4020278 ], [ 75.66703, 30.402064 ], [ 75.6672666, 30.4020951 ], [ 75.6675337, 30.4019584 ], [ 75.6675642, 30.4018684 ], [ 75.6676026, 30.401755 ], [ 75.6676594, 30.4015854 ], [ 75.6676715, 30.4015494 ], [ 75.6678235, 30.4013708 ], [ 75.6678238, 30.4013704 ], [ 75.6673068, 30.4009862 ], [ 75.6668167, 30.400622 ], [ 75.6663144, 30.3990627 ], [ 75.6661682, 30.3986091 ], [ 75.6661681, 30.3986085 ], [ 75.6673429, 30.3965767 ], [ 75.6674402, 30.3951351 ], [ 75.6674806, 30.3945366 ], [ 75.6673815, 30.3922992 ], [ 75.6670687, 30.3884885 ], [ 75.6670687, 30.3884883 ], [ 75.6695788, 30.3852878 ], [ 75.6705696, 30.384776 ], [ 75.6711579, 30.3844721 ], [ 75.6714325, 30.3843304 ], [ 75.6729204, 30.3835629 ], [ 75.6751227, 30.382938 ], [ 75.6762082, 30.38263 ], [ 75.676505, 30.3821513 ], [ 75.6782457, 30.3793438 ], [ 75.6782457, 30.3793438 ], [ 75.6782972, 30.3788762 ], [ 75.6783981, 30.3779601 ], [ 75.6785508, 30.3765423 ], [ 75.6786499, 30.3756217 ], [ 75.6782182, 30.3744059 ], [ 75.6775057, 30.3723993 ], [ 75.6768187, 30.3700184 ], [ 75.6761323, 30.3657446 ], [ 75.6761323, 30.3657445 ], [ 75.6762828, 30.3641205 ], [ 75.676521, 30.3615488 ], [ 75.6775435, 30.3579791 ], [ 75.6778335, 30.3551486 ], [ 75.67968, 30.3540427 ], [ 75.6835699, 30.3539214 ], [ 75.6836777, 30.3539181 ], [ 75.6836779, 30.353918 ], [ 75.6844484, 30.3505414 ], [ 75.6844701, 30.3504473 ], [ 75.6845166, 30.3502455 ], [ 75.6824758, 30.3487743 ], [ 75.6814348, 30.348024 ], [ 75.6814344, 30.3480237 ], [ 75.6820855, 30.3466488 ], [ 75.6823426, 30.3461059 ], [ 75.6823425, 30.3461057 ], [ 75.6820016, 30.3456179 ], [ 75.6809463, 30.3441076 ], [ 75.6775056, 30.3427997 ], [ 75.6774218, 30.3427678 ], [ 75.6774217, 30.3427678 ], [ 75.6743162, 30.3404896 ], [ 75.6703797, 30.3356121 ], [ 75.6673968, 30.3332451 ], [ 75.6648968, 30.3342297 ], [ 75.6639787, 30.3345913 ], [ 75.6614759, 30.3372637 ], [ 75.6603507, 30.3371725 ], [ 75.6592484, 30.3370832 ], [ 75.6576551, 30.3365438 ], [ 75.656845, 30.3362696 ], [ 75.6544749, 30.3349572 ], [ 75.6529692, 30.3341233 ], [ 75.6505895, 30.3313022 ], [ 75.6505891, 30.3313017 ], [ 75.6533659, 30.3285513 ], [ 75.6557922, 30.3230798 ], [ 75.6558938, 30.3226175 ], [ 75.6562654, 30.3209274 ], [ 75.6579211, 30.3172035 ], [ 75.6578903, 30.3142552 ], [ 75.6578903, 30.3142547 ], [ 75.6578827, 30.3136921 ], [ 75.6578826, 30.3136912 ], [ 75.6569272, 30.3127425 ], [ 75.6563566, 30.3121761 ], [ 75.6571806, 30.3083278 ], [ 75.6589354, 30.3069338 ], [ 75.6609953, 30.30365 ], [ 75.6611554, 30.3026787 ], [ 75.6613313, 30.3016111 ], [ 75.6617545, 30.3005787 ], [ 75.6621096, 30.2997122 ], [ 75.6633985, 30.2978896 ], [ 75.6645123, 30.2958355 ], [ 75.6674655, 30.2932239 ], [ 75.6700208, 30.2906097 ], [ 75.6700208, 30.2906096 ], [ 75.6702411, 30.2905026 ], [ 75.6719362, 30.2896794 ], [ 75.6727344, 30.2892937 ], [ 75.6734085, 30.288968 ], [ 75.6753296, 30.2879785 ], [ 75.6766737, 30.2872862 ], [ 75.6804352, 30.2860598 ], [ 75.6815679, 30.2860829 ], [ 75.6826327, 30.2861047 ], [ 75.6845488, 30.2857398 ], [ 75.686554, 30.2853578 ], [ 75.688113, 30.2848211 ], [ 75.6886902, 30.2846224 ], [ 75.6893969, 30.2846414 ], [ 75.6924822, 30.2847242 ], [ 75.6958921, 30.2828991 ], [ 75.6990333, 30.2831548 ], [ 75.7000275, 30.2832358 ], [ 75.7022249, 30.2834518 ], [ 75.7043227, 30.2829194 ], [ 75.7072905, 30.2840946 ], [ 75.712822, 30.2833652 ], [ 75.7184294, 30.2821886 ], [ 75.71861, 30.2820714 ], [ 75.7215501, 30.2801636 ], [ 75.7271272, 30.2776467 ], [ 75.729228, 30.2755554 ], [ 75.7309878, 30.2738035 ], [ 75.7337492, 30.2743837 ], [ 75.7354432, 30.2747396 ], [ 75.7371673, 30.2760632 ], [ 75.7389908, 30.2775622 ], [ 75.7406461, 30.2788951 ], [ 75.7423936, 30.2800358 ], [ 75.7440793, 30.2814159 ], [ 75.7453994, 30.2830936 ], [ 75.7458115, 30.2851599 ], [ 75.7477265, 30.2864281 ], [ 75.7495577, 30.288042 ], [ 75.7536774, 30.2878017 ], [ 75.7558057, 30.2874556 ], [ 75.7578433, 30.2867309 ], [ 75.760132, 30.2865349 ], [ 75.7636568, 30.2880439 ], [ 75.7663423, 30.2906654 ], [ 75.7687609, 30.2910415 ], [ 75.7722319, 30.2911903 ], [ 75.7759473, 30.2922602 ], [ 75.7786024, 30.2930273 ], [ 75.7807998, 30.2931202 ], [ 75.7825546, 30.2944362 ], [ 75.7838137, 30.296177 ], [ 75.784584, 30.2981577 ], [ 75.7854614, 30.3000271 ], [ 75.7889101, 30.3012494 ], [ 75.7932666, 30.3026014 ], [ 75.7932664, 30.3029782 ], [ 75.7958447, 30.3067457 ], [ 75.8001937, 30.3088082 ], [ 75.8044889, 30.3069658 ], [ 75.8066862, 30.3060477 ], [ 75.8084564, 30.3047396 ], [ 75.8092497, 30.3026412 ], [ 75.8111803, 30.3015621 ], [ 75.8153765, 30.3021203 ], [ 75.817436, 30.3008352 ], [ 75.8193665, 30.2999162 ], [ 75.8214567, 30.2994451 ], [ 75.8227307, 30.2989882 ], [ 75.8267133, 30.2975599 ], [ 75.8290788, 30.2983029 ], [ 75.8332443, 30.2970019 ], [ 75.8352051, 30.298379 ], [ 75.8368835, 30.2995572 ], [ 75.8384321, 30.3011377 ], [ 75.8400042, 30.3027181 ], [ 75.8416059, 30.3041831 ], [ 75.8434146, 30.3059808 ], [ 75.8457639, 30.3080523 ], [ 75.8464888, 30.3086838 ], [ 75.8483047, 30.309782 ], [ 75.852394, 30.3105472 ], [ 75.8546983, 30.3098689 ], [ 75.8584442, 30.3097045 ], [ 75.860962, 30.3115243 ], [ 75.8626404, 30.3131646 ], [ 75.8633117, 30.3138099 ], [ 75.865692, 30.3146807 ], [ 75.8675687, 30.3160873 ], [ 75.8681796, 30.3181293 ], [ 75.870743, 30.3213112 ], [ 75.8711166, 30.3235714 ], [ 75.872131, 30.3274876 ], [ 75.8731081, 30.3299762 ], [ 75.8732221, 30.3302867 ], [ 75.873985, 30.3323006 ], [ 75.875885, 30.3361974 ], [ 75.8769228, 30.338029 ], [ 75.8802111, 30.3398026 ], [ 75.8828581, 30.3403172 ], [ 75.888077, 30.3407014 ], [ 75.8910754, 30.3409518 ], [ 75.8921283, 30.3410416 ], [ 75.895096, 30.3416236 ], [ 75.8974839, 30.3420223 ], [ 75.8997955, 30.3425253 ], [ 75.9019014, 30.3431425 ], [ 75.9046096, 30.3436313 ], [ 75.9086458, 30.3447809 ], [ 75.9050444, 30.3382457 ], [ 75.9056398, 30.3343344 ], [ 75.9061737, 30.3301077 ], [ 75.9067994, 30.326336 ], [ 75.9078825, 30.323653 ], [ 75.9087676, 30.3217135 ], [ 75.9100571, 30.3193652 ], [ 75.9108354, 30.3174828 ], [ 75.9108965, 30.3160838 ], [ 75.9110871, 30.3118097 ], [ 75.9115373, 30.3111479 ], [ 75.9123004, 30.3100214 ], [ 75.9144442, 30.309262 ], [ 75.9173202, 30.3063723 ], [ 75.920242, 30.3048561 ], [ 75.922058, 30.303668 ], [ 75.9255677, 30.302204 ], [ 75.9276199, 30.3013999 ], [ 75.9303434, 30.3000451 ], [ 75.9310223, 30.3000921 ], [ 75.9378662, 30.3005666 ], [ 75.9398651, 30.3015607 ], [ 75.9421771, 30.30306 ], [ 75.9438856, 30.3042614 ], [ 75.9460831, 30.3046606 ], [ 75.9474793, 30.3031796 ], [ 75.949402, 30.3023197 ], [ 75.9516375, 30.3025471 ], [ 75.9532395, 30.3046222 ], [ 75.9538958, 30.3054679 ], [ 75.954178, 30.3083691 ], [ 75.9527285, 30.3101122 ], [ 75.9548875, 30.3114275 ], [ 75.957916, 30.3094314 ], [ 75.9610975, 30.3106646 ], [ 75.9631348, 30.3143448 ], [ 75.9653245, 30.3180306 ], [ 75.9643249, 30.3218278 ], [ 75.9628909, 30.3250259 ], [ 75.9628677, 30.3252517 ], [ 75.9624482, 30.3287514 ], [ 75.9620973, 30.331364 ], [ 75.9645231, 30.3325644 ], [ 75.9668195, 30.333434 ], [ 75.9686887, 30.3345571 ], [ 75.9703676, 30.3353635 ], [ 75.9706877, 30.3355168 ], [ 75.9724276, 30.3370401 ], [ 75.9738614, 30.3384958 ], [ 75.978615, 30.3399401 ], [ 75.9789809, 30.3427324 ], [ 75.9767074, 30.3459753 ], [ 75.9739076, 30.3481551 ], [ 75.9719774, 30.3492478 ], [ 75.9708022, 30.3511401 ], [ 75.9705732, 30.3534316 ], [ 75.9712293, 30.3564563 ], [ 75.9694061, 30.3598514 ], [ 75.9676514, 30.3615608 ], [ 75.9664914, 30.364026 ], [ 75.9689258, 30.3670038 ], [ 75.9693298, 30.3672828 ], [ 75.9721987, 30.3692579 ], [ 75.9740756, 30.3683957 ], [ 75.9762344, 30.3672968 ], [ 75.9784166, 30.3667887 ], [ 75.9812089, 30.3660301 ], [ 75.9825132, 30.3643668 ], [ 75.9839932, 30.3627269 ], [ 75.9883424, 30.3655387 ], [ 75.9898683, 30.3674875 ], [ 75.9935837, 30.371583 ], [ 75.9935882, 30.3715773 ], [ 75.9935908, 30.371574 ], [ 75.995064, 30.3700268 ], [ 75.9955447, 30.3695221 ], [ 75.9985507, 30.3656123 ], [ 76.0004307, 30.3651231 ], [ 76.0021591, 30.3646733 ], [ 76.0038443, 30.364752 ], [ 76.0056838, 30.364838 ], [ 76.0067252, 30.3657719 ], [ 76.0081329, 30.3670343 ], [ 76.0081953, 30.3671557 ], [ 76.0092392, 30.3691914 ], [ 76.0097278, 30.3715428 ], [ 76.0129623, 30.3742654 ], [ 76.0134842, 30.3751088 ], [ 76.0150374, 30.3776195 ], [ 76.0156491, 30.3797734 ], [ 76.0161822, 30.3816508 ] ] ] ] } },
{ "type": "Feature", "properties": { "block_id": "bhuvan_b_269", "block_name": "Malerkotla", "district": "Sangrur", "state": "Punjab" }, "geometry": { "type": "MultiPolygon", "coordinates": [ [ [ [ 75.8396474, 30.6876293 ], [ 75.8368418, 30.6889337 ], [ 75.8363113, 30.6891803 ], [ 75.8329009, 30.6879435 ], [ 75.8323317, 30.6877463 ], [ 75.8317693, 30.6875514 ], [ 75.8291855, 30.6866521 ], [ 75.8284476, 30.6859617 ], [ 75.8274996, 30.6850748 ], [ 75.8274983, 30.6850378 ], [ 75.8274978, 30.6850252 ], [ 75.8273925, 30.6813895 ], [ 75.8261183, 30.6793724 ], [ 75.8260498, 30.679264 ], [ 75.8258175, 30.6790366 ], [ 75.8235549, 30.676821 ], [ 75.8196332, 30.6752307 ], [ 75.8190569, 30.6734388 ], [ 75.8184741, 30.6716264 ], [ 75.8187886, 30.6707027 ], [ 75.8191375, 30.6696777 ], [ 75.8193881, 30.6687916 ], [ 75.8201295, 30.6661705 ], [ 75.8201294, 30.6661703 ], [ 75.8188173, 30.6645952 ], [ 75.8151477, 30.6648258 ], [ 75.8129579, 30.6647741 ], [ 75.8107759, 30.6644155 ], [ 75.8101798, 30.664359 ], [ 75.8051682, 30.6638842 ], [ 75.8010332, 30.6632916 ], [ 75.8003533, 30.6630316 ], [ 75.7988971, 30.6624746 ], [ 75.7952881, 30.6607124 ], [ 75.7936252, 30.6598202 ], [ 75.7928525, 30.6594058 ], [ 75.7916333, 30.6587519 ], [ 75.7902754, 30.657736 ], [ 75.7880859, 30.656098 ], [ 75.7854687, 30.6563971 ], [ 75.7842714, 30.6565339 ], [ 75.7841813, 30.6566506 ], [ 75.7837433, 30.6572183 ], [ 75.7834272, 30.6576269 ], [ 75.7829053, 30.6583017 ], [ 75.7818338, 30.6601104 ], [ 75.7817841, 30.6601943 ], [ 75.7817218, 30.6626244 ], [ 75.7816848, 30.6640659 ], [ 75.781629, 30.6645536 ], [ 75.781441, 30.6661968 ], [ 75.7816776, 30.6684287 ], [ 75.7815052, 30.6706839 ], [ 75.7813948, 30.6721277 ], [ 75.7809007, 30.6721127 ], [ 75.7804629, 30.6720994 ], [ 75.778809, 30.672045 ], [ 75.7775647, 30.672004 ], [ 75.7731244, 30.6721907 ], [ 75.7720002, 30.6719552 ], [ 75.7708208, 30.6717081 ], [ 75.7686472, 30.6720263 ], [ 75.7685088, 30.6720466 ], [ 75.7685086, 30.6720466 ], [ 75.7683342, 30.6719304 ], [ 75.7655637, 30.6700744 ], [ 75.7654932, 30.6695384 ], [ 75.7654353, 30.6690984 ], [ 75.7652438, 30.667649 ], [ 75.7652436, 30.6676487 ], [ 75.7640915, 30.6659684 ], [ 75.7635567, 30.6649632 ], [ 75.7630387, 30.6639896 ], [ 75.7630386, 30.6639895 ], [ 75.7634276, 30.659947 ], [ 75.7634277, 30.6599469 ], [ 75.764244, 30.6591445 ], [ 75.7659302, 30.657487 ], [ 75.770727, 30.658159 ], [ 75.7721558, 30.6583592 ], [ 75.7723237, 30.658383 ], [ 75.7736101, 30.6555213 ], [ 75.7740095, 30.6546328 ], [ 75.7739405, 30.6526932 ], [ 75.7739389, 30.6526452 ], [ 75.7739337, 30.6524903 ], [ 75.7740233, 30.6509634 ], [ 75.7740554, 30.6504164 ], [ 75.775003, 30.6487779 ], [ 75.7751158, 30.6485829 ], [ 75.7759068, 30.6473521 ], [ 75.7762452, 30.6468256 ], [ 75.7765596, 30.6464519 ], [ 75.7777713, 30.6450118 ], [ 75.779442, 30.6434137 ], [ 75.7808404, 30.6419522 ], [ 75.7810137, 30.6417711 ], [ 75.7810916, 30.6416965 ], [ 75.7828143, 30.6400481 ], [ 75.7862016, 30.6381463 ], [ 75.7899552, 30.6362444 ], [ 75.7935103, 30.6344113 ], [ 75.7970962, 30.6325329 ], [ 75.798833, 30.6315093 ], [ 75.7988772, 30.6314826 ], [ 75.7989118, 30.6314617 ], [ 75.7989122, 30.6314615 ], [ 75.7970126, 30.6282157 ], [ 75.7953416, 30.6269943 ], [ 75.7942716, 30.6261031 ], [ 75.7937014, 30.6256282 ], [ 75.7914502, 30.6249765 ], [ 75.7880709, 30.6239977 ], [ 75.7840652, 30.6245136 ], [ 75.7806092, 30.6281911 ], [ 75.7753144, 30.6306366 ], [ 75.7732459, 30.6309875 ], [ 75.7711261, 30.6313472 ], [ 75.7702089, 30.6320087 ], [ 75.7694167, 30.63258 ], [ 75.7664107, 30.6348694 ], [ 75.762909, 30.6368503 ], [ 75.762561, 30.6367557 ], [ 75.7623489, 30.636698 ], [ 75.7604979, 30.6361945 ], [ 75.7574007, 30.6339364 ], [ 75.7552413, 30.6320879 ], [ 75.7540177, 30.6319687 ], [ 75.7517235, 30.6317451 ], [ 75.749865, 30.6315646 ], [ 75.744423, 30.6310359 ], [ 75.7402235, 30.6311794 ], [ 75.7402136, 30.6311795 ], [ 75.7402039, 30.6311795 ], [ 75.7388381, 30.6293465 ], [ 75.7387216, 30.6291255 ], [ 75.7378237, 30.6274213 ], [ 75.7362898, 30.6242222 ], [ 75.7346494, 30.6206311 ], [ 75.732849, 30.619166 ], [ 75.7307816, 30.6183407 ], [ 75.7286759, 30.6188533 ], [ 75.7286428, 30.6188007 ], [ 75.7285981, 30.6187296 ], [ 75.7274628, 30.6169453 ], [ 75.7274625, 30.6169449 ], [ 75.7260512, 30.6159466 ], [ 75.7239758, 30.6144784 ], [ 75.7228239, 30.6140538 ], [ 75.7215579, 30.6135872 ], [ 75.7155078, 30.6114888 ], [ 75.7108156, 30.6111852 ], [ 75.7103045, 30.611264 ], [ 75.7085569, 30.6115336 ], [ 75.7067108, 30.6116046 ], [ 75.704254, 30.6116991 ], [ 75.7011036, 30.6119385 ], [ 75.6998441, 30.6120342 ], [ 75.6991241, 30.6120105 ], [ 75.6974943, 30.6119566 ], [ 75.6946561, 30.612247 ], [ 75.6935729, 30.6122124 ], [ 75.6923598, 30.6121736 ], [ 75.689461, 30.6113723 ], [ 75.6887429, 30.6113526 ], [ 75.6867063, 30.6112967 ], [ 75.6848896, 30.6110131 ], [ 75.6838681, 30.6108537 ], [ 75.6813506, 30.6100999 ], [ 75.6816653, 30.6073305 ], [ 75.6818161, 30.6060031 ], [ 75.6818161, 30.606003 ], [ 75.6812941, 30.6054251 ], [ 75.6797641, 30.6037309 ], [ 75.6788476, 30.6024914 ], [ 75.6781009, 30.6014814 ], [ 75.6781006, 30.6014805 ], [ 75.677536, 30.5993689 ], [ 75.6775359, 30.5993684 ], [ 75.6776378, 30.5980418 ], [ 75.6777116, 30.59708 ], [ 75.6777296, 30.5970451 ], [ 75.6787182, 30.5951305 ], [ 75.6787183, 30.5951302 ], [ 75.6811987, 30.5936372 ], [ 75.6820376, 30.5931322 ], [ 75.682441, 30.5925908 ], [ 75.683357, 30.5913612 ], [ 75.6834027, 30.5892294 ], [ 75.6834027, 30.5892291 ], [ 75.6795729, 30.5867 ], [ 75.679041, 30.5864293 ], [ 75.6774062, 30.5855969 ], [ 75.6754306, 30.5821467 ], [ 75.6754307, 30.5821464 ], [ 75.6760315, 30.5808506 ], [ 75.6763837, 30.5800911 ], [ 75.6741637, 30.5764414 ], [ 75.6739499, 30.5761515 ], [ 75.6730847, 30.574955 ], [ 75.6725311, 30.5741894 ], [ 75.6715819, 30.5732296 ], [ 75.6707688, 30.5724074 ], [ 75.669307, 30.5706759 ], [ 75.6690905, 30.5704195 ], [ 75.6686442, 30.5694258 ], [ 75.6675034, 30.5668859 ], [ 75.6656648, 30.5657313 ], [ 75.665013, 30.565473 ], [ 75.6635743, 30.5649028 ], [ 75.6616585, 30.5642997 ], [ 75.6615222, 30.5642568 ], [ 75.6615222, 30.5642568 ], [ 75.661362, 30.5602444 ], [ 75.6645123, 30.5573814 ], [ 75.6645125, 30.5573808 ], [ 75.6654424, 30.5543678 ], [ 75.6657103, 30.5534997 ], [ 75.6657103, 30.5534997 ], [ 75.6651855, 30.5523031 ], [ 75.6648406, 30.5515167 ], [ 75.6607437, 30.5512285 ], [ 75.6577452, 30.5477876 ], [ 75.6543885, 30.5456028 ], [ 75.6529391, 30.5439181 ], [ 75.6525426, 30.5418595 ], [ 75.6524734, 30.5414999 ], [ 75.653389, 30.5396748 ], [ 75.653389, 30.5396748 ], [ 75.6541598, 30.5386152 ], [ 75.6545169, 30.5381245 ], [ 75.6545866, 30.5380288 ], [ 75.6550847, 30.5374089 ], [ 75.6560972, 30.5361488 ], [ 75.6573792, 30.5338954 ], [ 75.6585006, 30.5321685 ], [ 75.6615373, 30.5299672 ], [ 75.6635511, 30.5289124 ], [ 75.6650006, 30.5273952 ], [ 75.665405, 30.5269719 ], [ 75.6658584, 30.5257808 ], [ 75.6665192, 30.5240449 ], [ 75.6687365, 30.5227718 ], [ 75.6698532, 30.5221306 ], [ 75.6744767, 30.5213194 ], [ 75.6805876, 30.5215967 ], [ 75.6805877, 30.5215967 ], [ 75.6824721, 30.5232472 ], [ 75.6838915, 30.5250918 ], [ 75.6857068, 30.5265306 ], [ 75.6872485, 30.5281489 ], [ 75.6893616, 30.5311539 ], [ 75.6910475, 30.5349078 ], [ 75.6943818, 30.5370828 ], [ 75.6965712, 30.5376599 ], [ 75.6975476, 30.5378983 ], [ 75.700249, 30.5385583 ], [ 75.7028577, 30.538815 ], [ 75.7039187, 30.5406613 ], [ 75.7053531, 30.5423229 ], [ 75.707611, 30.5432559 ], [ 75.7095491, 30.5441951 ], [ 75.71241, 30.5468414 ], [ 75.71344, 30.5487013 ], [ 75.7175448, 30.5481171 ], [ 75.7198179, 30.5472766 ], [ 75.7242965, 30.5459795 ], [ 75.7265015, 30.5451934 ], [ 75.7290421, 30.5443333 ], [ 75.731659, 30.5432245 ], [ 75.7342375, 30.5420347 ], [ 75.7356109, 30.5402065 ], [ 75.7352826, 30.5394391 ], [ 75.7335207, 30.5352621 ], [ 75.7321551, 30.5326642 ], [ 75.730911, 30.5299078 ], [ 75.7292102, 30.5261883 ], [ 75.7285386, 30.523758 ], [ 75.7313155, 30.5212023 ], [ 75.7356341, 30.5200275 ], [ 75.7418596, 30.5186454 ], [ 75.7439955, 30.5183039 ], [ 75.7469712, 30.5178786 ], [ 75.7493822, 30.5173978 ], [ 75.7539218, 30.516467 ], [ 75.755081, 30.5162685 ], [ 75.7562715, 30.5160631 ], [ 75.7585833, 30.5155669 ], [ 75.7617872, 30.5154489 ], [ 75.7659528, 30.5156997 ], [ 75.7681964, 30.5154745 ], [ 75.7702712, 30.5148261 ], [ 75.7727053, 30.5147372 ], [ 75.7759629, 30.5121958 ], [ 75.7794647, 30.5091047 ], [ 75.7801667, 30.5090847 ], [ 75.7834546, 30.5089995 ], [ 75.7858731, 30.5090932 ], [ 75.7880786, 30.5109523 ], [ 75.7900698, 30.5058781 ], [ 75.7901992, 30.5056156 ], [ 75.7918014, 30.502477 ], [ 75.794861, 30.4994039 ], [ 75.7976915, 30.4983015 ], [ 75.79982, 30.4972891 ], [ 75.8032992, 30.4946036 ], [ 75.8050688, 30.4929752 ], [ 75.8079834, 30.4896952 ], [ 75.8068773, 30.4857881 ], [ 75.8056566, 30.4841624 ], [ 75.8050539, 30.4830066 ], [ 75.8046721, 30.4822713 ], [ 75.8041381, 30.4802894 ], [ 75.8047638, 30.4781447 ], [ 75.80603, 30.4743154 ], [ 75.806778, 30.472012 ], [ 75.8071138, 30.4697067 ], [ 75.8068388, 30.46572 ], [ 75.8067014, 30.4633522 ], [ 75.8066329, 30.4622337 ], [ 75.8063659, 30.460011 ], [ 75.8064654, 30.4576259 ], [ 75.8072965, 30.4549904 ], [ 75.8075942, 30.4525613 ], [ 75.8081057, 30.4471034 ], [ 75.8088986, 30.4429408 ], [ 75.8096387, 30.4442018 ], [ 75.8104093, 30.44246 ], [ 75.8095702, 30.4407146 ], [ 75.8112491, 30.4390168 ], [ 75.8128507, 30.4376623 ], [ 75.815987, 30.4352064 ], [ 75.8164823, 30.4348175 ], [ 75.8195346, 30.4320756 ], [ 75.8196641, 30.4320003 ], [ 75.8216785, 30.4313853 ], [ 75.8237154, 30.4311379 ], [ 75.828163, 30.4327407 ], [ 75.830017, 30.4334937 ], [ 75.8314744, 30.4344341 ], [ 75.832825, 30.4359731 ], [ 75.8336942, 30.4374654 ], [ 75.8355945, 30.4393482 ], [ 75.8369445, 30.4406593 ], [ 75.8388216, 30.4427023 ], [ 75.8404385, 30.4435514 ], [ 75.8421021, 30.4447476 ], [ 75.8439027, 30.4455977 ], [ 75.8459169, 30.4455576 ], [ 75.8482209, 30.4456757 ], [ 75.8504412, 30.4463651 ], [ 75.8509447, 30.4466258 ], [ 75.8529816, 30.446044 ], [ 75.86026, 30.4420236 ], [ 75.8619235, 30.4413449 ], [ 75.8652114, 30.4399042 ], [ 75.8674696, 30.4390613 ], [ 75.8693237, 30.4383744 ], [ 75.8711473, 30.4374825 ], [ 75.8721926, 30.4375545 ], [ 75.874092, 30.4372846 ], [ 75.8757706, 30.4365605 ], [ 75.8769915, 30.4376396 ], [ 75.8783647, 30.4386433 ], [ 75.8796922, 30.4397014 ], [ 75.8809815, 30.4408499 ], [ 75.8815992, 30.4423707 ], [ 75.8822559, 30.4438867 ], [ 75.8834303, 30.4451398 ], [ 75.8844606, 30.4464954 ], [ 75.8856508, 30.4482604 ], [ 75.8864596, 30.449737 ], [ 75.8885571, 30.4518433 ], [ 75.8892134, 30.4525675 ], [ 75.8896868, 30.4532297 ], [ 75.8934859, 30.4520329 ], [ 75.8949659, 30.4510731 ], [ 75.8972246, 30.4506402 ], [ 75.8996888, 30.450048 ], [ 75.9020236, 30.4491115 ], [ 75.9041136, 30.448885 ], [ 75.9089433, 30.4495711 ], [ 75.9087445, 30.4503146 ], [ 75.9101716, 30.4519447 ], [ 75.9100339, 30.4540075 ], [ 75.9100573, 30.456394 ], [ 75.9118268, 30.4575186 ], [ 75.9122541, 30.4589436 ], [ 75.9155809, 30.4599399 ], [ 75.9167175, 30.4637624 ], [ 75.9180449, 30.4659051 ], [ 75.9192124, 30.4680806 ], [ 75.9205397, 30.4701985 ], [ 75.9222943, 30.4721351 ], [ 75.9233015, 30.4731702 ], [ 75.9246289, 30.4745301 ], [ 75.9264219, 30.4760965 ], [ 75.9282534, 30.4775971 ], [ 75.9307482, 30.479075 ], [ 75.932457, 30.4803915 ], [ 75.933357, 30.4812986 ], [ 75.9337537, 30.4804927 ], [ 75.9350126, 30.4781309 ], [ 75.9377519, 30.4745357 ], [ 75.9397967, 30.4724727 ], [ 75.9411012, 30.4707556 ], [ 75.9422761, 30.468762 ], [ 75.9421461, 30.4687133 ], [ 75.9420931, 30.4686212 ], [ 75.9401552, 30.4678411 ], [ 75.9364776, 30.4655418 ], [ 75.9348986, 30.4639559 ], [ 75.9296798, 30.4611983 ], [ 75.928276, 30.4600036 ], [ 75.9235153, 30.4565566 ], [ 75.9219055, 30.4553296 ], [ 75.9224933, 30.4544231 ], [ 75.9251631, 30.4465831 ], [ 75.9261859, 30.4431673 ], [ 75.9261931, 30.4412407 ], [ 75.9273071, 30.4399109 ], [ 75.9292982, 30.4393643 ], [ 75.9320296, 30.4391373 ], [ 75.9351042, 30.4392574 ], [ 75.9376753, 30.4395571 ], [ 75.9394457, 30.439903 ], [ 75.9425201, 30.4413539 ], [ 75.9451907, 30.4426407 ], [ 75.9469987, 30.4431014 ], [ 75.9474714, 30.4438581 ], [ 75.9485018, 30.4455358 ], [ 75.9513548, 30.4477641 ], [ 75.9534988, 30.4488899 ], [ 75.955246, 30.4498336 ], [ 75.958237, 30.4514878 ], [ 75.960724, 30.4521327 ], [ 75.961601, 30.4525481 ], [ 75.9618911, 30.4524579 ], [ 75.9649661, 30.4533105 ], [ 75.9666594, 30.4541146 ], [ 75.9686203, 30.4545287 ], [ 75.9714811, 30.4540517 ], [ 75.9740602, 30.452679 ], [ 75.9751511, 30.4507082 ], [ 75.9756091, 30.4485979 ], [ 75.9763031, 30.446973 ], [ 75.978325, 30.4456901 ], [ 75.9799194, 30.4447509 ], [ 75.981644, 30.4441334 ], [ 75.9851988, 30.4427396 ], [ 75.9872436, 30.4416188 ], [ 75.9873504, 30.4416202 ], [ 75.9883881, 30.4405431 ], [ 75.9892118, 30.4384547 ], [ 75.9894865, 30.4356825 ], [ 75.9903945, 30.4334355 ], [ 75.9928439, 30.4314183 ], [ 75.9942473, 30.429648 ], [ 75.9947051, 30.4280045 ], [ 75.9960405, 30.4264694 ], [ 75.9997025, 30.4252729 ], [ 75.9994276, 30.4250539 ], [ 76.0010757, 30.4240014 ], [ 76.0015032, 30.4213858 ], [ 76.0004654, 30.4189755 ], [ 75.9982913, 30.4166709 ], [ 75.9960329, 30.4140669 ], [ 75.9959334, 30.4142639 ], [ 75.9941332, 30.4135828 ], [ 75.993027, 30.4113963 ], [ 75.9898985, 30.4089386 ], [ 75.9891661, 30.4070199 ], [ 75.9882815, 30.405822 ], [ 75.9885257, 30.4057795 ], [ 75.9901735, 30.4039466 ], [ 75.9911269, 30.402358 ], [ 75.992462, 30.4005635 ], [ 75.9938509, 30.3980422 ], [ 75.9939652, 30.3975811 ], [ 75.9945758, 30.3951063 ], [ 75.9944993, 30.3932729 ], [ 75.9944, 30.3932285 ], [ 75.9931262, 30.3918802 ], [ 75.9909518, 30.3905003 ], [ 75.989212, 30.388596 ], [ 75.9875181, 30.3865966 ], [ 75.9867856, 30.384141 ], [ 75.9857025, 30.3825814 ], [ 75.9851303, 30.3821503 ], [ 75.9857178, 30.3816383 ], [ 75.9889524, 30.3796174 ], [ 75.9912948, 30.3788462 ], [ 75.9946139, 30.3771584 ], [ 76.0001222, 30.3773262 ], [ 76.0020749, 30.3782203 ], [ 76.0034028, 30.3819436 ], [ 76.0042188, 30.3842676 ], [ 76.0043641, 30.3846748 ], [ 76.0056686, 30.384446 ], [ 76.0065919, 30.3844659 ], [ 76.0110625, 30.3836892 ], [ 76.0132979, 30.3833989 ], [ 76.0144576, 30.3826951 ], [ 76.0161821, 30.3816509 ], [ 76.0161822, 30.3816508 ], [ 76.0162889, 30.3816247 ], [ 76.0189054, 30.3809844 ], [ 76.0207463, 30.3802198 ], [ 76.0227357, 30.3793935 ], [ 76.0240709, 30.3803482 ], [ 76.0246202, 30.3807411 ], [ 76.0246204, 30.3807412 ], [ 76.0248332, 30.3835535 ], [ 76.0249328, 30.3848692 ], [ 76.0255966, 30.3871402 ], [ 76.0248911, 30.388927 ], [ 76.0242386, 30.3905793 ], [ 76.0242384, 30.3905797 ], [ 76.0257195, 30.3914894 ], [ 76.0260697, 30.3917045 ], [ 76.0263735, 30.3918821 ], [ 76.028038, 30.3928553 ], [ 76.0299012, 30.3942421 ], [ 76.0316009, 30.3955072 ], [ 76.0328216, 30.3971375 ], [ 76.0344313, 30.3991257 ], [ 76.0346646, 30.39938 ], [ 76.0358429, 30.4006641 ], [ 76.035843, 30.4006643 ], [ 76.0358397, 30.4013544 ], [ 76.0358371, 30.4018937 ], [ 76.0358276, 30.4039555 ], [ 76.0358276, 30.4039556 ], [ 76.0342407, 30.4057772 ], [ 76.0342405, 30.4057774 ], [ 76.0337928, 30.4069998 ], [ 76.0329897, 30.4091931 ], [ 76.0329895, 30.4091936 ], [ 76.0345722, 30.4101716 ], [ 76.0348279, 30.4103295 ], [ 76.0348281, 30.4103297 ], [ 76.0363998, 30.4119841 ], [ 76.0388109, 30.4129395 ], [ 76.0425263, 30.4142295 ], [ 76.0452573, 30.4152183 ], [ 76.0455243, 30.4157048 ], [ 76.0459661, 30.4165097 ], [ 76.0465547, 30.4175833 ], [ 76.0474661, 30.4201203 ], [ 76.0474775, 30.420152 ], [ 76.0488737, 30.4219545 ], [ 76.0504458, 30.4236428 ], [ 76.0516444, 30.4245385 ], [ 76.0522615, 30.4249996 ], [ 76.0522616, 30.4249997 ], [ 76.0538788, 30.4285215 ], [ 76.0538787, 30.4285219 ], [ 76.0525818, 30.4324548 ], [ 76.0515577, 30.4341843 ], [ 76.0506896, 30.4356508 ], [ 76.0506902, 30.4356509 ], [ 76.0531998, 30.4363659 ], [ 76.0539448, 30.4366231 ], [ 76.0543874, 30.4367759 ], [ 76.0549516, 30.4369692 ], [ 76.0552752, 30.4370801 ], [ 76.0584104, 30.4396872 ], [ 76.0587207, 30.4402019 ], [ 76.0595324, 30.4415482 ], [ 76.0612868, 30.4427205 ], [ 76.0633925, 30.4438696 ], [ 76.065132, 30.4452134 ], [ 76.0663789, 30.4472488 ], [ 76.0663791, 30.4472492 ], [ 76.0676266, 30.4491948 ], [ 76.0681652, 30.4498655 ], [ 76.0689009, 30.4507815 ], [ 76.070436, 30.4517569 ], [ 76.0705633, 30.4518377 ], [ 76.0706713, 30.4519061 ], [ 76.0706713, 30.4519061 ], [ 76.0708339, 30.451848 ], [ 76.0748216, 30.4504215 ], [ 76.0772633, 30.4499463 ], [ 76.0780413, 30.4497949 ], [ 76.0780414, 30.4497949 ], [ 76.0782408, 30.4499525 ], [ 76.0802221, 30.4515184 ], [ 76.0825197, 30.4533333 ], [ 76.0831503, 30.4538288 ], [ 76.0856783, 30.4558155 ], [ 76.0862209, 30.4560305 ], [ 76.0892581, 30.4572339 ], [ 76.0860217, 30.4587858 ], [ 76.0822221, 30.4602137 ], [ 76.0797427, 30.4628825 ], [ 76.0797427, 30.4628827 ], [ 76.0803604, 30.4648219 ], [ 76.0809044, 30.4679407 ], [ 76.0809706, 30.4683201 ], [ 76.0809707, 30.4683207 ], [ 76.0809708, 30.4683208 ], [ 76.0817188, 30.4720382 ], [ 76.0817071, 30.4720474 ], [ 76.0812464, 30.4724111 ], [ 76.0784986, 30.4745801 ], [ 76.076038, 30.4753724 ], [ 76.0742419, 30.4759507 ], [ 76.0724942, 30.4776005 ], [ 76.0722126, 30.4776892 ], [ 76.0714651, 30.4779248 ], [ 76.0689242, 30.4787284 ], [ 76.0675621, 30.4792455 ], [ 76.0668414, 30.4795192 ], [ 76.0658846, 30.4807422 ], [ 76.0654524, 30.4812946 ], [ 76.0645139, 30.4832535 ], [ 76.0639417, 30.4852365 ], [ 76.0636458, 30.4866144 ], [ 76.0634614, 30.4874732 ], [ 76.0634613, 30.4874737 ], [ 76.0636004, 30.4881585 ], [ 76.0638735, 30.4895028 ], [ 76.0651015, 30.4916493 ], [ 76.0662927, 30.4931803 ], [ 76.0665664, 30.4935322 ], [ 76.0691679, 30.4961975 ], [ 76.072891, 30.4984611 ], [ 76.0783385, 30.5008659 ], [ 76.0783386, 30.500866 ], [ 76.0804137, 30.5018322 ], [ 76.0804137, 30.5018329 ], [ 76.0804306, 30.5021699 ], [ 76.0804664, 30.5028853 ], [ 76.0805151, 30.503871 ], [ 76.0805661, 30.5049011 ], [ 76.079869, 30.506839 ], [ 76.0798035, 30.507021 ], [ 76.0798035, 30.5070211 ], [ 76.0801087, 30.5095315 ], [ 76.0808719, 30.5117629 ], [ 76.0809251, 30.5119181 ], [ 76.0815555, 30.5129993 ], [ 76.0818819, 30.5135591 ], [ 76.0819564, 30.5136874 ], [ 76.0820618, 30.5138689 ], [ 76.0820941, 30.5139564 ], [ 76.0821001, 30.5139724 ], [ 76.0830994, 30.5166891 ], [ 76.0830993, 30.5166892 ], [ 76.0828458, 30.5170743 ], [ 76.0818711, 30.5185554 ], [ 76.0818708, 30.5185558 ], [ 76.0818855, 30.5190871 ], [ 76.0818892, 30.5192211 ], [ 76.0819321, 30.5208016 ], [ 76.0819321, 30.520802 ], [ 76.0826357, 30.5220646 ], [ 76.0831145, 30.5229239 ], [ 76.0841963, 30.5247204 ], [ 76.0853271, 30.5265982 ], [ 76.0874789, 30.5298011 ], [ 76.0875015, 30.5298347 ], [ 76.0875018, 30.5298352 ], [ 76.0885087, 30.531681 ], [ 76.0884502, 30.5321227 ], [ 76.0880887, 30.5348539 ], [ 76.0865552, 30.5365021 ], [ 76.0849303, 30.5394887 ], [ 76.0815888, 30.5422573 ], [ 76.0815887, 30.5422573 ], [ 76.0789947, 30.544636 ], [ 76.0789946, 30.5446361 ], [ 76.078192, 30.5471782 ], [ 76.078183, 30.5472069 ], [ 76.0781633, 30.54727 ], [ 76.078163, 30.5472709 ], [ 76.0789443, 30.5481815 ], [ 76.0797274, 30.5490942 ], [ 76.0805249, 30.5502696 ], [ 76.0815199, 30.5517343 ], [ 76.0815198, 30.5517346 ], [ 76.081422, 30.5530746 ], [ 76.0813524, 30.5540276 ], [ 76.0811616, 30.5561468 ], [ 76.0811615, 30.5561473 ], [ 76.0820471, 30.5576654 ], [ 76.0823061, 30.5581094 ], [ 76.0825489, 30.55837 ], [ 76.0842437, 30.5601889 ], [ 76.0849578, 30.5611732 ], [ 76.0855603, 30.5620026 ], [ 76.0858228, 30.5623638 ], [ 76.0858226, 30.5623639 ], [ 76.0823516, 30.5646778 ], [ 76.080472, 30.5652001 ], [ 76.0786282, 30.5657125 ], [ 76.0768811, 30.5643622 ], [ 76.075376, 30.5638527 ], [ 76.074455, 30.5635409 ], [ 76.0722123, 30.5645248 ], [ 76.0711262, 30.5647887 ], [ 76.0700401, 30.5650538 ], [ 76.0699693, 30.5650711 ], [ 76.0695764, 30.5662659 ], [ 76.0692441, 30.5672765 ], [ 76.0685193, 30.5695269 ], [ 76.0669937, 30.5713192 ], [ 76.0669938, 30.5713195 ], [ 76.0680694, 30.5748632 ], [ 76.0687181, 30.576843 ], [ 76.0689637, 30.5777253 ], [ 76.0692976, 30.5789248 ], [ 76.0695498, 30.5805739 ], [ 76.0696115, 30.5809772 ], [ 76.0696141, 30.580995 ], [ 76.0696255, 30.5810718 ], [ 76.0689397, 30.581964 ], [ 76.0681841, 30.5829469 ], [ 76.0681682, 30.5829493 ], [ 76.0681028, 30.5829589 ], [ 76.0668799, 30.5831542 ], [ 76.0654981, 30.583375 ], [ 76.063744, 30.5825414 ], [ 76.0630948, 30.5822329 ], [ 76.0627117, 30.5818819 ], [ 76.0607761, 30.5801089 ], [ 76.060776, 30.5801088 ], [ 76.0569154, 30.5793192 ], [ 76.0560965, 30.579911 ], [ 76.0547941, 30.5808523 ], [ 76.0545604, 30.5819093 ], [ 76.0542529, 30.5832996 ], [ 76.0513842, 30.5857094 ], [ 76.0489424, 30.5861284 ], [ 76.0486403, 30.5861662 ], [ 76.0466315, 30.5864177 ], [ 76.0465172, 30.5864333 ], [ 76.0464551, 30.5864417 ], [ 76.044029, 30.5868041 ], [ 76.0421298, 30.5878028 ], [ 76.0421296, 30.5878028 ], [ 76.0385666, 30.588517 ], [ 76.0360088, 30.5898475 ], [ 76.0348892, 30.5904298 ], [ 76.034889, 30.5904299 ], [ 76.0349731, 30.5934966 ], [ 76.0349731, 30.5934971 ], [ 76.0343474, 30.5961503 ], [ 76.0341484, 30.5971604 ], [ 76.0336379, 30.5997517 ], [ 76.033638, 30.5997522 ], [ 76.0337722, 30.6003911 ], [ 76.0342779, 30.6027986 ], [ 76.0344084, 30.6034179 ], [ 76.0352933, 30.6055832 ], [ 76.0331266, 30.6066696 ], [ 76.03067, 30.6100006 ], [ 76.0308532, 30.6121466 ], [ 76.0298281, 30.6145977 ], [ 76.0295222, 30.6153298 ], [ 76.029236, 30.6160145 ], [ 76.0290746, 30.6160252 ], [ 76.0270311, 30.6161605 ], [ 76.0253112, 30.615945 ], [ 76.0234068, 30.6157064 ], [ 76.0213462, 30.6154142 ], [ 76.0203168, 30.6152682 ], [ 76.0197202, 30.6152154 ], [ 76.0196381, 30.6152081 ], [ 76.0192682, 30.615175 ], [ 76.0147015, 30.6147663 ], [ 76.0113219, 30.614188 ], [ 76.0096045, 30.6142186 ], [ 76.0088545, 30.614232 ], [ 76.0086223, 30.6142355 ], [ 76.0085449, 30.6142367 ], [ 76.0085448, 30.6142367 ], [ 76.0084507, 30.6139526 ], [ 76.0079041, 30.6123039 ], [ 76.0069025, 30.6106829 ], [ 76.0065918, 30.6101801 ], [ 76.005348, 30.6082498 ], [ 76.0030995, 30.6054993 ], [ 76.0028686, 30.6052169 ], [ 76.0028271, 30.6051779 ], [ 76.0018067, 30.6042212 ], [ 76.0013729, 30.6038126 ], [ 76.0012129, 30.6036618 ], [ 76.0004174, 30.6029506 ], [ 75.998779, 30.6014857 ], [ 75.9977563, 30.6011233 ], [ 75.9967042, 30.6007504 ], [ 75.9928986, 30.5994819 ], [ 75.9912263, 30.5989245 ], [ 75.9864507, 30.5989021 ], [ 75.9855347, 30.5988978 ], [ 75.9852579, 30.5987578 ], [ 75.9846992, 30.5984755 ], [ 75.9840328, 30.5981378 ], [ 75.9833527, 30.5977932 ], [ 75.9824572, 30.5972863 ], [ 75.9812014, 30.5965755 ], [ 75.9799388, 30.5957073 ], [ 75.9793778, 30.5953215 ], [ 75.9793676, 30.5953175 ], [ 75.9793215, 30.5952993 ], [ 75.9783275, 30.594888 ], [ 75.9773407, 30.5944796 ], [ 75.974991, 30.5934122 ], [ 75.9724044, 30.5926218 ], [ 75.9713593, 30.5923024 ], [ 75.9706126, 30.5920537 ], [ 75.9675443, 30.5910315 ], [ 75.9669818, 30.5909049 ], [ 75.9649813, 30.5904573 ], [ 75.9639823, 30.5895669 ], [ 75.9631695, 30.5888425 ], [ 75.961334, 30.5872066 ], [ 75.9606907, 30.5859403 ], [ 75.9604492, 30.5854649 ], [ 75.9603804, 30.5853302 ], [ 75.9601361, 30.5848514 ], [ 75.9578016, 30.5817669 ], [ 75.956797, 30.5796921 ], [ 75.9551544, 30.5763025 ], [ 75.9518203, 30.5740688 ], [ 75.9512634, 30.5735721 ], [ 75.9507372, 30.573103 ], [ 75.9489518, 30.5715114 ], [ 75.9480041, 30.5709442 ], [ 75.9469372, 30.5703057 ], [ 75.9458779, 30.5699741 ], [ 75.944542, 30.5695561 ], [ 75.9424602, 30.569329 ], [ 75.9420015, 30.569279 ], [ 75.9389371, 30.5684665 ], [ 75.9380798, 30.5682403 ], [ 75.936734, 30.5692538 ], [ 75.9360748, 30.5697495 ], [ 75.9351804, 30.5704222 ], [ 75.9328992, 30.5727892 ], [ 75.9295728, 30.5750688 ], [ 75.9282228, 30.5768943 ], [ 75.9274901, 30.578096 ], [ 75.9262696, 30.5800974 ], [ 75.9262693, 30.580098 ], [ 75.9265293, 30.580871 ], [ 75.9266992, 30.5813762 ], [ 75.9274445, 30.5835972 ], [ 75.9274445, 30.5835974 ], [ 75.9260104, 30.5872214 ], [ 75.9248069, 30.588582 ], [ 75.9234926, 30.5900681 ], [ 75.9226073, 30.5919264 ], [ 75.9226075, 30.5919265 ], [ 75.9233955, 30.592569 ], [ 75.9245329, 30.5934963 ], [ 75.9257431, 30.5944825 ], [ 75.9259933, 30.5945904 ], [ 75.9277193, 30.5953346 ], [ 75.9279749, 30.5956651 ], [ 75.9280368, 30.5957452 ], [ 75.9300993, 30.598408 ], [ 75.9300994, 30.5984081 ], [ 75.9298616, 30.5988291 ], [ 75.9290313, 30.6002993 ], [ 75.9266509, 30.6033548 ], [ 75.925603, 30.6049599 ], [ 75.9254228, 30.6052359 ], [ 75.9254822, 30.6062509 ], [ 75.9255521, 30.6074457 ], [ 75.9222947, 30.6091629 ], [ 75.9187087, 30.6097139 ], [ 75.914879, 30.6102078 ], [ 75.9148686, 30.6102105 ], [ 75.9148516, 30.6102148 ], [ 75.9128588, 30.6105953 ], [ 75.9119326, 30.6107722 ], [ 75.9108047, 30.6109876 ], [ 75.9103008, 30.610639 ], [ 75.9100526, 30.6104673 ], [ 75.9073718, 30.6086069 ], [ 75.904396, 30.6055012 ], [ 75.904396, 30.6055011 ], [ 75.9040715, 30.6054588 ], [ 75.8992692, 30.6048328 ], [ 75.8955458, 30.6054067 ], [ 75.8934786, 30.6062036 ], [ 75.8888094, 30.6089561 ], [ 75.8886613, 30.6097264 ], [ 75.8884204, 30.6109822 ], [ 75.8885121, 30.6133411 ], [ 75.8885193, 30.6135261 ], [ 75.8890133, 30.6158237 ], [ 75.8897934, 30.6194524 ], [ 75.8897932, 30.6194526 ], [ 75.888013, 30.6209219 ], [ 75.8863099, 30.6214342 ], [ 75.8858033, 30.6215866 ], [ 75.8839185, 30.6225649 ], [ 75.8787155, 30.6251605 ], [ 75.8779691, 30.625706 ], [ 75.8768089, 30.6265539 ], [ 75.8767608, 30.6265895 ], [ 75.8766858, 30.626645 ], [ 75.8737184, 30.6292998 ], [ 75.873398, 30.6317495 ], [ 75.873765, 30.6343405 ], [ 75.873985, 30.635894 ], [ 75.873597, 30.6376426 ], [ 75.8735275, 30.6379566 ], [ 75.8748257, 30.6389381 ], [ 75.8751873, 30.639211 ], [ 75.8755191, 30.6394613 ], [ 75.876164, 30.6395481 ], [ 75.8792726, 30.6399661 ], [ 75.8807183, 30.6409329 ], [ 75.8823015, 30.6419916 ], [ 75.8861466, 30.6434453 ], [ 75.8873248, 30.6439568 ], [ 75.8879677, 30.6442359 ], [ 75.8895033, 30.6449021 ], [ 75.8895228, 30.6449043 ], [ 75.8912783, 30.6451064 ], [ 75.8936461, 30.645379 ], [ 75.8982851, 30.6482277 ], [ 75.8963851, 30.6516807 ], [ 75.896385, 30.6516809 ], [ 75.8959732, 30.6540636 ], [ 75.8959732, 30.6540641 ], [ 75.8960155, 30.6543893 ], [ 75.8964765, 30.6579325 ], [ 75.8964766, 30.6579333 ], [ 75.8945741, 30.6593478 ], [ 75.8920209, 30.6612462 ], [ 75.8879852, 30.6623588 ], [ 75.8860323, 30.663385 ], [ 75.8853715, 30.6638442 ], [ 75.8828357, 30.6656062 ], [ 75.8822648, 30.669364 ], [ 75.8822404, 30.669524 ], [ 75.8822404, 30.6695241 ], [ 75.8823146, 30.6707189 ], [ 75.8824002, 30.6720991 ], [ 75.8805108, 30.6746357 ], [ 75.8802183, 30.6750283 ], [ 75.8777953, 30.6756885 ], [ 75.8760074, 30.6761757 ], [ 75.8736955, 30.6765838 ], [ 75.8724926, 30.6766885 ], [ 75.8712807, 30.676794 ], [ 75.8698425, 30.6769186 ], [ 75.8683069, 30.6769079 ], [ 75.8675385, 30.6769025 ], [ 75.8669529, 30.6765403 ], [ 75.8649477, 30.6753001 ], [ 75.8648145, 30.6752175 ], [ 75.8633194, 30.6734927 ], [ 75.862266, 30.6721835 ], [ 75.8604886, 30.6699744 ], [ 75.8588874, 30.6690926 ], [ 75.8572467, 30.668189 ], [ 75.8539969, 30.6689479 ], [ 75.8534699, 30.669071 ], [ 75.8518295, 30.6703811 ], [ 75.8511883, 30.6709174 ], [ 75.8501358, 30.6717976 ], [ 75.8487319, 30.6738979 ], [ 75.8474505, 30.6761463 ], [ 75.8459243, 30.6799527 ], [ 75.8457007, 30.6800918 ], [ 75.8456421, 30.6801283 ], [ 75.8428346, 30.6818745 ], [ 75.8423806, 30.6842193 ], [ 75.842102, 30.6856577 ], [ 75.8403018, 30.6873251 ], [ 75.8396474, 30.6876293 ] ] ] ] } }
]
}
