block,doy,n_days,daily_mean_mm,wet_prob,w3_t33_mm,w3_t66_mm,w3_n,w4_t33_mm,w4_t66_mm,w4_n,jjas
Dhuri,1,240,0.4705,0.0458,0.0,0.094,233,0.0,0.098,233,0
Dhuri,2,240,0.4747,0.0458,0.0,0.093,234,0.0,0.098,234,0
Dhuri,3,240,0.4762,0.0458,0.0,0.093,235,0.0,0.109,235,0
Dhuri,4,240,0.4722,0.0458,0.0,0.09,236,0.0,0.114,236,0
Dhuri,5,240,0.4758,0.0458,0.0,0.089,237,0.0,0.151,237,0
Dhuri,6,240,0.4733,0.0458,0.0,0.091,238,0.0,0.155,238,0
Dhuri,7,240,0.4485,0.0417,0.0,0.093,239,0.0,0.2,239,0
Dhuri,8,240,0.4442,0.0417,0.0,0.095,240,0.0,0.318,240,0
Dhuri,9,240,0.4397,0.0417,0.0,0.098,240,0.0,0.491,240,0
Dhuri,10,240,0.5803,0.05,0.0,0.098,240,0.0,0.726,240,0
Dhuri,11,240,0.6166,0.0583,0.0,0.11,240,0.0,1.202,240,0
Dhuri,12,240,0.5873,0.05,0.0,0.145,240,0.0,1.606,240,0
Dhuri,13,240,0.3296,0.0417,0.0,0.15,240,0.0,1.725,240,0
Dhuri,14,240,0.3941,0.0458,0.0,0.196,240,0.0,1.725,240,0
Dhuri,15,240,0.3831,0.05,0.0,0.318,240,0.0,1.768,240,0
Dhuri,16,240,0.3642,0.0417,0.0,0.491,240,0.0,1.771,240,0
Dhuri,17,240,0.3639,0.0417,0.0,0.726,240,0.0,1.86,240,0
Dhuri,18,240,0.401,0.0458,0.0,1.202,240,0.0,2.951,240,0
Dhuri,19,240,0.5159,0.05,0.0,1.606,240,0.0,3.519,240,0
Dhuri,20,240,0.5076,0.0458,0.0,1.725,240,0.0,4.074,240,0
Dhuri,21,240,0.5044,0.0458,0.0,1.725,240,0.0,4.393,240,0
Dhuri,22,240,0.5038,0.0458,0.0,1.768,240,0.0,4.424,240,0
Dhuri,23,240,0.5037,0.0458,0.0,1.771,240,0.0,5.193,240,0
Dhuri,24,240,0.505,0.05,0.0,1.86,240,0.0,5.294,240,0
Dhuri,25,240,0.3608,0.0417,0.0,2.951,240,0.0,5.628,240,0
Dhuri,26,240,0.3423,0.0417,0.0,3.519,240,0.0,5.628,240,0
Dhuri,27,240,0.3878,0.0542,0.0,4.074,240,0.0,5.75,240,0
Dhuri,28,240,0.405,0.0583,0.0,4.393,240,0.0,6.066,240,0
Dhuri,29,240,0.3516,0.0542,0.0,4.424,240,0.001,6.066,240,0
Dhuri,30,240,0.3172,0.0458,0.0,5.193,240,0.001,6.066,240,0
Dhuri,31,240,0.3302,0.05,0.0,5.294,240,0.001,5.562,240,0
Dhuri,32,240,0.4173,0.0542,0.0,5.628,240,0.001,4.605,240,0
Dhuri,33,240,0.3841,0.0542,0.0,5.628,240,0.002,3.71,240,0
Dhuri,34,240,0.2695,0.05,0.0,5.75,240,0.002,3.689,240,0
Dhuri,35,240,0.2822,0.0583,0.0,6.066,240,0.002,3.499,240,0
Dhuri,36,240,0.3013,0.0667,0.001,6.066,240,0.001,3.302,240,0
Dhuri,37,240,0.3178,0.075,0.001,6.066,240,0.001,3.206,240,0
Dhuri,38,240,0.3717,0.0875,0.001,5.562,240,0.001,3.1,240,0
Dhuri,39,240,0.4359,0.0958,0.001,4.605,240,0.0,3.1,240,0
Dhuri,40,240,0.5373,0.1083,0.002,3.71,240,0.0,3.1,240,0
Dhuri,41,240,0.5129,0.1,0.002,3.689,240,0.0,3.067,240,0
Dhuri,42,240,0.4917,0.0958,0.002,3.499,240,0.0,2.997,240,0
Dhuri,43,240,0.4892,0.1042,0.001,3.302,240,0.0,2.96,240,0
Dhuri,44,240,0.5603,0.1208,0.001,3.206,240,0.0,2.847,240,0
Dhuri,45,240,0.5838,0.1292,0.001,3.1,240,0.0,2.75,240,0
Dhuri,46,240,0.6201,0.1333,0.0,3.1,240,0.0,2.169,240,0
Dhuri,47,240,0.6549,0.1375,0.0,3.1,240,0.0,1.565,240,0
Dhuri,48,240,0.7158,0.1417,0.0,3.067,240,0.0,1.23,240,0
Dhuri,49,240,0.824,0.1542,0.0,2.997,240,0.0,0.972,240,0
Dhuri,50,240,0.8382,0.15,0.0,2.96,240,0.0,0.916,240,0
Dhuri,51,240,0.9598,0.1542,0.0,2.847,240,0.0,0.909,240,0
Dhuri,52,240,1.0092,0.1583,0.0,2.75,240,0.0,0.909,240,0
Dhuri,53,228,1.0149,0.1579,0.0,2.18,228,0.0,0.896,228,0
Dhuri,54,228,1.0323,0.1535,0.0,1.576,228,0.0,0.909,228,0
Dhuri,55,228,1.0287,0.1535,0.0,1.248,228,0.001,1.161,228,0
Dhuri,56,228,1.0334,0.1579,0.0,0.977,228,0.001,1.458,228,0
Dhuri,57,228,1.0313,0.1579,0.0,0.916,228,0.001,1.856,228,0
Dhuri,58,228,1.0527,0.1491,0.0,0.896,228,0.001,2.353,228,0
Dhuri,59,228,0.9628,0.1316,0.0,0.896,228,0.004,3.207,228,0
Dhuri,60,228,0.9439,0.1272,0.0,0.896,228,0.005,3.346,228,0
Dhuri,61,228,0.8974,0.1228,0.0,0.909,228,0.005,3.596,228,0
Dhuri,62,228,0.768,0.114,0.001,1.161,228,0.005,3.664,228,0
Dhuri,63,228,0.7176,0.114,0.001,1.458,228,0.005,3.675,228,0
Dhuri,64,228,0.6866,0.114,0.001,1.856,228,0.001,3.675,228,0
Dhuri,65,228,0.7521,0.1184,0.001,2.353,228,0.001,3.674,228,0
Dhuri,66,228,0.6676,0.1184,0.004,3.207,228,0.0,2.998,228,0
Dhuri,67,228,0.6925,0.114,0.005,3.346,228,0.0,2.511,228,0
Dhuri,68,240,0.7608,0.1083,0.005,3.495,240,0.0,2.159,240,0
Dhuri,69,240,0.6767,0.1,0.005,3.58,240,0.0,1.894,240,0
Dhuri,70,240,0.5866,0.0917,0.005,3.673,240,0.001,2.159,240,0
Dhuri,71,240,0.6566,0.0917,0.001,3.675,240,0.013,2.173,240,0
Dhuri,72,240,0.6469,0.0875,0.001,3.661,240,0.013,2.453,240,0
Dhuri,73,240,0.67,0.0833,0.0,2.969,240,0.013,2.614,240,0
Dhuri,74,240,0.6667,0.0792,0.0,2.506,240,0.015,2.742,240,0
Dhuri,75,240,0.6637,0.075,0.0,2.159,240,0.015,3.288,240,0
Dhuri,76,240,0.6886,0.0833,0.0,1.894,240,0.017,3.352,240,0
Dhuri,77,240,0.7811,0.0958,0.001,2.159,240,0.024,3.359,240,0
Dhuri,78,240,0.8037,0.0958,0.013,2.173,240,0.029,3.359,240,0
Dhuri,79,240,0.7462,0.0917,0.013,2.453,240,0.029,3.359,240,0
Dhuri,80,240,0.7231,0.0875,0.013,2.614,240,0.015,3.359,240,0
Dhuri,81,240,0.6986,0.0833,0.015,2.742,240,0.013,3.359,240,0
Dhuri,82,240,0.6692,0.0875,0.015,3.288,240,0.013,3.359,240,0
Dhuri,83,240,0.6324,0.1,0.017,3.352,240,0.012,3.359,240,0
Dhuri,84,240,0.6341,0.1,0.024,3.359,240,0.007,3.359,240,0
Dhuri,85,240,0.6623,0.1083,0.029,3.359,240,0.0,3.268,240,0
Dhuri,86,240,0.606,0.1125,0.029,3.359,240,0.0,2.586,240,0
Dhuri,87,240,0.6292,0.1125,0.015,3.359,240,0.0,2.547,240,0
Dhuri,88,240,0.6477,0.1208,0.013,3.359,240,0.0,2.471,240,0
Dhuri,89,240,0.6639,0.125,0.013,3.359,240,0.0,2.471,240,0
Dhuri,90,240,0.6828,0.1333,0.012,3.359,240,0.0,2.508,240,0
Dhuri,91,240,0.6608,0.125,0.007,3.359,240,0.0,2.521,240,0
Dhuri,92,240,0.5693,0.1125,0.0,3.268,240,0.0,2.899,240,0
Dhuri,93,240,0.546,0.1083,0.0,2.586,240,0.0,3.253,240,0
Dhuri,94,240,0.561,0.1083,0.0,2.547,240,0.004,3.76,240,0
Dhuri,95,240,0.5402,0.1125,0.0,2.471,240,0.016,3.921,240,0
Dhuri,96,240,0.5211,0.1042,0.0,2.471,240,0.023,4.271,240,0
Dhuri,97,240,0.4837,0.1,0.0,2.508,240,0.056,4.983,240,0
Dhuri,98,240,0.4176,0.0833,0.0,2.521,240,0.086,5.954,240,0
Dhuri,99,240,0.4777,0.0917,0.0,2.899,240,0.374,5.987,240,0
Dhuri,100,240,0.5799,0.1,0.0,3.253,240,0.413,6.008,240,0
Dhuri,101,240,0.6627,0.1083,0.004,3.76,240,0.455,6.094,240,0
Dhuri,102,240,0.7142,0.1125,0.016,3.921,240,0.455,6.008,240,0
Dhuri,103,240,0.6846,0.1125,0.023,4.271,240,0.413,5.987,240,0
Dhuri,104,240,0.7131,0.1208,0.056,4.983,240,0.397,5.954,240,0
Dhuri,105,240,0.718,0.1167,0.086,5.954,240,0.324,5.759,240,0
Dhuri,106,240,0.712,0.1167,0.374,5.987,240,0.122,4.983,240,0
Dhuri,107,240,0.7209,0.1208,0.413,6.008,240,0.109,4.602,240,0
Dhuri,108,240,0.7016,0.1167,0.455,6.094,240,0.074,4.493,240,0
Dhuri,109,240,0.6646,0.1083,0.455,6.008,240,0.061,3.936,240,0
Dhuri,110,240,0.619,0.1,0.413,5.987,240,0.035,3.339,240,0
Dhuri,111,240,0.6317,0.1083,0.397,5.954,240,0.027,2.932,240,0
Dhuri,112,240,0.6505,0.1125,0.324,5.759,240,0.025,2.591,240,0
Dhuri,113,240,0.6586,0.1167,0.122,4.983,240,0.024,2.548,240,0
Dhuri,114,240,0.6264,0.1208,0.109,4.602,240,0.024,2.479,240,0
Dhuri,115,240,0.4944,0.1042,0.074,4.493,240,0.025,2.548,240,0
Dhuri,116,240,0.4171,0.1,0.061,3.936,240,0.027,2.617,240,0
Dhuri,117,240,0.4099,0.1083,0.035,3.339,240,0.029,3.144,240,0
Dhuri,118,240,0.426,0.1167,0.027,2.932,240,0.03,3.532,240,0
Dhuri,119,240,0.4045,0.1208,0.025,2.591,240,0.033,3.625,240,0
Dhuri,120,240,0.4313,0.1292,0.024,2.548,240,0.033,3.647,240,0
Dhuri,121,240,0.4566,0.1375,0.024,2.479,240,0.033,5.472,240,0
Dhuri,122,240,0.4714,0.1417,0.025,2.548,240,0.03,5.472,240,0
Dhuri,123,240,0.5202,0.1542,0.027,2.617,240,0.029,5.328,240,0
Dhuri,124,240,0.6554,0.1792,0.029,3.144,240,0.029,5.104,240,0
Dhuri,125,240,0.699,0.1958,0.03,3.532,240,0.029,5.104,240,0
Dhuri,126,240,0.8105,0.2042,0.033,3.625,240,0.029,5.104,240,0
Dhuri,127,240,0.8186,0.2083,0.033,3.647,240,0.029,5.385,240,0
Dhuri,128,240,0.8258,0.2083,0.033,5.472,240,0.029,5.386,240,0
Dhuri,129,240,0.8405,0.2,0.03,5.472,240,0.029,5.386,240,0
Dhuri,130,240,0.8428,0.2042,0.029,5.328,240,0.029,5.386,240,0
Dhuri,131,240,0.8303,0.2,0.029,5.104,240,0.028,5.348,240,0
Dhuri,132,240,0.7564,0.1875,0.029,5.104,240,0.025,5.347,240,0
Dhuri,133,240,0.6798,0.1708,0.029,5.104,240,0.023,5.288,240,0
Dhuri,134,240,0.6543,0.1583,0.029,5.385,240,0.02,5.288,240,0
Dhuri,135,240,0.693,0.1583,0.029,5.386,240,0.02,5.347,240,0
Dhuri,136,240,0.7107,0.1583,0.029,5.386,240,0.02,5.007,240,0
Dhuri,137,240,0.8366,0.1667,0.029,5.386,240,0.02,4.858,240,0
Dhuri,138,240,0.8654,0.1708,0.028,5.348,240,0.021,4.73,240,0
Dhuri,139,240,0.7681,0.1583,0.025,5.347,240,0.022,5.347,240,0
Dhuri,140,240,0.7922,0.15,0.023,5.288,240,0.023,5.348,240,0
Dhuri,141,240,0.6944,0.1375,0.02,5.288,240,0.03,5.513,240,0
Dhuri,142,240,0.7362,0.1375,0.02,5.347,240,0.046,5.795,240,0
Dhuri,143,240,0.7839,0.15,0.02,5.007,240,0.048,6.734,240,0
Dhuri,144,240,0.8438,0.1667,0.02,4.858,240,0.056,7.924,240,0
Dhuri,145,240,0.9286,0.1792,0.021,4.73,240,0.083,11.168,240,0
Dhuri,146,240,0.9467,0.1792,0.022,5.347,240,0.114,13.308,240,0
Dhuri,147,240,0.9416,0.175,0.023,5.348,240,0.432,16.517,240,0
Dhuri,148,240,0.937,0.1708,0.03,5.513,240,0.939,17.918,240,0
Dhuri,149,240,0.932,0.1667,0.046,5.795,240,1.186,18.856,240,0
Dhuri,150,240,0.8493,0.1583,0.048,6.734,240,1.64,20.08,240,0
Dhuri,151,240,0.9464,0.1667,0.056,7.924,240,2.533,21.93,240,0
Dhuri,152,240,0.8902,0.1667,0.083,11.168,240,4.601,23.433,240,0
Dhuri,153,240,0.8461,0.1583,0.114,13.308,240,6.698,27.207,240,1
Dhuri,154,240,0.8525,0.1667,0.432,16.517,240,7.868,31.659,240,1
Dhuri,155,240,0.8248,0.175,0.939,17.918,240,8.677,36.361,240,1
Dhuri,156,240,0.838,0.175,1.186,18.856,240,10.854,42.616,240,1
Dhuri,157,240,0.8694,0.175,1.64,20.08,240,12.43,46.747,240,1
Dhuri,158,240,0.9541,0.1708,2.533,21.93,240,13.421,47.979,240,1
Dhuri,159,240,0.952,0.1625,4.601,23.433,240,15.197,48.287,240,1
Dhuri,160,240,1.0249,0.1625,6.698,27.207,240,16.014,48.721,240,1
Dhuri,161,240,0.9963,0.1583,7.868,31.659,240,19.381,48.721,240,1
Dhuri,162,240,1.0167,0.1667,8.677,36.361,240,21.09,48.721,240,1
Dhuri,163,240,1.0546,0.1792,10.854,42.616,240,22.753,48.943,240,1
Dhuri,164,240,1.0815,0.1917,12.43,46.747,240,25.322,49.177,240,1
Dhuri,165,240,1.2098,0.2,13.421,47.979,240,27.165,50.707,240,1
Dhuri,166,240,1.0971,0.1917,15.197,48.287,240,28.802,52.554,240,1
Dhuri,167,240,1.0604,0.1917,16.014,48.721,240,28.898,53.049,240,1
Dhuri,168,240,1.202,0.1917,19.381,48.721,240,28.898,53.433,240,1
Dhuri,169,240,1.3692,0.1917,21.09,48.721,240,28.802,53.896,240,1
Dhuri,170,240,1.5786,0.2,22.753,48.943,240,28.088,53.049,240,1
Dhuri,171,240,1.8219,0.225,25.322,49.177,240,27.647,52.706,240,1
Dhuri,172,240,1.9027,0.2375,27.165,50.707,240,26.547,52.0,240,1
Dhuri,173,240,2.3114,0.25,28.802,52.554,240,25.307,53.049,240,1
Dhuri,174,240,2.5179,0.2667,28.898,53.049,240,24.431,52.706,240,1
Dhuri,175,240,2.6498,0.275,28.898,53.433,240,24.431,53.049,240,1
Dhuri,176,240,3.0738,0.3125,28.802,53.896,240,24.431,53.982,240,1
Dhuri,177,240,3.2838,0.3417,28.088,53.049,240,24.431,54.371,240,1
Dhuri,178,240,3.4361,0.3583,27.647,52.706,240,24.431,54.765,240,1
Dhuri,179,240,3.6336,0.3833,26.547,52.0,240,24.768,54.938,240,1
Dhuri,180,240,3.9877,0.425,25.307,53.049,240,24.654,54.234,240,1
Dhuri,181,240,4.4166,0.4625,24.431,52.706,240,24.387,53.433,240,1
Dhuri,182,240,4.7876,0.5,24.431,53.049,240,24.654,51.58,240,1
Dhuri,183,240,5.0191,0.525,24.431,53.982,240,24.628,49.671,240,1
Dhuri,184,240,5.2023,0.5417,24.431,54.371,240,24.431,49.301,240,1
Dhuri,185,240,5.2642,0.5667,24.431,54.765,240,24.182,47.345,240,1
Dhuri,186,240,5.3904,0.5833,24.768,54.938,240,23.956,46.643,240,1
Dhuri,187,240,5.7452,0.6083,24.654,54.234,240,24.182,46.11,240,1
Dhuri,188,240,5.4852,0.6333,24.387,53.433,240,24.277,46.11,240,1
Dhuri,189,240,5.6181,0.65,24.654,51.58,240,24.587,45.87,240,1
Dhuri,190,240,5.8256,0.6667,24.628,49.671,240,24.414,46.11,240,1
Dhuri,191,240,5.8986,0.6792,24.431,49.301,240,24.277,45.87,240,1
Dhuri,192,240,6.038,0.6958,24.182,47.345,240,23.858,45.17,240,1
Dhuri,193,240,6.3897,0.7208,23.956,46.643,240,22.571,44.7,240,1
Dhuri,194,240,6.5202,0.7292,24.182,46.11,240,21.658,44.7,240,1
Dhuri,195,240,6.4951,0.7208,24.277,46.11,240,20.584,45.17,240,1
Dhuri,196,240,6.4736,0.725,24.587,45.87,240,20.436,45.478,240,1
Dhuri,197,240,6.3766,0.7125,24.414,46.11,240,20.584,46.723,240,1
Dhuri,198,240,6.1564,0.7208,24.277,45.87,240,20.436,48.673,240,1
Dhuri,199,240,6.1056,0.7417,23.858,45.17,240,21.586,49.468,240,1
Dhuri,200,240,6.1449,0.7333,22.571,44.7,240,22.95,50.963,240,1
Dhuri,201,240,6.0605,0.7375,21.658,44.7,240,24.411,51.523,240,1
Dhuri,202,240,6.0908,0.7375,20.584,45.17,240,24.411,51.523,240,1
Dhuri,203,240,6.4613,0.7333,20.436,45.478,240,24.149,51.389,240,1
Dhuri,204,240,6.3854,0.7458,20.584,46.723,240,21.553,51.301,240,1
Dhuri,205,240,6.4018,0.7667,20.436,48.673,240,16.314,50.812,240,1
Dhuri,206,240,6.5513,0.7792,21.586,49.468,240,15.257,48.949,240,1
Dhuri,207,240,6.6347,0.775,22.95,50.963,240,14.806,47.69,240,1
Dhuri,208,240,6.3864,0.7625,24.411,51.523,240,14.599,46.785,240,1
Dhuri,209,240,6.2218,0.775,24.411,51.523,240,14.518,45.802,240,1
Dhuri,210,240,5.9954,0.775,24.149,51.389,240,14.518,46.336,240,1
Dhuri,211,240,5.8356,0.7708,21.553,51.301,240,14.518,46.785,240,1
Dhuri,212,240,5.9447,0.7625,16.314,50.812,240,13.878,46.338,240,1
Dhuri,213,240,6.0403,0.7625,15.257,48.949,240,13.585,45.819,240,1
Dhuri,214,240,5.9631,0.7375,14.806,47.69,240,12.509,45.809,240,1
Dhuri,215,240,5.9398,0.7333,14.599,46.785,240,12.406,45.466,240,1
Dhuri,216,240,5.8469,0.725,14.518,45.802,240,11.931,44.476,240,1
Dhuri,217,240,5.6648,0.7208,14.518,46.336,240,11.931,43.87,240,1
Dhuri,218,240,5.4296,0.7208,14.518,46.785,240,11.931,45.907,240,1
Dhuri,219,240,5.3054,0.7042,13.878,46.338,240,11.834,47.508,240,1
Dhuri,220,240,5.3535,0.6833,13.585,45.819,240,11.792,48.519,240,1
Dhuri,221,240,5.2285,0.6625,12.509,45.809,240,11.792,50.095,240,1
Dhuri,222,240,5.1476,0.6583,12.406,45.466,240,11.704,51.328,240,1
Dhuri,223,240,5.6621,0.6625,11.931,44.476,240,10.866,51.603,240,1
Dhuri,224,240,5.8413,0.6458,11.931,43.87,240,10.376,50.663,240,1
Dhuri,225,240,6.0219,0.65,11.931,45.907,240,9.586,47.397,240,1
Dhuri,226,240,6.417,0.65,11.834,47.508,240,8.017,42.686,240,1
Dhuri,227,240,6.3847,0.65,11.792,48.519,240,7.634,36.994,240,1
Dhuri,228,240,6.3247,0.6417,11.792,50.095,240,7.634,33.545,240,1
Dhuri,229,240,6.2855,0.6417,11.704,51.328,240,7.812,30.257,240,1
Dhuri,230,240,6.1764,0.6375,10.866,51.603,240,7.888,28.865,240,1
Dhuri,231,240,6.3143,0.6292,10.376,50.663,240,7.831,27.597,240,1
Dhuri,232,240,6.2132,0.6208,9.586,47.397,240,7.831,27.223,240,1
Dhuri,233,240,6.1097,0.6083,8.017,42.686,240,7.831,27.223,240,1
Dhuri,234,240,6.2004,0.6042,7.634,36.994,240,8.161,27.223,240,1
Dhuri,235,240,6.0488,0.5958,7.634,33.545,240,8.768,28.138,240,1
Dhuri,236,240,5.7703,0.5833,7.812,30.257,240,8.633,24.939,240,1
Dhuri,237,240,5.8926,0.5667,7.888,28.865,240,8.633,21.226,240,1
Dhuri,238,240,5.6376,0.5708,7.831,27.597,240,8.633,19.61,240,1
Dhuri,239,240,5.7694,0.5875,7.831,27.223,240,8.568,16.545,240,1
Dhuri,240,240,6.3909,0.5875,7.831,27.223,240,8.344,15.45,240,1
Dhuri,241,240,6.1824,0.5833,8.161,27.223,240,7.888,14.695,240,1
Dhuri,242,240,6.1276,0.5875,8.768,28.138,240,7.739,14.464,240,1
Dhuri,243,240,6.1684,0.5917,8.633,24.939,240,6.786,12.923,240,1
Dhuri,244,240,6.2407,0.6083,8.633,21.226,240,6.081,12.076,240,1
Dhuri,245,240,6.4425,0.6208,8.633,19.61,240,5.554,10.274,240,1
Dhuri,246,240,6.6186,0.625,8.568,16.545,240,5.143,9.808,240,1
Dhuri,247,240,6.5187,0.6167,8.344,15.45,240,4.717,9.444,240,1
Dhuri,248,240,6.5596,0.6125,7.888,14.695,240,4.223,9.007,240,1
Dhuri,249,240,6.4959,0.6125,7.739,14.464,240,3.695,8.482,240,1
Dhuri,250,240,6.2128,0.6125,6.786,12.923,240,3.508,6.807,240,1
Dhuri,251,240,6.265,0.6167,6.081,12.076,240,3.262,6.574,240,1
Dhuri,252,240,6.1572,0.6125,5.554,10.274,240,2.879,6.081,240,1
Dhuri,253,240,5.9485,0.5958,5.143,9.808,240,2.728,5.926,240,1
Dhuri,254,240,5.5588,0.5708,4.717,9.444,240,2.571,5.039,240,1
Dhuri,255,240,4.6179,0.5417,4.223,9.007,240,2.32,4.49,240,1
Dhuri,256,240,4.3314,0.5292,3.695,8.482,240,2.058,4.215,240,1
Dhuri,257,240,4.2038,0.525,3.508,6.807,240,1.901,3.612,240,1
Dhuri,258,240,4.2912,0.5292,3.262,6.574,240,1.184,3.365,240,1
Dhuri,259,240,4.8937,0.5292,2.879,6.081,240,0.339,2.977,240,1
Dhuri,260,240,4.9269,0.5083,2.728,5.926,240,0.271,2.779,240,1
Dhuri,261,240,4.789,0.4958,2.571,5.039,240,0.212,2.469,240,1
Dhuri,262,240,4.6462,0.4833,2.32,4.49,240,0.093,2.095,240,1
Dhuri,263,240,4.3627,0.4875,2.058,4.215,240,0.054,1.766,240,1
Dhuri,264,240,4.1826,0.4792,1.901,3.612,240,0.04,0.626,240,1
Dhuri,265,240,4.1135,0.4667,1.184,3.365,240,0.01,0.339,240,1
Dhuri,266,240,3.8853,0.45,0.339,2.977,240,0.007,0.293,240,1
Dhuri,267,240,3.5999,0.4542,0.271,2.779,240,0.007,0.275,240,1
Dhuri,268,240,3.3358,0.4458,0.212,2.469,240,0.007,0.273,240,1
Dhuri,269,240,3.2955,0.4208,0.093,2.095,240,0.007,0.275,240,1
Dhuri,270,240,3.2599,0.4167,0.054,1.766,240,0.008,0.277,240,1
Dhuri,271,240,3.1128,0.3958,0.04,0.626,240,0.01,0.296,240,1
Dhuri,272,240,2.9409,0.375,0.01,0.339,240,0.048,0.32,240,1
Dhuri,273,240,2.6523,0.35,0.007,0.293,240,0.068,0.395,240,1
Dhuri,274,240,1.7951,0.3125,0.007,0.275,240,0.121,0.523,240,1
Dhuri,275,240,1.3756,0.3,0.007,0.273,240,0.23,0.623,240,0
Dhuri,276,240,0.993,0.2833,0.007,0.275,240,0.251,0.704,240,0
Dhuri,277,240,0.9761,0.2833,0.008,0.277,240,0.296,0.735,240,0
Dhuri,278,240,0.8973,0.2542,0.01,0.296,240,0.338,0.765,240,0
Dhuri,279,240,0.8106,0.225,0.048,0.32,240,0.434,0.794,240,0
Dhuri,280,240,0.7582,0.2042,0.068,0.395,240,0.518,0.805,240,0
Dhuri,281,240,0.7754,0.2,0.121,0.523,240,0.553,0.85,240,0
Dhuri,282,240,0.6845,0.175,0.23,0.623,240,0.609,0.893,240,0
Dhuri,283,240,0.6478,0.1542,0.251,0.704,240,0.649,0.937,240,0
Dhuri,284,240,0.5748,0.1458,0.296,0.735,240,0.665,0.971,240,0
Dhuri,285,240,0.5059,0.1292,0.338,0.765,240,0.665,0.976,240,0
Dhuri,286,240,0.4726,0.1167,0.434,0.794,240,0.663,0.978,240,0
Dhuri,287,240,0.4225,0.1083,0.518,0.805,240,0.649,0.978,240,0
Dhuri,288,240,0.3606,0.0917,0.553,0.85,240,0.627,0.978,240,0
Dhuri,289,240,0.3157,0.0792,0.609,0.893,240,0.587,0.976,240,0
Dhuri,290,240,0.287,0.0708,0.649,0.937,240,0.542,0.943,240,0
Dhuri,291,240,0.2495,0.0667,0.665,0.971,240,0.484,0.898,240,0
Dhuri,292,240,0.2515,0.05,0.665,0.976,240,0.425,0.802,240,0
Dhuri,293,240,0.2415,0.0458,0.663,0.978,240,0.347,0.724,240,0
Dhuri,294,240,0.2396,0.0458,0.649,0.978,240,0.264,0.667,240,0
Dhuri,295,240,0.227,0.0417,0.627,0.978,240,0.218,0.642,240,0
Dhuri,296,240,0.1387,0.025,0.587,0.976,240,0.133,0.601,240,0
Dhuri,297,240,0.1309,0.0208,0.542,0.943,240,0.11,0.542,240,0
Dhuri,298,240,0.09,0.0167,0.484,0.898,240,0.103,0.516,240,0
Dhuri,299,240,0.1017,0.0208,0.425,0.802,240,0.084,0.453,240,0
Dhuri,300,240,0.1065,0.0208,0.347,0.724,240,0.063,0.385,240,0
Dhuri,301,240,0.1172,0.0208,0.264,0.667,240,0.04,0.339,240,0
Dhuri,302,240,0.1211,0.0167,0.218,0.642,240,0.003,0.281,240,0
Dhuri,303,240,0.1303,0.0167,0.133,0.601,240,0.0,0.219,240,0
Dhuri,304,240,0.1355,0.0167,0.11,0.542,240,0.0,0.146,240,0
Dhuri,305,240,0.144,0.0167,0.103,0.516,240,0.0,0.142,240,0
Dhuri,306,240,0.1463,0.0125,0.084,0.453,240,0.0,0.139,240,0
Dhuri,307,240,0.1084,0.0083,0.063,0.385,240,0.0,0.127,240,0
Dhuri,308,240,0.1133,0.0125,0.04,0.339,240,0.0,0.091,240,0
Dhuri,309,240,0.1203,0.0125,0.003,0.281,240,0.0,0.044,240,0
Dhuri,310,240,0.1222,0.0125,0.0,0.219,240,0.0,0.003,240,0
Dhuri,311,240,0.1239,0.0125,0.0,0.146,240,0.0,0.0,240,0
Dhuri,312,240,0.1331,0.0125,0.0,0.142,240,0.0,0.0,240,0
Dhuri,313,240,0.1602,0.0167,0.0,0.139,240,0.0,0.0,240,0
Dhuri,314,240,0.1527,0.0125,0.0,0.127,240,0.0,0.0,240,0
Dhuri,315,240,0.1497,0.0125,0.0,0.091,240,0.0,0.0,240,0
Dhuri,316,240,0.1408,0.0125,0.0,0.044,240,0.0,0.0,240,0
Dhuri,317,240,0.1311,0.0125,0.0,0.003,240,0.0,0.0,240,0
Dhuri,318,240,0.123,0.0125,0.0,0.0,240,0.0,0.0,240,0
Dhuri,319,240,0.1193,0.0125,0.0,0.0,240,0.0,0.0,240,0
Dhuri,320,240,0.1093,0.0083,0.0,0.0,240,0.0,0.0,240,0
Dhuri,321,240,0.1114,0.0125,0.0,0.0,240,0.0,0.0,240,0
Dhuri,322,240,0.1022,0.0125,0.0,0.0,240,0.0,0.0,240,0
Dhuri,323,240,0.0967,0.0083,0.0,0.0,240,0.0,0.0,240,0
Dhuri,324,240,0.0991,0.0167,0.0,0.0,240,0.0,0.001,240,0
Dhuri,325,240,0.1824,0.0292,0.0,0.0,240,0.0,0.001,240,0
Dhuri,326,240,0.1885,0.0333,0.0,0.0,240,0.0,0.017,240,0
Dhuri,327,240,0.1912,0.0417,0.0,0.0,240,0.0,0.028,240,0
Dhuri,328,240,0.1933,0.0458,0.0,0.0,240,0.0,0.048,240,0
Dhuri,329,240,0.2013,0.05,0.0,0.0,240,0.0,0.068,240,0
Dhuri,330,240,0.2118,0.0542,0.0,0.0,240,0.0,0.08,239,0
Dhuri,331,240,0.2257,0.0583,0.0,0.001,240,0.0,0.089,238,0
Dhuri,332,240,0.2369,0.0625,0.0,0.001,240,0.001,0.147,237,0
Dhuri,333,240,0.3022,0.0708,0.0,0.017,240,0.002,0.207,236,0
Dhuri,334,240,0.3007,0.0708,0.0,0.028,240,0.018,0.317,235,0
Dhuri,335,240,0.2957,0.0708,0.0,0.048,240,0.036,0.369,234,0
Dhuri,336,240,0.2868,0.0667,0.0,0.068,240,0.069,0.469,233,0
Dhuri,337,240,0.2859,0.0667,0.0,0.08,239,0.084,0.695,232,0
Dhuri,338,240,0.2804,0.0667,0.0,0.089,238,0.111,0.862,231,0
Dhuri,339,240,0.2852,0.0625,0.001,0.147,237,0.196,0.928,230,0
Dhuri,340,240,0.2789,0.0542,0.002,0.207,236,0.232,0.996,229,0
Dhuri,341,240,0.3684,0.0625,0.018,0.317,235,0.249,1.031,228,0
Dhuri,342,240,0.3628,0.0583,0.036,0.369,234,0.257,1.136,227,0
Dhuri,343,240,0.3341,0.05,0.069,0.469,233,0.253,1.216,226,0
Dhuri,344,240,0.3218,0.0458,0.084,0.695,232,0.239,1.217,225,0
Dhuri,345,240,0.3095,0.0417,0.111,0.862,231,0.218,1.167,225,0
Dhuri,346,240,0.2938,0.0375,0.196,0.928,230,0.108,1.167,225,0
Dhuri,347,240,0.2818,0.0333,0.232,0.996,229,0.088,1.167,225,0
Dhuri,348,240,0.2164,0.025,0.249,1.031,228,0.041,1.053,225,0
Dhuri,349,240,0.2168,0.025,0.257,1.136,227,0.016,0.979,225,0
Dhuri,350,240,0.2172,0.025,0.253,1.216,226,0.015,0.852,225,0
Dhuri,351,240,0.2172,0.025,0.239,1.217,225,0.008,0.605,225,0
Dhuri,352,240,0.2172,0.025,0.218,1.167,225,0.0,0.524,225,0
Dhuri,353,240,0.2171,0.025,0.108,1.167,225,0.0,0.401,225,0
Dhuri,354,240,0.2021,0.0208,0.088,1.167,225,0.0,0.283,225,0
Dhuri,355,240,0.1236,0.0167,0.041,1.053,225,0.0,0.242,225,0
Dhuri,356,240,0.0304,0.0083,0.016,0.979,225,0.0,0.211,225,0
Dhuri,357,240,0.0252,0.0042,0.015,0.852,225,0.0,0.175,225,0
Dhuri,358,240,0.0462,0.0083,0.008,0.605,225,0.0,0.149,225,0
Dhuri,359,240,0.0512,0.0083,0.0,0.524,225,0.0,0.132,225,0
Dhuri,360,240,0.0603,0.0083,0.0,0.397,226,0.0,0.101,226,0
Dhuri,361,240,0.0664,0.0083,0.0,0.283,227,0.0,0.094,227,0
Dhuri,362,240,0.0787,0.0083,0.0,0.211,228,0.0,0.094,228,0
Dhuri,363,240,0.1074,0.0167,0.0,0.175,229,0.0,0.094,229,0
Dhuri,364,240,0.3843,0.0292,0.0,0.169,230,0.0,0.094,230,0
Dhuri,365,240,0.3994,0.0333,0.0,0.133,231,0.0,0.096,231,0
Dhuri,366,240,0.4483,0.0375,0.0,0.12,232,0.0,0.098,232,0
Lehra,1,240,0.3438,0.0292,0.0,0.134,233,0.0,0.194,233,0
Lehra,2,240,0.3438,0.0292,0.0,0.152,234,0.0,0.227,234,0
Lehra,3,240,0.3435,0.0292,0.0,0.167,235,0.0,0.24,235,0
Lehra,4,240,0.3422,0.0292,0.0,0.167,236,0.0,0.248,236,0
Lehra,5,240,0.3529,0.0333,0.0,0.167,237,0.0,0.267,237,0
Lehra,6,240,0.3497,0.0333,0.0,0.167,238,0.0,0.248,238,0
Lehra,7,240,0.3254,0.0292,0.0,0.167,239,0.0,0.354,239,0
Lehra,8,240,0.3246,0.0292,0.0,0.167,240,0.0,0.382,240,0
Lehra,9,240,0.3359,0.0375,0.0,0.167,240,0.0,0.779,240,0
Lehra,10,240,0.4679,0.0458,0.0,0.238,240,0.0,1.068,240,0
Lehra,11,240,0.4987,0.0542,0.0,0.241,240,0.0,1.169,240,0
Lehra,12,240,0.4935,0.0542,0.0,0.248,240,0.0,1.068,240,0
Lehra,13,240,0.2546,0.05,0.0,0.246,240,0.0,0.623,240,0
Lehra,14,240,0.2966,0.0542,0.0,0.332,240,0.0,0.636,240,0
Lehra,15,240,0.3007,0.0583,0.0,0.382,240,0.0,0.636,240,0
Lehra,16,240,0.2935,0.0542,0.0,0.779,240,0.0,0.752,240,0
Lehra,17,240,0.2951,0.0542,0.0,1.068,240,0.0,0.752,240,0
Lehra,18,240,0.3491,0.0583,0.0,1.169,240,0.0,0.98,240,0
Lehra,19,240,0.4534,0.0625,0.0,1.068,240,0.0,1.47,240,0
Lehra,20,240,0.4436,0.0583,0.0,0.623,240,0.0,2.731,240,0
Lehra,21,240,0.4364,0.0542,0.0,0.636,240,0.0,3.099,240,0
Lehra,22,240,0.4358,0.0542,0.0,0.636,240,0.0,3.156,240,0
Lehra,23,240,0.4358,0.0542,0.0,0.752,240,0.0,3.583,240,0
Lehra,24,240,0.4598,0.0542,0.0,0.752,240,0.0,3.583,240,0
Lehra,25,240,0.3454,0.0542,0.0,0.98,240,0.0,3.583,240,0
Lehra,26,240,0.3597,0.0542,0.0,1.47,240,0.0,3.583,240,0
Lehra,27,240,0.4141,0.0708,0.0,2.731,240,0.0,3.583,240,0
Lehra,28,240,0.4658,0.0833,0.0,3.099,240,0.0,3.583,240,0
Lehra,29,240,0.4426,0.0833,0.0,3.156,240,0.0,3.583,240,0
Lehra,30,240,0.4146,0.075,0.0,3.583,240,0.0,3.583,240,0
Lehra,31,240,0.4148,0.075,0.0,3.583,240,0.0,3.583,240,0
Lehra,32,240,0.4981,0.0792,0.0,3.583,240,0.0,2.987,240,0
Lehra,33,240,0.4496,0.0792,0.0,3.583,240,0.0,2.769,240,0
Lehra,34,240,0.3456,0.075,0.0,3.583,240,0.0,2.713,240,0
Lehra,35,240,0.3578,0.0833,0.0,3.583,240,0.0,2.667,240,0
Lehra,36,240,0.3735,0.0917,0.0,3.583,240,0.0,2.667,240,0
Lehra,37,240,0.3875,0.1,0.0,3.583,240,0.0,2.667,240,0
Lehra,38,240,0.4345,0.1083,0.0,3.583,240,0.0,2.667,240,0
Lehra,39,240,0.4287,0.1083,0.0,2.987,240,0.0,2.713,240,0
Lehra,40,240,0.5007,0.1083,0.0,2.769,240,0.0,2.94,240,0
Lehra,41,240,0.4599,0.1,0.0,2.713,240,0.0,4.39,240,0
Lehra,42,240,0.4236,0.0875,0.0,2.667,240,0.0,4.087,240,0
Lehra,43,240,0.3712,0.0708,0.0,2.667,240,0.0,2.769,240,0
Lehra,44,240,0.4647,0.0833,0.0,2.667,240,0.0,2.458,240,0
Lehra,45,240,0.4925,0.0917,0.0,2.667,240,0.0,2.019,240,0
Lehra,46,240,0.558,0.1,0.0,2.713,240,0.0,1.78,240,0
Lehra,47,240,0.5819,0.1042,0.0,2.94,240,0.0,1.745,240,0
Lehra,48,240,0.6103,0.1042,0.0,4.39,240,0.0,1.745,240,0
Lehra,49,240,0.7033,0.1208,0.0,4.087,240,0.0,1.612,240,0
Lehra,50,240,0.6982,0.1167,0.0,2.769,240,0.0,1.447,240,0
Lehra,51,240,0.7702,0.1167,0.0,2.458,240,0.0,1.439,240,0
Lehra,52,240,0.8161,0.1125,0.0,2.019,240,0.0,1.43,240,0
Lehra,53,228,0.8095,0.1096,0.0,1.794,228,0.0,1.431,228,0
Lehra,54,228,0.81,0.1053,0.0,1.756,228,0.0,1.421,228,0
Lehra,55,228,0.7685,0.1096,0.0,1.756,228,0.0,1.421,228,0
Lehra,56,228,0.7653,0.1096,0.0,1.756,228,0.0,1.395,228,0
Lehra,57,228,0.7838,0.114,0.0,1.608,228,0.0,1.101,228,0
Lehra,58,228,0.8582,0.1228,0.0,1.44,228,0.0,1.101,228,0
Lehra,59,228,0.7366,0.1009,0.0,1.44,228,0.0,1.431,228,0
Lehra,60,228,0.7196,0.0965,0.0,1.431,228,0.0,1.376,228,0
Lehra,61,228,0.6578,0.0921,0.0,1.421,228,0.0,1.376,228,0
Lehra,62,228,0.5518,0.0877,0.0,1.421,228,0.0,1.098,228,0
Lehra,63,228,0.5425,0.0877,0.0,1.395,228,0.0,1.038,228,0
Lehra,64,228,0.4812,0.0789,0.0,1.101,228,0.0,1.032,228,0
Lehra,65,228,0.6135,0.0833,0.0,1.101,228,0.0,1.032,228,0
Lehra,66,228,0.5757,0.0921,0.0,1.431,228,0.0,1.095,228,0
Lehra,67,228,0.6357,0.1053,0.0,1.376,228,0.0,1.212,228,0
Lehra,68,240,0.7064,0.1083,0.0,1.439,240,0.0,1.322,240,0
Lehra,69,240,0.6791,0.1042,0.0,1.114,240,0.0,1.624,240,0
Lehra,70,240,0.6484,0.0958,0.0,1.092,240,0.0,2.267,240,0
Lehra,71,240,0.7092,0.1,0.0,1.031,240,0.0,2.334,240,0
Lehra,72,240,0.6909,0.0958,0.0,1.031,240,0.0,2.858,240,0
Lehra,73,240,0.672,0.0958,0.0,1.09,240,0.0,2.962,240,0
Lehra,74,240,0.6805,0.1,0.0,1.133,240,0.0,3.392,240,0
Lehra,75,240,0.6729,0.0958,0.0,1.322,240,0.0,3.885,240,0
Lehra,76,240,0.6988,0.1,0.0,1.624,240,0.0,4.189,240,0
Lehra,77,240,0.732,0.1042,0.0,2.267,240,0.0,4.738,240,0
Lehra,78,240,0.7346,0.1042,0.0,2.334,240,0.0,4.189,240,0
Lehra,79,240,0.7132,0.1,0.0,2.858,240,0.0,3.885,240,0
Lehra,80,240,0.646,0.0958,0.0,2.962,240,0.0,3.43,240,0
Lehra,81,240,0.5977,0.0792,0.0,3.392,240,0.0,3.287,240,0
Lehra,82,240,0.5331,0.075,0.0,3.885,240,0.0,3.168,240,0
Lehra,83,240,0.4662,0.075,0.0,4.189,240,0.0,2.211,240,0
Lehra,84,240,0.4653,0.075,0.0,4.738,240,0.0,1.743,240,0
Lehra,85,240,0.4679,0.0792,0.0,4.189,240,0.0,1.461,240,0
Lehra,86,240,0.4468,0.0792,0.0,3.885,240,0.0,1.289,240,0
Lehra,87,240,0.4383,0.0792,0.0,3.43,240,0.0,1.289,240,0
Lehra,88,240,0.4832,0.0833,0.0,3.287,240,0.0,1.289,240,0
Lehra,89,240,0.4953,0.0833,0.0,3.168,240,0.0,1.289,240,0
Lehra,90,240,0.4961,0.0875,0.0,2.211,240,0.0,1.354,240,0
Lehra,91,240,0.4636,0.0792,0.0,1.743,240,0.0,1.496,240,0
Lehra,92,240,0.4234,0.0708,0.0,1.461,240,0.0,1.603,240,0
Lehra,93,240,0.4225,0.0708,0.0,1.289,240,0.0,2.379,240,0
Lehra,94,240,0.4358,0.075,0.0,1.289,240,0.0,2.756,240,0
Lehra,95,240,0.4157,0.0875,0.0,1.289,240,0.0,3.733,240,0
Lehra,96,240,0.4527,0.1,0.0,1.289,240,0.004,3.99,240,0
Lehra,97,240,0.4504,0.1042,0.0,1.354,240,0.097,4.165,240,0
Lehra,98,240,0.4415,0.1042,0.0,1.496,240,0.135,4.911,240,0
Lehra,99,240,0.5026,0.1125,0.0,1.603,240,0.308,5.627,240,0
Lehra,100,240,0.5941,0.125,0.0,2.379,240,0.37,5.753,240,0
Lehra,101,240,0.6813,0.1333,0.0,2.756,240,0.308,6.244,240,0
Lehra,102,240,0.7409,0.1375,0.0,3.733,240,0.1,6.388,240,0
Lehra,103,240,0.6705,0.1333,0.004,3.99,240,0.097,6.388,240,0
Lehra,104,240,0.6833,0.1375,0.097,4.165,240,0.029,5.684,240,0
Lehra,105,240,0.6992,0.1375,0.135,4.911,240,0.004,5.398,240,0
Lehra,106,240,0.6998,0.1375,0.308,5.627,240,0.002,4.12,240,0
Lehra,107,240,0.7111,0.1458,0.37,5.753,240,0.002,3.925,240,0
Lehra,108,240,0.6843,0.1417,0.308,6.244,240,0.003,3.466,240,0
Lehra,109,240,0.6598,0.1333,0.1,6.388,240,0.003,3.355,240,0
Lehra,110,240,0.6142,0.1167,0.097,6.388,240,0.003,3.352,240,0
Lehra,111,240,0.6062,0.1125,0.029,5.684,240,0.003,3.343,240,0
Lehra,112,240,0.5701,0.1,0.004,5.398,240,0.003,3.335,240,0
Lehra,113,240,0.5518,0.0958,0.002,4.12,240,0.004,3.329,240,0
Lehra,114,240,0.5096,0.0917,0.002,3.925,240,0.004,3.343,240,0
Lehra,115,240,0.4078,0.0792,0.003,3.466,240,0.004,3.362,240,0
Lehra,116,240,0.3021,0.0792,0.003,3.355,240,0.005,3.449,240,0
Lehra,117,240,0.3526,0.0917,0.003,3.352,240,0.005,3.466,240,0
Lehra,118,240,0.3881,0.1,0.003,3.343,240,0.005,3.718,240,0
Lehra,119,240,0.4072,0.1167,0.003,3.335,240,0.006,3.951,240,0
Lehra,120,240,0.4309,0.1292,0.004,3.329,240,0.006,4.064,240,0
Lehra,121,240,0.4787,0.1417,0.004,3.343,240,0.006,4.103,240,0
Lehra,122,240,0.5075,0.1417,0.004,3.362,240,0.005,4.113,240,0
Lehra,123,240,0.5493,0.1583,0.005,3.449,240,0.005,4.203,240,0
Lehra,124,240,0.6319,0.1792,0.005,3.466,240,0.005,4.242,240,0
Lehra,125,240,0.6826,0.1917,0.005,3.718,240,0.005,4.253,240,0
Lehra,126,240,0.7156,0.2,0.006,3.951,240,0.005,4.253,240,0
Lehra,127,240,0.7442,0.2083,0.006,4.064,240,0.005,4.404,240,0
Lehra,128,240,0.7589,0.2125,0.006,4.103,240,0.005,4.504,240,0
Lehra,129,240,0.7693,0.2125,0.005,4.113,240,0.005,4.52,240,0
Lehra,130,240,0.7682,0.2125,0.005,4.203,240,0.005,4.52,240,0
Lehra,131,240,0.7643,0.2083,0.005,4.242,240,0.005,4.52,240,0
Lehra,132,240,0.6607,0.1958,0.005,4.253,240,0.004,4.523,240,0
Lehra,133,240,0.5982,0.1833,0.005,4.253,240,0.003,4.523,240,0
Lehra,134,240,0.5537,0.1667,0.005,4.404,240,0.001,4.523,240,0
Lehra,135,240,0.6177,0.1625,0.005,4.504,240,0.0,4.523,240,0
Lehra,136,240,0.6158,0.1625,0.005,4.52,240,0.0,4.504,240,0
Lehra,137,240,0.7054,0.175,0.005,4.52,240,0.0,4.243,240,0
Lehra,138,240,0.7252,0.1667,0.005,4.52,240,0.0,4.245,240,0
Lehra,139,240,0.7038,0.1583,0.004,4.523,240,0.0,4.396,240,0
Lehra,140,240,0.7102,0.1542,0.003,4.523,240,0.0,4.504,240,0
Lehra,141,240,0.6961,0.1458,0.001,4.523,240,0.0,4.52,240,0
Lehra,142,240,0.699,0.1417,0.0,4.523,240,0.0,4.524,240,0
Lehra,143,240,0.7494,0.1417,0.0,4.504,240,0.0,4.806,240,0
Lehra,144,240,0.7811,0.15,0.0,4.243,240,0.0,6.242,240,0
Lehra,145,240,0.8537,0.1625,0.0,4.245,240,0.0,7.368,240,0
Lehra,146,240,0.8689,0.1625,0.0,4.396,240,0.003,7.987,240,0
Lehra,147,240,0.852,0.1542,0.0,4.504,240,0.004,9.097,240,0
Lehra,148,240,0.8436,0.15,0.0,4.52,240,0.011,11.256,240,0
Lehra,149,240,0.8315,0.1417,0.0,4.524,240,0.04,12.383,240,0
Lehra,150,240,0.7271,0.1292,0.0,4.806,240,0.135,12.893,240,0
Lehra,151,240,0.7537,0.1333,0.0,6.242,240,0.276,14.655,240,0
Lehra,152,240,0.7101,0.1292,0.0,7.368,240,0.644,19.74,240,0
Lehra,153,240,0.6669,0.125,0.003,7.987,240,0.944,23.631,240,1
Lehra,154,240,0.6273,0.125,0.004,9.097,240,1.854,25.454,240,1
Lehra,155,240,0.649,0.1333,0.011,11.256,240,3.031,27.912,240,1
Lehra,156,240,0.6817,0.1333,0.04,12.383,240,4.708,29.556,240,1
Lehra,157,240,0.7253,0.1375,0.135,12.893,240,5.773,34.892,240,1
Lehra,158,240,0.7474,0.1417,0.276,14.655,240,7.256,35.397,240,1
Lehra,159,240,0.7928,0.1375,0.644,19.74,240,9.946,36.992,240,1
Lehra,160,240,0.8682,0.1333,0.944,23.631,240,11.541,38.791,240,1
Lehra,161,240,0.8363,0.125,1.854,25.454,240,12.282,39.202,240,1
Lehra,162,240,0.8712,0.1292,3.031,27.912,240,13.204,39.202,240,1
Lehra,163,240,0.912,0.1375,4.708,29.556,240,14.648,40.554,240,1
Lehra,164,240,0.9413,0.1458,5.773,34.892,240,15.682,41.216,240,1
Lehra,165,240,1.0464,0.1542,7.256,35.397,240,16.807,41.665,240,1
Lehra,166,240,0.997,0.1458,9.946,36.992,240,18.469,43.152,240,1
Lehra,167,240,0.9282,0.1333,11.541,38.791,240,19.957,43.769,240,1
Lehra,168,240,1.0913,0.1375,12.282,39.202,240,21.106,43.793,240,1
Lehra,169,240,1.2276,0.1417,13.204,39.202,240,21.435,43.793,240,1
Lehra,170,240,1.3291,0.1458,14.648,40.554,240,21.895,43.78,240,1
Lehra,171,240,1.3863,0.1583,15.682,41.216,240,21.407,43.686,240,1
Lehra,172,240,1.5175,0.1667,16.807,41.665,240,20.557,42.216,240,1
Lehra,173,240,1.9034,0.175,18.469,43.152,240,19.864,43.079,240,1
Lehra,174,240,2.1045,0.1875,19.957,43.769,240,19.864,43.374,240,1
Lehra,175,240,2.1892,0.1958,21.106,43.793,240,20.356,43.374,240,1
Lehra,176,240,2.5093,0.225,21.435,43.793,240,20.582,43.856,240,1
Lehra,177,240,2.7412,0.2458,21.895,43.78,240,20.582,44.751,240,1
Lehra,178,240,2.809,0.2542,21.407,43.686,240,20.356,45.079,240,1
Lehra,179,240,2.8743,0.275,20.557,42.216,240,20.029,45.079,240,1
Lehra,180,240,3.0169,0.3,19.864,43.079,240,18.627,44.693,240,1
Lehra,181,240,3.3809,0.3333,19.864,43.374,240,18.258,43.397,240,1
Lehra,182,240,3.7879,0.3792,20.356,43.374,240,17.08,43.219,240,1
Lehra,183,240,4.0607,0.4,20.582,43.856,240,16.208,41.879,240,1
Lehra,184,240,4.2948,0.4208,20.582,44.751,240,16.03,41.4,240,1
Lehra,185,240,4.3868,0.4375,20.356,45.079,240,15.932,40.837,240,1
Lehra,186,240,4.5788,0.4542,20.029,45.079,240,15.527,40.837,240,1
Lehra,187,240,4.9068,0.4875,18.627,44.693,240,15.989,41.488,240,1
Lehra,188,240,4.6295,0.5042,18.258,43.397,240,16.088,41.953,240,1
Lehra,189,240,4.737,0.5292,17.08,43.219,240,15.989,42.159,240,1
Lehra,190,240,4.8599,0.55,16.208,41.879,240,16.201,42.442,240,1
Lehra,191,240,4.9748,0.5792,16.03,41.4,240,15.644,42.442,240,1
Lehra,192,240,5.0043,0.6083,15.932,40.837,240,15.354,41.993,240,1
Lehra,193,240,5.3577,0.6375,15.527,40.837,240,14.414,41.902,240,1
Lehra,194,240,5.6394,0.6542,15.989,41.488,240,14.359,41.774,240,1
Lehra,195,240,5.9133,0.675,16.088,41.953,240,14.359,41.774,240,1
Lehra,196,240,5.8734,0.6875,15.989,42.159,240,14.605,41.993,240,1
Lehra,197,240,5.7281,0.6667,16.201,42.442,240,15.533,42.601,240,1
Lehra,198,240,5.4124,0.6708,15.644,42.442,240,16.053,44.727,240,1
Lehra,199,240,5.283,0.6792,15.354,41.993,240,17.437,47.154,240,1
Lehra,200,240,5.2855,0.675,14.414,41.902,240,17.731,48.004,240,1
Lehra,201,240,5.2527,0.6708,14.359,41.774,240,17.943,49.22,240,1
Lehra,202,240,5.0098,0.6667,14.359,41.774,240,18.587,49.373,240,1
Lehra,203,240,5.3352,0.6708,14.605,41.993,240,18.587,49.22,240,1
Lehra,204,240,5.2912,0.675,15.533,42.601,240,17.943,49.168,240,1
Lehra,205,240,5.2403,0.6833,16.053,44.727,240,17.862,49.156,240,1
Lehra,206,240,5.3223,0.6792,17.437,47.154,240,17.718,48.943,240,1
Lehra,207,240,5.5108,0.6708,17.731,48.004,240,16.888,48.943,240,1
Lehra,208,240,5.2707,0.6708,17.943,49.22,240,16.266,47.955,240,1
Lehra,209,240,5.0606,0.6625,18.587,49.373,240,16.266,47.955,240,1
Lehra,210,240,4.7089,0.6542,18.587,49.22,240,17.437,48.417,240,1
Lehra,211,240,4.5782,0.6458,17.943,49.168,240,17.645,48.417,240,1
Lehra,212,240,4.7006,0.6583,17.862,49.156,240,16.322,48.417,240,1
Lehra,213,240,4.8407,0.6625,17.718,48.943,240,16.175,47.201,240,1
Lehra,214,240,4.8406,0.65,16.888,48.943,240,15.061,46.721,240,1
Lehra,215,240,4.8886,0.6625,16.266,47.955,240,14.762,46.721,240,1
Lehra,216,240,4.8176,0.6667,16.266,47.955,240,13.614,45.779,240,1
Lehra,217,240,4.9041,0.6625,17.437,48.417,240,12.456,43.963,240,1
Lehra,218,240,4.7096,0.6667,17.645,48.417,240,12.158,42.941,240,1
Lehra,219,240,4.5312,0.65,16.322,48.417,240,11.721,42.824,240,1
Lehra,220,240,4.6722,0.6375,16.175,47.201,240,11.14,42.824,240,1
Lehra,221,240,4.5374,0.6292,15.061,46.721,240,10.85,42.824,240,1
Lehra,222,240,4.401,0.6125,14.762,46.721,240,10.85,42.266,240,1
Lehra,223,240,4.8115,0.6,13.614,45.779,240,10.502,41.736,240,1
Lehra,224,240,4.9083,0.6042,12.456,43.963,240,10.399,40.661,240,1
Lehra,225,240,5.2403,0.6,12.158,42.941,240,9.441,39.609,240,1
Lehra,226,240,5.8085,0.6042,11.721,42.824,240,9.126,37.19,240,1
Lehra,227,240,5.8807,0.6042,11.14,42.824,240,8.981,35.075,240,1
Lehra,228,240,5.9185,0.6125,10.85,42.824,240,8.715,32.607,240,1
Lehra,229,240,5.9385,0.6167,10.85,42.266,240,8.715,29.058,240,1
Lehra,230,240,5.8373,0.6125,10.502,41.736,240,8.757,25.464,240,1
Lehra,231,240,5.9525,0.6042,10.399,40.661,240,8.715,22.242,240,1
Lehra,232,240,5.9176,0.6,9.441,39.609,240,8.491,22.242,240,1
Lehra,233,240,5.9237,0.5875,9.126,37.19,240,8.349,22.242,240,1
Lehra,234,240,6.0369,0.5875,8.981,35.075,240,8.491,22.242,240,1
Lehra,235,240,6.0061,0.5792,8.715,32.607,240,8.569,21.074,240,1
Lehra,236,240,5.8583,0.5667,8.715,29.058,240,8.217,19.665,240,1
Lehra,237,240,6.1368,0.575,8.757,25.464,240,8.002,18.56,240,1
Lehra,238,240,6.1115,0.5958,8.715,22.242,240,7.759,16.903,240,1
Lehra,239,240,6.3153,0.6,8.491,22.242,240,7.721,16.238,240,1
Lehra,240,240,6.6585,0.6083,8.349,22.242,240,7.631,15.28,240,1
Lehra,241,240,6.2751,0.6,8.491,22.242,240,7.589,15.065,240,1
Lehra,242,240,6.147,0.6042,8.569,21.074,240,7.242,14.651,240,1
Lehra,243,240,6.1534,0.6083,8.217,19.665,240,6.924,13.013,240,1
Lehra,244,240,6.2583,0.6208,8.002,18.56,240,6.576,11.371,240,1
Lehra,245,240,6.4004,0.6208,7.759,16.903,240,6.163,10.276,240,1
Lehra,246,240,6.2887,0.6292,7.721,16.238,240,5.656,9.573,240,1
Lehra,247,240,6.0955,0.6208,7.631,15.28,240,5.186,9.174,240,1
Lehra,248,240,6.0541,0.6208,7.589,15.065,240,4.806,8.743,240,1
Lehra,249,240,5.9834,0.6375,7.242,14.651,240,4.409,7.966,240,1
Lehra,250,240,5.745,0.6417,6.924,13.013,240,4.112,7.297,240,1
Lehra,251,240,5.7695,0.65,6.576,11.371,240,3.937,6.976,240,1
Lehra,252,240,5.6056,0.6542,6.163,10.276,240,3.766,6.771,240,1
Lehra,253,240,5.3141,0.6375,5.656,9.573,240,3.622,6.676,240,1
Lehra,254,240,4.9689,0.6208,5.186,9.174,240,3.384,5.98,240,1
Lehra,255,240,4.3126,0.5958,4.806,8.743,240,3.183,5.627,240,1
Lehra,256,240,4.0369,0.5875,4.409,7.966,240,2.958,5.319,240,1
Lehra,257,240,3.8808,0.575,4.112,7.297,240,2.781,4.803,240,1
Lehra,258,240,3.9201,0.5708,3.937,6.976,240,1.905,4.412,240,1
Lehra,259,240,4.2618,0.5708,3.766,6.771,240,1.263,4.09,240,1
Lehra,260,240,4.667,0.5667,3.622,6.676,240,1.117,3.979,240,1
Lehra,261,240,4.8378,0.5583,3.384,5.98,240,0.935,3.649,240,1
Lehra,262,240,4.7272,0.5417,3.183,5.627,240,0.787,3.219,240,1
Lehra,263,240,4.5186,0.5333,2.958,5.319,240,0.735,2.796,240,1
Lehra,264,240,4.373,0.5042,2.781,4.803,240,0.67,1.713,240,1
Lehra,265,240,4.2638,0.4917,1.905,4.412,240,0.657,1.416,240,1
Lehra,266,240,4.0695,0.4708,1.263,4.09,240,0.649,1.272,240,1
Lehra,267,240,3.6941,0.4583,1.117,3.979,240,0.623,1.168,240,1
Lehra,268,240,3.4531,0.4417,0.935,3.649,240,0.623,1.066,240,1
Lehra,269,240,3.4114,0.4333,0.787,3.219,240,0.623,0.987,240,1
Lehra,270,240,3.2666,0.425,0.735,2.796,240,0.623,0.967,240,1
Lehra,271,240,3.1814,0.4042,0.67,1.713,240,0.632,0.965,240,1
Lehra,272,240,3.0751,0.3875,0.657,1.416,240,0.646,0.966,240,1
Lehra,273,240,2.7778,0.3625,0.649,1.272,240,0.657,0.98,240,1
Lehra,274,240,2.1298,0.3333,0.623,1.168,240,0.696,1.005,240,1
Lehra,275,240,1.3997,0.3125,0.623,1.066,240,0.713,1.007,240,0
Lehra,276,240,1.0277,0.2917,0.623,0.987,240,0.768,1.007,240,0
Lehra,277,240,1.0291,0.3,0.623,0.967,240,0.788,1.014,240,0
Lehra,278,240,0.9844,0.2875,0.632,0.965,240,0.793,1.022,240,0
Lehra,279,240,0.9043,0.2708,0.646,0.966,240,0.793,1.012,240,0
Lehra,280,240,0.8817,0.2542,0.657,0.98,240,0.781,1.007,240,0
Lehra,281,240,0.9146,0.25,0.696,1.005,240,0.762,1.001,240,0
Lehra,282,240,0.8674,0.2292,0.713,1.007,240,0.737,0.977,240,0
Lehra,283,240,0.849,0.2125,0.768,1.007,240,0.716,0.973,240,0
Lehra,284,240,0.7778,0.1917,0.788,1.014,240,0.691,0.955,240,0
Lehra,285,240,0.7369,0.175,0.793,1.022,240,0.627,0.932,240,0
Lehra,286,240,0.6997,0.1625,0.793,1.012,240,0.597,0.904,240,0
Lehra,287,240,0.6216,0.1458,0.781,1.007,240,0.55,0.883,240,0
Lehra,288,240,0.5598,0.125,0.762,1.001,240,0.509,0.844,240,0
Lehra,289,240,0.4838,0.1042,0.737,0.977,240,0.488,0.809,240,0
Lehra,290,240,0.4694,0.0958,0.716,0.973,240,0.414,0.733,240,0
Lehra,291,240,0.4514,0.0917,0.691,0.955,240,0.356,0.694,240,0
Lehra,292,240,0.4204,0.0708,0.627,0.932,240,0.291,0.613,240,0
Lehra,293,240,0.3927,0.0625,0.597,0.904,240,0.185,0.544,240,0
Lehra,294,240,0.389,0.0583,0.55,0.883,240,0.115,0.501,240,0
Lehra,295,240,0.3436,0.0542,0.509,0.844,240,0.057,0.473,240,0
Lehra,296,240,0.2478,0.0375,0.488,0.809,240,0.049,0.392,240,0
Lehra,297,240,0.2168,0.0292,0.414,0.733,240,0.042,0.35,240,0
Lehra,298,240,0.1772,0.0292,0.356,0.694,240,0.031,0.303,240,0
Lehra,299,240,0.1782,0.0333,0.291,0.613,240,0.02,0.237,240,0
Lehra,300,240,0.1767,0.0333,0.185,0.544,240,0.013,0.171,240,0
Lehra,301,240,0.1831,0.0333,0.115,0.501,240,0.001,0.111,240,0
Lehra,302,240,0.189,0.0333,0.057,0.473,240,0.0,0.08,240,0
Lehra,303,240,0.1931,0.0333,0.049,0.392,240,0.0,0.052,240,0
Lehra,304,240,0.1894,0.0333,0.042,0.35,240,0.0,0.044,240,0
Lehra,305,240,0.175,0.0292,0.031,0.303,240,0.0,0.029,240,0
Lehra,306,240,0.1676,0.025,0.02,0.237,240,0.0,0.019,240,0
Lehra,307,240,0.154,0.0208,0.013,0.171,240,0.0,0.011,240,0
Lehra,308,240,0.1435,0.0167,0.001,0.111,240,0.0,0.005,240,0
Lehra,309,240,0.1387,0.0167,0.0,0.08,240,0.0,0.0,240,0
Lehra,310,240,0.1306,0.0125,0.0,0.052,240,0.0,0.0,240,0
Lehra,311,240,0.1272,0.0125,0.0,0.044,240,0.0,0.0,240,0
Lehra,312,240,0.1295,0.0167,0.0,0.029,240,0.0,0.0,240,0
Lehra,313,240,0.133,0.0167,0.0,0.019,240,0.0,0.0,240,0
Lehra,314,240,0.1237,0.0125,0.0,0.011,240,0.0,0.0,240,0
Lehra,315,240,0.1185,0.0125,0.0,0.005,240,0.0,0.0,240,0
Lehra,316,240,0.1078,0.0125,0.0,0.0,240,0.0,0.0,240,0
Lehra,317,240,0.0961,0.0125,0.0,0.0,240,0.0,0.0,240,0
Lehra,318,240,0.0895,0.0125,0.0,0.0,240,0.0,0.0,240,0
Lehra,319,240,0.0855,0.0125,0.0,0.0,240,0.0,0.001,240,0
Lehra,320,240,0.0749,0.0083,0.0,0.0,240,0.0,0.0,240,0
Lehra,321,240,0.0697,0.0083,0.0,0.0,240,0.0,0.0,240,0
Lehra,322,240,0.0602,0.0083,0.0,0.0,240,0.0,0.0,240,0
Lehra,323,240,0.0538,0.0083,0.0,0.0,240,0.0,0.0,240,0
Lehra,324,240,0.0682,0.0125,0.0,0.0,240,0.0,0.0,240,0
Lehra,325,240,0.1361,0.0208,0.0,0.0,240,0.0,0.0,240,0
Lehra,326,240,0.1399,0.0208,0.0,0.001,240,0.0,0.0,240,0
Lehra,327,240,0.1426,0.0208,0.0,0.0,240,0.0,0.0,240,0
Lehra,328,240,0.149,0.0208,0.0,0.0,240,0.0,0.0,240,0
Lehra,329,240,0.1593,0.025,0.0,0.0,240,0.0,0.0,240,0
Lehra,330,240,0.1707,0.0292,0.0,0.0,240,0.0,0.0,239,0
Lehra,331,240,0.1819,0.0333,0.0,0.0,240,0.0,0.0,238,0
Lehra,332,240,0.1934,0.0375,0.0,0.0,240,0.0,0.022,237,0
Lehra,333,240,0.2732,0.0458,0.0,0.0,240,0.0,0.061,236,0
Lehra,334,240,0.2729,0.0458,0.0,0.0,240,0.0,0.114,235,0
Lehra,335,240,0.2723,0.0458,0.0,0.0,240,0.0,0.129,234,0
Lehra,336,240,0.2711,0.0458,0.0,0.0,240,0.0,0.16,233,0
Lehra,337,240,0.2708,0.0458,0.0,0.0,239,0.0,0.171,232,0
Lehra,338,240,0.2823,0.05,0.0,0.0,238,0.011,0.173,231,0
Lehra,339,240,0.268,0.0458,0.0,0.022,237,0.022,0.178,230,0
Lehra,340,240,0.2796,0.0417,0.0,0.061,236,0.048,0.18,229,0
Lehra,341,240,0.3062,0.05,0.0,0.114,235,0.049,0.18,228,0
Lehra,342,240,0.2977,0.0458,0.0,0.129,234,0.053,0.181,227,0
Lehra,343,240,0.2734,0.0417,0.0,0.16,233,0.054,0.184,226,0
Lehra,344,240,0.2619,0.0375,0.0,0.171,232,0.053,0.18,225,0
Lehra,345,240,0.2504,0.0333,0.011,0.173,231,0.048,0.18,225,0
Lehra,346,240,0.2388,0.0292,0.022,0.178,230,0.022,0.18,225,0
Lehra,347,240,0.2273,0.025,0.048,0.18,229,0.012,0.173,225,0
Lehra,348,240,0.1537,0.0208,0.049,0.18,228,0.001,0.172,225,0
Lehra,349,240,0.1537,0.0208,0.053,0.181,227,0.0,0.156,225,0
Lehra,350,240,0.1537,0.0208,0.054,0.184,226,0.0,0.151,225,0
Lehra,351,240,0.1537,0.0208,0.053,0.18,225,0.0,0.148,225,0
Lehra,352,240,0.1537,0.0208,0.048,0.18,225,0.0,0.135,225,0
Lehra,353,240,0.1399,0.0167,0.022,0.18,225,0.0,0.134,225,0
Lehra,354,240,0.1355,0.0167,0.012,0.173,225,0.0,0.134,225,0
Lehra,355,240,0.0537,0.0125,0.001,0.172,225,0.0,0.134,225,0
Lehra,356,240,0.0206,0.0042,0.0,0.156,225,0.0,0.134,225,0
Lehra,357,240,0.0248,0.0083,0.0,0.151,225,0.0,0.135,225,0
Lehra,358,240,0.0464,0.0125,0.0,0.148,225,0.0,0.134,225,0
Lehra,359,240,0.0467,0.0125,0.0,0.135,225,0.0,0.134,225,0
Lehra,360,240,0.0485,0.0125,0.0,0.134,226,0.0,0.161,226,0
Lehra,361,240,0.0501,0.0125,0.0,0.134,227,0.0,0.166,227,0
Lehra,362,240,0.0525,0.0125,0.0,0.134,228,0.0,0.167,228,0
Lehra,363,240,0.0531,0.0083,0.0,0.134,229,0.0,0.177,229,0
Lehra,364,240,0.3028,0.0167,0.0,0.134,230,0.0,0.201,230,0
Lehra,365,240,0.3116,0.0208,0.0,0.134,231,0.0,0.231,231,0
Lehra,366,240,0.3355,0.025,0.0,0.134,232,0.0,0.213,232,0
Malerkotla,1,240,0.6423,0.0875,0.0,0.231,233,0.0,0.226,233,0
Malerkotla,2,240,0.6554,0.0958,0.0,0.2,234,0.0,0.219,234,0
Malerkotla,3,240,0.6539,0.1,0.0,0.19,235,0.0,0.231,235,0
Malerkotla,4,240,0.6369,0.0917,0.0,0.183,236,0.0,0.241,236,0
Malerkotla,5,240,0.6367,0.0917,0.0,0.196,237,0.0,0.316,237,0
Malerkotla,6,240,0.641,0.0917,0.0,0.189,238,0.0,0.335,238,0
Malerkotla,7,240,0.5856,0.0875,0.0,0.2,239,0.0,0.529,239,0
Malerkotla,8,240,0.5731,0.0833,0.0,0.196,240,0.0,0.824,240,0
Malerkotla,9,240,0.5571,0.0792,0.0,0.18,240,0.0,1.048,240,0
Malerkotla,10,240,0.7035,0.0833,0.0,0.196,240,0.0,1.694,240,0
Malerkotla,11,240,0.7456,0.0833,0.0,0.218,240,0.0,1.871,240,0
Malerkotla,12,240,0.72,0.0792,0.0,0.278,240,0.0,2.484,240,0
Malerkotla,13,240,0.4234,0.0667,0.0,0.316,240,0.0,2.873,240,0
Malerkotla,14,240,0.4973,0.075,0.0,0.523,240,0.0,4.02,240,0
Malerkotla,15,240,0.4971,0.0792,0.0,0.824,240,0.0,4.107,240,0
Malerkotla,16,240,0.4534,0.075,0.0,1.048,240,0.0,4.747,240,0
Malerkotla,17,240,0.4449,0.0667,0.0,1.694,240,0.0,4.747,240,0
Malerkotla,18,240,0.481,0.0667,0.0,1.871,240,0.0,5.014,240,0
Malerkotla,19,240,0.6259,0.0708,0.0,2.484,240,0.0,5.718,240,0
Malerkotla,20,240,0.6167,0.0667,0.0,2.873,240,0.0,5.905,240,0
Malerkotla,21,240,0.5989,0.0625,0.0,4.02,240,0.0,5.95,240,0
Malerkotla,22,240,0.5979,0.0625,0.0,4.107,240,0.0,6.498,240,0
Malerkotla,23,240,0.5981,0.0625,0.0,4.747,240,0.0,7.054,240,0
Malerkotla,24,240,0.6028,0.0667,0.0,4.747,240,0.001,7.056,240,0
Malerkotla,25,240,0.4531,0.0625,0.0,5.014,240,0.001,7.058,240,0
Malerkotla,26,240,0.4148,0.0625,0.0,5.718,240,0.007,7.058,240,0
Malerkotla,27,240,0.4631,0.0708,0.0,5.905,240,0.012,7.058,240,0
Malerkotla,28,240,0.4958,0.075,0.0,5.95,240,0.021,7.06,240,0
Malerkotla,29,240,0.4511,0.0708,0.0,6.498,240,0.016,7.058,240,0
Malerkotla,30,240,0.4058,0.0625,0.0,7.054,240,0.015,7.056,240,0
Malerkotla,31,240,0.4335,0.0667,0.001,7.056,240,0.012,6.951,240,0
Malerkotla,32,240,0.5265,0.0708,0.001,7.058,240,0.008,6.385,240,0
Malerkotla,33,240,0.497,0.0708,0.007,7.058,240,0.007,6.346,240,0
Malerkotla,34,240,0.3529,0.0667,0.012,7.058,240,0.005,6.262,240,0
Malerkotla,35,240,0.3655,0.075,0.021,7.06,240,0.003,6.13,240,0
Malerkotla,36,240,0.3956,0.0833,0.016,7.058,240,0.007,5.225,240,0
Malerkotla,37,240,0.4162,0.0917,0.015,7.056,240,0.007,5.143,240,0
Malerkotla,38,240,0.4754,0.1042,0.012,6.951,240,0.007,5.015,240,0
Malerkotla,39,240,0.5542,0.1125,0.008,6.385,240,0.003,4.839,240,0
Malerkotla,40,240,0.6797,0.1208,0.007,6.346,240,0.002,4.839,240,0
Malerkotla,41,240,0.6624,0.1125,0.005,6.262,240,0.001,4.83,240,0
Malerkotla,42,240,0.6416,0.1083,0.003,6.13,240,0.0,4.766,240,0
Malerkotla,43,240,0.6437,0.1167,0.007,5.225,240,0.0,4.411,240,0
Malerkotla,44,240,0.7098,0.1333,0.007,5.143,240,0.0,4.178,240,0
Malerkotla,45,240,0.7296,0.1375,0.007,5.015,240,0.001,3.615,240,0
Malerkotla,46,240,0.7374,0.1417,0.003,4.839,240,0.003,3.168,240,0
Malerkotla,47,240,0.7997,0.1458,0.002,4.839,240,0.003,2.532,240,0
Malerkotla,48,240,0.8793,0.1542,0.001,4.83,240,0.003,1.903,240,0
Malerkotla,49,240,0.9922,0.1667,0.0,4.766,240,0.003,1.744,240,0
Malerkotla,50,240,1.0355,0.1625,0.0,4.411,240,0.003,1.739,240,0
Malerkotla,51,240,1.1466,0.1667,0.0,4.178,240,0.003,1.739,240,0
Malerkotla,52,240,1.2354,0.1708,0.001,3.615,240,0.003,1.74,240,0
Malerkotla,53,228,1.2563,0.1754,0.003,3.175,228,0.003,1.74,228,0
Malerkotla,54,228,1.2866,0.1711,0.003,2.56,228,0.003,1.744,228,0
Malerkotla,55,228,1.2941,0.1754,0.006,1.889,228,0.003,1.885,228,0
Malerkotla,56,228,1.3075,0.1798,0.011,1.744,228,0.003,2.358,228,0
Malerkotla,57,228,1.295,0.1798,0.003,1.739,228,0.003,2.378,228,0
Malerkotla,58,228,1.3019,0.1711,0.003,1.721,228,0.006,3.089,228,0
Malerkotla,59,228,1.2019,0.1491,0.003,1.739,228,0.012,4.367,228,0
Malerkotla,60,228,1.1835,0.1491,0.003,1.74,228,0.012,4.523,228,0
Malerkotla,61,228,1.1484,0.1447,0.003,1.744,228,0.003,4.541,228,0
Malerkotla,62,228,0.9853,0.1404,0.003,1.885,228,0.002,4.541,228,0
Malerkotla,63,228,0.919,0.136,0.003,2.358,228,0.002,4.614,228,0
Malerkotla,64,228,0.9049,0.136,0.003,2.378,228,0.012,4.541,228,0
Malerkotla,65,228,0.9523,0.1404,0.006,3.089,228,0.022,4.53,228,0
Malerkotla,66,228,0.8733,0.1404,0.012,4.367,228,0.022,3.841,228,0
Malerkotla,67,228,0.8542,0.136,0.012,4.523,228,0.022,3.011,228,0
Malerkotla,68,240,0.9054,0.125,0.003,4.541,240,0.021,2.558,240,0
Malerkotla,69,240,0.793,0.1167,0.003,4.541,240,0.025,2.378,240,0
Malerkotla,70,240,0.6691,0.1083,0.002,4.607,240,0.043,2.378,240,0
Malerkotla,71,240,0.7356,0.1083,0.0,4.541,240,0.045,2.773,240,0
Malerkotla,72,240,0.7279,0.1042,0.012,4.519,240,0.057,2.992,240,0
Malerkotla,73,240,0.7525,0.1042,0.014,3.841,240,0.058,3.289,240,0
Malerkotla,74,240,0.746,0.1042,0.015,3.011,240,0.059,3.504,240,0
Malerkotla,75,240,0.7431,0.1,0.021,2.558,240,0.059,3.811,240,0
Malerkotla,76,240,0.7731,0.1042,0.025,2.378,240,0.059,4.234,240,0
Malerkotla,77,240,0.9121,0.1125,0.043,2.378,240,0.062,4.346,240,0
Malerkotla,78,240,0.9651,0.1125,0.045,2.773,240,0.083,4.348,240,0
Malerkotla,79,240,0.899,0.1083,0.057,2.992,240,0.139,4.381,240,0
Malerkotla,80,240,0.8875,0.1042,0.058,3.289,240,0.139,4.348,240,0
Malerkotla,81,240,0.8543,0.1,0.059,3.504,240,0.062,4.348,240,0
Malerkotla,82,240,0.8152,0.1042,0.059,3.811,240,0.059,4.348,240,0
Malerkotla,83,240,0.8039,0.1167,0.059,4.234,240,0.051,4.381,240,0
Malerkotla,84,240,0.8077,0.1208,0.062,4.346,240,0.038,4.348,240,0
Malerkotla,85,240,0.8366,0.1208,0.083,4.348,240,0.009,4.326,240,0
Malerkotla,86,240,0.7744,0.125,0.139,4.381,240,0.007,3.884,240,0
Malerkotla,87,240,0.8132,0.1292,0.139,4.348,240,0.007,3.477,240,0
Malerkotla,88,240,0.8332,0.1333,0.062,4.348,240,0.007,3.477,240,0
Malerkotla,89,240,0.8552,0.1333,0.059,4.348,240,0.007,2.948,240,0
Malerkotla,90,240,0.8791,0.1417,0.051,4.381,240,0.007,2.515,240,0
Malerkotla,91,240,0.8538,0.1375,0.038,4.348,240,0.01,2.515,240,0
Malerkotla,92,240,0.7123,0.125,0.009,4.326,240,0.01,2.948,240,0
Malerkotla,93,240,0.6504,0.1208,0.007,3.884,240,0.011,4.093,240,0
Malerkotla,94,240,0.6578,0.125,0.007,3.477,240,0.011,4.327,240,0
Malerkotla,95,240,0.6309,0.1292,0.007,3.477,240,0.012,4.615,240,0
Malerkotla,96,240,0.6127,0.125,0.007,2.948,240,0.015,5.85,240,0
Malerkotla,97,240,0.5893,0.1208,0.007,2.515,240,0.042,6.628,240,0
Malerkotla,98,240,0.497,0.1042,0.01,2.515,240,0.17,7.323,240,0
Malerkotla,99,240,0.5361,0.1083,0.01,2.948,240,0.468,7.813,240,0
Malerkotla,100,240,0.6405,0.1167,0.011,4.093,240,0.9,8.581,240,0
Malerkotla,101,240,0.7529,0.1292,0.011,4.327,240,0.936,8.803,240,0
Malerkotla,102,240,0.812,0.1375,0.012,4.615,240,0.936,8.984,240,0
Malerkotla,103,240,0.8185,0.1375,0.015,5.85,240,0.931,8.687,240,0
Malerkotla,104,240,0.8493,0.15,0.042,6.628,240,0.868,8.46,240,0
Malerkotla,105,240,0.837,0.1417,0.17,7.323,240,0.639,7.753,240,0
Malerkotla,106,240,0.8284,0.1375,0.468,7.813,240,0.468,7.186,240,0
Malerkotla,107,240,0.8518,0.1417,0.9,8.581,240,0.322,6.488,240,0
Malerkotla,108,240,0.8325,0.1375,0.936,8.803,240,0.206,6.149,240,0
Malerkotla,109,240,0.7902,0.125,0.936,8.984,240,0.142,5.625,240,0
Malerkotla,110,240,0.7254,0.1167,0.931,8.687,240,0.102,5.574,240,0
Malerkotla,111,240,0.744,0.125,0.868,8.46,240,0.102,5.085,240,0
Malerkotla,112,240,0.7808,0.1292,0.639,7.753,240,0.102,4.018,240,0
Malerkotla,113,240,0.7902,0.1333,0.468,7.186,240,0.103,3.193,240,0
Malerkotla,114,240,0.7721,0.1375,0.322,6.488,240,0.113,3.193,240,0
Malerkotla,115,240,0.6368,0.125,0.206,6.149,240,0.124,3.193,240,0
Malerkotla,116,240,0.5368,0.1208,0.142,5.625,240,0.152,3.812,240,0
Malerkotla,117,240,0.519,0.1208,0.102,5.574,240,0.161,4.368,240,0
Malerkotla,118,240,0.5044,0.1292,0.102,5.085,240,0.178,4.479,240,0
Malerkotla,119,240,0.4839,0.1292,0.102,4.018,240,0.18,5.556,240,0
Malerkotla,120,240,0.5373,0.1375,0.103,3.193,240,0.182,5.574,240,0
Malerkotla,121,240,0.5796,0.1458,0.113,3.193,240,0.188,5.716,240,0
Malerkotla,122,240,0.5847,0.15,0.124,3.193,240,0.182,5.716,240,0
Malerkotla,123,240,0.6295,0.1625,0.152,3.812,240,0.18,5.658,240,0
Malerkotla,124,240,0.8008,0.1875,0.161,4.368,240,0.178,5.579,240,0
Malerkotla,125,240,0.8657,0.2083,0.178,4.479,240,0.178,5.556,240,0
Malerkotla,126,240,0.997,0.2125,0.18,5.556,240,0.178,4.878,240,0
Malerkotla,127,240,0.9813,0.2167,0.182,5.574,240,0.177,4.846,240,0
Malerkotla,128,240,1.0054,0.225,0.188,5.716,240,0.17,4.78,240,0
Malerkotla,129,240,1.0315,0.2208,0.182,5.716,240,0.159,4.67,240,0
Malerkotla,130,240,1.0311,0.225,0.18,5.658,240,0.151,4.368,240,0
Malerkotla,131,240,1.0203,0.2208,0.178,5.579,240,0.139,4.065,240,0
Malerkotla,132,240,0.9325,0.2083,0.178,5.556,240,0.114,3.839,240,0
Malerkotla,133,240,0.8491,0.1917,0.178,4.878,240,0.094,3.748,240,0
Malerkotla,134,240,0.8159,0.1792,0.177,4.846,240,0.063,3.723,240,0
Malerkotla,135,240,0.8417,0.1792,0.17,4.78,240,0.059,3.641,240,0
Malerkotla,136,240,0.8423,0.1833,0.159,4.67,240,0.058,3.567,240,0
Malerkotla,137,240,0.9979,0.1958,0.151,4.368,240,0.059,3.512,240,0
Malerkotla,138,240,1.0416,0.2,0.139,4.065,240,0.059,3.448,240,0
Malerkotla,139,240,0.9219,0.1875,0.114,3.839,240,0.059,3.448,240,0
Malerkotla,140,240,0.933,0.175,0.094,3.748,240,0.061,3.481,240,0
Malerkotla,141,240,0.8107,0.1667,0.063,3.723,240,0.066,3.554,240,0
Malerkotla,142,240,0.8568,0.1667,0.059,3.641,240,0.097,5.08,240,0
Malerkotla,143,240,0.8916,0.1708,0.058,3.567,240,0.114,7.091,240,0
Malerkotla,144,240,0.9614,0.1833,0.059,3.512,240,0.14,8.931,240,0
Malerkotla,145,240,1.0467,0.1917,0.059,3.448,240,0.223,12.926,240,0
Malerkotla,146,240,1.0919,0.1875,0.059,3.448,240,0.536,16.473,240,0
Malerkotla,147,240,1.0896,0.1833,0.061,3.481,240,0.685,18.131,240,0
Malerkotla,148,240,1.0874,0.1833,0.066,3.554,240,0.894,18.298,240,0
Malerkotla,149,240,1.0831,0.1792,0.097,5.08,240,1.177,19.368,240,0
Malerkotla,150,240,1.019,0.175,0.114,7.091,240,1.9,22.389,240,0
Malerkotla,151,240,1.1348,0.1833,0.14,8.931,240,2.802,25.347,240,0
Malerkotla,152,240,1.0155,0.175,0.223,12.926,240,5.158,27.134,240,0
Malerkotla,153,240,0.9698,0.1667,0.536,16.473,240,6.643,30.343,240,1
Malerkotla,154,240,0.9884,0.175,0.685,18.131,240,7.729,36.807,240,1
Malerkotla,155,240,0.9477,0.1792,0.894,18.298,240,9.818,43.538,240,1
Malerkotla,156,240,0.9601,0.175,1.177,19.368,240,11.017,46.887,240,1
Malerkotla,157,240,0.9781,0.1708,1.9,22.389,240,12.307,48.254,240,1
Malerkotla,158,240,1.0934,0.1667,2.802,25.347,240,13.839,49.184,240,1
Malerkotla,159,240,1.0858,0.1583,5.158,27.134,240,16.521,50.996,240,1
Malerkotla,160,240,1.1708,0.1583,6.643,30.343,240,17.764,53.12,240,1
Malerkotla,161,240,1.1096,0.1542,7.729,36.807,240,18.941,53.331,240,1
Malerkotla,162,240,1.1228,0.1625,9.818,43.538,240,22.896,53.331,240,1
Malerkotla,163,240,1.1562,0.1667,11.017,46.887,240,25.426,54.654,240,1
Malerkotla,164,240,1.1847,0.175,12.307,48.254,240,26.47,55.067,240,1
Malerkotla,165,240,1.2815,0.175,13.839,49.184,240,27.473,55.143,240,1
Malerkotla,166,240,1.1516,0.1625,16.521,50.996,240,30.157,55.143,240,1
Malerkotla,167,240,1.1482,0.1583,17.764,53.12,240,30.811,55.206,240,1
Malerkotla,168,240,1.2512,0.1583,18.941,53.331,240,30.811,55.251,240,1
Malerkotla,169,240,1.3962,0.1583,22.896,53.331,240,30.663,55.206,240,1
Malerkotla,170,240,1.6168,0.1708,25.426,54.654,240,30.663,54.687,240,1
Malerkotla,171,240,1.9134,0.1958,26.47,55.067,240,29.397,53.853,240,1
Malerkotla,172,240,2.021,0.2125,27.473,55.143,240,28.695,53.921,240,1
Malerkotla,173,240,2.4336,0.225,30.157,55.143,240,28.392,53.921,240,1
Malerkotla,174,240,2.6639,0.2458,30.811,55.206,240,28.392,53.853,240,1
Malerkotla,175,240,2.8077,0.2667,30.811,55.251,240,28.537,53.703,240,1
Malerkotla,176,240,3.2002,0.3,30.663,55.206,240,28.392,53.921,240,1
Malerkotla,177,240,3.4069,0.325,30.663,54.687,240,27.819,54.972,240,1
Malerkotla,178,240,3.6001,0.3542,29.397,53.853,240,27.675,55.259,240,1
Malerkotla,179,240,3.8334,0.3875,28.695,53.921,240,27.675,54.94,240,1
Malerkotla,180,240,4.2001,0.425,28.392,53.921,240,26.733,53.853,240,1
Malerkotla,181,240,4.648,0.4625,28.392,53.853,240,26.422,53.576,240,1
Malerkotla,182,240,4.9771,0.5083,28.537,53.703,240,26.05,52.86,240,1
Malerkotla,183,240,5.208,0.5417,28.392,53.921,240,24.025,51.324,240,1
Malerkotla,184,240,5.3826,0.5583,27.819,54.972,240,26.05,49.108,240,1
Malerkotla,185,240,5.4337,0.5833,27.675,55.259,240,25.892,46.765,240,1
Malerkotla,186,240,5.5366,0.6042,27.675,54.94,240,25.197,45.657,240,1
Malerkotla,187,240,5.8936,0.6333,26.733,53.853,240,26.193,45.028,240,1
Malerkotla,188,240,5.6562,0.6583,26.422,53.576,240,26.392,45.241,240,1
Malerkotla,189,240,5.7543,0.6708,26.05,52.86,240,26.501,45.241,240,1
Malerkotla,190,240,5.9623,0.6792,24.025,51.324,240,26.369,45.362,240,1
Malerkotla,191,240,6.0561,0.6958,26.05,49.108,240,25.931,45.241,240,1
Malerkotla,192,240,6.237,0.7208,25.892,46.765,240,23.411,44.589,240,1
Malerkotla,193,240,6.6173,0.7333,25.197,45.657,240,22.7,45.014,240,1
Malerkotla,194,240,6.6979,0.7375,26.193,45.028,240,21.871,45.176,240,1
Malerkotla,195,240,6.7126,0.7417,26.392,45.241,240,21.815,46.171,240,1
Malerkotla,196,240,6.6544,0.7458,26.501,45.241,240,21.871,46.758,240,1
Malerkotla,197,240,6.5792,0.7417,26.369,45.362,240,22.54,47.453,240,1
Malerkotla,198,240,6.3899,0.7458,25.931,45.241,240,22.744,49.238,240,1
Malerkotla,199,240,6.3529,0.7667,23.411,44.589,240,23.66,51.824,240,1
Malerkotla,200,240,6.4174,0.7625,22.7,45.014,240,26.868,53.555,240,1
Malerkotla,201,240,6.2647,0.7667,21.871,45.176,240,27.158,54.494,240,1
Malerkotla,202,240,6.3144,0.7583,21.815,46.171,240,25.088,55.208,240,1
Malerkotla,203,240,6.5296,0.7542,21.871,46.758,240,23.824,54.743,240,1
Malerkotla,204,240,6.4859,0.7667,22.54,47.453,240,22.445,53.961,240,1
Malerkotla,205,240,6.5238,0.7875,22.744,49.238,240,21.319,53.203,240,1
Malerkotla,206,240,6.7086,0.7917,23.66,51.824,240,18.708,51.158,240,1
Malerkotla,207,240,6.7316,0.7875,26.868,53.555,240,18.435,48.205,240,1
Malerkotla,208,240,6.3775,0.7833,27.158,54.494,240,16.187,47.448,240,1
Malerkotla,209,240,6.2404,0.7833,25.088,55.208,240,15.647,46.858,240,1
Malerkotla,210,240,5.9615,0.775,23.824,54.743,240,16.78,46.434,240,1
Malerkotla,211,240,5.8029,0.7708,22.445,53.961,240,16.78,47.054,240,1
Malerkotla,212,240,5.8669,0.7583,21.319,53.203,240,15.303,47.032,240,1
Malerkotla,213,240,5.9754,0.7542,18.708,51.158,240,13.178,46.183,240,1
Malerkotla,214,240,5.9145,0.7375,18.435,48.205,240,12.499,45.658,240,1
Malerkotla,215,240,5.8751,0.725,16.187,47.448,240,12.128,44.78,240,1
Malerkotla,216,240,5.8786,0.7125,15.647,46.858,240,11.694,44.4,240,1
Malerkotla,217,240,5.6766,0.7125,16.78,46.434,240,11.374,43.755,240,1
Malerkotla,218,240,5.5633,0.7125,16.78,47.054,240,10.968,44.78,240,1
Malerkotla,219,240,5.423,0.6958,15.303,47.032,240,10.47,45.153,240,1
Malerkotla,220,240,5.4462,0.675,13.178,46.183,240,10.45,46.42,240,1
Malerkotla,221,240,5.2749,0.6583,12.499,45.658,240,10.45,48.09,240,1
Malerkotla,222,240,5.1772,0.65,12.128,44.78,240,10.259,50.147,240,1
Malerkotla,223,240,5.7019,0.65,11.694,44.4,240,9.997,50.147,240,1
Malerkotla,224,240,5.9158,0.65,11.374,43.755,240,9.036,49.241,240,1
Malerkotla,225,240,6.1354,0.6542,10.968,44.78,240,7.98,46.978,240,1
Malerkotla,226,240,6.4679,0.6583,10.47,45.153,240,7.064,41.185,240,1
Malerkotla,227,240,6.5432,0.6542,10.45,46.42,240,6.546,39.653,240,1
Malerkotla,228,240,6.523,0.65,10.45,48.09,240,6.546,35.632,240,1
Malerkotla,229,240,6.4762,0.6417,10.259,50.147,240,6.905,33.509,240,1
Malerkotla,230,240,6.397,0.6542,9.997,50.147,240,7.031,31.976,240,1
Malerkotla,231,240,6.491,0.65,9.036,49.241,240,7.031,30.01,240,1
Malerkotla,232,240,6.3519,0.6417,7.98,46.978,240,7.079,28.477,240,1
Malerkotla,233,240,6.2309,0.6375,7.064,41.185,240,7.183,28.477,240,1
Malerkotla,234,240,6.3072,0.6417,6.546,39.653,240,7.275,28.477,240,1
Malerkotla,235,240,6.0962,0.6333,6.546,35.632,240,7.54,27.179,240,1
Malerkotla,236,240,5.8708,0.6292,6.905,33.509,240,7.54,21.283,240,1
Malerkotla,237,240,6.0396,0.6125,7.031,31.976,240,7.54,17.576,240,1
Malerkotla,238,240,5.8048,0.6208,7.031,30.01,240,7.516,15.601,240,1
Malerkotla,239,240,5.8616,0.6292,7.079,28.477,240,7.507,14.586,240,1
Malerkotla,240,240,6.2091,0.6375,7.183,28.477,240,7.453,13.532,240,1
Malerkotla,241,240,6.0038,0.6292,7.275,28.477,240,7.205,13.067,240,1
Malerkotla,242,240,5.8413,0.6333,7.54,27.179,240,6.781,12.218,240,1
Malerkotla,243,240,5.82,0.6375,7.54,21.283,240,6.441,11.969,240,1
Malerkotla,244,240,5.8494,0.65,7.54,17.576,240,5.484,11.305,240,1
Malerkotla,245,240,6.0606,0.6458,7.516,15.601,240,4.959,10.41,240,1
Malerkotla,246,240,6.3159,0.6458,7.507,14.586,240,4.516,9.201,240,1
Malerkotla,247,240,6.2751,0.6417,7.453,13.532,240,3.957,8.585,240,1
Malerkotla,248,240,6.3083,0.6292,7.205,13.067,240,3.665,7.897,240,1
Malerkotla,249,240,6.2112,0.6167,6.781,12.218,240,3.441,7.508,240,1
Malerkotla,250,240,5.9669,0.6167,6.441,11.969,240,3.092,5.812,240,1
Malerkotla,251,240,5.9628,0.6083,5.484,11.305,240,2.946,5.596,240,1
Malerkotla,252,240,5.8172,0.6042,4.959,10.41,240,2.772,5.357,240,1
Malerkotla,253,240,5.5615,0.5833,4.516,9.201,240,2.432,5.15,240,1
Malerkotla,254,240,5.1846,0.5542,3.957,8.585,240,2.263,4.489,240,1
Malerkotla,255,240,4.4843,0.5167,3.665,7.897,240,2.042,3.913,240,1
Malerkotla,256,240,4.2625,0.5,3.441,7.508,240,1.877,3.505,240,1
Malerkotla,257,240,4.1344,0.5,3.092,5.812,240,1.667,3.229,240,1
Malerkotla,258,240,4.1915,0.5,2.946,5.596,240,1.21,3.026,240,1
Malerkotla,259,240,4.8815,0.5042,2.772,5.357,240,0.374,2.781,240,1
Malerkotla,260,240,4.8292,0.4875,2.432,5.15,240,0.271,2.445,240,1
Malerkotla,261,240,4.5471,0.4792,2.263,4.489,240,0.216,2.145,240,1
Malerkotla,262,240,4.3509,0.4542,2.042,3.913,240,0.107,1.918,240,1
Malerkotla,263,240,4.0524,0.4542,1.877,3.505,240,0.063,1.645,240,1
Malerkotla,264,240,3.8997,0.4458,1.667,3.229,240,0.033,0.821,240,1
Malerkotla,265,240,3.8324,0.4333,1.21,3.026,240,0.024,0.386,240,1
Malerkotla,266,240,3.6219,0.4208,0.374,2.781,240,0.022,0.34,240,1
Malerkotla,267,240,3.3721,0.4208,0.271,2.445,240,0.022,0.324,240,1
Malerkotla,268,240,3.1484,0.4083,0.216,2.145,240,0.022,0.298,240,1
Malerkotla,269,240,3.1084,0.3917,0.107,1.918,240,0.022,0.325,240,1
Malerkotla,270,240,3.0634,0.3917,0.063,1.645,240,0.024,0.351,240,1
Malerkotla,271,240,2.9224,0.3792,0.033,0.821,240,0.027,0.37,240,1
Malerkotla,272,240,2.8059,0.35,0.024,0.386,240,0.048,0.392,240,1
Malerkotla,273,240,2.5497,0.325,0.022,0.34,240,0.086,0.502,240,1
Malerkotla,274,240,1.629,0.2833,0.022,0.324,240,0.157,0.662,240,1
Malerkotla,275,240,1.2482,0.2667,0.022,0.298,240,0.282,0.721,240,0
Malerkotla,276,240,0.9205,0.2542,0.022,0.325,240,0.328,0.803,240,0
Malerkotla,277,240,0.9127,0.2625,0.024,0.351,240,0.378,0.847,240,0
Malerkotla,278,240,0.8469,0.2375,0.027,0.37,240,0.405,0.887,240,0
Malerkotla,279,240,0.7648,0.2125,0.048,0.392,240,0.509,0.921,240,0
Malerkotla,280,240,0.7022,0.1917,0.086,0.502,240,0.586,0.948,240,0
Malerkotla,281,240,0.7104,0.1917,0.157,0.662,240,0.648,1.014,240,0
Malerkotla,282,240,0.6241,0.175,0.282,0.721,240,0.712,1.059,240,0
Malerkotla,283,240,0.6002,0.1583,0.328,0.803,240,0.757,1.088,240,0
Malerkotla,284,240,0.5347,0.15,0.378,0.847,240,0.795,1.116,240,0
Malerkotla,285,240,0.4762,0.1333,0.405,0.887,240,0.82,1.126,240,0
Malerkotla,286,240,0.4425,0.1167,0.509,0.921,240,0.836,1.135,240,0
Malerkotla,287,240,0.4005,0.1125,0.586,0.948,240,0.818,1.152,240,0
Malerkotla,288,240,0.3454,0.0958,0.648,1.014,240,0.804,1.162,240,0
Malerkotla,289,240,0.3019,0.0875,0.712,1.059,240,0.778,1.2,240,0
Malerkotla,290,240,0.2829,0.0833,0.757,1.088,240,0.746,1.156,240,0
Malerkotla,291,240,0.2447,0.0708,0.795,1.116,240,0.686,1.124,240,0
Malerkotla,292,240,0.2543,0.0542,0.82,1.126,240,0.646,1.079,240,0
Malerkotla,293,240,0.2463,0.0542,0.836,1.135,240,0.579,1.02,240,0
Malerkotla,294,240,0.2453,0.0542,0.818,1.152,240,0.467,0.989,240,0
Malerkotla,295,240,0.2393,0.05,0.804,1.162,240,0.375,0.947,240,0
Malerkotla,296,240,0.165,0.0333,0.778,1.2,240,0.322,0.898,240,0
Malerkotla,297,240,0.1523,0.025,0.746,1.156,240,0.268,0.816,240,0
Malerkotla,298,240,0.1116,0.0208,0.686,1.124,240,0.239,0.747,240,0
Malerkotla,299,240,0.1272,0.025,0.646,1.079,240,0.198,0.673,240,0
Malerkotla,300,240,0.1327,0.025,0.579,1.02,240,0.132,0.599,240,0
Malerkotla,301,240,0.1448,0.025,0.467,0.989,240,0.085,0.505,240,0
Malerkotla,302,240,0.1486,0.0208,0.375,0.947,240,0.044,0.404,240,0
Malerkotla,303,240,0.1581,0.0208,0.322,0.898,240,0.0,0.329,240,0
Malerkotla,304,240,0.1645,0.0208,0.268,0.816,240,0.0,0.287,240,0
Malerkotla,305,240,0.1722,0.025,0.239,0.747,240,0.0,0.239,240,0
Malerkotla,306,240,0.1737,0.0208,0.198,0.673,240,0.0,0.18,240,0
Malerkotla,307,240,0.1331,0.0167,0.132,0.599,240,0.0,0.13,240,0
Malerkotla,308,240,0.1378,0.0167,0.085,0.505,240,0.0,0.09,240,0
Malerkotla,309,240,0.1475,0.0208,0.044,0.404,240,0.0,0.057,240,0
Malerkotla,310,240,0.151,0.0208,0.0,0.329,240,0.0,0.029,240,0
Malerkotla,311,240,0.153,0.0208,0.0,0.287,240,0.0,0.0,240,0
Malerkotla,312,240,0.1637,0.0208,0.0,0.239,240,0.0,0.0,240,0
Malerkotla,313,240,0.2009,0.0292,0.0,0.18,240,0.0,0.0,240,0
Malerkotla,314,240,0.198,0.0292,0.0,0.13,240,0.0,0.0,240,0
Malerkotla,315,240,0.1976,0.0292,0.0,0.09,240,0.0,0.0,240,0
Malerkotla,316,240,0.1903,0.0292,0.0,0.057,240,0.0,0.0,240,0
Malerkotla,317,240,0.1812,0.0292,0.0,0.029,240,0.0,0.0,240,0
Malerkotla,318,240,0.1746,0.0292,0.0,0.0,240,0.0,0.0,240,0
Malerkotla,319,240,0.1702,0.0292,0.0,0.0,240,0.0,0.0,240,0
Malerkotla,320,240,0.1558,0.025,0.0,0.0,240,0.0,0.0,240,0
Malerkotla,321,240,0.1568,0.0292,0.0,0.0,240,0.0,0.001,240,0
Malerkotla,322,240,0.1474,0.0292,0.0,0.0,240,0.0,0.003,240,0
Malerkotla,323,240,0.1384,0.025,0.0,0.0,240,0.0,0.004,240,0
Malerkotla,324,240,0.1354,0.025,0.0,0.0,240,0.0,0.005,240,0
Malerkotla,325,240,0.2234,0.0375,0.0,0.0,240,0.0,0.008,240,0
Malerkotla,326,240,0.2284,0.0417,0.0,0.0,240,0.0,0.03,240,0
Malerkotla,327,240,0.2236,0.0458,0.0,0.0,240,0.0,0.047,240,0
Malerkotla,328,240,0.2208,0.0458,0.0,0.001,240,0.001,0.142,240,0
Malerkotla,329,240,0.2185,0.0458,0.0,0.003,240,0.003,0.262,240,0
Malerkotla,330,240,0.2239,0.05,0.0,0.004,240,0.004,0.346,239,0
Malerkotla,331,240,0.2446,0.0583,0.0,0.005,240,0.005,0.378,238,0
Malerkotla,332,240,0.2522,0.0625,0.0,0.008,240,0.007,0.435,237,0
Malerkotla,333,240,0.3087,0.0708,0.0,0.03,240,0.017,0.616,236,0
Malerkotla,334,240,0.3066,0.0708,0.0,0.047,240,0.047,0.722,235,0
Malerkotla,335,240,0.3004,0.0667,0.001,0.142,240,0.158,1.221,234,0
Malerkotla,336,240,0.2911,0.0625,0.003,0.262,240,0.302,1.443,233,0
Malerkotla,337,240,0.2895,0.0625,0.004,0.346,239,0.35,1.582,232,0
Malerkotla,338,240,0.2855,0.0625,0.005,0.378,238,0.388,1.601,231,0
Malerkotla,339,240,0.2895,0.0625,0.007,0.435,237,0.429,1.643,230,0
Malerkotla,340,240,0.2633,0.0542,0.017,0.616,236,0.445,1.654,229,0
Malerkotla,341,240,0.3923,0.0625,0.047,0.722,235,0.466,1.757,228,0
Malerkotla,342,240,0.3955,0.0625,0.158,1.221,234,0.434,1.842,227,0
Malerkotla,343,240,0.3628,0.0542,0.302,1.443,233,0.428,1.936,226,0
Malerkotla,344,240,0.3522,0.05,0.35,1.582,232,0.425,1.962,225,0
Malerkotla,345,240,0.3415,0.0458,0.388,1.601,231,0.378,1.888,225,0
Malerkotla,346,240,0.3159,0.0375,0.429,1.643,230,0.247,1.896,225,0
Malerkotla,347,240,0.3057,0.0333,0.445,1.654,229,0.176,1.976,225,0
Malerkotla,348,240,0.2491,0.025,0.466,1.757,228,0.127,1.896,225,0
Malerkotla,349,240,0.2505,0.025,0.434,1.842,227,0.093,1.656,225,0
Malerkotla,350,240,0.2518,0.025,0.428,1.936,226,0.057,1.393,225,0
Malerkotla,351,240,0.2519,0.025,0.425,1.962,225,0.021,1.212,225,0
Malerkotla,352,240,0.2519,0.025,0.378,1.888,225,0.007,1.204,225,0
Malerkotla,353,240,0.2511,0.025,0.247,1.896,225,0.003,1.204,225,0
Malerkotla,354,240,0.2435,0.0208,0.176,1.976,225,0.001,1.199,225,0
Malerkotla,355,240,0.1911,0.025,0.127,1.896,225,0.0,1.199,225,0
Malerkotla,356,240,0.064,0.0167,0.093,1.656,225,0.0,1.199,225,0
Malerkotla,357,240,0.0629,0.0167,0.057,1.393,225,0.0,1.199,225,0
Malerkotla,358,240,0.1129,0.0208,0.021,1.212,225,0.0,1.069,225,0
Malerkotla,359,240,0.1264,0.025,0.007,1.204,225,0.0,0.327,225,0
Malerkotla,360,240,0.1445,0.0292,0.002,1.2,226,0.0,0.251,226,0
Malerkotla,361,240,0.1546,0.0333,0.0,1.168,227,0.0,0.232,227,0
Malerkotla,362,240,0.1747,0.0417,0.0,1.152,228,0.0,0.22,228,0
Malerkotla,363,240,0.2049,0.05,0.0,1.134,229,0.0,0.212,229,0
Malerkotla,364,240,0.5137,0.0667,0.0,1.116,230,0.0,0.226,230,0
Malerkotla,365,240,0.5304,0.0708,0.0,0.437,231,0.0,0.219,231,0
Malerkotla,366,240,0.5874,0.0792,0.0,0.251,232,0.0,0.231,232,0
Moonak,1,240,0.4055,0.0292,0.0,0.377,233,0.0,0.374,233,0
Moonak,2,240,0.4055,0.0292,0.0,0.351,234,0.0,0.328,234,0
Moonak,3,240,0.4053,0.0292,0.0,0.375,235,0.0,0.389,235,0
Moonak,4,240,0.405,0.0292,0.0,0.374,236,0.0,0.418,236,0
Moonak,5,240,0.4155,0.0333,0.0,0.377,237,0.0,0.4,237,0
Moonak,6,240,0.3998,0.0333,0.0,0.375,238,0.0,0.29,238,0
Moonak,7,240,0.3554,0.0292,0.0,0.184,239,0.0,0.408,239,0
Moonak,8,240,0.3545,0.0292,0.0,0.167,240,0.0,0.483,240,0
Moonak,9,240,0.3621,0.0333,0.0,0.167,240,0.0,0.932,240,0
Moonak,10,240,0.5092,0.0417,0.0,0.167,240,0.0,1.062,240,0
Moonak,11,240,0.545,0.05,0.0,0.32,240,0.0,1.19,240,0
Moonak,12,240,0.5406,0.05,0.0,0.347,240,0.0,1.062,240,0
Moonak,13,240,0.2759,0.0458,0.0,0.269,240,0.0,0.71,240,0
Moonak,14,240,0.3268,0.05,0.0,0.399,240,0.0,0.828,240,0
Moonak,15,240,0.3522,0.0542,0.0,0.483,240,0.0,0.936,240,0
Moonak,16,240,0.3397,0.05,0.0,0.932,240,0.0,1.138,240,0
Moonak,17,240,0.3428,0.05,0.0,1.062,240,0.0,1.205,240,0
Moonak,18,240,0.394,0.0542,0.0,1.19,240,0.0,1.914,240,0
Moonak,19,240,0.4987,0.0583,0.0,1.062,240,0.0,2.105,240,0
Moonak,20,240,0.4892,0.0542,0.0,0.71,240,0.0,2.247,240,0
Moonak,21,240,0.4827,0.05,0.0,0.828,240,0.0,2.815,240,0
Moonak,22,240,0.4814,0.05,0.0,0.936,240,0.0,2.867,240,0
Moonak,23,240,0.4814,0.05,0.0,1.138,240,0.0,2.902,240,0
Moonak,24,240,0.5172,0.0542,0.0,1.205,240,0.0,2.914,240,0
Moonak,25,240,0.3948,0.0542,0.0,1.914,240,0.0,2.914,240,0
Moonak,26,240,0.3945,0.0542,0.0,2.105,240,0.0,2.902,240,0
Moonak,27,240,0.4663,0.0708,0.0,2.247,240,0.0,2.914,240,0
Moonak,28,240,0.5485,0.0833,0.0,2.815,240,0.0,2.914,240,0
Moonak,29,240,0.5293,0.0833,0.0,2.867,240,0.0,2.914,240,0
Moonak,30,240,0.4817,0.075,0.0,2.902,240,0.0,2.914,240,0
Moonak,31,240,0.4791,0.075,0.0,2.914,240,0.0,2.867,240,0
Moonak,32,240,0.5575,0.0792,0.0,2.914,240,0.0,2.867,240,0
Moonak,33,240,0.5133,0.0792,0.0,2.902,240,0.0,2.304,240,0
Moonak,34,240,0.4096,0.075,0.0,2.914,240,0.0,1.861,240,0
Moonak,35,240,0.4215,0.0833,0.0,2.914,240,0.0,1.328,240,0
Moonak,36,240,0.436,0.0917,0.0,2.914,240,0.0,1.328,240,0
Moonak,37,240,0.4511,0.1,0.0,2.914,240,0.0,1.328,240,0
Moonak,38,240,0.4965,0.1083,0.0,2.867,240,0.0,1.377,240,0
Moonak,39,240,0.4814,0.1083,0.0,2.867,240,0.0,2.113,240,0
Moonak,40,240,0.5449,0.1083,0.0,2.304,240,0.0,2.361,240,0
Moonak,41,240,0.5154,0.1042,0.0,1.861,240,0.0,3.306,240,0
Moonak,42,240,0.4564,0.0917,0.0,1.328,240,0.0,2.942,240,0
Moonak,43,240,0.3762,0.075,0.0,1.328,240,0.0,2.381,240,0
Moonak,44,240,0.4625,0.0917,0.0,1.328,240,0.0,2.359,240,0
Moonak,45,240,0.4845,0.1,0.0,1.377,240,0.0,2.249,240,0
Moonak,46,240,0.5334,0.1083,0.0,2.113,240,0.0,2.249,240,0
Moonak,47,240,0.5676,0.1125,0.0,2.361,240,0.0,2.157,240,0
Moonak,48,240,0.5815,0.1125,0.0,3.306,240,0.0,1.984,240,0
Moonak,49,240,0.6621,0.125,0.0,2.942,240,0.0,1.871,240,0
Moonak,50,240,0.6717,0.1208,0.0,2.381,240,0.0,1.565,240,0
Moonak,51,240,0.7302,0.1208,0.0,2.359,240,0.0,1.508,240,0
Moonak,52,240,0.7725,0.1167,0.0,2.249,240,0.0,1.328,240,0
Moonak,53,228,0.7654,0.114,0.0,2.253,228,0.0,1.191,228,0
Moonak,54,228,0.7732,0.1096,0.0,2.175,228,0.0,1.138,228,0
Moonak,55,228,0.7276,0.1096,0.0,1.987,228,0.0,1.081,228,0
Moonak,56,228,0.7213,0.1053,0.0,1.945,228,0.0,0.993,228,0
Moonak,57,228,0.7383,0.1096,0.0,1.745,228,0.0,0.732,228,0
Moonak,58,228,0.8238,0.1184,0.0,1.517,228,0.0,0.732,228,0
Moonak,59,228,0.6944,0.0921,0.0,1.417,228,0.0,0.732,228,0
Moonak,60,228,0.6997,0.0877,0.0,1.191,228,0.0,0.732,228,0
Moonak,61,228,0.6631,0.0833,0.0,1.138,228,0.0,0.723,228,0
Moonak,62,228,0.5498,0.0789,0.0,1.081,228,0.0,0.604,228,0
Moonak,63,228,0.5476,0.0789,0.0,0.993,228,0.0,0.604,228,0
Moonak,64,228,0.4888,0.0746,0.0,0.732,228,0.0,0.604,228,0
Moonak,65,228,0.59,0.0789,0.0,0.732,228,0.0,0.669,228,0
Moonak,66,228,0.5542,0.0877,0.0,0.732,228,0.0,0.78,228,0
Moonak,67,228,0.6374,0.1009,0.0,0.732,228,0.0,0.92,228,0
Moonak,68,240,0.7123,0.1042,0.0,0.732,240,0.0,1.206,240,0
Moonak,69,240,0.6805,0.1042,0.0,0.663,240,0.0,1.436,240,0
Moonak,70,240,0.6548,0.1,0.0,0.604,240,0.0,1.485,240,0
Moonak,71,240,0.7155,0.1042,0.0,0.604,240,0.0,1.687,240,0
Moonak,72,240,0.7134,0.1,0.0,0.604,240,0.0,2.225,240,0
Moonak,73,240,0.6871,0.0958,0.0,0.771,240,0.0,2.86,240,0
Moonak,74,240,0.6927,0.1,0.0,0.849,240,0.0,3.073,240,0
Moonak,75,240,0.668,0.0958,0.0,1.206,240,0.0,3.626,240,0
Moonak,76,240,0.6891,0.1,0.0,1.436,240,0.0,3.703,240,0
Moonak,77,240,0.7085,0.1042,0.0,1.485,240,0.0,3.907,240,0
Moonak,78,240,0.71,0.1042,0.0,1.687,240,0.003,3.772,240,0
Moonak,79,240,0.6989,0.1,0.0,2.225,240,0.017,3.703,240,0
Moonak,80,240,0.6489,0.0958,0.0,2.86,240,0.0,3.695,240,0
Moonak,81,240,0.6115,0.0792,0.0,3.073,240,0.0,3.648,240,0
Moonak,82,240,0.5235,0.0708,0.0,3.626,240,0.0,3.073,240,0
Moonak,83,240,0.4429,0.0708,0.0,3.703,240,0.0,2.225,240,0
Moonak,84,240,0.4402,0.0708,0.0,3.907,240,0.0,1.641,240,0
Moonak,85,240,0.4359,0.075,0.003,3.772,240,0.0,1.482,240,0
Moonak,86,240,0.4129,0.075,0.017,3.703,240,0.0,1.131,240,0
Moonak,87,240,0.3927,0.075,0.0,3.695,240,0.0,1.04,240,0
Moonak,88,240,0.4365,0.0833,0.0,3.648,240,0.0,1.244,240,0
Moonak,89,240,0.4431,0.0833,0.0,3.073,240,0.0,1.244,240,0
Moonak,90,240,0.4446,0.0833,0.0,2.225,240,0.0,1.515,240,0
Moonak,91,240,0.4109,0.075,0.0,1.641,240,0.0,1.562,240,0
Moonak,92,240,0.3848,0.0667,0.0,1.482,240,0.0,1.673,240,0
Moonak,93,240,0.3848,0.0667,0.0,1.131,240,0.0,1.775,240,0
Moonak,94,240,0.3948,0.0708,0.0,1.04,240,0.0,2.184,240,0
Moonak,95,240,0.3755,0.0833,0.0,1.244,240,0.0,2.925,240,0
Moonak,96,240,0.4134,0.0958,0.0,1.244,240,0.0,3.379,240,0
Moonak,97,240,0.4308,0.1042,0.0,1.515,240,0.017,4.508,240,0
Moonak,98,240,0.4265,0.1042,0.0,1.562,240,0.017,4.845,240,0
Moonak,99,240,0.4786,0.1083,0.0,1.673,240,0.018,5.305,240,0
Moonak,100,240,0.5618,0.1208,0.0,1.775,240,0.018,5.414,240,0
Moonak,101,240,0.6825,0.1292,0.0,2.184,240,0.017,5.414,240,0
Moonak,102,240,0.7461,0.1375,0.0,2.925,240,0.015,5.414,240,0
Moonak,103,240,0.6876,0.1333,0.0,3.379,240,0.013,5.406,240,0
Moonak,104,240,0.7051,0.1375,0.017,4.508,240,0.013,4.819,240,0
Moonak,105,240,0.7101,0.1417,0.017,4.845,240,0.009,4.622,240,0
Moonak,106,240,0.7095,0.1417,0.018,5.305,240,0.001,3.616,240,0
Moonak,107,240,0.7145,0.1458,0.018,5.414,240,0.0,3.367,240,0
Moonak,108,240,0.6941,0.1417,0.017,5.414,240,0.0,3.273,240,0
Moonak,109,240,0.6714,0.1333,0.015,5.414,240,0.0,3.196,240,0
Moonak,110,240,0.6221,0.1167,0.013,5.406,240,0.0,2.947,240,0
Moonak,111,240,0.6155,0.1125,0.013,4.819,240,0.0,2.829,240,0
Moonak,112,240,0.5607,0.0958,0.009,4.622,240,0.0,2.557,240,0
Moonak,113,240,0.5457,0.0917,0.001,3.616,240,0.0,2.557,240,0
Moonak,114,240,0.5064,0.0917,0.0,3.367,240,0.0,3.153,240,0
Moonak,115,240,0.4208,0.0792,0.0,3.273,240,0.0,3.643,240,0
Moonak,116,240,0.2883,0.0833,0.0,3.196,240,0.0,3.835,240,0
Moonak,117,240,0.3464,0.0958,0.0,2.947,240,0.0,3.865,240,0
Moonak,118,240,0.3751,0.1042,0.0,2.829,240,0.0,3.887,240,0
Moonak,119,240,0.4089,0.1208,0.0,2.557,240,0.0,4.036,240,0
Moonak,120,240,0.4526,0.1292,0.0,2.557,240,0.0,4.073,240,0
Moonak,121,240,0.504,0.1417,0.0,3.153,240,0.0,4.618,240,0
Moonak,122,240,0.5584,0.1458,0.0,3.643,240,0.0,4.65,240,0
Moonak,123,240,0.5933,0.1583,0.0,3.835,240,0.0,4.735,240,0
Moonak,124,240,0.6566,0.1792,0.0,3.865,240,0.0,4.817,240,0
Moonak,125,240,0.7127,0.1917,0.0,3.887,240,0.0,4.932,240,0
Moonak,126,240,0.7433,0.1875,0.0,4.036,240,0.0,4.967,240,0
Moonak,127,240,0.7581,0.1917,0.0,4.073,240,0.0,4.932,240,0
Moonak,128,240,0.7815,0.1958,0.0,4.618,240,0.0,4.849,240,0
Moonak,129,240,0.7897,0.1917,0.0,4.65,240,0.0,4.817,240,0
Moonak,130,240,0.782,0.1875,0.0,4.735,240,0.0,4.573,240,0
Moonak,131,240,0.7686,0.1792,0.0,4.817,240,0.0,4.252,240,0
Moonak,132,240,0.6554,0.1625,0.0,4.932,240,0.0,3.999,240,0
Moonak,133,240,0.5879,0.15,0.0,4.967,240,0.0,3.936,240,0
Moonak,134,240,0.5396,0.1333,0.0,4.932,240,0.0,3.912,240,0
Moonak,135,240,0.6078,0.1333,0.0,4.849,240,0.0,3.9,240,0
Moonak,136,240,0.5965,0.1292,0.0,4.817,240,0.0,3.86,240,0
Moonak,137,240,0.6722,0.1417,0.0,4.573,240,0.0,3.593,240,0
Moonak,138,240,0.6978,0.1375,0.0,4.252,240,0.0,3.337,240,0
Moonak,139,240,0.6966,0.1292,0.0,3.999,240,0.0,3.337,240,0
Moonak,140,240,0.6762,0.125,0.0,3.936,240,0.0,3.438,240,0
Moonak,141,240,0.6662,0.1333,0.0,3.912,240,0.0,3.474,240,0
Moonak,142,240,0.6807,0.1375,0.0,3.9,240,0.0,3.524,240,0
Moonak,143,240,0.7132,0.1417,0.0,3.86,240,0.001,3.524,240,0
Moonak,144,240,0.7375,0.15,0.0,3.593,240,0.001,4.093,240,0
Moonak,145,240,0.8083,0.1667,0.0,3.337,240,0.003,8.242,240,0
Moonak,146,240,0.8348,0.1625,0.0,3.337,240,0.003,9.559,240,0
Moonak,147,240,0.8169,0.1542,0.0,3.438,240,0.022,9.907,240,0
Moonak,148,240,0.813,0.1542,0.0,3.474,240,0.042,10.056,240,0
Moonak,149,240,0.8019,0.15,0.0,3.524,240,0.073,10.513,240,0
Moonak,150,240,0.6878,0.1417,0.001,3.524,240,0.149,11.496,240,0
Moonak,151,240,0.709,0.1417,0.001,4.093,240,0.203,14.362,240,0
Moonak,152,240,0.6422,0.1375,0.003,8.242,240,0.435,19.013,240,0
Moonak,153,240,0.5981,0.1375,0.003,9.559,240,0.825,20.491,240,1
Moonak,154,240,0.5507,0.1333,0.022,9.907,240,2.316,21.839,240,1
Moonak,155,240,0.5958,0.1375,0.042,10.056,240,3.42,24.041,240,1
Moonak,156,240,0.668,0.1292,0.073,10.513,240,4.562,29.455,240,1
Moonak,157,240,0.7321,0.1292,0.149,11.496,240,7.145,32.137,240,1
Moonak,158,240,0.7549,0.1292,0.203,14.362,240,8.108,33.395,240,1
Moonak,159,240,0.7827,0.125,0.435,19.013,240,8.989,35.634,240,1
Moonak,160,240,0.8411,0.1208,0.825,20.491,240,9.856,37.132,240,1
Moonak,161,240,0.8276,0.1208,2.316,21.839,240,10.415,37.549,240,1
Moonak,162,240,0.8855,0.1292,3.42,24.041,240,12.555,37.549,240,1
Moonak,163,240,0.9218,0.1375,4.562,29.455,240,14.066,38.088,240,1
Moonak,164,240,0.946,0.1417,7.145,32.137,240,15.357,39.88,240,1
Moonak,165,240,1.0397,0.1458,8.108,33.395,240,16.481,41.435,240,1
Moonak,166,240,1.0035,0.1458,8.989,35.634,240,17.46,43.47,240,1
Moonak,167,240,0.9517,0.1333,9.856,37.132,240,19.027,44.156,240,1
Moonak,168,240,1.0806,0.1333,10.415,37.549,240,20.169,45.03,240,1
Moonak,169,240,1.2079,0.1417,12.555,37.549,240,20.792,46.669,240,1
Moonak,170,240,1.2892,0.15,14.066,38.088,240,20.677,46.944,240,1
Moonak,171,240,1.2735,0.1667,15.357,39.88,240,19.817,46.944,240,1
Moonak,172,240,1.4093,0.1792,16.481,41.435,240,18.904,46.842,240,1
Moonak,173,240,1.7977,0.1917,17.46,43.47,240,18.513,46.842,240,1
Moonak,174,240,1.9834,0.2083,19.027,44.156,240,18.513,45.543,240,1
Moonak,175,240,2.0862,0.2208,20.169,45.03,240,18.904,45.164,240,1
Moonak,176,240,2.3598,0.2417,20.792,46.669,240,19.121,45.382,240,1
Moonak,177,240,2.6042,0.25,20.677,46.944,240,19.502,46.625,240,1
Moonak,178,240,2.6755,0.2583,19.817,46.944,240,20.59,46.787,240,1
Moonak,179,240,2.7437,0.275,18.904,46.842,240,20.883,46.787,240,1
Moonak,180,240,2.895,0.2917,18.513,46.842,240,19.86,46.625,240,1
Moonak,181,240,3.2196,0.3167,18.513,45.543,240,19.721,45.262,240,1
Moonak,182,240,3.6048,0.3625,18.904,45.164,240,19.044,44.81,240,1
Moonak,183,240,3.9179,0.3875,19.121,45.382,240,18.764,44.757,240,1
Moonak,184,240,4.1279,0.4083,19.502,46.625,240,18.578,43.476,240,1
Moonak,185,240,4.2162,0.4292,20.59,46.787,240,18.513,41.846,240,1
Moonak,186,240,4.397,0.4458,20.883,46.787,240,19.012,41.522,240,1
Moonak,187,240,4.6658,0.4792,19.86,46.625,240,19.721,41.775,240,1
Moonak,188,240,4.3864,0.4875,19.721,45.262,240,19.721,42.281,240,1
Moonak,189,240,4.5329,0.5083,19.044,44.81,240,19.685,42.914,240,1
Moonak,190,240,4.6376,0.5292,18.764,44.757,240,19.604,43.001,240,1
Moonak,191,240,4.7281,0.5625,18.578,43.476,240,18.669,43.001,240,1
Moonak,192,240,4.7169,0.6042,18.513,41.846,240,18.167,41.775,240,1
Moonak,193,240,5.1403,0.6292,19.012,41.522,240,17.174,41.775,240,1
Moonak,194,240,5.5262,0.65,19.721,41.775,240,16.705,41.636,240,1
Moonak,195,240,5.8278,0.6792,19.721,42.281,240,16.059,41.461,240,1
Moonak,196,240,5.7985,0.6833,19.685,42.914,240,16.059,41.522,240,1
Moonak,197,240,5.6335,0.6625,19.604,43.001,240,16.384,41.775,240,1
Moonak,198,240,5.2992,0.6667,18.669,43.001,240,16.052,42.705,240,1
Moonak,199,240,5.1743,0.6708,18.167,41.775,240,16.384,45.746,240,1
Moonak,200,240,5.1954,0.6625,17.174,41.775,240,16.864,46.628,240,1
Moonak,201,240,5.2604,0.6625,16.705,41.636,240,18.309,47.221,240,1
Moonak,202,240,5.0664,0.6583,16.059,41.461,240,18.398,47.973,240,1
Moonak,203,240,5.3929,0.6667,16.059,41.522,240,20.55,47.127,240,1
Moonak,204,240,5.3727,0.6792,16.384,41.775,240,20.637,47.127,240,1
Moonak,205,240,5.359,0.6917,16.052,42.705,240,19.413,47.048,240,1
Moonak,206,240,5.4934,0.6917,16.384,45.746,240,18.303,46.703,240,1
Moonak,207,240,5.7443,0.6875,16.864,46.628,240,18.003,46.483,240,1
Moonak,208,240,5.4251,0.6917,18.309,47.221,240,17.939,46.342,240,1
Moonak,209,240,5.1293,0.6917,18.398,47.973,240,17.961,46.177,240,1
Moonak,210,240,4.7983,0.6917,20.55,47.127,240,18.003,46.342,240,1
Moonak,211,240,4.7454,0.7083,20.637,47.127,240,17.961,46.342,240,1
Moonak,212,240,4.8862,0.725,19.413,47.048,240,15.437,46.984,240,1
Moonak,213,240,5.0615,0.725,18.303,46.703,240,14.748,46.881,240,1
Moonak,214,240,5.0664,0.7167,18.003,46.483,240,14.404,46.881,240,1
Moonak,215,240,5.1461,0.725,17.939,46.342,240,12.749,46.881,240,1
Moonak,216,240,5.0404,0.7333,17.961,46.177,240,12.336,46.26,240,1
Moonak,217,240,5.1694,0.7208,18.003,46.342,240,10.279,44.821,240,1
Moonak,218,240,4.9839,0.7167,17.961,46.342,240,9.929,44.208,240,1
Moonak,219,240,4.7798,0.6875,15.437,46.984,240,9.471,43.195,240,1
Moonak,220,240,4.8542,0.6667,14.748,46.881,240,9.028,42.612,240,1
Moonak,221,240,4.646,0.65,14.404,46.881,240,8.82,42.612,240,1
Moonak,222,240,4.4565,0.625,12.749,46.881,240,8.518,41.934,240,1
Moonak,223,240,4.8621,0.6083,12.336,46.26,240,8.396,41.294,240,1
Moonak,224,240,4.9713,0.6042,10.279,44.821,240,7.865,40.605,240,1
Moonak,225,240,5.2787,0.5917,9.929,44.208,240,7.451,39.349,240,1
Moonak,226,240,5.7697,0.5875,9.471,43.195,240,7.08,33.67,240,1
Moonak,227,240,5.9039,0.5792,9.028,42.612,240,6.52,32.017,240,1
Moonak,228,240,5.9462,0.5875,8.82,42.612,240,6.376,27.085,240,1
Moonak,229,240,6.0111,0.5958,8.518,41.934,240,6.52,23.397,240,1
Moonak,230,240,5.8869,0.5958,8.396,41.294,240,6.691,21.376,240,1
Moonak,231,240,5.9664,0.5875,7.865,40.605,240,6.692,18.793,240,1
Moonak,232,240,5.8837,0.5833,7.451,39.349,240,6.692,18.602,240,1
Moonak,233,240,5.8741,0.575,7.08,33.67,240,6.688,17.872,240,1
Moonak,234,240,5.9977,0.5833,6.52,32.017,240,6.694,17.185,240,1
Moonak,235,240,5.9495,0.5792,6.376,27.085,240,6.716,15.907,240,1
Moonak,236,240,5.8249,0.575,6.52,23.397,240,6.694,15.686,240,1
Moonak,237,240,6.0479,0.5833,6.691,21.376,240,6.68,14.451,240,1
Moonak,238,240,5.9469,0.6,6.692,18.793,240,6.527,13.469,240,1
Moonak,239,240,6.133,0.6042,6.692,18.602,240,6.527,13.016,240,1
Moonak,240,240,6.2851,0.6125,6.688,17.872,240,6.612,12.594,240,1
Moonak,241,240,5.8692,0.6042,6.694,17.185,240,6.527,12.464,240,1
Moonak,242,240,5.6944,0.6167,6.716,15.907,240,6.124,12.186,240,1
Moonak,243,240,5.7476,0.6208,6.694,15.686,240,5.621,11.726,240,1
Moonak,244,240,5.8279,0.6292,6.68,14.451,240,5.155,10.242,240,1
Moonak,245,240,5.8817,0.625,6.527,13.469,240,4.676,9.511,240,1
Moonak,246,240,5.7545,0.625,6.527,13.016,240,4.4,8.073,240,1
Moonak,247,240,5.5739,0.625,6.612,12.594,240,4.113,7.517,240,1
Moonak,248,240,5.488,0.6333,6.527,12.464,240,3.658,7.329,240,1
Moonak,249,240,5.4005,0.6417,6.124,12.186,240,3.327,6.844,240,1
Moonak,250,240,5.216,0.6292,5.621,11.726,240,3.123,6.335,240,1
Moonak,251,240,5.2102,0.6292,5.155,10.242,240,2.976,5.769,240,1
Moonak,252,240,5.0222,0.6292,4.676,9.511,240,2.906,5.574,240,1
Moonak,253,240,4.7775,0.6042,4.4,8.073,240,2.799,5.129,240,1
Moonak,254,240,4.4211,0.5875,4.113,7.517,240,2.716,4.633,240,1
Moonak,255,240,3.9296,0.5667,3.658,7.329,240,2.589,4.237,240,1
Moonak,256,240,3.6887,0.5583,3.327,6.844,240,2.397,3.757,240,1
Moonak,257,240,3.4613,0.5375,3.123,6.335,240,2.117,3.42,240,1
Moonak,258,240,3.3758,0.525,2.976,5.769,240,1.633,3.325,240,1
Moonak,259,240,3.7078,0.5208,2.906,5.574,240,0.987,3.122,240,1
Moonak,260,240,4.1575,0.5167,2.799,5.129,240,0.857,2.997,240,1
Moonak,261,240,4.3443,0.5125,2.716,4.633,240,0.711,2.915,240,1
Moonak,262,240,4.2076,0.4958,2.589,4.237,240,0.596,2.707,240,1
Moonak,263,240,4.0463,0.4792,2.397,3.757,240,0.531,2.11,240,1
Moonak,264,240,3.9032,0.4583,2.117,3.42,240,0.465,1.32,240,1
Moonak,265,240,3.7951,0.4542,1.633,3.325,240,0.45,1.098,240,1
Moonak,266,240,3.6637,0.4375,0.987,3.122,240,0.422,0.983,240,1
Moonak,267,240,3.352,0.4292,0.857,2.997,240,0.411,0.912,240,1
Moonak,268,240,3.1342,0.4208,0.711,2.915,240,0.411,0.775,240,1
Moonak,269,240,3.0692,0.4125,0.596,2.707,240,0.411,0.718,240,1
Moonak,270,240,2.9316,0.4,0.531,2.11,240,0.418,0.708,240,1
Moonak,271,240,2.8657,0.3792,0.465,1.32,240,0.427,0.723,240,1
Moonak,272,240,2.8167,0.3667,0.45,1.098,240,0.45,0.77,240,1
Moonak,273,240,2.5533,0.3417,0.422,0.983,240,0.466,0.866,240,1
Moonak,274,240,1.9119,0.3125,0.411,0.912,240,0.5,0.917,240,1
Moonak,275,240,1.2116,0.2875,0.411,0.775,240,0.578,0.973,240,0
Moonak,276,240,0.8472,0.2625,0.411,0.718,240,0.633,1.028,240,0
Moonak,277,240,0.8451,0.2667,0.418,0.708,240,0.668,1.081,240,0
Moonak,278,240,0.8022,0.25,0.427,0.723,240,0.705,1.111,240,0
Moonak,279,240,0.7324,0.225,0.45,0.77,240,0.72,1.116,240,0
Moonak,280,240,0.7026,0.2125,0.466,0.866,240,0.755,1.111,240,0
Moonak,281,240,0.7259,0.2083,0.5,0.917,240,0.775,1.111,240,0
Moonak,282,240,0.6956,0.1875,0.578,0.973,240,0.788,1.111,240,0
Moonak,283,240,0.6999,0.175,0.633,1.028,240,0.822,1.126,240,0
Moonak,284,240,0.6471,0.1542,0.668,1.081,240,0.836,1.138,240,0
Moonak,285,240,0.5999,0.1375,0.705,1.111,240,0.822,1.126,240,0
Moonak,286,240,0.5664,0.125,0.72,1.116,240,0.786,1.111,240,0
Moonak,287,240,0.5096,0.1083,0.755,1.111,240,0.755,1.095,240,0
Moonak,288,240,0.4654,0.0958,0.775,1.111,240,0.721,1.068,240,0
Moonak,289,240,0.4018,0.0792,0.788,1.111,240,0.689,1.055,240,0
Moonak,290,240,0.3965,0.075,0.822,1.126,240,0.611,1.033,240,0
Moonak,291,240,0.3771,0.0667,0.836,1.138,240,0.525,0.979,240,0
Moonak,292,240,0.3453,0.05,0.822,1.126,240,0.441,0.874,240,0
Moonak,293,240,0.3244,0.05,0.786,1.111,240,0.345,0.786,240,0
Moonak,294,240,0.3229,0.05,0.755,1.095,240,0.231,0.741,240,0
Moonak,295,240,0.2967,0.0417,0.721,1.068,240,0.15,0.707,240,0
Moonak,296,240,0.2206,0.025,0.689,1.055,240,0.134,0.619,240,0
Moonak,297,240,0.181,0.0167,0.611,1.033,240,0.112,0.544,240,0
Moonak,298,240,0.1308,0.0167,0.525,0.979,240,0.087,0.477,240,0
Moonak,299,240,0.1283,0.0167,0.441,0.874,240,0.058,0.409,240,0
Moonak,300,240,0.1319,0.0167,0.345,0.786,240,0.028,0.323,240,0
Moonak,301,240,0.1423,0.0167,0.231,0.741,240,0.0,0.228,240,0
Moonak,302,240,0.1512,0.0167,0.15,0.707,240,0.0,0.149,240,0
Moonak,303,240,0.1586,0.0167,0.134,0.619,240,0.0,0.135,240,0
Moonak,304,240,0.1597,0.0167,0.112,0.544,240,0.0,0.115,240,0
Moonak,305,240,0.1513,0.0208,0.087,0.477,240,0.0,0.084,240,0
Moonak,306,240,0.1548,0.0208,0.058,0.409,240,0.0,0.055,240,0
Moonak,307,240,0.157,0.0167,0.028,0.323,240,0.0,0.017,240,0
Moonak,308,240,0.1532,0.0125,0.0,0.228,240,0.0,0.0,240,0
Moonak,309,240,0.1513,0.0125,0.0,0.149,240,0.0,0.0,240,0
Moonak,310,240,0.1477,0.0125,0.0,0.135,240,0.0,0.0,240,0
Moonak,311,240,0.1473,0.0125,0.0,0.115,240,0.0,0.0,240,0
Moonak,312,240,0.1511,0.0125,0.0,0.084,240,0.0,0.0,240,0
Moonak,313,240,0.1568,0.0167,0.0,0.055,240,0.0,0.0,240,0
Moonak,314,240,0.1556,0.0167,0.0,0.017,240,0.0,0.0,240,0
Moonak,315,240,0.1482,0.0167,0.0,0.0,240,0.0,0.0,240,0
Moonak,316,240,0.1373,0.0167,0.0,0.0,240,0.0,0.0,240,0
Moonak,317,240,0.1248,0.0167,0.0,0.0,240,0.0,0.0,240,0
Moonak,318,240,0.117,0.0167,0.0,0.0,240,0.0,0.0,240,0
Moonak,319,240,0.1103,0.0167,0.0,0.0,240,0.0,0.0,240,0
Moonak,320,240,0.0939,0.0083,0.0,0.0,240,0.0,0.0,240,0
Moonak,321,240,0.0859,0.0083,0.0,0.0,240,0.0,0.0,240,0
Moonak,322,240,0.0742,0.0083,0.0,0.0,240,0.0,0.0,240,0
Moonak,323,240,0.0682,0.0125,0.0,0.0,240,0.0,0.0,240,0
Moonak,324,240,0.0759,0.0167,0.0,0.0,240,0.0,0.0,240,0
Moonak,325,240,0.1563,0.025,0.0,0.0,240,0.0,0.0,240,0
Moonak,326,240,0.1595,0.025,0.0,0.0,240,0.0,0.0,240,0
Moonak,327,240,0.1644,0.0292,0.0,0.0,240,0.0,0.0,240,0
Moonak,328,240,0.1734,0.025,0.0,0.0,240,0.0,0.0,240,0
Moonak,329,240,0.1791,0.0292,0.0,0.0,240,0.0,0.0,240,0
Moonak,330,240,0.189,0.0333,0.0,0.0,240,0.0,0.0,239,0
Moonak,331,240,0.1974,0.0375,0.0,0.0,240,0.0,0.0,238,0
Moonak,332,240,0.2077,0.0417,0.0,0.0,240,0.0,0.0,237,0
Moonak,333,240,0.2822,0.05,0.0,0.0,240,0.0,0.003,236,0
Moonak,334,240,0.2816,0.05,0.0,0.0,240,0.0,0.05,235,0
Moonak,335,240,0.281,0.05,0.0,0.0,240,0.0,0.108,234,0
Moonak,336,240,0.28,0.05,0.0,0.0,240,0.0,0.197,233,0
Moonak,337,240,0.2794,0.05,0.0,0.0,239,0.0,0.234,232,0
Moonak,338,240,0.2758,0.0458,0.0,0.0,238,0.0,0.252,231,0
Moonak,339,240,0.2669,0.0417,0.0,0.0,237,0.001,0.282,230,0
Moonak,340,240,0.2577,0.0375,0.0,0.003,236,0.003,0.294,229,0
Moonak,341,240,0.2878,0.0458,0.0,0.05,235,0.003,0.295,228,0
Moonak,342,240,0.2772,0.0417,0.0,0.108,234,0.023,0.314,227,0
Moonak,343,240,0.2509,0.0375,0.0,0.197,233,0.025,0.314,226,0
Moonak,344,240,0.2413,0.0333,0.0,0.234,232,0.037,0.314,225,0
Moonak,345,240,0.2316,0.0292,0.0,0.252,231,0.025,0.317,225,0
Moonak,346,240,0.2219,0.025,0.001,0.282,230,0.009,0.325,225,0
Moonak,347,240,0.2123,0.0208,0.003,0.294,229,0.001,0.335,225,0
Moonak,348,240,0.1408,0.0125,0.003,0.295,228,0.0,0.335,225,0
Moonak,349,240,0.1408,0.0125,0.023,0.314,227,0.0,0.316,225,0
Moonak,350,240,0.1408,0.0125,0.025,0.314,226,0.0,0.314,225,0
Moonak,351,240,0.1408,0.0125,0.037,0.314,225,0.0,0.314,225,0
Moonak,352,240,0.1408,0.0125,0.025,0.317,225,0.0,0.3,225,0
Moonak,353,240,0.139,0.0125,0.009,0.325,225,0.0,0.299,225,0
Moonak,354,240,0.1348,0.0125,0.001,0.335,225,0.0,0.299,225,0
Moonak,355,240,0.0581,0.0083,0.0,0.335,225,0.0,0.365,225,0
Moonak,356,240,0.0206,0.0,0.0,0.316,225,0.0,0.393,225,0
Moonak,357,240,0.0377,0.0042,0.0,0.314,225,0.0,0.412,225,0
Moonak,358,240,0.0807,0.0083,0.0,0.314,225,0.0,0.409,225,0
Moonak,359,240,0.0797,0.0083,0.0,0.3,225,0.0,0.409,225,0
Moonak,360,240,0.0817,0.0083,0.0,0.285,226,0.0,0.404,226,0
Moonak,361,240,0.0837,0.0083,0.0,0.271,227,0.0,0.398,227,0
Moonak,362,240,0.0858,0.0083,0.0,0.297,228,0.0,0.393,228,0
Moonak,363,240,0.0899,0.0083,0.0,0.377,229,0.0,0.386,229,0
Moonak,364,240,0.3608,0.0167,0.0,0.399,230,0.0,0.408,230,0
Moonak,365,240,0.3679,0.0208,0.0,0.377,231,0.0,0.393,231,0
Moonak,366,240,0.3901,0.025,0.0,0.377,232,0.0,0.377,232,0
Sangrur,1,240,0.4997,0.0625,0.0,0.348,233,0.0,0.075,233,0
Sangrur,2,240,0.5038,0.0625,0.0,0.242,234,0.0,0.111,234,0
Sangrur,3,240,0.5046,0.0625,0.0,0.178,235,0.0,0.167,235,0
Sangrur,4,240,0.4939,0.0583,0.0,0.08,236,0.0,0.168,236,0
Sangrur,5,240,0.4929,0.0583,0.0,0.073,237,0.0,0.333,237,0
Sangrur,6,240,0.4954,0.0583,0.0,0.073,238,0.0,0.38,238,0
Sangrur,7,240,0.4559,0.0542,0.0,0.073,239,0.0,0.424,239,0
Sangrur,8,240,0.4522,0.0542,0.0,0.073,240,0.0,0.741,240,0
Sangrur,9,240,0.4524,0.0583,0.0,0.073,240,0.0,0.883,240,0
Sangrur,10,240,0.6086,0.0625,0.0,0.153,240,0.0,1.358,240,0
Sangrur,11,240,0.6614,0.0667,0.0,0.168,240,0.0,1.424,240,0
Sangrur,12,240,0.6327,0.0542,0.0,0.185,240,0.0,1.601,240,0
Sangrur,13,240,0.3753,0.0458,0.0,0.329,240,0.0,1.601,240,0
Sangrur,14,240,0.4473,0.05,0.0,0.418,240,0.0,1.686,240,0
Sangrur,15,240,0.4555,0.0583,0.0,0.741,240,0.0,1.779,240,0
Sangrur,16,240,0.4378,0.0542,0.0,0.883,240,0.0,1.84,240,0
Sangrur,17,240,0.4361,0.0542,0.0,1.358,240,0.0,2.04,240,0
Sangrur,18,240,0.4921,0.0583,0.0,1.424,240,0.0,2.051,240,0
Sangrur,19,240,0.6238,0.0625,0.0,1.601,240,0.0,2.355,240,0
Sangrur,20,240,0.6154,0.0583,0.0,1.601,240,0.0,3.309,240,0
Sangrur,21,240,0.6026,0.0542,0.0,1.686,240,0.0,3.432,240,0
Sangrur,22,240,0.6006,0.0542,0.0,1.779,240,0.0,4.543,240,0
Sangrur,23,240,0.597,0.0542,0.0,1.84,240,0.0,5.324,240,0
Sangrur,24,240,0.5958,0.0542,0.0,2.04,240,0.0,5.572,240,0
Sangrur,25,240,0.4358,0.0458,0.0,2.051,240,0.0,5.651,240,0
Sangrur,26,240,0.4122,0.0458,0.0,2.355,240,0.0,5.651,240,0
Sangrur,27,240,0.4638,0.0583,0.0,3.309,240,0.0,5.651,240,0
Sangrur,28,240,0.4774,0.0625,0.0,3.432,240,0.0,6.013,240,0
Sangrur,29,240,0.4264,0.0583,0.0,4.543,240,0.0,5.703,240,0
Sangrur,30,240,0.3806,0.0458,0.0,5.324,240,0.001,5.296,240,0
Sangrur,31,240,0.3911,0.05,0.0,5.572,240,0.002,4.571,240,0
Sangrur,32,240,0.4765,0.0542,0.0,5.651,240,0.002,4.545,240,0
Sangrur,33,240,0.424,0.0542,0.0,5.651,240,0.002,4.416,240,0
Sangrur,34,240,0.293,0.05,0.0,5.651,240,0.002,4.064,240,0
Sangrur,35,240,0.3039,0.0583,0.0,6.013,240,0.002,4.064,240,0
Sangrur,36,240,0.3187,0.0667,0.0,5.703,240,0.003,4.064,240,0
Sangrur,37,240,0.3324,0.0708,0.001,5.296,240,0.002,4.03,240,0
Sangrur,38,240,0.3846,0.0833,0.002,4.571,240,0.002,3.933,240,0
Sangrur,39,240,0.4409,0.0917,0.002,4.545,240,0.002,3.933,240,0
Sangrur,40,240,0.5333,0.1042,0.002,4.416,240,0.004,3.933,240,0
Sangrur,41,240,0.4937,0.0958,0.002,4.064,240,0.005,3.933,240,0
Sangrur,42,240,0.4625,0.0917,0.002,4.064,240,0.005,3.809,240,0
Sangrur,43,240,0.453,0.0958,0.003,4.064,240,0.006,3.739,240,0
Sangrur,44,240,0.5353,0.1167,0.002,4.03,240,0.004,3.492,240,0
Sangrur,45,240,0.5598,0.125,0.002,3.933,240,0.001,3.153,240,0
Sangrur,46,240,0.6006,0.1292,0.002,3.933,240,0.0,2.913,240,0
Sangrur,47,240,0.6425,0.1333,0.004,3.933,240,0.0,2.793,240,0
Sangrur,48,240,0.6819,0.1333,0.005,3.933,240,0.0,2.663,240,0
Sangrur,49,240,0.7847,0.1458,0.005,3.809,240,0.0,2.485,240,0
Sangrur,50,240,0.7874,0.1417,0.006,3.739,240,0.0,2.371,240,0
Sangrur,51,240,0.8884,0.1458,0.004,3.492,240,0.0,2.042,240,0
Sangrur,52,240,0.9346,0.1458,0.001,3.153,240,0.0,1.671,240,0
Sangrur,53,228,0.9315,0.1404,0.0,2.923,228,0.0,1.668,228,0
Sangrur,54,228,0.9391,0.1316,0.0,2.801,228,0.0,1.666,228,0
Sangrur,55,228,0.9136,0.1316,0.0,2.681,228,0.003,1.666,228,0
Sangrur,56,228,0.9154,0.136,0.0,2.495,228,0.004,1.668,228,0
Sangrur,57,228,0.9178,0.136,0.0,2.459,228,0.004,1.668,228,0
Sangrur,58,228,0.9474,0.1316,0.0,2.079,228,0.004,2.62,228,0
Sangrur,59,228,0.8311,0.1053,0.0,1.694,228,0.004,3.768,228,0
Sangrur,60,228,0.8185,0.1009,0.0,1.668,228,0.004,4.621,228,0
Sangrur,61,228,0.782,0.0965,0.0,1.666,228,0.003,4.813,228,0
Sangrur,62,228,0.6503,0.0877,0.003,1.666,228,0.002,4.813,228,0
Sangrur,63,228,0.6377,0.0921,0.004,1.668,228,0.002,4.813,228,0
Sangrur,64,228,0.595,0.0921,0.004,1.668,228,0.002,4.813,228,0
Sangrur,65,228,0.6986,0.0965,0.004,2.62,228,0.002,4.744,228,0
Sangrur,66,228,0.63,0.1009,0.004,3.768,228,0.004,4.032,228,0
Sangrur,67,228,0.6875,0.1096,0.004,4.621,228,0.004,2.935,228,0
Sangrur,68,240,0.764,0.1125,0.003,4.81,240,0.004,2.675,240,0
Sangrur,69,240,0.694,0.1083,0.002,4.81,240,0.004,2.729,240,0
Sangrur,70,240,0.6329,0.1,0.002,4.81,240,0.005,2.729,240,0
Sangrur,71,240,0.7054,0.1,0.001,4.725,240,0.006,2.803,240,0
Sangrur,72,240,0.6937,0.0958,0.002,4.182,240,0.01,2.853,240,0
Sangrur,73,240,0.7199,0.0958,0.002,3.49,240,0.011,2.853,240,0
Sangrur,74,240,0.7323,0.1042,0.004,2.853,240,0.012,3.034,240,0
Sangrur,75,240,0.7241,0.1042,0.004,2.675,240,0.013,3.257,240,0
Sangrur,76,240,0.7375,0.1125,0.004,2.729,240,0.019,3.259,240,0
Sangrur,77,240,0.8057,0.125,0.005,2.729,240,0.02,3.347,240,0
Sangrur,78,240,0.7916,0.1208,0.006,2.803,240,0.022,3.306,240,0
Sangrur,79,240,0.7566,0.1167,0.01,2.853,240,0.024,3.156,240,0
Sangrur,80,240,0.7031,0.1125,0.011,2.853,240,0.024,3.153,240,0
Sangrur,81,240,0.6834,0.1042,0.012,3.034,240,0.022,3.128,240,0
Sangrur,82,240,0.6382,0.1042,0.013,3.257,240,0.02,3.034,240,0
Sangrur,83,240,0.5763,0.1125,0.019,3.259,240,0.019,2.872,240,0
Sangrur,84,240,0.5759,0.1125,0.02,3.347,240,0.012,2.124,240,0
Sangrur,85,240,0.6074,0.1208,0.022,3.306,240,0.012,2.017,240,0
Sangrur,86,240,0.5612,0.125,0.024,3.156,240,0.01,1.84,240,0
Sangrur,87,240,0.5779,0.125,0.024,3.153,240,0.01,1.563,240,0
Sangrur,88,240,0.6005,0.1292,0.022,3.128,240,0.011,1.696,240,0
Sangrur,89,240,0.6108,0.125,0.02,3.034,240,0.012,1.696,240,0
Sangrur,90,240,0.6258,0.125,0.019,2.872,240,0.012,1.764,240,0
Sangrur,91,240,0.5996,0.1167,0.012,2.124,240,0.01,1.848,240,0
Sangrur,92,240,0.5321,0.1083,0.012,2.017,240,0.009,2.124,240,0
Sangrur,93,240,0.5391,0.1083,0.01,1.84,240,0.009,2.408,240,0
Sangrur,94,240,0.5461,0.1083,0.01,1.563,240,0.012,2.796,240,0
Sangrur,95,240,0.5255,0.1125,0.011,1.696,240,0.012,3.694,240,0
Sangrur,96,240,0.5208,0.1208,0.012,1.696,240,0.017,3.757,240,0
Sangrur,97,240,0.4779,0.125,0.012,1.764,240,0.049,4.644,240,0
Sangrur,98,240,0.4369,0.1083,0.01,1.848,240,0.058,5.044,240,0
Sangrur,99,240,0.4941,0.1167,0.009,2.124,240,0.094,5.183,240,0
Sangrur,100,240,0.5928,0.125,0.009,2.408,240,0.316,5.415,240,0
Sangrur,101,240,0.6626,0.1333,0.012,2.796,240,0.379,5.794,240,0
Sangrur,102,240,0.7106,0.1333,0.012,3.694,240,0.379,5.794,240,0
Sangrur,103,240,0.6507,0.1333,0.017,3.757,240,0.094,5.415,240,0
Sangrur,104,240,0.6663,0.1417,0.049,4.644,240,0.053,5.089,240,0
Sangrur,105,240,0.6785,0.1417,0.058,5.044,240,0.053,4.994,240,0
Sangrur,106,240,0.6761,0.1375,0.094,5.183,240,0.047,4.779,240,0
Sangrur,107,240,0.6822,0.1375,0.316,5.415,240,0.034,4.392,240,0
Sangrur,108,240,0.655,0.1333,0.379,5.794,240,0.032,4.262,240,0
Sangrur,109,240,0.6201,0.125,0.379,5.794,240,0.002,3.718,240,0
Sangrur,110,240,0.5804,0.1167,0.094,5.415,240,0.0,3.367,240,0
Sangrur,111,240,0.5827,0.1083,0.053,5.089,240,0.0,2.606,240,0
Sangrur,112,240,0.5797,0.0958,0.053,4.994,240,0.0,2.482,240,0
Sangrur,113,240,0.5886,0.1,0.047,4.779,240,0.0,2.479,240,0
Sangrur,114,240,0.5615,0.1042,0.034,4.392,240,0.0,2.473,240,0
Sangrur,115,240,0.4275,0.0875,0.032,4.262,240,0.0,2.482,240,0
Sangrur,116,240,0.3527,0.0833,0.002,3.718,240,0.0,2.98,240,0
Sangrur,117,240,0.3607,0.0958,0.0,3.367,240,0.0,3.505,240,0
Sangrur,118,240,0.396,0.1,0.0,2.606,240,0.0,4.301,240,0
Sangrur,119,240,0.391,0.1042,0.0,2.482,240,0.0,4.554,240,0
Sangrur,120,240,0.4071,0.1167,0.0,2.479,240,0.0,4.554,240,0
Sangrur,121,240,0.433,0.1292,0.0,2.473,240,0.0,5.214,240,0
Sangrur,122,240,0.4549,0.1333,0.0,2.482,240,0.0,5.004,240,0
Sangrur,123,240,0.5113,0.15,0.0,2.98,240,0.0,4.82,240,0
Sangrur,124,240,0.6189,0.175,0.0,3.505,240,0.0,4.554,240,0
Sangrur,125,240,0.6671,0.1917,0.0,4.301,240,0.0,4.546,240,0
Sangrur,126,240,0.7453,0.2,0.0,4.554,240,0.0,4.378,240,0
Sangrur,127,240,0.7709,0.2083,0.0,4.554,240,0.0,4.378,240,0
Sangrur,128,240,0.7689,0.2083,0.0,5.214,240,0.001,4.503,240,0
Sangrur,129,240,0.7777,0.2,0.0,5.004,240,0.026,4.554,240,0
Sangrur,130,240,0.7798,0.2042,0.0,4.82,240,0.046,4.524,240,0
Sangrur,131,240,0.7624,0.1958,0.0,4.554,240,0.078,4.524,240,0
Sangrur,132,240,0.6838,0.1833,0.0,4.546,240,0.079,4.82,240,0
Sangrur,133,240,0.6119,0.1708,0.0,4.378,240,0.08,5.214,240,0
Sangrur,134,240,0.5801,0.1583,0.0,4.378,240,0.08,5.288,240,0
Sangrur,135,240,0.6266,0.1583,0.001,4.503,240,0.08,5.409,240,0
Sangrur,136,240,0.6428,0.1583,0.026,4.554,240,0.08,5.562,240,0
Sangrur,137,240,0.7526,0.1708,0.046,4.524,240,0.08,5.562,240,0
Sangrur,138,240,0.781,0.1708,0.078,4.524,240,0.08,5.562,240,0
Sangrur,139,240,0.7278,0.1583,0.079,4.82,240,0.08,6.01,240,0
Sangrur,140,240,0.7422,0.15,0.08,5.214,240,0.079,6.586,240,0
Sangrur,141,240,0.6799,0.1417,0.08,5.288,240,0.08,6.977,240,0
Sangrur,142,240,0.7095,0.1458,0.08,5.409,240,0.08,7.394,240,0
Sangrur,143,240,0.7631,0.1583,0.08,5.562,240,0.08,7.638,240,0
Sangrur,144,240,0.8294,0.1708,0.08,5.562,240,0.105,8.127,240,0
Sangrur,145,240,0.9155,0.1792,0.08,5.562,240,0.196,10.615,240,0
Sangrur,146,240,0.9256,0.1875,0.08,6.01,240,0.203,12.489,240,0
Sangrur,147,240,0.9184,0.1833,0.079,6.586,240,0.366,14.081,240,0
Sangrur,148,240,0.9122,0.1792,0.08,6.977,240,0.443,14.311,240,0
Sangrur,149,240,0.9077,0.175,0.08,7.394,240,0.68,16.066,240,0
Sangrur,150,240,0.8207,0.1625,0.08,7.638,240,0.803,20.3,240,0
Sangrur,151,240,0.9108,0.175,0.105,8.127,240,1.714,23.882,240,0
Sangrur,152,240,0.8736,0.1708,0.196,10.615,240,3.466,26.464,240,0
Sangrur,153,240,0.8182,0.1625,0.203,12.489,240,5.598,28.016,240,1
Sangrur,154,240,0.7913,0.1583,0.366,14.081,240,6.666,31.276,240,1
Sangrur,155,240,0.7896,0.1667,0.443,14.311,240,7.408,36.601,240,1
Sangrur,156,240,0.8096,0.1667,0.68,16.066,240,9.41,40.823,240,1
Sangrur,157,240,0.8617,0.1667,0.803,20.3,240,11.421,44.002,240,1
Sangrur,158,240,0.9736,0.1625,1.714,23.882,240,12.635,44.297,240,1
Sangrur,159,240,0.97,0.1542,3.466,26.464,240,13.971,44.905,240,1
Sangrur,160,240,1.0442,0.1583,5.598,28.016,240,15.05,45.604,240,1
Sangrur,161,240,1.0302,0.1458,6.666,31.276,240,17.864,47.314,240,1
Sangrur,162,240,1.0571,0.15,7.408,36.601,240,20.825,48.275,240,1
Sangrur,163,240,1.1162,0.1625,9.41,40.823,240,23.638,49.779,240,1
Sangrur,164,240,1.1507,0.175,11.421,44.002,240,26.419,50.248,240,1
Sangrur,165,240,1.2879,0.1833,12.635,44.297,240,26.802,51.21,240,1
Sangrur,166,240,1.1881,0.1708,13.971,44.905,240,27.68,52.305,240,1
Sangrur,167,240,1.1355,0.1708,15.05,45.604,240,27.691,54.388,240,1
Sangrur,168,240,1.2906,0.1708,17.864,47.314,240,28.107,54.207,240,1
Sangrur,169,240,1.4951,0.1833,20.825,48.275,240,28.229,53.918,240,1
Sangrur,170,240,1.6904,0.1917,23.638,49.779,240,28.107,53.497,240,1
Sangrur,171,240,1.8824,0.2083,26.419,50.248,240,27.691,52.486,240,1
Sangrur,172,240,1.9902,0.2167,26.802,51.21,240,27.425,52.076,240,1
Sangrur,173,240,2.3811,0.2292,27.68,52.305,240,26.77,52.358,240,1
Sangrur,174,240,2.5924,0.25,27.691,54.388,240,25.67,52.076,240,1
Sangrur,175,240,2.7229,0.2583,28.107,54.207,240,25.191,52.076,240,1
Sangrur,176,240,3.1141,0.3,28.229,53.918,240,25.044,52.076,240,1
Sangrur,177,240,3.3504,0.325,28.107,53.497,240,24.866,52.076,240,1
Sangrur,178,240,3.4621,0.3458,27.691,52.486,240,24.731,52.076,240,1
Sangrur,179,240,3.621,0.375,27.425,52.076,240,24.866,51.728,240,1
Sangrur,180,240,3.8707,0.4167,26.77,52.358,240,24.731,49.802,240,1
Sangrur,181,240,4.3582,0.4542,25.67,52.076,240,23.866,49.069,240,1
Sangrur,182,240,4.7986,0.4917,25.191,52.076,240,24.454,48.423,240,1
Sangrur,183,240,5.107,0.5292,25.044,52.076,240,24.866,47.915,240,1
Sangrur,184,240,5.3266,0.55,24.866,52.076,240,24.526,46.971,240,1
Sangrur,185,240,5.4609,0.5667,24.731,52.076,240,23.983,46.971,240,1
Sangrur,186,240,5.6928,0.5833,24.866,51.728,240,23.865,47.273,240,1
Sangrur,187,240,6.0457,0.6125,24.731,49.802,240,24.37,47.456,240,1
Sangrur,188,240,5.762,0.6417,23.866,49.069,240,24.818,48.497,240,1
Sangrur,189,240,5.9294,0.6583,24.454,48.423,240,25.181,48.497,240,1
Sangrur,190,240,6.1413,0.675,24.866,47.915,240,25.289,49.069,240,1
Sangrur,191,240,6.2399,0.6917,24.526,46.971,240,25.165,50.062,240,1
Sangrur,192,240,6.3398,0.7208,23.983,46.971,240,24.872,50.14,240,1
Sangrur,193,240,6.6944,0.7375,23.865,47.273,240,24.37,50.396,240,1
Sangrur,194,240,6.8611,0.7417,24.37,47.456,240,23.685,51.61,240,1
Sangrur,195,240,6.9397,0.7417,24.818,48.497,240,22.985,51.791,240,1
Sangrur,196,240,6.8479,0.7417,25.181,48.497,240,22.035,52.821,240,1
Sangrur,197,240,6.675,0.725,25.289,49.069,240,22.943,53.339,240,1
Sangrur,198,240,6.3714,0.7125,25.165,50.062,240,21.867,54.493,240,1
Sangrur,199,240,6.2556,0.725,24.872,50.14,240,22.943,55.22,240,1
Sangrur,200,240,6.1899,0.725,24.37,50.396,240,24.835,56.019,240,1
Sangrur,201,240,6.0772,0.7292,23.685,51.61,240,25.572,56.46,240,1
Sangrur,202,240,5.9816,0.725,22.985,51.791,240,25.523,56.019,240,1
Sangrur,203,240,6.2726,0.7125,22.035,52.821,240,25.583,55.521,240,1
Sangrur,204,240,6.182,0.7208,22.943,53.339,240,24.912,55.355,240,1
Sangrur,205,240,6.1359,0.7417,21.867,54.493,240,24.222,55.124,240,1
Sangrur,206,240,6.2733,0.7458,22.943,55.22,240,21.745,54.9,240,1
Sangrur,207,240,6.4237,0.7458,24.835,56.019,240,18.932,54.674,240,1
Sangrur,208,240,6.2046,0.7458,25.572,56.46,240,18.131,53.618,240,1
Sangrur,209,240,6.0658,0.7542,25.523,56.019,240,17.113,52.828,240,1
Sangrur,210,240,5.8505,0.75,25.583,55.521,240,18.131,53.227,240,1
Sangrur,211,240,5.718,0.7583,24.912,55.355,240,18.131,52.887,240,1
Sangrur,212,240,5.9508,0.7542,24.222,55.124,240,17.113,52.84,240,1
Sangrur,213,240,6.0788,0.7583,21.745,54.9,240,17.05,52.579,240,1
Sangrur,214,240,6.089,0.7375,18.932,54.674,240,16.437,52.403,240,1
Sangrur,215,240,6.1682,0.7375,18.131,53.618,240,15.868,52.207,240,1
Sangrur,216,240,6.0678,0.7333,17.113,52.828,240,15.039,50.389,240,1
Sangrur,217,240,6.0433,0.7333,18.131,53.227,240,13.846,47.896,240,1
Sangrur,218,240,5.909,0.7375,18.131,52.887,240,13.481,47.896,240,1
Sangrur,219,240,5.7678,0.7208,17.113,52.84,240,12.618,48.131,240,1
Sangrur,220,240,5.8817,0.7,17.05,52.579,240,12.089,49.209,240,1
Sangrur,221,240,5.8467,0.6833,16.437,52.403,240,11.911,50.681,240,1
Sangrur,222,240,5.6973,0.6708,15.868,52.207,240,11.818,51.374,240,1
Sangrur,223,240,6.1866,0.6667,15.039,50.389,240,11.293,51.374,240,1
Sangrur,224,240,6.3477,0.6542,13.846,47.896,240,9.994,50.034,240,1
Sangrur,225,240,6.5473,0.6583,13.481,47.896,240,8.835,45.676,240,1
Sangrur,226,240,7.0175,0.65,12.618,48.131,240,8.303,35.866,240,1
Sangrur,227,240,6.9615,0.6542,12.089,49.209,240,7.894,34.285,240,1
Sangrur,228,240,6.9337,0.6583,11.911,50.681,240,7.865,30.546,240,1
Sangrur,229,240,6.8927,0.6667,11.818,51.374,240,7.894,28.564,240,1
Sangrur,230,240,6.7423,0.6667,11.293,51.374,240,7.894,25.813,240,1
Sangrur,231,240,6.8593,0.6625,9.994,50.034,240,7.865,24.413,240,1
Sangrur,232,240,6.7371,0.6583,8.835,45.676,240,7.771,24.413,240,1
Sangrur,233,240,6.6476,0.6542,8.303,35.866,240,7.768,24.413,240,1
Sangrur,234,240,6.7903,0.6625,7.894,34.285,240,7.769,24.413,240,1
Sangrur,235,240,6.6742,0.6542,7.865,30.546,240,7.865,24.968,240,1
Sangrur,236,240,6.3243,0.6458,7.894,28.564,240,7.773,23.397,240,1
Sangrur,237,240,6.498,0.6333,7.894,25.813,240,7.75,20.209,240,1
Sangrur,238,240,6.2707,0.6417,7.865,24.413,240,7.719,16.401,240,1
Sangrur,239,240,6.46,0.6542,7.771,24.413,240,7.507,15.811,240,1
Sangrur,240,240,7.0089,0.6542,7.768,24.413,240,7.191,14.851,240,1
Sangrur,241,240,6.7344,0.65,7.769,24.413,240,6.902,14.198,240,1
Sangrur,242,240,6.6172,0.65,7.865,24.968,240,6.456,13.543,240,1
Sangrur,243,240,6.5498,0.6542,7.773,23.397,240,6.322,12.257,240,1
Sangrur,244,240,6.5534,0.6542,7.75,20.209,240,5.912,10.964,240,1
Sangrur,245,240,6.6022,0.65,7.719,16.401,240,5.408,9.885,240,1
Sangrur,246,240,6.6342,0.6458,7.507,15.811,240,4.779,9.372,240,1
Sangrur,247,240,6.4348,0.6292,7.191,14.851,240,4.402,9.0,240,1
Sangrur,248,240,6.3875,0.6167,6.902,14.198,240,4.183,8.345,240,1
Sangrur,249,240,6.2793,0.6083,6.456,13.543,240,3.612,7.557,240,1
Sangrur,250,240,5.9646,0.6042,6.322,12.257,240,3.367,6.652,240,1
Sangrur,251,240,6.0056,0.6083,5.912,10.964,240,3.26,6.446,240,1
Sangrur,252,240,5.8724,0.6125,5.408,9.885,240,3.139,5.994,240,1
Sangrur,253,240,5.6069,0.5917,4.779,9.372,240,3.045,5.927,240,1
Sangrur,254,240,5.1416,0.5625,4.402,9.0,240,2.814,5.41,240,1
Sangrur,255,240,4.2824,0.525,4.183,8.345,240,2.622,4.577,240,1
Sangrur,256,240,3.9402,0.5125,3.612,7.557,240,2.528,4.302,240,1
Sangrur,257,240,3.7684,0.5083,3.367,6.652,240,2.315,3.73,240,1
Sangrur,258,240,3.8616,0.5,3.26,6.446,240,1.706,3.554,240,1
Sangrur,259,240,4.2831,0.5125,3.139,5.994,240,0.828,3.354,240,1
Sangrur,260,240,4.506,0.5,3.045,5.927,240,0.685,3.172,240,1
Sangrur,261,240,4.5544,0.4917,2.814,5.41,240,0.573,3.043,240,1
Sangrur,262,240,4.4625,0.4833,2.622,4.577,240,0.413,2.653,240,1
Sangrur,263,240,4.2374,0.4833,2.528,4.302,240,0.358,2.385,240,1
Sangrur,264,240,4.0278,0.4667,2.315,3.73,240,0.305,1.362,240,1
Sangrur,265,240,3.9357,0.4458,1.706,3.554,240,0.291,0.901,240,1
Sangrur,266,240,3.7236,0.425,0.828,3.354,240,0.276,0.793,240,1
Sangrur,267,240,3.4206,0.4167,0.685,3.172,240,0.267,0.699,240,1
Sangrur,268,240,3.1981,0.4083,0.573,3.043,240,0.267,0.602,240,1
Sangrur,269,240,3.1612,0.3917,0.413,2.653,240,0.267,0.564,240,1
Sangrur,270,240,3.0675,0.3917,0.358,2.385,240,0.269,0.525,240,1
Sangrur,271,240,2.9491,0.3667,0.305,1.362,240,0.276,0.53,240,1
Sangrur,272,240,2.8012,0.3458,0.291,0.901,240,0.289,0.564,240,1
Sangrur,273,240,2.5439,0.3208,0.276,0.793,240,0.309,0.644,240,1
Sangrur,274,240,1.8759,0.2792,0.267,0.699,240,0.355,0.732,240,1
Sangrur,275,240,1.3841,0.2667,0.267,0.602,240,0.396,0.774,240,0
Sangrur,276,240,0.9579,0.2542,0.267,0.564,240,0.446,0.82,240,0
Sangrur,277,240,0.944,0.2542,0.269,0.525,240,0.498,0.893,240,0
Sangrur,278,240,0.8939,0.2333,0.276,0.53,240,0.523,0.938,240,0
Sangrur,279,240,0.8284,0.2125,0.289,0.564,240,0.54,0.95,240,0
Sangrur,280,240,0.7897,0.2083,0.309,0.644,240,0.565,0.946,240,0
Sangrur,281,240,0.7862,0.2042,0.355,0.732,240,0.589,0.945,240,0
Sangrur,282,240,0.7169,0.1792,0.396,0.774,240,0.61,0.938,240,0
Sangrur,283,240,0.699,0.1625,0.446,0.82,240,0.628,0.938,240,0
Sangrur,284,240,0.6318,0.1542,0.498,0.893,240,0.622,0.934,240,0
Sangrur,285,240,0.5801,0.1375,0.523,0.938,240,0.605,0.933,240,0
Sangrur,286,240,0.5486,0.1292,0.54,0.95,240,0.577,0.914,240,0
Sangrur,287,240,0.4983,0.1208,0.565,0.946,240,0.545,0.901,240,0
Sangrur,288,240,0.4412,0.1083,0.589,0.945,240,0.499,0.858,240,0
Sangrur,289,240,0.3818,0.0958,0.61,0.938,240,0.457,0.826,240,0
Sangrur,290,240,0.3621,0.0917,0.628,0.938,240,0.407,0.775,240,0
Sangrur,291,240,0.3211,0.0792,0.622,0.934,240,0.327,0.73,240,0
Sangrur,292,240,0.3173,0.0625,0.605,0.933,240,0.233,0.628,240,0
Sangrur,293,240,0.2935,0.0583,0.577,0.914,240,0.104,0.543,240,0
Sangrur,294,240,0.2878,0.0583,0.545,0.901,240,0.067,0.497,240,0
Sangrur,295,240,0.2746,0.05,0.499,0.858,240,0.026,0.447,240,0
Sangrur,296,240,0.205,0.0333,0.457,0.826,240,0.002,0.398,240,0
Sangrur,297,240,0.1794,0.0292,0.407,0.775,240,0.002,0.348,240,0
Sangrur,298,240,0.1238,0.0208,0.327,0.73,240,0.001,0.261,240,0
Sangrur,299,240,0.1341,0.025,0.233,0.628,240,0.001,0.155,240,0
Sangrur,300,240,0.1359,0.025,0.104,0.543,240,0.001,0.103,240,0
Sangrur,301,240,0.1444,0.025,0.067,0.497,240,0.0,0.091,240,0
Sangrur,302,240,0.1447,0.0208,0.026,0.447,240,0.0,0.075,240,0
Sangrur,303,240,0.1532,0.0208,0.002,0.398,240,0.0,0.063,240,0
Sangrur,304,240,0.1552,0.0208,0.002,0.348,240,0.0,0.029,240,0
Sangrur,305,240,0.1538,0.0167,0.001,0.261,240,0.0,0.002,240,0
Sangrur,306,240,0.1556,0.0167,0.001,0.155,240,0.0,0.001,240,0
Sangrur,307,240,0.1251,0.0125,0.001,0.103,240,0.0,0.001,240,0
Sangrur,308,240,0.1238,0.0083,0.0,0.091,240,0.0,0.0,240,0
Sangrur,309,240,0.126,0.0083,0.0,0.075,240,0.0,0.0,240,0
Sangrur,310,240,0.1228,0.0083,0.0,0.063,240,0.0,0.0,240,0
Sangrur,311,240,0.1208,0.0083,0.0,0.029,240,0.0,0.0,240,0
Sangrur,312,240,0.1232,0.0083,0.0,0.002,240,0.0,0.0,240,0
Sangrur,313,240,0.1395,0.0167,0.0,0.001,240,0.0,0.0,240,0
Sangrur,314,240,0.1261,0.0125,0.0,0.001,240,0.0,0.0,240,0
Sangrur,315,240,0.1213,0.0125,0.0,0.0,240,0.0,0.0,240,0
Sangrur,316,240,0.1109,0.0125,0.0,0.0,240,0.0,0.0,240,0
Sangrur,317,240,0.1003,0.0125,0.0,0.0,240,0.0,0.0,240,0
Sangrur,318,240,0.0906,0.0125,0.0,0.0,240,0.0,0.0,240,0
Sangrur,319,240,0.0862,0.0125,0.0,0.0,240,0.0,0.0,240,0
Sangrur,320,240,0.0762,0.0083,0.0,0.0,240,0.0,0.002,240,0
Sangrur,321,240,0.0752,0.0125,0.0,0.0,240,0.0,0.004,240,0
Sangrur,322,240,0.0658,0.0125,0.0,0.0,240,0.0,0.005,240,0
Sangrur,323,240,0.0598,0.0125,0.0,0.0,240,0.0,0.006,240,0
Sangrur,324,240,0.0676,0.0208,0.0,0.0,240,0.0,0.007,240,0
Sangrur,325,240,0.1499,0.0333,0.0,0.0,240,0.0,0.01,240,0
Sangrur,326,240,0.1566,0.0375,0.0,0.0,240,0.0,0.026,240,0
Sangrur,327,240,0.1681,0.0458,0.0,0.002,240,0.001,0.059,240,0
Sangrur,328,240,0.1755,0.0458,0.0,0.004,240,0.003,0.079,240,0
Sangrur,329,240,0.1877,0.05,0.0,0.005,240,0.004,0.113,240,0
Sangrur,330,240,0.1997,0.0542,0.0,0.006,240,0.005,0.158,239,0
Sangrur,331,240,0.2125,0.0583,0.0,0.007,240,0.006,0.204,238,0
Sangrur,332,240,0.2247,0.0625,0.0,0.01,240,0.01,0.227,237,0
Sangrur,333,240,0.295,0.0708,0.0,0.026,240,0.012,0.279,236,0
Sangrur,334,240,0.2946,0.0708,0.001,0.059,240,0.059,0.389,235,0
Sangrur,335,240,0.2916,0.0708,0.003,0.079,240,0.086,0.6,234,0
Sangrur,336,240,0.2854,0.0667,0.004,0.113,240,0.152,0.813,233,0
Sangrur,337,240,0.2852,0.0667,0.005,0.158,239,0.202,1.006,232,0
Sangrur,338,240,0.2822,0.0667,0.006,0.204,238,0.248,1.125,231,0
Sangrur,339,240,0.2918,0.0625,0.01,0.227,237,0.285,1.236,230,0
Sangrur,340,240,0.2778,0.0542,0.012,0.279,236,0.34,1.257,229,0
Sangrur,341,240,0.3884,0.0625,0.059,0.389,235,0.406,1.326,228,0
Sangrur,342,240,0.3816,0.0583,0.086,0.6,234,0.449,1.337,227,0
Sangrur,343,240,0.3561,0.05,0.152,0.813,233,0.462,1.338,226,0
Sangrur,344,240,0.3438,0.0458,0.202,1.006,232,0.469,1.335,225,0
Sangrur,345,240,0.3316,0.0417,0.248,1.125,231,0.448,1.326,225,0
Sangrur,346,240,0.3187,0.0375,0.285,1.236,230,0.355,1.335,225,0
Sangrur,347,240,0.3065,0.0333,0.34,1.257,229,0.343,1.345,225,0
Sangrur,348,240,0.2366,0.025,0.406,1.326,228,0.172,1.314,225,0
Sangrur,349,240,0.2369,0.025,0.449,1.337,227,0.08,1.224,225,0
Sangrur,350,240,0.2375,0.025,0.462,1.338,226,0.046,1.108,225,0
Sangrur,351,240,0.2377,0.025,0.469,1.335,225,0.016,1.051,225,0
Sangrur,352,240,0.2378,0.025,0.448,1.326,225,0.0,0.68,225,0
Sangrur,353,240,0.2371,0.025,0.355,1.335,225,0.0,0.638,225,0
Sangrur,354,240,0.2154,0.0208,0.343,1.345,225,0.0,0.619,225,0
Sangrur,355,240,0.1548,0.0208,0.172,1.314,225,0.0,0.47,225,0
Sangrur,356,240,0.0463,0.0125,0.08,1.224,225,0.0,0.46,225,0
Sangrur,357,240,0.0427,0.0125,0.046,1.108,225,0.0,0.46,225,0
Sangrur,358,240,0.079,0.0167,0.016,1.051,225,0.0,0.444,225,0
Sangrur,359,240,0.0864,0.0167,0.0,0.68,225,0.0,0.395,225,0
Sangrur,360,240,0.0963,0.0167,0.0,0.638,226,0.0,0.353,226,0
Sangrur,361,240,0.1058,0.0208,0.0,0.6,227,0.0,0.348,227,0
Sangrur,362,240,0.121,0.025,0.0,0.469,228,0.0,0.244,228,0
Sangrur,363,240,0.1515,0.0375,0.0,0.46,229,0.0,0.121,229,0
Sangrur,364,240,0.4306,0.05,0.0,0.46,230,0.0,0.095,230,0
Sangrur,365,240,0.4414,0.0542,0.0,0.443,231,0.0,0.073,231,0
Sangrur,366,240,0.4806,0.0583,0.0,0.367,232,0.0,0.073,232,0
Sunam,1,240,0.4091,0.0333,0.0,0.142,233,0.0,0.257,233,0
Sunam,2,240,0.4095,0.0333,0.0,0.176,234,0.0,0.312,234,0
Sunam,3,240,0.4092,0.0333,0.0,0.192,235,0.0,0.412,235,0
Sunam,4,240,0.4079,0.0333,0.0,0.188,236,0.0,0.612,236,0
Sunam,5,240,0.411,0.0375,0.0,0.199,237,0.0,0.628,237,0
Sunam,6,240,0.406,0.0333,0.0,0.199,238,0.0,0.656,238,0
Sunam,7,240,0.3806,0.0292,0.0,0.199,239,0.0,0.85,239,0
Sunam,8,240,0.3792,0.0292,0.0,0.199,240,0.0,1.032,240,0
Sunam,9,240,0.3916,0.0375,0.0,0.296,240,0.0,1.28,240,0
Sunam,10,240,0.5323,0.0458,0.0,0.364,240,0.0,1.376,240,0
Sunam,11,240,0.5746,0.0542,0.0,0.576,240,0.0,1.387,240,0
Sunam,12,240,0.5628,0.05,0.0,0.612,240,0.0,1.387,240,0
Sunam,13,240,0.2728,0.0458,0.0,0.628,240,0.0,1.372,240,0
Sunam,14,240,0.3318,0.05,0.0,0.812,240,0.0,1.387,240,0
Sunam,15,240,0.3482,0.0542,0.0,1.032,240,0.0,1.423,240,0
Sunam,16,240,0.3399,0.05,0.0,1.28,240,0.0,1.494,240,0
Sunam,17,240,0.3411,0.05,0.0,1.376,240,0.0,1.532,240,0
Sunam,18,240,0.3968,0.0542,0.0,1.387,240,0.0,1.614,240,0
Sunam,19,240,0.516,0.0583,0.0,1.387,240,0.0,1.811,240,0
Sunam,20,240,0.5113,0.0542,0.0,1.372,240,0.0,2.846,240,0
Sunam,21,240,0.5071,0.0542,0.0,1.387,240,0.0,2.846,240,0
Sunam,22,240,0.5064,0.0542,0.0,1.423,240,0.0,3.563,240,0
Sunam,23,240,0.5057,0.0542,0.0,1.494,240,0.0,3.794,240,0
Sunam,24,240,0.5025,0.0542,0.0,1.532,240,0.0,3.948,240,0
Sunam,25,240,0.3669,0.05,0.0,1.614,240,0.0,4.217,240,0
Sunam,26,240,0.362,0.05,0.0,1.811,240,0.0,4.217,240,0
Sunam,27,240,0.4102,0.0625,0.0,2.846,240,0.0,5.015,240,0
Sunam,28,240,0.4417,0.0708,0.0,2.846,240,0.0,5.94,240,0
Sunam,29,240,0.4052,0.0708,0.0,3.563,240,0.0,5.413,240,0
Sunam,30,240,0.3694,0.0625,0.0,3.794,240,0.0,4.217,240,0
Sunam,31,240,0.3762,0.0667,0.0,3.948,240,0.0,3.802,240,0
Sunam,32,240,0.4614,0.0708,0.0,4.217,240,0.0,3.783,240,0
Sunam,33,240,0.4114,0.0708,0.0,4.217,240,0.0,3.703,240,0
Sunam,34,240,0.2928,0.0667,0.0,5.015,240,0.0,3.426,240,0
Sunam,35,240,0.3063,0.075,0.0,5.94,240,0.0,3.047,240,0
Sunam,36,240,0.322,0.0833,0.0,5.413,240,0.0,3.047,240,0
Sunam,37,240,0.3358,0.0917,0.0,4.217,240,0.0,3.047,240,0
Sunam,38,240,0.3867,0.1,0.0,3.802,240,0.0,3.047,240,0
Sunam,39,240,0.4163,0.1,0.0,3.783,240,0.0,3.692,240,0
Sunam,40,240,0.5188,0.1042,0.0,3.703,240,0.0,3.77,240,0
Sunam,41,240,0.4809,0.0958,0.0,3.426,240,0.0,3.783,240,0
Sunam,42,240,0.4548,0.0875,0.0,3.047,240,0.0,3.77,240,0
Sunam,43,240,0.4311,0.0792,0.0,3.047,240,0.0,3.421,240,0
Sunam,44,240,0.5336,0.0917,0.0,3.047,240,0.0,3.02,240,0
Sunam,45,240,0.5592,0.1,0.0,3.047,240,0.0,2.793,240,0
Sunam,46,240,0.6207,0.1042,0.0,3.692,240,0.0,2.779,240,0
Sunam,47,240,0.6518,0.1083,0.0,3.77,240,0.0,2.731,240,0
Sunam,48,240,0.6841,0.1083,0.0,3.783,240,0.0,2.636,240,0
Sunam,49,240,0.7862,0.1208,0.0,3.77,240,0.0,2.379,240,0
Sunam,50,240,0.7834,0.1167,0.0,3.421,240,0.0,2.064,240,0
Sunam,51,240,0.8539,0.1167,0.0,3.02,240,0.0,1.724,240,0
Sunam,52,240,0.9045,0.1125,0.0,2.793,240,0.0,1.689,240,0
Sunam,53,228,0.9018,0.1096,0.0,2.783,228,0.0,1.58,228,0
Sunam,54,228,0.921,0.1053,0.0,2.735,228,0.0,1.405,228,0
Sunam,55,228,0.8706,0.1096,0.0,2.654,228,0.0,1.58,228,0
Sunam,56,228,0.8665,0.1096,0.0,2.461,228,0.0,1.697,228,0
Sunam,57,228,0.8737,0.114,0.0,2.268,228,0.0,1.697,228,0
Sunam,58,228,0.921,0.1184,0.0,1.725,228,0.0,2.302,228,0
Sunam,59,228,0.785,0.0965,0.0,1.716,228,0.0,2.666,228,0
Sunam,60,228,0.7743,0.0921,0.0,1.58,228,0.0,3.484,228,0
Sunam,61,228,0.7182,0.0877,0.0,1.405,228,0.0,3.647,228,0
Sunam,62,228,0.6019,0.0833,0.0,1.58,228,0.0,3.484,228,0
Sunam,63,228,0.5989,0.0877,0.0,1.697,228,0.0,3.484,228,0
Sunam,64,228,0.5365,0.0833,0.0,1.697,228,0.0,3.484,228,0
Sunam,65,228,0.6519,0.0877,0.0,2.302,228,0.0,3.313,228,0
Sunam,66,228,0.6105,0.0965,0.0,2.666,228,0.0,2.705,228,0
Sunam,67,228,0.6609,0.1096,0.0,3.484,228,0.0,2.705,228,0
Sunam,68,240,0.7233,0.1125,0.0,3.632,240,0.0,2.731,240,0
Sunam,69,240,0.6642,0.1083,0.0,3.482,240,0.0,3.035,240,0
Sunam,70,240,0.6178,0.1,0.0,3.482,240,0.0,3.163,240,0
Sunam,71,240,0.6816,0.1042,0.0,3.428,240,0.0,3.53,240,0
Sunam,72,240,0.6651,0.1,0.0,3.128,240,0.0,3.777,240,0
Sunam,73,240,0.6699,0.1,0.0,2.689,240,0.0,3.85,240,0
Sunam,74,240,0.6857,0.1083,0.0,2.524,240,0.0,4.01,240,0
Sunam,75,240,0.6738,0.1042,0.0,2.731,240,0.0,4.125,240,0
Sunam,76,240,0.6878,0.1125,0.0,3.035,240,0.0,4.459,240,0
Sunam,77,240,0.7352,0.1208,0.0,3.163,240,0.001,4.721,240,0
Sunam,78,240,0.7276,0.1167,0.0,3.53,240,0.007,4.602,240,0
Sunam,79,240,0.7054,0.1125,0.0,3.777,240,0.012,4.459,240,0
Sunam,80,240,0.6359,0.1083,0.0,3.85,240,0.007,4.113,240,0
Sunam,81,240,0.6018,0.0958,0.0,4.01,240,0.005,3.981,240,0
Sunam,82,240,0.55,0.0917,0.0,4.125,240,0.004,3.361,240,0
Sunam,83,240,0.4903,0.0958,0.0,4.459,240,0.003,3.292,240,0
Sunam,84,240,0.4899,0.0958,0.001,4.721,240,0.001,3.177,240,0
Sunam,85,240,0.5105,0.1042,0.007,4.602,240,0.001,1.927,240,0
Sunam,86,240,0.4835,0.1083,0.012,4.459,240,0.001,1.641,240,0
Sunam,87,240,0.4841,0.1083,0.007,4.113,240,0.001,1.525,240,0
Sunam,88,240,0.5126,0.1125,0.005,3.981,240,0.001,1.525,240,0
Sunam,89,240,0.5276,0.1083,0.004,3.361,240,0.001,1.525,240,0
Sunam,90,240,0.5352,0.1125,0.003,3.292,240,0.001,1.641,240,0
Sunam,91,240,0.5077,0.1,0.001,3.177,240,0.001,1.865,240,0
Sunam,92,240,0.4549,0.0875,0.001,1.927,240,0.001,1.865,240,0
Sunam,93,240,0.4563,0.0875,0.001,1.641,240,0.001,2.791,240,0
Sunam,94,240,0.4726,0.0917,0.001,1.525,240,0.003,3.18,240,0
Sunam,95,240,0.4604,0.1,0.001,1.525,240,0.008,4.337,240,0
Sunam,96,240,0.4862,0.1083,0.001,1.525,240,0.013,4.608,240,0
Sunam,97,240,0.4619,0.1125,0.001,1.641,240,0.048,4.899,240,0
Sunam,98,240,0.4415,0.1042,0.001,1.865,240,0.096,5.215,240,0
Sunam,99,240,0.5057,0.1125,0.001,1.865,240,0.172,5.898,240,0
Sunam,100,240,0.5987,0.1208,0.001,2.791,240,0.325,6.068,240,0
Sunam,101,240,0.6848,0.125,0.003,3.18,240,0.434,6.252,240,0
Sunam,102,240,0.7457,0.125,0.008,4.337,240,0.185,6.266,240,0
Sunam,103,240,0.6982,0.125,0.013,4.608,240,0.11,6.197,240,0
Sunam,104,240,0.7081,0.1333,0.048,4.899,240,0.109,6.048,240,0
Sunam,105,240,0.724,0.1333,0.096,5.215,240,0.096,5.766,240,0
Sunam,106,240,0.7246,0.1333,0.172,5.898,240,0.086,4.955,240,0
Sunam,107,240,0.7434,0.1417,0.325,6.068,240,0.074,4.051,240,0
Sunam,108,240,0.7143,0.1375,0.434,6.252,240,0.043,3.386,240,0
Sunam,109,240,0.6789,0.1292,0.185,6.266,240,0.0,3.317,240,0
Sunam,110,240,0.6398,0.1167,0.11,6.197,240,0.0,3.299,240,0
Sunam,111,240,0.6313,0.1083,0.109,6.048,240,0.0,3.198,240,0
Sunam,112,240,0.613,0.0958,0.096,5.766,240,0.0,3.015,240,0
Sunam,113,240,0.6066,0.0958,0.086,4.955,240,0.0,2.906,240,0
Sunam,114,240,0.5686,0.0958,0.074,4.051,240,0.0,2.906,240,0
Sunam,115,240,0.45,0.0792,0.043,3.386,240,0.0,3.418,240,0
Sunam,116,240,0.3499,0.0792,0.0,3.317,240,0.0,3.8,240,0
Sunam,117,240,0.3815,0.0958,0.0,3.299,240,0.0,4.13,240,0
Sunam,118,240,0.4123,0.1042,0.0,3.198,240,0.0,4.561,240,0
Sunam,119,240,0.4222,0.1125,0.0,3.015,240,0.0,5.322,240,0
Sunam,120,240,0.4445,0.125,0.0,2.906,240,0.0,5.322,240,0
Sunam,121,240,0.482,0.1417,0.0,2.906,240,0.0,5.374,240,0
Sunam,122,240,0.5012,0.1417,0.0,3.418,240,0.0,5.374,240,0
Sunam,123,240,0.5517,0.1625,0.0,3.8,240,0.0,5.374,240,0
Sunam,124,240,0.6345,0.1875,0.0,4.13,240,0.0,5.374,240,0
Sunam,125,240,0.6813,0.2,0.0,4.561,240,0.0,5.374,240,0
Sunam,126,240,0.7335,0.2125,0.0,5.322,240,0.0,5.374,240,0
Sunam,127,240,0.7678,0.2208,0.0,5.322,240,0.0,5.374,240,0
Sunam,128,240,0.7789,0.2208,0.0,5.374,240,0.003,5.377,240,0
Sunam,129,240,0.7869,0.2167,0.0,5.374,240,0.027,5.445,240,0
Sunam,130,240,0.7882,0.2208,0.0,5.374,240,0.062,5.514,240,0
Sunam,131,240,0.776,0.2167,0.0,5.374,240,0.106,5.514,240,0
Sunam,132,240,0.679,0.2042,0.0,5.374,240,0.125,5.782,240,0
Sunam,133,240,0.6075,0.1875,0.0,5.374,240,0.127,5.91,240,0
Sunam,134,240,0.5606,0.1708,0.0,5.374,240,0.133,5.94,240,0
Sunam,135,240,0.6146,0.1667,0.003,5.377,240,0.133,6.014,240,0
Sunam,136,240,0.6245,0.1625,0.027,5.445,240,0.133,6.014,240,0
Sunam,137,240,0.7259,0.175,0.062,5.514,240,0.127,5.94,240,0
Sunam,138,240,0.7551,0.1667,0.106,5.514,240,0.127,5.94,240,0
Sunam,139,240,0.7304,0.1542,0.125,5.782,240,0.127,5.986,240,0
Sunam,140,240,0.7457,0.15,0.127,5.91,240,0.127,6.073,240,0
Sunam,141,240,0.7104,0.1417,0.133,5.94,240,0.126,6.385,240,0
Sunam,142,240,0.7184,0.1417,0.133,6.014,240,0.125,7.208,240,0
Sunam,143,240,0.7714,0.1542,0.133,6.014,240,0.123,7.415,240,0
Sunam,144,240,0.8171,0.1625,0.127,5.94,240,0.111,7.952,240,0
Sunam,145,240,0.8983,0.175,0.127,5.94,240,0.088,9.457,240,0
Sunam,146,240,0.9135,0.175,0.127,5.986,240,0.088,10.567,240,0
Sunam,147,240,0.9031,0.1667,0.127,6.073,240,0.088,11.108,240,0
Sunam,148,240,0.8958,0.1625,0.126,6.385,240,0.142,13.308,240,0
Sunam,149,240,0.8916,0.1583,0.125,7.208,240,0.197,14.839,240,0
Sunam,150,240,0.7956,0.15,0.123,7.415,240,0.423,18.048,240,0
Sunam,151,240,0.8489,0.1583,0.111,7.952,240,0.892,20.793,240,0
Sunam,152,240,0.8153,0.1583,0.088,9.457,240,1.882,23.061,240,0
Sunam,153,240,0.7609,0.1542,0.088,10.567,240,3.41,26.934,240,1
Sunam,154,240,0.7362,0.1542,0.088,11.108,240,4.465,28.338,240,1
Sunam,155,240,0.7545,0.1625,0.142,13.308,240,5.072,30.26,240,1
Sunam,156,240,0.7956,0.1625,0.197,14.839,240,6.067,35.277,240,1
Sunam,157,240,0.8521,0.1667,0.423,18.048,240,7.174,40.028,240,1
Sunam,158,240,0.9236,0.1625,0.892,20.793,240,10.307,40.944,240,1
Sunam,159,240,0.9439,0.1583,1.882,23.061,240,11.457,41.462,240,1
Sunam,160,240,1.0118,0.1542,3.41,26.934,240,12.986,43.618,240,1
Sunam,161,240,0.989,0.1458,4.465,28.338,240,15.293,43.936,240,1
Sunam,162,240,1.0178,0.15,5.072,30.26,240,16.254,44.525,240,1
Sunam,163,240,1.0695,0.1583,6.067,35.277,240,17.893,45.655,240,1
Sunam,164,240,1.1004,0.1667,7.174,40.028,240,19.409,45.918,240,1
Sunam,165,240,1.2219,0.1708,10.307,40.944,240,20.465,47.406,240,1
Sunam,166,240,1.1481,0.1583,11.457,41.462,240,21.844,48.717,240,1
Sunam,167,240,1.0734,0.1458,12.986,43.618,240,22.344,49.917,240,1
Sunam,168,240,1.2437,0.1458,15.293,43.936,240,22.956,49.917,240,1
Sunam,169,240,1.4003,0.1542,16.254,44.525,240,23.44,49.917,240,1
Sunam,170,240,1.5444,0.1625,17.893,45.655,240,23.44,50.068,240,1
Sunam,171,240,1.6523,0.1792,19.409,45.918,240,22.398,49.827,240,1
Sunam,172,240,1.7606,0.1833,20.465,47.406,240,22.13,48.38,240,1
Sunam,173,240,2.1644,0.1917,21.844,48.717,240,21.834,47.951,240,1
Sunam,174,240,2.3562,0.2042,22.344,49.917,240,21.744,47.561,240,1
Sunam,175,240,2.4632,0.2125,22.956,49.917,240,21.816,47.561,240,1
Sunam,176,240,2.8131,0.25,23.44,49.917,240,22.046,47.363,240,1
Sunam,177,240,3.0538,0.2708,23.44,50.068,240,21.816,48.007,240,1
Sunam,178,240,3.1312,0.2875,22.398,49.827,240,21.778,48.007,240,1
Sunam,179,240,3.2375,0.3125,22.13,48.38,240,21.778,47.775,240,1
Sunam,180,240,3.4195,0.3458,21.834,47.951,240,21.171,46.607,240,1
Sunam,181,240,3.8532,0.3875,21.744,47.561,240,20.655,45.636,240,1
Sunam,182,240,4.2947,0.4333,21.816,47.561,240,19.998,45.107,240,1
Sunam,183,240,4.5867,0.4667,22.046,47.363,240,20.095,44.757,240,1
Sunam,184,240,4.8443,0.4833,21.816,48.007,240,19.869,44.314,240,1
Sunam,185,240,4.9684,0.5,21.778,48.007,240,19.663,44.314,240,1
Sunam,186,240,5.1713,0.5208,21.778,47.775,240,19.631,44.757,240,1
Sunam,187,240,5.4964,0.5542,21.171,46.607,240,19.869,45.659,240,1
Sunam,188,240,5.1754,0.5833,20.655,45.636,240,19.951,46.765,240,1
Sunam,189,240,5.345,0.6083,19.998,45.107,240,19.994,47.097,240,1
Sunam,190,240,5.508,0.6292,20.095,44.757,240,19.994,47.148,240,1
Sunam,191,240,5.6226,0.65,19.869,44.314,240,19.897,47.374,240,1
Sunam,192,240,5.679,0.6792,19.663,44.314,240,19.856,47.374,240,1
Sunam,193,240,6.0241,0.7,19.631,44.757,240,19.663,47.374,240,1
Sunam,194,240,6.2581,0.7125,19.869,45.659,240,19.424,47.93,240,1
Sunam,195,240,6.4429,0.725,19.951,46.765,240,18.868,48.291,240,1
Sunam,196,240,6.3864,0.7292,19.994,47.097,240,18.745,50.03,240,1
Sunam,197,240,6.2189,0.7125,19.994,47.148,240,19.32,50.434,240,1
Sunam,198,240,5.892,0.7,19.897,47.374,240,19.471,51.648,240,1
Sunam,199,240,5.7482,0.7042,19.856,47.374,240,20.841,53.412,240,1
Sunam,200,240,5.715,0.6958,19.663,47.374,240,22.266,54.266,240,1
Sunam,201,240,5.6549,0.6917,19.424,47.93,240,23.421,54.92,240,1
Sunam,202,240,5.4677,0.6833,18.868,48.291,240,23.316,54.92,240,1
Sunam,203,240,5.7488,0.675,18.745,50.03,240,23.316,54.612,240,1
Sunam,204,240,5.6636,0.6833,19.32,50.434,240,23.141,54.612,240,1
Sunam,205,240,5.5882,0.7,19.471,51.648,240,22.507,54.266,240,1
Sunam,206,240,5.6444,0.7042,20.841,53.412,240,21.963,54.008,240,1
Sunam,207,240,5.8157,0.7042,22.266,54.266,240,21.093,53.744,240,1
Sunam,208,240,5.6209,0.7083,23.421,54.92,240,20.803,53.489,240,1
Sunam,209,240,5.4598,0.7125,23.316,54.92,240,20.471,52.837,240,1
Sunam,210,240,5.1849,0.7083,23.316,54.612,240,20.803,52.837,240,1
Sunam,211,240,5.0435,0.7125,23.141,54.612,240,20.803,52.837,240,1
Sunam,212,240,5.2346,0.7167,22.507,54.266,240,20.471,51.797,240,1
Sunam,213,240,5.3908,0.725,21.963,54.008,240,20.276,49.947,240,1
Sunam,214,240,5.4056,0.7167,21.093,53.744,240,19.152,49.452,240,1
Sunam,215,240,5.471,0.7292,20.803,53.489,240,18.546,49.187,240,1
Sunam,216,240,5.3849,0.7292,20.471,52.837,240,16.626,46.845,240,1
Sunam,217,240,5.4767,0.7333,20.803,52.837,240,14.308,43.501,240,1
Sunam,218,240,5.3609,0.7375,20.803,52.837,240,12.865,43.501,240,1
Sunam,219,240,5.2223,0.7208,20.471,51.797,240,11.95,42.413,240,1
Sunam,220,240,5.4267,0.7042,20.276,49.947,240,11.225,42.413,240,1
Sunam,221,240,5.4374,0.6875,19.152,49.452,240,10.617,42.413,240,1
Sunam,222,240,5.2981,0.675,18.546,49.187,240,10.445,40.669,240,1
Sunam,223,240,5.7644,0.6667,16.626,46.845,240,10.216,40.278,240,1
Sunam,224,240,5.8825,0.6625,14.308,43.501,240,10.135,40.163,240,1
Sunam,225,240,6.1457,0.6583,12.865,43.501,240,9.299,37.671,240,1
Sunam,226,240,6.6969,0.6542,11.95,42.413,240,8.431,34.919,240,1
Sunam,227,240,6.7023,0.6542,11.225,42.413,240,8.055,32.157,240,1
Sunam,228,240,6.6825,0.6583,10.617,42.413,240,7.74,28.757,240,1
Sunam,229,240,6.6696,0.6625,10.445,40.669,240,7.941,26.899,240,1
Sunam,230,240,6.5233,0.6583,10.216,40.278,240,7.975,24.244,240,1
Sunam,231,240,6.6379,0.65,10.135,40.163,240,7.74,22.22,240,1
Sunam,232,240,6.5417,0.6458,9.299,37.671,240,7.48,21.893,240,1
Sunam,233,240,6.4958,0.6458,8.431,34.919,240,7.478,21.893,240,1
Sunam,234,240,6.6142,0.6458,8.055,32.157,240,7.489,21.893,240,1
Sunam,235,240,6.5078,0.6333,7.74,28.757,240,7.637,21.893,240,1
Sunam,236,240,6.2255,0.625,7.941,26.899,240,7.473,18.516,240,1
Sunam,237,240,6.4648,0.6208,7.975,24.244,240,7.278,15.516,240,1
Sunam,238,240,6.3043,0.6375,7.74,22.22,240,6.996,13.796,240,1
Sunam,239,240,6.4815,0.6375,7.48,21.893,240,6.832,13.258,240,1
Sunam,240,240,6.9173,0.6458,7.478,21.893,240,6.545,12.867,240,1
Sunam,241,240,6.5471,0.6333,7.489,21.893,240,6.35,12.67,240,1
Sunam,242,240,6.4041,0.6292,7.637,21.893,240,6.241,11.95,240,1
Sunam,243,240,6.3436,0.6333,7.473,18.516,240,6.024,11.259,240,1
Sunam,244,240,6.3909,0.6333,7.278,15.516,240,5.572,10.308,240,1
Sunam,245,240,6.4542,0.6292,6.996,13.796,240,5.103,9.188,240,1
Sunam,246,240,6.3788,0.6292,6.832,13.258,240,4.757,8.549,240,1
Sunam,247,240,6.1584,0.6125,6.545,12.867,240,4.28,8.148,240,1
Sunam,248,240,6.0876,0.5958,6.35,12.67,240,3.89,7.683,240,1
Sunam,249,240,5.9664,0.6,6.241,11.95,240,3.594,7.212,240,1
Sunam,250,240,5.6629,0.6042,6.024,11.259,240,3.412,6.547,240,1
Sunam,251,240,5.6822,0.6083,5.572,10.308,240,3.328,6.286,240,1
Sunam,252,240,5.505,0.6083,5.103,9.188,240,3.206,5.885,240,1
Sunam,253,240,5.2064,0.5792,4.757,8.549,240,3.083,5.814,240,1
Sunam,254,240,4.807,0.5667,4.28,8.148,240,2.935,5.533,240,1
Sunam,255,240,4.0624,0.5333,3.89,7.683,240,2.776,4.833,240,1
Sunam,256,240,3.746,0.525,3.594,7.212,240,2.642,4.299,240,1
Sunam,257,240,3.5735,0.5167,3.412,6.547,240,2.522,3.877,240,1
Sunam,258,240,3.6534,0.5083,3.328,6.286,240,1.657,3.71,240,1
Sunam,259,240,3.9695,0.5208,3.206,5.885,240,1.143,3.593,240,1
Sunam,260,240,4.3165,0.5083,3.083,5.814,240,0.934,3.522,240,1
Sunam,261,240,4.448,0.5,2.935,5.533,240,0.824,3.233,240,1
Sunam,262,240,4.3556,0.4833,2.776,4.833,240,0.689,2.928,240,1
Sunam,263,240,4.1542,0.4792,2.642,4.299,240,0.657,2.488,240,1
Sunam,264,240,3.9953,0.4625,2.522,3.877,240,0.597,1.635,240,1
Sunam,265,240,3.9059,0.4417,1.657,3.71,240,0.58,1.239,240,1
Sunam,266,240,3.6959,0.4208,1.143,3.593,240,0.554,1.139,240,1
Sunam,267,240,3.3578,0.4083,0.934,3.522,240,0.541,0.983,240,1
Sunam,268,240,3.1383,0.4,0.824,3.233,240,0.541,0.935,240,1
Sunam,269,240,3.101,0.3792,0.689,2.928,240,0.541,0.867,240,1
Sunam,270,240,2.9707,0.375,0.657,2.488,240,0.552,0.839,240,1
Sunam,271,240,2.8732,0.35,0.597,1.635,240,0.558,0.839,240,1
Sunam,272,240,2.7445,0.3375,0.58,1.239,240,0.559,0.851,240,1
Sunam,273,240,2.4852,0.3167,0.554,1.139,240,0.58,0.882,240,1
Sunam,274,240,1.893,0.2792,0.541,0.983,240,0.596,0.904,240,1
Sunam,275,240,1.2806,0.2667,0.541,0.935,240,0.639,0.913,240,0
Sunam,276,240,0.8939,0.25,0.541,0.867,240,0.673,0.919,240,0
Sunam,277,240,0.8976,0.2583,0.552,0.839,240,0.688,0.93,240,0
Sunam,278,240,0.8621,0.2458,0.558,0.839,240,0.695,0.937,240,0
Sunam,279,240,0.7959,0.225,0.559,0.851,240,0.695,0.934,240,0
Sunam,280,240,0.7724,0.2167,0.58,0.882,240,0.693,0.928,240,0
Sunam,281,240,0.8005,0.2125,0.596,0.904,240,0.682,0.919,240,0
Sunam,282,240,0.755,0.1917,0.639,0.913,240,0.679,0.916,240,0
Sunam,283,240,0.7424,0.175,0.673,0.919,240,0.664,0.907,240,0
Sunam,284,240,0.6792,0.1625,0.688,0.93,240,0.629,0.904,240,0
Sunam,285,240,0.6399,0.1458,0.695,0.937,240,0.57,0.884,240,0
Sunam,286,240,0.6117,0.1375,0.695,0.934,240,0.529,0.829,240,0
Sunam,287,240,0.5606,0.125,0.693,0.928,240,0.502,0.814,240,0
Sunam,288,240,0.5064,0.1083,0.682,0.919,240,0.478,0.79,240,0
Sunam,289,240,0.4341,0.0958,0.679,0.916,240,0.42,0.767,240,0
Sunam,290,240,0.4154,0.0917,0.664,0.907,240,0.377,0.695,240,0
Sunam,291,240,0.3875,0.0833,0.629,0.904,240,0.332,0.647,240,0
Sunam,292,240,0.3659,0.0667,0.57,0.884,240,0.248,0.547,240,0
Sunam,293,240,0.3418,0.0583,0.529,0.829,240,0.126,0.497,240,0
Sunam,294,240,0.3375,0.0542,0.502,0.814,240,0.054,0.464,240,0
Sunam,295,240,0.3081,0.05,0.478,0.79,240,0.016,0.409,240,0
Sunam,296,240,0.2221,0.0333,0.42,0.767,240,0.01,0.358,240,0
Sunam,297,240,0.194,0.0292,0.377,0.695,240,0.009,0.342,240,0
Sunam,298,240,0.1494,0.025,0.332,0.647,240,0.008,0.253,240,0
Sunam,299,240,0.1554,0.0292,0.248,0.547,240,0.006,0.168,240,0
Sunam,300,240,0.154,0.0292,0.126,0.497,240,0.004,0.081,240,0
Sunam,301,240,0.1602,0.0292,0.054,0.464,240,0.002,0.054,240,0
Sunam,302,240,0.1622,0.025,0.016,0.409,240,0.0,0.022,240,0
Sunam,303,240,0.1668,0.025,0.01,0.358,240,0.0,0.014,240,0
Sunam,304,240,0.1641,0.025,0.009,0.342,240,0.0,0.011,240,0
Sunam,305,240,0.1602,0.0208,0.008,0.253,240,0.0,0.008,240,0
Sunam,306,240,0.1576,0.0208,0.006,0.168,240,0.0,0.006,240,0
Sunam,307,240,0.1385,0.0167,0.004,0.081,240,0.0,0.004,240,0
Sunam,308,240,0.1289,0.0125,0.002,0.054,240,0.0,0.002,240,0
Sunam,309,240,0.1258,0.0125,0.0,0.022,240,0.0,0.003,240,0
Sunam,310,240,0.1196,0.0083,0.0,0.014,240,0.0,0.003,240,0
Sunam,311,240,0.1167,0.0083,0.0,0.011,240,0.0,0.003,240,0
Sunam,312,240,0.118,0.0125,0.0,0.008,240,0.0,0.003,240,0
Sunam,313,240,0.1314,0.0208,0.0,0.006,240,0.0,0.003,240,0
Sunam,314,240,0.1185,0.0167,0.0,0.004,240,0.0,0.003,240,0
Sunam,315,240,0.1134,0.0167,0.0,0.002,240,0.0,0.003,240,0
Sunam,316,240,0.1031,0.0167,0.0,0.003,240,0.0,0.003,240,0
Sunam,317,240,0.0925,0.0167,0.0,0.003,240,0.0,0.001,240,0
Sunam,318,240,0.0852,0.0167,0.0,0.003,240,0.0,0.001,240,0
Sunam,319,240,0.0812,0.0167,0.0,0.003,240,0.0,0.001,240,0
Sunam,320,240,0.0718,0.0125,0.0,0.003,240,0.0,0.0,240,0
Sunam,321,240,0.0689,0.0125,0.0,0.003,240,0.0,0.0,240,0
Sunam,322,240,0.0602,0.0125,0.0,0.003,240,0.0,0.0,240,0
Sunam,323,240,0.0554,0.0125,0.0,0.003,240,0.0,0.0,240,0
Sunam,324,240,0.0669,0.0208,0.0,0.001,240,0.0,0.0,240,0
Sunam,325,240,0.1417,0.0333,0.0,0.001,240,0.0,0.0,240,0
Sunam,326,240,0.1467,0.0375,0.0,0.001,240,0.0,0.001,240,0
Sunam,327,240,0.1547,0.0417,0.0,0.0,240,0.0,0.002,240,0
Sunam,328,240,0.1588,0.0417,0.0,0.0,240,0.0,0.004,240,0
Sunam,329,240,0.1697,0.0458,0.0,0.0,240,0.0,0.005,240,0
Sunam,330,240,0.1809,0.05,0.0,0.0,240,0.0,0.007,239,0
Sunam,331,240,0.1921,0.0542,0.0,0.0,240,0.0,0.009,238,0
Sunam,332,240,0.2033,0.0583,0.0,0.0,240,0.0,0.025,237,0
Sunam,333,240,0.2764,0.0667,0.0,0.001,240,0.0,0.067,236,0
Sunam,334,240,0.2762,0.0667,0.0,0.002,240,0.0,0.1,235,0
Sunam,335,240,0.2747,0.0667,0.0,0.004,240,0.003,0.127,234,0
Sunam,336,240,0.2715,0.0667,0.0,0.005,240,0.005,0.193,233,0
Sunam,337,240,0.2714,0.0667,0.0,0.007,239,0.007,0.278,232,0
Sunam,338,240,0.279,0.0708,0.0,0.009,238,0.02,0.362,231,0
Sunam,339,240,0.2781,0.0667,0.0,0.025,237,0.042,0.382,230,0
Sunam,340,240,0.2774,0.0583,0.0,0.067,236,0.054,0.387,229,0
Sunam,341,240,0.3385,0.0667,0.0,0.1,235,0.062,0.401,228,0
Sunam,342,240,0.3305,0.0625,0.003,0.127,234,0.078,0.41,227,0
Sunam,343,240,0.3069,0.0542,0.005,0.193,233,0.081,0.419,226,0
Sunam,344,240,0.2957,0.05,0.007,0.278,232,0.085,0.408,225,0
Sunam,345,240,0.2844,0.0458,0.02,0.362,231,0.067,0.408,225,0
Sunam,346,240,0.2732,0.0417,0.042,0.382,230,0.052,0.423,225,0
Sunam,347,240,0.2619,0.0375,0.054,0.387,229,0.041,0.408,225,0
Sunam,348,240,0.19,0.0292,0.062,0.401,228,0.029,0.382,225,0
Sunam,349,240,0.19,0.0292,0.078,0.41,227,0.013,0.335,225,0
Sunam,350,240,0.19,0.0292,0.081,0.419,226,0.007,0.279,225,0
Sunam,351,240,0.19,0.0292,0.085,0.408,225,0.0,0.222,225,0
Sunam,352,240,0.19,0.0292,0.067,0.408,225,0.0,0.219,225,0
Sunam,353,240,0.1788,0.025,0.052,0.423,225,0.0,0.206,225,0
Sunam,354,240,0.1637,0.0208,0.041,0.408,225,0.0,0.205,225,0
Sunam,355,240,0.0874,0.0167,0.029,0.382,225,0.0,0.197,225,0
Sunam,356,240,0.0221,0.0042,0.013,0.335,225,0.0,0.199,225,0
Sunam,357,240,0.0211,0.0042,0.007,0.279,225,0.0,0.206,225,0
Sunam,358,240,0.0421,0.0083,0.0,0.222,225,0.0,0.199,225,0
Sunam,359,240,0.0441,0.0083,0.0,0.219,225,0.0,0.197,225,0
Sunam,360,240,0.0485,0.0083,0.0,0.206,226,0.0,0.193,226,0
Sunam,361,240,0.0528,0.0083,0.0,0.2,227,0.0,0.199,227,0
Sunam,362,240,0.0596,0.0083,0.0,0.181,228,0.0,0.205,228,0
Sunam,363,240,0.0723,0.0125,0.0,0.199,229,0.0,0.206,229,0
Sunam,364,240,0.3729,0.0208,0.0,0.2,230,0.0,0.219,230,0
Sunam,365,240,0.3794,0.025,0.0,0.187,231,0.0,0.218,231,0
Sunam,366,240,0.3999,0.0292,0.0,0.159,232,0.0,0.23,232,0
