block,doy,n_days,daily_mean_mm,wet_prob,w3_t33_mm,w3_t66_mm,w3_n,w4_t33_mm,w4_t66_mm,w4_n,jjas
Dhuri,1,150,0.1613,0.0267,0.0,0.587,143,0.019,1.452,143,0
Dhuri,2,150,0.1616,0.0267,0.0,0.539,144,0.026,1.734,144,0
Dhuri,3,150,0.1596,0.0267,0.0,0.54,145,0.038,1.749,145,0
Dhuri,4,150,0.1578,0.0267,0.0,0.557,146,0.048,1.755,146,0
Dhuri,5,150,0.1641,0.0267,0.004,0.84,147,0.051,1.737,147,0
Dhuri,6,150,0.1586,0.0267,0.004,1.044,148,0.052,1.726,148,0
Dhuri,7,150,0.1189,0.02,0.009,1.186,149,0.054,1.817,149,0
Dhuri,8,150,0.1124,0.02,0.011,1.379,150,0.094,2.983,150,0
Dhuri,9,150,0.106,0.02,0.013,1.452,150,0.098,3.457,150,0
Dhuri,10,150,0.3337,0.0333,0.02,1.733,150,0.109,3.486,150,0
Dhuri,11,150,0.3987,0.0467,0.031,1.733,150,0.114,4.268,150,0
Dhuri,12,150,0.3809,0.04,0.041,1.725,150,0.114,4.393,150,0
Dhuri,13,150,0.3812,0.04,0.041,1.725,150,0.145,4.393,150,0
Dhuri,14,150,0.5089,0.0533,0.051,1.787,150,0.16,4.393,150,0
Dhuri,15,150,0.5629,0.0667,0.094,2.983,150,0.161,4.398,150,0
Dhuri,16,150,0.5662,0.0667,0.098,3.457,150,0.164,4.424,150,0
Dhuri,17,150,0.5721,0.0667,0.109,3.486,150,0.175,4.424,150,0
Dhuri,18,150,0.6364,0.0733,0.114,4.268,150,0.191,4.424,150,0
Dhuri,19,150,0.8203,0.08,0.114,4.393,150,0.242,5.065,150,0
Dhuri,20,150,0.8069,0.0733,0.145,4.393,150,0.262,6.252,150,0
Dhuri,21,150,0.8038,0.0733,0.16,4.393,150,0.335,7.565,150,0
Dhuri,22,150,0.803,0.0733,0.161,4.398,150,0.419,7.898,150,0
Dhuri,23,150,0.8034,0.0733,0.164,4.424,150,0.506,8.161,150,0
Dhuri,24,150,0.8059,0.08,0.175,4.424,150,0.506,7.955,150,0
Dhuri,25,150,0.5757,0.0667,0.191,4.424,150,0.506,7.789,150,0
Dhuri,26,150,0.5471,0.0667,0.242,5.065,150,0.353,7.766,150,0
Dhuri,27,150,0.6205,0.0867,0.262,6.252,150,0.273,7.586,150,0
Dhuri,28,150,0.648,0.0933,0.335,7.565,150,0.273,6.938,150,0
Dhuri,29,150,0.5626,0.0867,0.419,7.898,150,0.189,6.782,150,0
Dhuri,30,150,0.5075,0.0733,0.506,8.161,150,0.171,6.77,150,0
Dhuri,31,150,0.5283,0.08,0.506,7.955,150,0.132,6.004,150,0
Dhuri,32,150,0.6677,0.0867,0.506,7.789,150,0.044,4.64,150,0
Dhuri,33,150,0.6146,0.0867,0.353,7.766,150,0.008,3.71,150,0
Dhuri,34,150,0.4312,0.08,0.273,7.586,150,0.006,3.555,150,0
Dhuri,35,150,0.4397,0.0867,0.273,6.938,150,0.005,3.37,150,0
Dhuri,36,150,0.4585,0.0933,0.189,6.782,150,0.004,3.269,150,0
Dhuri,37,150,0.4731,0.1,0.171,6.77,150,0.004,3.242,150,0
Dhuri,38,150,0.5475,0.1133,0.132,6.004,150,0.004,3.152,150,0
Dhuri,39,150,0.6385,0.12,0.044,4.64,150,0.003,3.242,150,0
Dhuri,40,150,0.8005,0.14,0.008,3.71,150,0.003,3.269,150,0
Dhuri,41,150,0.7615,0.1267,0.006,3.555,150,0.003,3.6,150,0
Dhuri,42,150,0.7276,0.12,0.005,3.37,150,0.002,3.772,150,0
Dhuri,43,150,0.7147,0.1267,0.004,3.269,150,0.003,3.387,150,0
Dhuri,44,150,0.7672,0.1467,0.004,3.242,150,0.001,3.104,150,0
Dhuri,45,150,0.7867,0.1533,0.004,3.152,150,0.001,3.095,150,0
Dhuri,46,150,0.8404,0.16,0.003,3.242,150,0.001,3.026,150,0
Dhuri,47,150,0.8961,0.1667,0.003,3.269,150,0.001,2.897,150,0
Dhuri,48,150,0.9936,0.1733,0.003,3.6,150,0.001,2.774,150,0
Dhuri,49,150,1.1502,0.1867,0.002,3.772,150,0.001,1.882,150,0
Dhuri,50,150,1.1745,0.1867,0.003,3.387,150,0.002,1.033,150,0
Dhuri,51,150,1.1688,0.1867,0.001,3.104,150,0.005,0.865,150,0
Dhuri,52,150,1.1654,0.1867,0.001,3.095,150,0.006,0.835,150,0
Dhuri,53,142,1.1514,0.1831,0.001,3.092,142,0.009,0.82,142,0
Dhuri,54,142,1.1736,0.1761,0.001,2.96,142,0.013,0.82,142,0
Dhuri,55,142,1.1207,0.169,0.001,2.799,142,0.018,0.824,142,0
Dhuri,56,142,1.1282,0.1761,0.001,2.238,142,0.018,0.862,142,0
Dhuri,57,142,1.111,0.169,0.001,1.299,142,0.018,0.873,142,0
Dhuri,58,142,1.1141,0.1549,0.005,0.862,142,0.02,1.856,142,0
Dhuri,59,142,1.0346,0.1338,0.006,0.82,142,0.026,2.522,142,0
Dhuri,60,142,1.0174,0.1338,0.009,0.82,142,0.036,2.716,142,0
Dhuri,61,142,0.9473,0.1268,0.013,0.82,142,0.045,3.636,142,0
Dhuri,62,142,0.7396,0.1127,0.018,0.824,142,0.046,3.674,142,0
Dhuri,63,142,0.6586,0.1127,0.018,0.862,142,0.049,3.675,142,0
Dhuri,64,142,0.6255,0.1197,0.018,0.873,142,0.051,3.686,142,0
Dhuri,65,142,0.6937,0.1197,0.02,1.856,142,0.054,3.87,142,0
Dhuri,66,142,0.7752,0.1338,0.026,2.522,142,0.049,3.686,142,0
Dhuri,67,142,0.9134,0.1408,0.036,2.716,142,0.046,3.675,142,0
Dhuri,68,150,1.0434,0.14,0.045,3.446,150,0.045,3.672,150,0
Dhuri,69,150,0.922,0.1333,0.045,3.672,150,0.045,3.646,150,0
Dhuri,70,150,0.809,0.12,0.047,3.675,150,0.045,3.649,150,0
Dhuri,71,150,0.7937,0.1133,0.047,3.676,150,0.045,3.649,150,0
Dhuri,72,150,0.7716,0.1067,0.047,3.726,150,0.035,3.726,150,0
Dhuri,73,150,0.7292,0.1,0.047,3.726,150,0.026,3.925,150,0
Dhuri,74,150,0.7123,0.0933,0.045,3.676,150,0.026,4.247,150,0
Dhuri,75,150,0.7079,0.0867,0.045,3.672,150,0.004,4.718,150,0
Dhuri,76,150,0.7351,0.0933,0.045,3.646,150,0.0,4.718,150,0
Dhuri,77,150,0.8326,0.1067,0.045,3.649,150,0.0,4.718,150,0
Dhuri,78,150,0.8226,0.1,0.045,3.649,150,0.0,3.655,150,0
Dhuri,79,150,0.7312,0.0933,0.035,3.726,150,0.0,3.401,150,0
Dhuri,80,150,0.6356,0.0867,0.026,3.925,150,0.0,3.359,150,0
Dhuri,81,150,0.6028,0.08,0.026,4.247,150,0.0,3.358,150,0
Dhuri,82,150,0.5158,0.08,0.004,4.718,150,0.0,3.358,150,0
Dhuri,83,150,0.4147,0.0933,0.0,4.718,150,0.0,3.358,150,0
Dhuri,84,150,0.4189,0.0933,0.0,4.718,150,0.0,3.344,150,0
Dhuri,85,150,0.4327,0.1067,0.0,3.655,150,0.0,2.654,150,0
Dhuri,86,150,0.4699,0.12,0.0,3.401,150,0.0,2.471,150,0
Dhuri,87,150,0.5208,0.1267,0.0,3.359,150,0.0,2.394,150,0
Dhuri,88,150,0.6681,0.1467,0.0,3.358,150,0.0,1.11,150,0
Dhuri,89,150,0.7056,0.1533,0.0,3.358,150,0.0,0.826,150,0
Dhuri,90,150,0.7403,0.1667,0.0,3.358,150,0.0,0.775,150,0
Dhuri,91,150,0.7134,0.16,0.0,3.344,150,0.0,0.773,150,0
Dhuri,92,150,0.6177,0.1467,0.0,2.654,150,0.0,0.775,150,0
Dhuri,93,150,0.6265,0.1467,0.0,2.471,150,0.0,1.672,150,0
Dhuri,94,150,0.6506,0.1467,0.0,2.394,150,0.001,2.494,150,0
Dhuri,95,150,0.7027,0.1533,0.0,1.11,150,0.011,3.021,150,0
Dhuri,96,150,0.6605,0.14,0.0,0.826,150,0.018,3.591,150,0
Dhuri,97,150,0.633,0.14,0.0,0.775,150,0.037,4.12,150,0
Dhuri,98,150,0.5635,0.12,0.0,0.773,150,0.086,4.171,150,0
Dhuri,99,150,0.5953,0.1267,0.0,0.775,150,0.098,4.658,150,0
Dhuri,100,150,0.7947,0.14,0.0,1.672,150,0.413,4.911,150,0
Dhuri,101,150,0.8973,0.14,0.001,2.494,150,0.413,5.374,150,0
Dhuri,102,150,0.9679,0.14,0.011,3.021,150,0.47,5.724,150,0
Dhuri,103,150,0.9049,0.1333,0.018,3.591,150,0.527,5.825,150,0
Dhuri,104,150,0.8954,0.1333,0.037,4.12,150,0.527,5.825,150,0
Dhuri,105,150,0.8563,0.12,0.086,4.171,150,0.527,5.825,150,0
Dhuri,106,150,0.8429,0.1133,0.098,4.658,150,0.442,5.724,150,0
Dhuri,107,150,0.8366,0.1133,0.413,4.911,150,0.413,5.825,150,0
Dhuri,108,150,0.8056,0.1067,0.413,5.374,150,0.413,5.924,150,0
Dhuri,109,150,0.7465,0.0933,0.47,5.724,150,0.364,5.825,150,0
Dhuri,110,150,0.692,0.0867,0.527,5.825,150,0.274,4.203,150,0
Dhuri,111,150,0.7177,0.1,0.527,5.825,150,0.19,2.63,150,0
Dhuri,112,150,0.7487,0.1,0.527,5.825,150,0.075,2.378,150,0
Dhuri,113,150,0.7421,0.1,0.442,5.724,150,0.03,2.226,150,0
Dhuri,114,150,0.7468,0.1067,0.413,5.825,150,0.022,2.175,150,0
Dhuri,115,150,0.5333,0.08,0.413,5.924,150,0.018,2.048,150,0
Dhuri,116,150,0.4067,0.0733,0.364,5.825,150,0.024,2.008,150,0
Dhuri,117,150,0.2995,0.0733,0.274,4.203,150,0.025,1.894,150,0
Dhuri,118,150,0.2309,0.0733,0.19,2.63,150,0.027,1.892,150,0
Dhuri,119,150,0.2274,0.08,0.075,2.378,150,0.027,1.892,150,0
Dhuri,120,150,0.2814,0.0867,0.03,2.226,150,0.027,1.978,150,0
Dhuri,121,150,0.319,0.1,0.022,2.175,150,0.027,1.978,150,0
Dhuri,122,150,0.3617,0.1133,0.018,2.048,150,0.027,2.105,150,0
Dhuri,123,150,0.3768,0.12,0.024,2.008,150,0.027,2.267,150,0
Dhuri,124,150,0.5154,0.14,0.025,1.894,150,0.025,3.084,150,0
Dhuri,125,150,0.5625,0.16,0.027,1.892,150,0.025,3.433,150,0
Dhuri,126,150,0.7264,0.1667,0.027,1.892,150,0.027,4.082,150,0
Dhuri,127,150,0.7297,0.1733,0.027,1.978,150,0.028,4.234,150,0
Dhuri,128,150,0.7449,0.1733,0.027,1.978,150,0.029,4.6,150,0
Dhuri,129,150,0.7789,0.1667,0.027,2.105,150,0.029,5.07,150,0
Dhuri,130,150,0.7856,0.1733,0.027,2.267,150,0.029,5.346,150,0
Dhuri,131,150,0.7901,0.1733,0.025,3.084,150,0.029,5.348,150,0
Dhuri,132,150,0.7764,0.1667,0.025,3.433,150,0.029,5.365,150,0
Dhuri,133,150,0.7555,0.1533,0.027,4.082,150,0.029,5.41,150,0
Dhuri,134,150,0.7305,0.14,0.028,4.234,150,0.028,5.432,150,0
Dhuri,135,150,0.7909,0.14,0.029,4.6,150,0.026,5.939,150,0
Dhuri,136,150,0.8017,0.14,0.029,5.07,150,0.029,6.604,150,0
Dhuri,137,150,0.8329,0.14,0.029,5.346,150,0.029,6.369,150,0
Dhuri,138,150,0.8521,0.1467,0.029,5.348,150,0.033,6.314,150,0
Dhuri,139,150,0.7258,0.1333,0.029,5.365,150,0.036,6.818,150,0
Dhuri,140,150,0.7306,0.12,0.029,5.41,150,0.041,6.951,150,0
Dhuri,141,150,0.5382,0.1,0.028,5.432,150,0.046,7.193,150,0
Dhuri,142,150,0.5228,0.0867,0.026,5.939,150,0.049,7.731,150,0
Dhuri,143,150,0.5493,0.1,0.029,6.604,150,0.056,9.665,150,0
Dhuri,144,150,0.4995,0.1,0.029,6.369,150,0.073,11.336,150,0
Dhuri,145,150,0.5316,0.1067,0.033,6.314,150,0.085,13.077,150,0
Dhuri,146,150,0.5647,0.1133,0.036,6.818,150,0.41,16.857,150,0
Dhuri,147,150,0.565,0.1133,0.041,6.951,150,0.577,17.763,150,0
Dhuri,148,150,0.5662,0.1133,0.046,7.193,150,0.974,18.489,150,0
Dhuri,149,150,0.5664,0.1133,0.049,7.731,150,1.296,18.993,150,0
Dhuri,150,150,0.4696,0.1133,0.056,9.665,150,2.397,19.419,150,0
Dhuri,151,150,0.5234,0.12,0.073,11.336,150,2.774,20.719,150,0
Dhuri,152,150,0.6031,0.1333,0.085,13.077,150,4.859,22.03,150,0
Dhuri,153,150,0.6164,0.1333,0.41,16.857,150,6.68,23.569,150,1
Dhuri,154,150,0.6651,0.1533,0.577,17.763,150,6.979,26.547,150,1
Dhuri,155,150,0.6601,0.1667,0.974,18.489,150,7.887,28.89,150,1
Dhuri,156,150,0.7364,0.1733,1.296,18.993,150,8.013,30.32,150,1
Dhuri,157,150,0.8067,0.1867,2.397,19.419,150,9.598,31.387,150,1
Dhuri,158,150,0.8963,0.18,2.774,20.719,150,11.039,31.387,150,1
Dhuri,159,150,1.0297,0.1867,4.859,22.03,150,12.595,31.467,150,1
Dhuri,160,150,1.2266,0.1933,6.68,23.569,150,13.056,31.93,150,1
Dhuri,161,150,1.1849,0.1867,6.979,26.547,150,14.319,34.226,150,1
Dhuri,162,150,1.2175,0.2,7.887,28.89,150,16.155,36.575,150,1
Dhuri,163,150,1.2781,0.22,8.013,30.32,150,19.644,36.888,150,1
Dhuri,164,150,1.3215,0.24,9.598,31.387,150,20.333,38.581,150,1
Dhuri,165,150,1.5289,0.2533,11.039,31.387,150,20.429,38.785,150,1
Dhuri,166,150,1.4441,0.24,12.595,31.467,150,22.053,39.776,150,1
Dhuri,167,150,1.3053,0.2267,13.056,31.93,150,22.396,41.428,150,1
Dhuri,168,150,1.2783,0.22,14.319,34.226,150,22.396,42.836,150,1
Dhuri,169,150,1.3557,0.2133,16.155,36.575,150,21.948,43.818,150,1
Dhuri,170,150,1.5426,0.2133,19.644,36.888,150,21.419,43.818,150,1
Dhuri,171,150,1.8588,0.2333,20.333,38.581,150,21.419,42.836,150,1
Dhuri,172,150,2.0265,0.2467,20.429,38.785,150,21.375,43.818,150,1
Dhuri,173,150,2.6995,0.2667,22.053,39.776,150,20.698,44.551,150,1
Dhuri,174,150,2.8541,0.2867,22.396,41.428,150,20.698,45.457,150,1
Dhuri,175,150,2.7709,0.3,22.396,42.836,150,21.375,45.874,150,1
Dhuri,176,150,3.1654,0.34,21.948,43.818,150,20.698,48.066,150,1
Dhuri,177,150,3.4085,0.36,21.419,43.818,150,20.698,49.642,150,1
Dhuri,178,150,3.4433,0.36,21.419,42.836,150,20.698,49.642,150,1
Dhuri,179,150,3.6114,0.3667,21.375,43.818,150,21.375,48.883,150,1
Dhuri,180,150,3.6348,0.3933,20.698,44.551,150,20.241,46.928,150,1
Dhuri,181,150,4.0053,0.44,20.698,45.457,150,20.101,46.367,150,1
Dhuri,182,150,4.3144,0.48,21.375,45.874,150,19.031,45.388,150,1
Dhuri,183,150,4.5214,0.5133,20.698,48.066,150,20.101,43.902,150,1
Dhuri,184,150,4.6736,0.5267,20.698,49.642,150,20.577,41.961,150,1
Dhuri,185,150,4.6109,0.5533,20.698,49.642,150,20.577,42.045,150,1
Dhuri,186,150,4.5288,0.5667,21.375,48.883,150,20.705,43.745,150,1
Dhuri,187,150,4.6993,0.58,20.241,46.928,150,21.835,43.745,150,1
Dhuri,188,150,4.0908,0.5933,20.101,46.367,150,23.835,43.829,150,1
Dhuri,189,150,4.2958,0.6067,19.031,45.388,150,24.132,43.969,150,1
Dhuri,190,150,4.6896,0.6133,20.101,43.902,150,24.314,44.522,150,1
Dhuri,191,150,4.8617,0.6267,20.577,41.961,150,24.467,44.919,150,1
Dhuri,192,150,4.9213,0.6467,20.577,42.045,150,24.467,45.14,150,1
Dhuri,193,150,5.2138,0.6867,20.705,43.745,150,24.561,45.14,150,1
Dhuri,194,150,5.3372,0.7,21.835,43.745,150,24.452,46.148,150,1
Dhuri,195,150,5.4192,0.6933,23.835,43.829,150,24.561,48.558,150,1
Dhuri,196,150,5.3916,0.6867,24.132,43.969,150,25.678,49.027,150,1
Dhuri,197,150,5.3846,0.6667,24.314,44.522,150,27.622,50.459,150,1
Dhuri,198,150,5.3553,0.6667,24.467,44.919,150,28.268,51.637,150,1
Dhuri,199,150,5.4325,0.6933,24.467,45.14,150,29.325,54.045,150,1
Dhuri,200,150,5.6621,0.6933,24.561,45.14,150,29.325,56.434,150,1
Dhuri,201,150,5.7192,0.7067,24.452,46.148,150,30.882,57.097,150,1
Dhuri,202,150,5.7548,0.7067,24.561,48.558,150,30.882,55.347,150,1
Dhuri,203,150,6.0977,0.7133,25.678,49.027,150,28.014,53.926,150,1
Dhuri,204,150,5.88,0.72,27.622,50.459,150,26.592,52.365,150,1
Dhuri,205,150,5.7252,0.7467,28.268,51.637,150,24.886,50.78,150,1
Dhuri,206,150,5.6503,0.7533,29.325,54.045,150,22.613,47.571,150,1
Dhuri,207,150,5.6492,0.74,29.325,56.434,150,18.335,45.786,150,1
Dhuri,208,150,5.4772,0.7133,30.882,57.097,150,15.968,45.273,150,1
Dhuri,209,150,5.2955,0.7267,30.882,55.347,150,15.968,44.167,150,1
Dhuri,210,150,5.0737,0.72,28.014,53.926,150,16.496,44.12,150,1
Dhuri,211,150,4.9523,0.72,26.592,52.365,150,16.496,43.961,150,1
Dhuri,212,150,5.3272,0.7333,24.886,50.78,150,15.968,43.961,150,1
Dhuri,213,150,5.5658,0.7533,22.613,47.571,150,16.496,43.559,150,1
Dhuri,214,150,5.5797,0.74,18.335,45.786,150,14.962,43.352,150,1
Dhuri,215,150,5.628,0.7467,15.968,45.273,150,14.584,43.145,150,1
Dhuri,216,150,5.5724,0.7467,15.968,44.167,150,14.323,43.145,150,1
Dhuri,217,150,5.3968,0.7533,16.496,44.12,150,13.961,43.145,150,1
Dhuri,218,150,5.2528,0.76,16.496,43.961,150,13.091,43.869,150,1
Dhuri,219,150,5.2915,0.7533,15.968,43.961,150,12.481,45.013,150,1
Dhuri,220,150,5.5467,0.7333,16.496,43.559,150,12.375,46.87,150,1
Dhuri,221,150,5.7112,0.7133,14.962,43.352,150,12.274,49.631,150,1
Dhuri,222,150,5.8951,0.72,14.584,43.145,150,12.004,51.603,150,1
Dhuri,223,150,6.8286,0.7267,14.323,43.145,150,11.588,54.569,150,1
Dhuri,224,150,7.0401,0.72,13.961,43.145,150,10.561,51.603,150,1
Dhuri,225,150,7.3619,0.74,13.091,43.869,150,9.649,49.634,150,1
Dhuri,226,150,7.9614,0.74,12.481,45.013,150,7.138,45.861,150,1
Dhuri,227,150,7.5176,0.7333,12.375,46.87,150,6.729,40.785,150,1
Dhuri,228,150,7.3439,0.7133,12.274,49.631,150,6.729,35.624,150,1
Dhuri,229,150,7.2168,0.7067,12.004,51.603,150,6.871,34.038,150,1
Dhuri,230,150,6.9692,0.6933,11.588,54.569,150,6.871,30.919,150,1
Dhuri,231,150,6.8121,0.6733,10.561,51.603,150,7.16,30.146,150,1
Dhuri,232,150,6.6484,0.66,9.649,49.634,150,7.632,30.146,150,1
Dhuri,233,150,6.5228,0.64,7.138,45.861,150,7.748,29.686,150,1
Dhuri,234,150,6.4982,0.6333,6.729,40.785,150,7.894,29.175,150,1
Dhuri,235,150,6.0965,0.6267,6.729,35.624,150,8.506,28.556,150,1
Dhuri,236,150,5.6018,0.6133,6.871,34.038,150,8.506,22.521,150,1
Dhuri,237,150,5.3918,0.6,6.871,30.919,150,8.805,18.643,150,1
Dhuri,238,150,4.9382,0.62,7.16,30.146,150,8.805,16.478,150,1
Dhuri,239,150,5.1498,0.64,7.632,30.146,150,8.622,15.058,150,1
Dhuri,240,150,5.8422,0.64,7.748,29.686,150,8.471,14.686,150,1
Dhuri,241,150,5.5844,0.64,7.894,29.175,150,8.201,14.282,150,1
Dhuri,242,150,5.7592,0.64,8.506,28.556,150,7.781,13.244,150,1
Dhuri,243,150,5.6748,0.64,8.506,22.521,150,7.169,12.158,150,1
Dhuri,244,150,5.7948,0.66,8.805,18.643,150,6.446,11.142,150,1
Dhuri,245,150,6.1602,0.68,8.805,16.478,150,5.693,9.907,150,1
Dhuri,246,150,6.8056,0.68,8.622,15.058,150,4.576,9.444,150,1
Dhuri,247,150,6.8131,0.6667,8.471,14.686,150,4.188,9.113,150,1
Dhuri,248,150,7.0012,0.6667,8.201,14.282,150,3.691,8.85,150,1
Dhuri,249,150,6.9322,0.66,7.781,13.244,150,3.384,7.117,150,1
Dhuri,250,150,6.86,0.66,7.169,12.158,150,3.016,6.598,150,1
Dhuri,251,150,6.9146,0.6667,6.446,11.142,150,2.818,6.438,150,1
Dhuri,252,150,7.0068,0.66,5.693,9.907,150,2.739,5.029,150,1
Dhuri,253,150,6.7789,0.6333,4.576,9.444,150,2.621,4.411,150,1
Dhuri,254,150,6.3045,0.6,4.188,9.113,150,2.5,3.958,150,1
Dhuri,255,150,5.2718,0.5667,3.691,8.85,150,2.316,3.601,150,1
Dhuri,256,150,4.8863,0.5467,3.384,7.117,150,2.075,3.338,150,1
Dhuri,257,150,4.7549,0.54,3.016,6.598,150,1.988,3.181,150,1
Dhuri,258,150,4.9979,0.54,2.818,6.438,150,1.796,2.863,150,1
Dhuri,259,150,5.8685,0.5333,2.739,5.029,150,0.612,2.794,150,1
Dhuri,260,150,5.7156,0.4933,2.621,4.411,150,0.322,2.665,150,1
Dhuri,261,150,5.1523,0.4867,2.5,3.958,150,0.258,2.32,150,1
Dhuri,262,150,5.026,0.4733,2.316,3.601,150,0.065,2.081,150,1
Dhuri,263,150,4.6389,0.4733,2.075,3.338,150,0.039,1.863,150,1
Dhuri,264,150,4.5179,0.48,1.988,3.181,150,0.015,1.673,150,1
Dhuri,265,150,4.4251,0.4667,1.796,2.863,150,0.009,0.47,150,1
Dhuri,266,150,4.2727,0.4467,0.612,2.794,150,0.007,0.322,150,1
Dhuri,267,150,3.9774,0.4467,0.322,2.665,150,0.007,0.287,150,1
Dhuri,268,150,3.6,0.44,0.258,2.32,150,0.007,0.285,150,1
Dhuri,269,150,3.5381,0.4133,0.065,2.081,150,0.007,0.287,150,1
Dhuri,270,150,3.5378,0.4133,0.039,1.863,150,0.009,0.29,150,1
Dhuri,271,150,3.3832,0.4067,0.015,1.673,150,0.009,0.311,150,1
Dhuri,272,150,3.1127,0.3733,0.009,0.47,150,0.041,0.32,150,1
Dhuri,273,150,2.7099,0.34,0.007,0.322,150,0.07,0.409,150,1
Dhuri,274,150,1.5024,0.3,0.007,0.287,150,0.123,0.554,150,1
Dhuri,275,150,1.1226,0.2933,0.007,0.285,150,0.232,0.663,150,0
Dhuri,276,150,0.9016,0.2733,0.007,0.287,150,0.27,0.721,150,0
Dhuri,277,150,0.9196,0.2867,0.009,0.29,150,0.311,0.755,150,0
Dhuri,278,150,0.8571,0.2533,0.009,0.311,150,0.348,0.79,150,0
Dhuri,279,150,0.7374,0.2133,0.041,0.32,150,0.459,0.829,150,0
Dhuri,280,150,0.6796,0.1933,0.07,0.409,150,0.532,0.932,150,0
Dhuri,281,150,0.7002,0.1933,0.123,0.554,150,0.643,0.973,150,0
Dhuri,282,150,0.609,0.1733,0.232,0.663,150,0.666,0.988,150,0
Dhuri,283,150,0.5203,0.1467,0.27,0.721,150,0.716,0.998,150,0
Dhuri,284,150,0.4776,0.14,0.311,0.755,150,0.719,0.999,150,0
Dhuri,285,150,0.3876,0.12,0.348,0.79,150,0.721,0.999,150,0
Dhuri,286,150,0.347,0.1,0.459,0.829,150,0.719,0.999,150,0
Dhuri,287,150,0.3372,0.1067,0.532,0.932,150,0.719,0.999,150,0
Dhuri,288,150,0.3181,0.1,0.643,0.973,150,0.69,0.999,150,0
Dhuri,289,150,0.2805,0.0867,0.666,0.988,150,0.641,0.998,150,0
Dhuri,290,150,0.2446,0.0733,0.716,0.998,150,0.561,0.976,150,0
Dhuri,291,150,0.2166,0.0667,0.719,0.999,150,0.496,0.934,150,0
Dhuri,292,150,0.2426,0.0467,0.721,0.999,150,0.448,0.884,150,0
Dhuri,293,150,0.2425,0.0467,0.719,0.999,150,0.386,0.787,150,0
Dhuri,294,150,0.2399,0.0467,0.719,0.999,150,0.328,0.754,150,0
Dhuri,295,150,0.2199,0.04,0.69,0.999,150,0.25,0.698,150,0
Dhuri,296,150,0.1276,0.02,0.641,0.998,150,0.219,0.634,150,0
Dhuri,297,150,0.1147,0.0133,0.561,0.976,150,0.134,0.562,150,0
Dhuri,298,150,0.1144,0.0133,0.496,0.934,150,0.113,0.519,150,0
Dhuri,299,150,0.1314,0.02,0.448,0.884,150,0.094,0.436,150,0
Dhuri,300,150,0.1338,0.02,0.386,0.787,150,0.069,0.385,150,0
Dhuri,301,150,0.146,0.02,0.328,0.754,150,0.028,0.343,150,0
Dhuri,302,150,0.1464,0.0133,0.25,0.698,150,0.003,0.292,150,0
Dhuri,303,150,0.156,0.0133,0.219,0.634,150,0.0,0.22,150,0
Dhuri,304,150,0.1622,0.0133,0.134,0.562,150,0.0,0.141,150,0
Dhuri,305,150,0.1832,0.02,0.113,0.519,150,0.0,0.117,150,0
Dhuri,306,150,0.1911,0.02,0.094,0.436,150,0.0,0.072,150,0
Dhuri,307,150,0.1227,0.0133,0.069,0.385,150,0.0,0.028,150,0
Dhuri,308,150,0.1211,0.0133,0.028,0.343,150,0.0,0.003,150,0
Dhuri,309,150,0.1246,0.0133,0.003,0.292,150,0.0,0.0,150,0
Dhuri,310,150,0.1272,0.0133,0.0,0.22,150,0.0,0.0,150,0
Dhuri,311,150,0.1288,0.0133,0.0,0.141,150,0.0,0.0,150,0
Dhuri,312,150,0.1421,0.0133,0.0,0.117,150,0.0,0.0,150,0
Dhuri,313,150,0.1524,0.0133,0.0,0.072,150,0.0,0.0,150,0
Dhuri,314,150,0.1372,0.0067,0.0,0.028,150,0.0,0.0,150,0
Dhuri,315,150,0.1371,0.0067,0.0,0.003,150,0.0,0.0,150,0
Dhuri,316,150,0.1274,0.0067,0.0,0.0,150,0.0,0.0,150,0
Dhuri,317,150,0.1169,0.0067,0.0,0.0,150,0.0,0.0,150,0
Dhuri,318,150,0.1086,0.0067,0.0,0.0,150,0.0,0.0,150,0
Dhuri,319,150,0.1047,0.0067,0.0,0.0,150,0.0,0.0,150,0
Dhuri,320,150,0.0912,0.0,0.0,0.0,150,0.0,0.0,150,0
Dhuri,321,150,0.0971,0.0067,0.0,0.0,150,0.0,0.0,150,0
Dhuri,322,150,0.0902,0.0067,0.0,0.0,150,0.0,0.0,150,0
Dhuri,323,150,0.0886,0.0067,0.0,0.0,150,0.0,0.001,150,0
Dhuri,324,150,0.0996,0.02,0.0,0.0,150,0.0,0.001,150,0
Dhuri,325,150,0.2186,0.0333,0.0,0.0,150,0.0,0.022,150,0
Dhuri,326,150,0.2285,0.04,0.0,0.0,150,0.0,0.028,150,0
Dhuri,327,150,0.2229,0.0467,0.0,0.0,150,0.0,0.042,150,0
Dhuri,328,150,0.2189,0.0533,0.0,0.0,150,0.0,0.056,150,0
Dhuri,329,150,0.2366,0.06,0.0,0.0,150,0.0,0.069,150,0
Dhuri,330,150,0.2537,0.0667,0.0,0.001,150,0.0,0.075,149,0
Dhuri,331,150,0.2707,0.0733,0.0,0.001,150,0.001,0.124,148,0
Dhuri,332,150,0.2889,0.08,0.0,0.022,150,0.001,0.204,147,0
Dhuri,333,150,0.3071,0.0867,0.0,0.028,150,0.011,0.228,146,0
Dhuri,334,150,0.3048,0.0867,0.0,0.042,150,0.027,0.347,145,0
Dhuri,335,150,0.2969,0.0867,0.0,0.056,150,0.037,0.446,144,0
Dhuri,336,150,0.2827,0.08,0.0,0.069,150,0.064,0.597,143,0
Dhuri,337,150,0.2813,0.08,0.0,0.075,149,0.101,0.845,142,0
Dhuri,338,150,0.276,0.08,0.001,0.124,148,0.162,0.903,141,0
Dhuri,339,150,0.2849,0.0733,0.001,0.204,147,0.2,0.922,140,0
Dhuri,340,150,0.2898,0.0667,0.011,0.228,146,0.211,0.938,139,0
Dhuri,341,150,0.4342,0.08,0.027,0.347,145,0.213,0.957,138,0
Dhuri,342,150,0.4394,0.08,0.037,0.446,144,0.212,0.979,137,0
Dhuri,343,150,0.4355,0.0733,0.064,0.597,143,0.208,0.961,136,0
Dhuri,344,150,0.4161,0.0667,0.101,0.845,142,0.204,0.945,135,0
Dhuri,345,150,0.3967,0.06,0.162,0.903,141,0.094,0.936,135,0
Dhuri,346,150,0.3772,0.0533,0.2,0.922,140,0.074,0.936,135,0
Dhuri,347,150,0.3584,0.0467,0.211,0.938,139,0.037,0.936,135,0
Dhuri,348,150,0.3395,0.04,0.213,0.957,138,0.018,0.904,135,0
Dhuri,349,150,0.3403,0.04,0.212,0.979,137,0.015,0.861,135,0
Dhuri,350,150,0.3407,0.04,0.208,0.961,136,0.014,0.724,135,0
Dhuri,351,150,0.3407,0.04,0.204,0.945,135,0.009,0.692,135,0
Dhuri,352,150,0.3408,0.04,0.094,0.936,135,0.002,0.6,135,0
Dhuri,353,150,0.3406,0.04,0.074,0.936,135,0.0,0.6,135,0
Dhuri,354,150,0.3171,0.0333,0.037,0.936,135,0.0,0.6,135,0
Dhuri,355,150,0.1881,0.0267,0.018,0.904,135,0.0,0.715,135,0
Dhuri,356,150,0.0397,0.0133,0.015,0.861,135,0.001,0.832,135,0
Dhuri,357,150,0.0321,0.0067,0.014,0.724,135,0.009,0.988,135,0
Dhuri,358,150,0.0665,0.0133,0.009,0.692,135,0.014,0.988,135,0
Dhuri,359,150,0.0735,0.0133,0.002,0.6,135,0.012,0.988,135,0
Dhuri,360,150,0.0868,0.0133,0.0,0.596,136,0.011,0.999,136,0
Dhuri,361,150,0.0936,0.0133,0.0,0.587,137,0.01,0.718,137,0
Dhuri,362,150,0.1053,0.0133,0.0,0.639,138,0.011,0.668,138,0
Dhuri,363,150,0.1225,0.02,0.0,0.757,139,0.011,0.998,139,0
Dhuri,364,150,0.1527,0.0267,0.0,0.842,140,0.012,1.199,140,0
Dhuri,365,150,0.1525,0.0267,0.0,0.665,141,0.013,1.386,141,0
Dhuri,366,150,0.1593,0.0267,0.0,0.615,142,0.018,1.452,142,0
Lehra,1,150,0.1128,0.02,0.0,0.693,143,0.0,1.544,143,0
Lehra,2,150,0.1128,0.02,0.0,0.632,144,0.0,1.816,144,0
Lehra,3,150,0.1124,0.02,0.0,0.743,145,0.001,1.948,145,0
Lehra,4,150,0.112,0.02,0.0,0.743,146,0.006,1.948,146,0
Lehra,5,150,0.1293,0.0267,0.0,0.762,147,0.011,1.948,147,0
Lehra,6,150,0.1233,0.0267,0.0,0.939,148,0.011,1.948,148,0
Lehra,7,150,0.0852,0.02,0.0,1.096,149,0.012,1.948,149,0
Lehra,8,150,0.0839,0.02,0.0,1.337,150,0.02,1.965,150,0
Lehra,9,150,0.0937,0.0267,0.0,1.559,150,0.03,1.997,150,0
Lehra,10,150,0.3047,0.04,0.0,1.618,150,0.04,1.997,150,0
Lehra,11,150,0.3544,0.0533,0.001,1.807,150,0.049,1.997,150,0
Lehra,12,150,0.3512,0.0533,0.01,1.807,150,0.057,1.997,150,0
Lehra,13,150,0.3291,0.0533,0.011,1.807,150,0.057,1.997,150,0
Lehra,14,150,0.4104,0.0667,0.011,1.948,150,0.057,1.997,150,0
Lehra,15,150,0.4539,0.08,0.02,1.965,150,0.057,2.04,150,0
Lehra,16,150,0.4543,0.08,0.03,1.997,150,0.051,3.117,150,0
Lehra,17,150,0.4569,0.08,0.04,1.997,150,0.048,3.117,150,0
Lehra,18,150,0.5433,0.0867,0.049,1.997,150,0.048,3.401,150,0
Lehra,19,150,0.7102,0.0933,0.057,1.997,150,0.051,3.583,150,0
Lehra,20,150,0.6946,0.0867,0.057,1.997,150,0.057,3.599,150,0
Lehra,21,150,0.6841,0.08,0.057,1.997,150,0.059,4.07,150,0
Lehra,22,150,0.6833,0.08,0.057,2.04,150,0.059,4.07,150,0
Lehra,23,150,0.6833,0.08,0.051,3.117,150,0.059,4.629,150,0
Lehra,24,150,0.6881,0.08,0.048,3.117,150,0.055,5.621,150,0
Lehra,25,150,0.4878,0.0733,0.048,3.401,150,0.043,7.436,150,0
Lehra,26,150,0.5126,0.0733,0.051,3.583,150,0.019,7.436,150,0
Lehra,27,150,0.5937,0.0933,0.057,3.599,150,0.005,7.436,150,0
Lehra,28,150,0.645,0.1067,0.059,4.07,150,0.001,7.436,150,0
Lehra,29,150,0.6075,0.1067,0.059,4.07,150,0.0,7.436,150,0
Lehra,30,150,0.5628,0.0933,0.059,4.629,150,0.0,7.332,150,0
Lehra,31,150,0.5631,0.0933,0.055,5.621,150,0.0,4.629,150,0
Lehra,32,150,0.6964,0.1,0.043,7.436,150,0.0,4.463,150,0
Lehra,33,150,0.6188,0.1,0.019,7.436,150,0.0,3.993,150,0
Lehra,34,150,0.4526,0.0933,0.005,7.436,150,0.0,3.715,150,0
Lehra,35,150,0.4625,0.1,0.001,7.436,150,0.0,3.715,150,0
Lehra,36,150,0.4782,0.1067,0.0,7.436,150,0.0,3.715,150,0
Lehra,37,150,0.4909,0.1133,0.0,7.332,150,0.0,3.971,150,0
Lehra,38,150,0.5566,0.12,0.0,4.629,150,0.0,4.389,150,0
Lehra,39,150,0.58,0.12,0.0,4.463,150,0.0,4.412,150,0
Lehra,40,150,0.7135,0.1267,0.0,3.993,150,0.0,4.455,150,0
Lehra,41,150,0.6482,0.1133,0.0,3.715,150,0.0,4.484,150,0
Lehra,42,150,0.5981,0.1,0.0,3.715,150,0.0,4.484,150,0
Lehra,43,150,0.5426,0.08,0.0,3.715,150,0.0,4.455,150,0
Lehra,44,150,0.6754,0.0933,0.0,3.971,150,0.0,3.622,150,0
Lehra,45,150,0.6997,0.1,0.0,4.389,150,0.0,2.737,150,0
Lehra,46,150,0.8046,0.1133,0.0,4.412,150,0.0,2.517,150,0
Lehra,47,150,0.8427,0.12,0.0,4.455,150,0.0,1.564,150,0
Lehra,48,150,0.8872,0.12,0.0,4.484,150,0.0,1.474,150,0
Lehra,49,150,1.0192,0.14,0.0,4.484,150,0.0,1.442,150,0
Lehra,50,150,1.0183,0.14,0.0,4.455,150,0.0,1.421,150,0
Lehra,51,150,1.0057,0.1333,0.0,3.622,150,0.0,1.327,150,0
Lehra,52,150,0.9967,0.1267,0.0,2.737,150,0.0,1.053,150,0
Lehra,53,142,0.9835,0.1268,0.0,2.714,142,0.0,0.856,142,0
Lehra,54,142,0.9895,0.1268,0.0,1.69,142,0.0,0.856,142,0
Lehra,55,142,0.905,0.1268,0.0,1.524,142,0.001,0.834,142,0
Lehra,56,142,0.8999,0.1268,0.0,1.442,142,0.001,0.827,142,0
Lehra,57,142,0.8855,0.1268,0.0,1.422,142,0.001,0.687,142,0
Lehra,58,142,0.9242,0.1338,0.0,1.287,142,0.001,0.687,142,0
Lehra,59,142,0.7411,0.1056,0.0,0.958,142,0.001,0.687,142,0
Lehra,60,142,0.7347,0.1056,0.0,0.856,142,0.001,0.625,142,0
Lehra,61,142,0.6353,0.0986,0.0,0.856,142,0.002,0.642,142,0
Lehra,62,142,0.4651,0.0915,0.001,0.834,142,0.002,1.13,142,0
Lehra,63,142,0.4513,0.0915,0.001,0.827,142,0.003,1.535,142,0
Lehra,64,142,0.3698,0.0845,0.001,0.687,142,0.003,1.852,142,0
Lehra,65,142,0.5484,0.0845,0.001,0.687,142,0.004,2.88,142,0
Lehra,66,142,0.6212,0.1056,0.001,0.687,142,0.009,1.852,142,0
Lehra,67,142,0.7936,0.1268,0.001,0.625,142,0.012,2.634,142,0
Lehra,68,150,0.9031,0.1267,0.002,0.782,150,0.013,2.841,150,0
Lehra,69,150,0.8573,0.12,0.002,1.22,150,0.02,2.978,150,0
Lehra,70,150,0.7952,0.1067,0.003,1.471,150,0.021,3.34,150,0
Lehra,71,150,0.7899,0.1067,0.004,1.702,150,0.024,3.811,150,0
Lehra,72,150,0.7741,0.1,0.006,2.152,150,0.024,3.999,150,0
Lehra,73,150,0.735,0.1,0.006,2.152,150,0.024,4.906,150,0
Lehra,74,150,0.7343,0.1,0.012,2.701,150,0.024,5.083,150,0
Lehra,75,150,0.72,0.0933,0.013,2.841,150,0.029,5.24,150,0
Lehra,76,150,0.7303,0.0933,0.02,2.978,150,0.032,5.473,150,0
Lehra,77,150,0.7696,0.1,0.021,3.34,150,0.027,5.577,150,0
Lehra,78,150,0.7689,0.1,0.024,3.811,150,0.0,5.228,150,0
Lehra,79,150,0.7347,0.0933,0.024,3.999,150,0.0,4.892,150,0
Lehra,80,150,0.5548,0.0867,0.024,4.906,150,0.0,3.989,150,0
Lehra,81,150,0.4884,0.0667,0.024,5.083,150,0.0,3.678,150,0
Lehra,82,150,0.3917,0.06,0.029,5.24,150,0.0,3.272,150,0
Lehra,83,150,0.295,0.0667,0.032,5.473,150,0.0,3.086,150,0
Lehra,84,150,0.2988,0.0667,0.027,5.577,150,0.0,2.233,150,0
Lehra,85,150,0.3148,0.0733,0.0,5.228,150,0.0,2.2,150,0
Lehra,86,150,0.3834,0.08,0.0,4.892,150,0.0,1.506,150,0
Lehra,87,150,0.3974,0.0867,0.0,3.989,150,0.0,1.181,150,0
Lehra,88,150,0.5577,0.1,0.0,3.678,150,0.0,1.168,150,0
Lehra,89,150,0.597,0.1067,0.0,3.272,150,0.0,0.979,150,0
Lehra,90,150,0.6009,0.1133,0.0,3.086,150,0.0,0.979,150,0
Lehra,91,150,0.58,0.1067,0.0,2.233,150,0.0,1.146,150,0
Lehra,92,150,0.5295,0.0933,0.0,2.2,150,0.0,1.161,150,0
Lehra,93,150,0.5329,0.0933,0.0,1.506,150,0.0,1.168,150,0
Lehra,94,150,0.5551,0.1,0.0,1.181,150,0.0,1.872,150,0
Lehra,95,150,0.5996,0.1133,0.0,1.168,150,0.0,2.438,150,0
Lehra,96,150,0.6207,0.1267,0.0,0.979,150,0.0,2.771,150,0
Lehra,97,150,0.5916,0.1267,0.0,0.979,150,0.0,3.86,150,0
Lehra,98,150,0.5584,0.12,0.0,1.146,150,0.005,4.346,150,0
Lehra,99,150,0.5829,0.1267,0.0,1.161,150,0.098,4.878,150,0
Lehra,100,150,0.7356,0.1467,0.0,1.168,150,0.118,5.504,150,0
Lehra,101,150,0.8692,0.16,0.0,1.872,150,0.127,5.688,150,0
Lehra,102,150,0.9622,0.1667,0.0,2.438,150,0.103,5.784,150,0
Lehra,103,150,0.8453,0.16,0.0,2.771,150,0.103,6.198,150,0
Lehra,104,150,0.8125,0.16,0.0,3.86,150,0.103,5.765,150,0
Lehra,105,150,0.8049,0.1533,0.005,4.346,150,0.117,5.612,150,0
Lehra,106,150,0.8026,0.1533,0.098,4.878,150,0.117,4.878,150,0
Lehra,107,150,0.8009,0.1533,0.118,5.504,150,0.103,4.484,150,0
Lehra,108,150,0.758,0.1467,0.127,5.688,150,0.099,3.614,150,0
Lehra,109,150,0.7143,0.1333,0.103,5.784,150,0.098,3.445,150,0
Lehra,110,150,0.6711,0.12,0.103,6.198,150,0.086,3.358,150,0
Lehra,111,150,0.6931,0.12,0.103,5.765,150,0.034,3.355,150,0
Lehra,112,150,0.668,0.1133,0.117,5.612,150,0.004,3.34,150,0
Lehra,113,150,0.6466,0.1067,0.117,4.878,150,0.004,3.329,150,0
Lehra,114,150,0.6474,0.1067,0.103,4.484,150,0.003,3.329,150,0
Lehra,115,150,0.4821,0.0867,0.099,3.614,150,0.004,3.332,150,0
Lehra,116,150,0.2902,0.0733,0.098,3.445,150,0.005,3.34,150,0
Lehra,117,150,0.2282,0.0733,0.086,3.358,150,0.005,3.34,150,0
Lehra,118,150,0.2031,0.0667,0.034,3.355,150,0.005,3.349,150,0
Lehra,119,150,0.2415,0.08,0.004,3.34,150,0.005,3.355,150,0
Lehra,120,150,0.2715,0.0933,0.004,3.329,150,0.005,3.349,150,0
Lehra,121,150,0.3143,0.1067,0.003,3.329,150,0.005,3.34,150,0
Lehra,122,150,0.3794,0.12,0.004,3.332,150,0.005,3.332,150,0
Lehra,123,150,0.4094,0.1333,0.005,3.34,150,0.005,3.329,150,0
Lehra,124,150,0.4808,0.1467,0.005,3.34,150,0.005,3.329,150,0
Lehra,125,150,0.5336,0.16,0.005,3.349,150,0.004,3.329,150,0
Lehra,126,150,0.5831,0.1667,0.005,3.355,150,0.005,3.291,150,0
Lehra,127,150,0.6252,0.1733,0.005,3.349,150,0.005,3.296,150,0
Lehra,128,150,0.6355,0.18,0.005,3.34,150,0.005,3.371,150,0
Lehra,129,150,0.6583,0.18,0.005,3.332,150,0.005,3.588,150,0
Lehra,130,150,0.6617,0.18,0.005,3.329,150,0.005,3.588,150,0
Lehra,131,150,0.6757,0.18,0.005,3.329,150,0.005,3.588,150,0
Lehra,132,150,0.6465,0.1733,0.004,3.329,150,0.006,3.639,150,0
Lehra,133,150,0.6239,0.1667,0.005,3.291,150,0.013,3.639,150,0
Lehra,134,150,0.589,0.1533,0.005,3.296,150,0.013,3.639,150,0
Lehra,135,150,0.7072,0.1533,0.005,3.371,150,0.012,3.852,150,0
Lehra,136,150,0.719,0.1533,0.005,3.588,150,0.008,3.954,150,0
Lehra,137,150,0.6989,0.16,0.005,3.588,150,0.005,3.945,150,0
Lehra,138,150,0.6789,0.1467,0.005,3.588,150,0.005,3.945,150,0
Lehra,139,150,0.6233,0.14,0.006,3.639,150,0.005,4.302,150,0
Lehra,140,150,0.6114,0.1333,0.013,3.639,150,0.005,4.479,150,0
Lehra,141,150,0.5448,0.12,0.013,3.639,150,0.004,4.52,150,0
Lehra,142,150,0.5069,0.1133,0.012,3.852,150,0.003,4.524,150,0
Lehra,143,150,0.552,0.1133,0.008,3.954,150,0.001,4.654,150,0
Lehra,144,150,0.5172,0.1133,0.005,3.945,150,0.001,7.081,150,0
Lehra,145,150,0.558,0.12,0.005,3.945,150,0.0,8.83,150,0
Lehra,146,150,0.5753,0.12,0.005,4.302,150,0.001,9.727,150,0
Lehra,147,150,0.5571,0.1133,0.005,4.479,150,0.003,11.943,150,0
Lehra,148,150,0.5525,0.1133,0.004,4.52,150,0.003,12.3,150,0
Lehra,149,150,0.5413,0.1067,0.003,4.524,150,0.005,12.909,150,0
Lehra,150,150,0.395,0.0933,0.001,4.654,150,0.043,14.113,150,0
Lehra,151,150,0.3809,0.0867,0.001,7.081,150,0.136,15.741,150,0
Lehra,152,150,0.4572,0.0867,0.0,8.83,150,0.736,20.408,150,0
Lehra,153,150,0.4734,0.0933,0.001,9.727,150,0.963,23.075,150,1
Lehra,154,150,0.4852,0.1,0.003,11.943,150,2.14,24.03,150,1
Lehra,155,150,0.5326,0.1067,0.003,12.3,150,2.871,24.306,150,1
Lehra,156,150,0.6355,0.1133,0.005,12.909,150,4.079,26.045,150,1
Lehra,157,150,0.6688,0.12,0.043,14.113,150,4.752,27.155,150,1
Lehra,158,150,0.6576,0.12,0.136,15.741,150,5.649,26.045,150,1
Lehra,159,150,0.8115,0.1267,0.736,20.408,150,6.805,27.155,150,1
Lehra,160,150,0.861,0.1267,0.963,23.075,150,9.315,27.555,150,1
Lehra,161,150,0.826,0.12,2.14,24.03,150,11.143,27.814,150,1
Lehra,162,150,0.8818,0.1267,2.871,24.306,150,12.088,28.336,150,1
Lehra,163,150,0.9471,0.14,4.079,26.045,150,12.448,31.006,150,1
Lehra,164,150,0.9947,0.1533,4.752,27.155,150,13.06,31.896,150,1
Lehra,165,150,1.1675,0.1667,5.649,26.045,150,13.504,34.519,150,1
Lehra,166,150,1.155,0.1667,6.805,27.155,150,14.658,36.194,150,1
Lehra,167,150,1.0396,0.1467,9.315,27.555,150,15.402,36.814,150,1
Lehra,168,150,1.0338,0.1467,11.143,27.814,150,16.205,37.277,150,1
Lehra,169,150,1.143,0.1467,12.088,28.336,150,16.6,37.277,150,1
Lehra,170,150,1.233,0.1467,12.448,31.006,150,17.042,37.024,150,1
Lehra,171,150,1.3018,0.16,13.06,31.896,150,17.01,36.715,150,1
Lehra,172,150,1.5795,0.1733,13.504,34.519,150,17.01,36.596,150,1
Lehra,173,150,2.2285,0.1933,14.658,36.194,150,17.125,36.715,150,1
Lehra,174,150,2.4528,0.2067,15.402,36.814,150,17.364,36.97,150,1
Lehra,175,150,2.4836,0.22,16.205,37.277,150,18.466,37.094,150,1
Lehra,176,150,2.8058,0.2533,16.6,37.277,150,18.476,37.286,150,1
Lehra,177,150,3.1135,0.28,17.042,37.024,150,18.476,37.648,150,1
Lehra,178,150,3.1561,0.2867,17.01,36.715,150,18.306,38.179,150,1
Lehra,179,150,3.2098,0.3,17.01,36.596,150,18.306,39.084,150,1
Lehra,180,150,3.2207,0.3133,17.125,36.715,150,17.01,37.581,150,1
Lehra,181,150,3.5639,0.34,17.364,36.97,150,16.118,36.97,150,1
Lehra,182,150,3.8671,0.3933,18.466,37.094,150,15.428,36.93,150,1
Lehra,183,150,4.054,0.4133,18.476,37.286,150,15.428,36.41,150,1
Lehra,184,150,4.1629,0.4333,18.476,37.648,150,15.515,36.415,150,1
Lehra,185,150,4.0921,0.4533,18.306,38.179,150,15.609,37.099,150,1
Lehra,186,150,4.0354,0.4533,18.306,39.084,150,16.048,37.657,150,1
Lehra,187,150,3.9988,0.4733,17.01,37.581,150,16.59,40.241,150,1
Lehra,188,150,3.4237,0.4667,16.118,36.97,150,17.113,41.435,150,1
Lehra,189,150,3.4557,0.4867,15.428,36.93,150,17.386,41.749,150,1
Lehra,190,150,3.705,0.5,15.428,36.41,150,17.674,41.947,150,1
Lehra,191,150,3.8616,0.5267,15.515,36.415,150,17.619,42.327,150,1
Lehra,192,150,3.7149,0.54,15.609,37.099,150,17.342,42.327,150,1
Lehra,193,150,3.9813,0.5667,16.048,37.657,150,17.342,42.555,150,1
Lehra,194,150,4.2112,0.58,16.59,40.241,150,17.328,42.9,150,1
Lehra,195,150,4.3428,0.6067,17.113,41.435,150,17.548,45.23,150,1
Lehra,196,150,4.311,0.62,17.386,41.749,150,17.672,48.053,150,1
Lehra,197,150,4.3243,0.5933,17.674,41.947,150,18.185,49.162,150,1
Lehra,198,150,4.2526,0.6,17.619,42.327,150,20.589,51.951,150,1
Lehra,199,150,4.3003,0.6133,17.342,42.327,150,21.995,55.162,150,1
Lehra,200,150,4.4596,0.62,17.342,42.555,150,22.438,56.059,150,1
Lehra,201,150,4.6058,0.6267,17.328,42.9,150,22.863,56.744,150,1
Lehra,202,150,4.6254,0.6333,17.548,45.23,150,23.333,56.744,150,1
Lehra,203,150,4.9388,0.6533,17.672,48.053,150,22.863,55.909,150,1
Lehra,204,150,4.8397,0.66,18.185,49.162,150,19.923,51.391,150,1
Lehra,205,150,4.7134,0.6733,20.589,51.951,150,18.792,49.828,150,1
Lehra,206,150,4.6073,0.6733,21.995,55.162,150,18.001,48.341,150,1
Lehra,207,150,4.7049,0.6667,22.438,56.059,150,17.765,47.938,150,1
Lehra,208,150,4.5511,0.6533,22.863,56.744,150,17.57,46.967,150,1
Lehra,209,150,4.321,0.64,23.333,56.744,150,18.739,46.65,150,1
Lehra,210,150,4.1227,0.62,22.863,55.909,150,19.373,45.079,150,1
Lehra,211,150,4.0045,0.6133,19.923,51.391,150,19.731,43.416,150,1
Lehra,212,150,4.2958,0.64,18.792,49.828,150,19.731,44.477,150,1
Lehra,213,150,4.5643,0.66,18.001,48.341,150,19.731,43.416,150,1
Lehra,214,150,4.665,0.66,17.765,47.938,150,19.731,42.926,150,1
Lehra,215,150,4.7332,0.6733,17.57,46.967,150,19.616,42.574,150,1
Lehra,216,150,4.7472,0.6933,18.739,46.65,150,19.114,42.391,150,1
Lehra,217,150,4.8468,0.6867,19.373,45.079,150,16.47,42.376,150,1
Lehra,218,150,4.7255,0.7,19.731,43.416,150,15.309,42.391,150,1
Lehra,219,150,4.6828,0.6867,19.731,44.477,150,14.597,42.574,150,1
Lehra,220,150,4.9933,0.6733,19.731,43.416,150,13.385,44.981,150,1
Lehra,221,150,5.122,0.66,19.731,42.926,150,13.385,45.555,150,1
Lehra,222,150,5.2784,0.6533,19.616,42.574,150,13.363,45.555,150,1
Lehra,223,150,5.951,0.6533,19.114,42.391,150,12.053,45.555,150,1
Lehra,224,150,6.1262,0.6667,16.47,42.376,150,11.24,45.555,150,1
Lehra,225,150,6.4831,0.6733,15.309,42.391,150,10.463,45.258,150,1
Lehra,226,150,7.1647,0.68,14.597,42.574,150,9.898,43.21,150,1
Lehra,227,150,6.9454,0.6733,13.385,44.981,150,9.874,38.849,150,1
Lehra,228,150,6.936,0.68,13.385,45.555,150,9.8,38.849,150,1
Lehra,229,150,6.8554,0.68,13.363,45.555,150,9.664,37.162,150,1
Lehra,230,150,6.783,0.68,12.053,45.555,150,9.65,36.227,150,1
Lehra,231,150,6.7421,0.66,11.24,45.555,150,9.557,33.358,150,1
Lehra,232,150,6.4922,0.6467,10.463,45.258,150,9.466,31.263,150,1
Lehra,233,150,6.423,0.6267,9.898,43.21,150,9.39,27.199,150,1
Lehra,234,150,6.3966,0.6133,9.874,38.849,150,9.368,24.681,150,1
Lehra,235,150,6.1157,0.6067,9.8,38.849,150,9.178,19.869,150,1
Lehra,236,150,5.7874,0.5867,9.664,37.162,150,9.045,18.912,150,1
Lehra,237,150,5.7493,0.5933,9.65,36.227,150,8.794,17.885,150,1
Lehra,238,150,5.6368,0.62,9.557,33.358,150,8.792,16.94,150,1
Lehra,239,150,5.8595,0.6333,9.466,31.263,150,8.788,16.408,150,1
Lehra,240,150,6.2377,0.6467,9.39,27.199,150,8.757,15.484,150,1
Lehra,241,150,5.8421,0.64,9.368,24.681,150,8.711,15.135,150,1
Lehra,242,150,5.8546,0.6333,9.178,19.869,150,8.024,14.141,150,1
Lehra,243,150,5.7677,0.62,9.045,18.912,150,7.587,12.674,150,1
Lehra,244,150,5.9766,0.6333,8.794,17.885,150,6.879,11.284,150,1
Lehra,245,150,6.2109,0.6333,8.792,16.94,150,6.007,9.882,150,1
Lehra,246,150,6.2451,0.64,8.788,16.408,150,5.59,9.525,150,1
Lehra,247,150,6.1821,0.6333,8.757,15.484,150,4.88,9.116,150,1
Lehra,248,150,6.3439,0.6467,8.711,15.135,150,4.461,8.732,150,1
Lehra,249,150,6.391,0.6733,8.024,14.141,150,4.099,7.598,150,1
Lehra,250,150,6.3817,0.6867,7.587,12.674,150,4.024,6.652,150,1
Lehra,251,150,6.4922,0.7067,6.879,11.284,150,3.811,6.391,150,1
Lehra,252,150,6.666,0.7133,6.007,9.882,150,3.76,5.919,150,1
Lehra,253,150,6.2361,0.6933,5.59,9.525,150,3.622,5.627,150,1
Lehra,254,150,5.8373,0.6733,4.88,9.116,150,3.463,4.972,150,1
Lehra,255,150,5.0863,0.64,4.461,8.732,150,3.21,4.645,150,1
Lehra,256,150,4.6939,0.6267,4.099,7.598,150,3.132,4.405,150,1
Lehra,257,150,4.5275,0.62,4.024,6.652,150,2.928,4.234,150,1
Lehra,258,150,4.6716,0.62,3.811,6.391,150,2.543,4.072,150,1
Lehra,259,150,5.0679,0.6133,3.76,5.919,150,1.516,4.049,150,1
Lehra,260,150,5.2114,0.5933,3.622,5.627,150,1.223,3.798,150,1
Lehra,261,150,5.0829,0.5867,3.463,4.972,150,0.97,3.595,150,1
Lehra,262,150,5.0245,0.5733,3.21,4.645,150,0.741,3.417,150,1
Lehra,263,150,4.682,0.5467,3.132,4.405,150,0.664,3.029,150,1
Lehra,264,150,4.4984,0.52,2.928,4.234,150,0.65,2.451,150,1
Lehra,265,150,4.3293,0.5,2.543,4.072,150,0.623,1.672,150,1
Lehra,266,150,4.1136,0.48,1.516,4.049,150,0.623,1.438,150,1
Lehra,267,150,3.613,0.4667,1.223,3.798,150,0.604,1.28,150,1
Lehra,268,150,3.3436,0.4533,0.97,3.595,150,0.604,1.212,150,1
Lehra,269,150,3.2921,0.44,0.741,3.417,150,0.604,1.06,150,1
Lehra,270,150,3.2458,0.44,0.664,3.029,150,0.607,1.018,150,1
Lehra,271,150,3.1784,0.4267,0.65,2.451,150,0.623,1.018,150,1
Lehra,272,150,2.9633,0.4,0.623,1.672,150,0.637,1.018,150,1
Lehra,273,150,2.5301,0.36,0.623,1.438,150,0.662,1.046,150,1
Lehra,274,150,1.6845,0.3267,0.604,1.28,150,0.715,1.072,150,1
Lehra,275,150,1.0804,0.3067,0.604,1.212,150,0.773,1.08,150,0
Lehra,276,150,0.9355,0.28,0.604,1.06,150,0.798,1.097,150,0
Lehra,277,150,0.9507,0.2933,0.607,1.018,150,0.819,1.104,150,0
Lehra,278,150,0.9205,0.2867,0.623,1.018,150,0.819,1.087,150,0
Lehra,279,150,0.8105,0.2667,0.637,1.018,150,0.817,1.046,150,0
Lehra,280,150,0.7899,0.2533,0.662,1.046,150,0.798,1.016,150,0
Lehra,281,150,0.8199,0.2467,0.715,1.072,150,0.786,1.005,150,0
Lehra,282,150,0.7584,0.22,0.773,1.08,150,0.776,0.979,150,0
Lehra,283,150,0.6793,0.1933,0.798,1.097,150,0.739,0.974,150,0
Lehra,284,150,0.6362,0.1733,0.819,1.104,150,0.707,0.952,150,0
Lehra,285,150,0.5877,0.1533,0.819,1.087,150,0.642,0.936,150,0
Lehra,286,150,0.5461,0.14,0.817,1.046,150,0.616,0.908,150,0
Lehra,287,150,0.5278,0.1333,0.798,1.016,150,0.567,0.886,150,0
Lehra,288,150,0.5109,0.1267,0.786,1.005,150,0.524,0.847,150,0
Lehra,289,150,0.4451,0.1067,0.776,0.979,150,0.482,0.825,150,0
Lehra,290,150,0.4331,0.1,0.739,0.974,150,0.405,0.741,150,0
Lehra,291,150,0.4167,0.0933,0.707,0.952,150,0.349,0.679,150,0
Lehra,292,150,0.394,0.0733,0.642,0.936,150,0.292,0.624,150,0
Lehra,293,150,0.3892,0.0667,0.616,0.908,150,0.178,0.555,150,0
Lehra,294,150,0.3861,0.06,0.567,0.886,150,0.113,0.506,150,0
Lehra,295,150,0.3144,0.0533,0.524,0.847,150,0.053,0.475,150,0
Lehra,296,150,0.2145,0.0333,0.482,0.825,150,0.047,0.381,150,0
Lehra,297,150,0.1789,0.0267,0.405,0.741,150,0.038,0.347,150,0
Lehra,298,150,0.1959,0.0333,0.349,0.679,150,0.028,0.294,150,0
Lehra,299,150,0.2038,0.04,0.292,0.624,150,0.018,0.187,150,0
Lehra,300,150,0.1996,0.04,0.178,0.555,150,0.01,0.121,150,0
Lehra,301,150,0.2072,0.04,0.113,0.506,150,0.0,0.069,150,0
Lehra,302,150,0.2129,0.04,0.053,0.475,150,0.0,0.052,150,0
Lehra,303,150,0.2165,0.04,0.047,0.381,150,0.0,0.045,150,0
Lehra,304,150,0.2142,0.04,0.038,0.347,150,0.0,0.036,150,0
Lehra,305,150,0.2036,0.04,0.028,0.294,150,0.0,0.021,150,0
Lehra,306,150,0.201,0.04,0.018,0.187,150,0.0,0.017,150,0
Lehra,307,150,0.1741,0.0333,0.01,0.121,150,0.0,0.009,150,0
Lehra,308,150,0.1542,0.0267,0.0,0.069,150,0.0,0.0,150,0
Lehra,309,150,0.1471,0.0267,0.0,0.052,150,0.0,0.0,150,0
Lehra,310,150,0.1371,0.02,0.0,0.045,150,0.0,0.0,150,0
Lehra,311,150,0.1341,0.02,0.0,0.036,150,0.0,0.0,150,0
Lehra,312,150,0.1395,0.0267,0.0,0.021,150,0.0,0.001,150,0
Lehra,313,150,0.1335,0.02,0.0,0.017,150,0.0,0.006,150,0
Lehra,314,150,0.119,0.0133,0.0,0.009,150,0.0,0.019,150,0
Lehra,315,150,0.1157,0.0133,0.0,0.0,150,0.0,0.028,150,0
Lehra,316,150,0.1038,0.0133,0.0,0.0,150,0.0,0.029,150,0
Lehra,317,150,0.0912,0.0133,0.0,0.0,150,0.0,0.03,150,0
Lehra,318,150,0.0862,0.0133,0.0,0.0,150,0.0,0.03,150,0
Lehra,319,150,0.0813,0.0133,0.0,0.001,150,0.0,0.03,150,0
Lehra,320,150,0.0664,0.0067,0.0,0.006,150,0.0,0.03,150,0
Lehra,321,150,0.0602,0.0067,0.0,0.019,150,0.0,0.034,150,0
Lehra,322,150,0.0523,0.0067,0.0,0.028,150,0.0,0.045,150,0
Lehra,323,150,0.0486,0.0067,0.0,0.029,150,0.0,0.034,150,0
Lehra,324,150,0.0748,0.0133,0.0,0.03,150,0.0,0.03,150,0
Lehra,325,150,0.1681,0.02,0.0,0.03,150,0.0,0.03,150,0
Lehra,326,150,0.1726,0.02,0.0,0.03,150,0.0,0.03,150,0
Lehra,327,150,0.1636,0.0133,0.0,0.03,150,0.0,0.023,150,0
Lehra,328,150,0.1535,0.0133,0.0,0.034,150,0.0,0.0,150,0
Lehra,329,150,0.172,0.02,0.0,0.045,150,0.0,0.0,150,0
Lehra,330,150,0.1905,0.0267,0.0,0.034,150,0.0,0.0,149,0
Lehra,331,150,0.2086,0.0333,0.0,0.03,150,0.0,0.015,148,0
Lehra,332,150,0.2273,0.04,0.0,0.03,150,0.0,0.046,147,0
Lehra,333,150,0.2461,0.0467,0.0,0.03,150,0.0,0.063,146,0
Lehra,334,150,0.246,0.0467,0.0,0.023,150,0.0,0.108,145,0
Lehra,335,150,0.2454,0.0467,0.0,0.0,150,0.0,0.127,144,0
Lehra,336,150,0.2441,0.0467,0.0,0.0,150,0.0,0.145,143,0
Lehra,337,150,0.2441,0.0467,0.0,0.0,149,0.0,0.166,142,0
Lehra,338,150,0.2635,0.0533,0.0,0.015,148,0.001,0.172,141,0
Lehra,339,150,0.2375,0.0467,0.0,0.046,147,0.012,0.172,140,0
Lehra,340,150,0.2693,0.0467,0.0,0.063,146,0.016,0.173,139,0
Lehra,341,150,0.3119,0.06,0.0,0.108,145,0.018,0.174,138,0
Lehra,342,150,0.312,0.06,0.0,0.127,144,0.021,0.178,137,0
Lehra,343,150,0.309,0.06,0.0,0.145,143,0.04,0.18,136,0
Lehra,344,150,0.2906,0.0533,0.0,0.166,142,0.048,0.178,135,0
Lehra,345,150,0.2722,0.0467,0.001,0.172,141,0.024,0.173,135,0
Lehra,346,150,0.2537,0.04,0.012,0.172,140,0.018,0.173,135,0
Lehra,347,150,0.2353,0.0333,0.016,0.173,139,0.014,0.172,135,0
Lehra,348,150,0.2268,0.0333,0.018,0.174,138,0.004,0.16,135,0
Lehra,349,150,0.2268,0.0333,0.021,0.178,137,0.0,0.139,135,0
Lehra,350,150,0.2268,0.0333,0.04,0.18,136,0.0,0.134,135,0
Lehra,351,150,0.2268,0.0333,0.048,0.178,135,0.0,0.153,135,0
Lehra,352,150,0.2268,0.0333,0.024,0.173,135,0.0,0.157,135,0
Lehra,353,150,0.2046,0.0267,0.018,0.173,135,0.0,0.169,135,0
Lehra,354,150,0.2015,0.0267,0.014,0.172,135,0.0,0.218,135,0
Lehra,355,150,0.0724,0.02,0.004,0.16,135,0.0,0.341,135,0
Lehra,356,150,0.023,0.0067,0.0,0.139,135,0.0,0.643,135,0
Lehra,357,150,0.0335,0.0133,0.0,0.134,135,0.0,0.747,135,0
Lehra,358,150,0.071,0.02,0.0,0.153,135,0.0,0.747,135,0
Lehra,359,150,0.0715,0.02,0.0,0.157,135,0.0,0.747,135,0
Lehra,360,150,0.074,0.02,0.0,0.167,136,0.0,0.744,136,0
Lehra,361,150,0.0756,0.02,0.0,0.187,137,0.0,0.743,137,0
Lehra,362,150,0.0771,0.02,0.0,0.284,138,0.0,0.747,138,0
Lehra,363,150,0.071,0.0133,0.0,0.391,139,0.0,0.754,139,0
Lehra,364,150,0.1102,0.02,0.0,0.743,140,0.0,0.931,140,0
Lehra,365,150,0.1102,0.02,0.0,0.743,141,0.0,1.031,141,0
Lehra,366,150,0.1115,0.02,0.0,0.743,142,0.0,1.471,142,0
Malerkotla,1,150,0.2771,0.06,0.005,2.277,143,0.02,2.538,143,0
Malerkotla,2,150,0.2771,0.06,0.002,2.277,144,0.021,2.891,144,0
Malerkotla,3,150,0.269,0.06,0.001,2.269,145,0.024,3.779,145,0
Malerkotla,4,150,0.2615,0.06,0.001,2.274,146,0.035,3.869,146,0
Malerkotla,5,150,0.2636,0.06,0.001,2.277,147,0.05,3.822,147,0
Malerkotla,6,150,0.2469,0.0533,0.001,2.277,148,0.044,4.274,148,0
Malerkotla,7,150,0.1595,0.0467,0.007,2.277,149,0.035,4.978,149,0
Malerkotla,8,150,0.1422,0.04,0.009,2.277,150,0.051,4.983,150,0
Malerkotla,9,150,0.1167,0.0333,0.02,2.538,150,0.083,5.502,150,0
Malerkotla,10,150,0.3524,0.04,0.02,3.47,150,0.166,5.896,150,0
Malerkotla,11,150,0.4292,0.0467,0.021,3.576,150,0.2,6.269,150,0
Malerkotla,12,150,0.4054,0.04,0.026,3.576,150,0.2,6.498,150,0
Malerkotla,13,150,0.4001,0.04,0.026,4.029,150,0.233,6.498,150,0
Malerkotla,14,150,0.5466,0.06,0.026,4.975,150,0.233,6.498,150,0
Malerkotla,15,150,0.6356,0.08,0.051,4.983,150,0.233,6.635,150,0
Malerkotla,16,150,0.6483,0.0867,0.083,5.502,150,0.263,6.498,150,0
Malerkotla,17,150,0.6555,0.0867,0.166,5.896,150,0.277,6.498,150,0
Malerkotla,18,150,0.7211,0.0933,0.2,6.269,150,0.303,6.579,150,0
Malerkotla,19,150,0.953,0.1,0.2,6.498,150,0.618,7.054,150,0
Malerkotla,20,150,0.9383,0.0933,0.233,6.498,150,0.792,7.503,150,0
Malerkotla,21,150,0.9354,0.0933,0.233,6.498,150,0.793,9.065,150,0
Malerkotla,22,150,0.934,0.0933,0.233,6.635,150,1.043,9.446,150,0
Malerkotla,23,150,0.9349,0.0933,0.263,6.498,150,1.505,9.896,150,0
Malerkotla,24,150,0.9432,0.1,0.277,6.498,150,1.223,9.983,150,0
Malerkotla,25,150,0.7064,0.0933,0.303,6.579,150,0.793,10.339,150,0
Malerkotla,26,150,0.6516,0.0933,0.618,7.054,150,0.792,10.339,150,0
Malerkotla,27,150,0.7407,0.1133,0.792,7.503,150,0.514,9.983,150,0
Malerkotla,28,150,0.7932,0.12,0.793,9.065,150,0.514,9.571,150,0
Malerkotla,29,150,0.7217,0.1133,1.043,9.446,150,0.271,8.592,150,0
Malerkotla,30,150,0.6492,0.1,1.505,9.896,150,0.266,7.901,150,0
Malerkotla,31,150,0.6935,0.1067,1.223,9.983,150,0.156,7.055,150,0
Malerkotla,32,150,0.8423,0.1133,0.793,10.339,150,0.034,6.747,150,0
Malerkotla,33,150,0.7951,0.1133,0.792,10.339,150,0.022,6.385,150,0
Malerkotla,34,150,0.5638,0.1067,0.514,9.983,150,0.016,6.378,150,0
Malerkotla,35,150,0.5703,0.1133,0.514,9.571,150,0.012,5.446,150,0
Malerkotla,36,150,0.6049,0.12,0.271,8.592,150,0.012,5.224,150,0
Malerkotla,37,150,0.624,0.1267,0.266,7.901,150,0.008,5.2,150,0
Malerkotla,38,150,0.7051,0.14,0.156,7.055,150,0.007,5.074,150,0
Malerkotla,39,150,0.8174,0.1467,0.034,6.747,150,0.003,5.074,150,0
Malerkotla,40,150,1.0183,0.16,0.022,6.385,150,0.003,5.2,150,0
Malerkotla,41,150,0.9905,0.1467,0.016,6.378,150,0.002,5.224,150,0
Malerkotla,42,150,0.9574,0.14,0.012,5.446,150,0.0,5.248,150,0
Malerkotla,43,150,0.9537,0.1467,0.012,5.224,150,0.0,4.839,150,0
Malerkotla,44,150,0.9963,0.1667,0.008,5.2,150,0.0,4.799,150,0
Malerkotla,45,150,1.0142,0.1667,0.007,5.074,150,0.0,4.749,150,0
Malerkotla,46,150,1.0178,0.1667,0.003,5.074,150,0.001,4.556,150,0
Malerkotla,47,150,1.1174,0.1733,0.003,5.2,150,0.003,4.556,150,0
Malerkotla,48,150,1.2448,0.1867,0.002,5.224,150,0.003,3.907,150,0
Malerkotla,49,150,1.4037,0.2,0.0,5.248,150,0.003,2.933,150,0
Malerkotla,50,150,1.4759,0.2,0.0,4.839,150,0.003,2.044,150,0
Malerkotla,51,150,1.4678,0.2,0.0,4.799,150,0.003,1.829,150,0
Malerkotla,52,150,1.4799,0.2,0.0,4.749,150,0.003,1.76,150,0
Malerkotla,53,142,1.4758,0.1972,0.0,4.765,142,0.003,1.739,142,0
Malerkotla,54,142,1.5125,0.1901,0.002,4.765,142,0.003,1.739,142,0
Malerkotla,55,142,1.4509,0.1901,0.003,4.404,142,0.01,1.741,142,0
Malerkotla,56,142,1.4724,0.1972,0.003,3.519,142,0.014,1.747,142,0
Malerkotla,57,142,1.4448,0.1901,0.003,2.288,142,0.022,1.796,142,0
Malerkotla,58,142,1.4191,0.1761,0.003,1.796,142,0.027,2.378,142,0
Malerkotla,59,142,1.325,0.1479,0.003,1.741,142,0.101,2.595,142,0
Malerkotla,60,142,1.2975,0.1479,0.003,1.739,142,0.115,3.841,142,0
Malerkotla,61,142,1.2504,0.1479,0.003,1.739,142,0.12,4.482,142,0
Malerkotla,62,142,0.9884,0.1408,0.01,1.741,142,0.121,4.547,142,0
Malerkotla,63,142,0.8818,0.1338,0.014,1.747,142,0.121,5.208,142,0
Malerkotla,64,142,0.8815,0.1408,0.022,1.796,142,0.144,5.375,142,0
Malerkotla,65,142,0.9092,0.1408,0.027,2.378,142,0.121,5.375,142,0
Malerkotla,66,142,0.9857,0.1549,0.101,2.595,142,0.12,4.782,142,0
Malerkotla,67,142,1.1053,0.162,0.115,3.841,142,0.115,4.547,142,0
Malerkotla,68,150,1.2246,0.16,0.12,4.085,150,0.095,4.541,150,0
Malerkotla,69,150,1.0667,0.1533,0.12,4.541,150,0.067,4.5,150,0
Malerkotla,70,150,0.9242,0.14,0.12,4.905,150,0.067,4.5,150,0
Malerkotla,71,150,0.8995,0.1333,0.12,5.257,150,0.12,4.554,150,0
Malerkotla,72,150,0.8745,0.1267,0.12,5.257,150,0.06,4.773,150,0
Malerkotla,73,150,0.8407,0.1267,0.12,4.905,150,0.059,4.807,150,0
Malerkotla,74,150,0.8132,0.12,0.111,4.571,150,0.059,4.809,150,0
Malerkotla,75,150,0.8081,0.1133,0.095,4.541,150,0.059,4.809,150,0
Malerkotla,76,150,0.8374,0.1133,0.067,4.5,150,0.059,4.807,150,0
Malerkotla,77,150,0.9865,0.12,0.067,4.5,150,0.059,4.807,150,0
Malerkotla,78,150,0.9722,0.1133,0.12,4.554,150,0.059,4.434,150,0
Malerkotla,79,150,0.8675,0.1067,0.06,4.773,150,0.059,4.364,150,0
Malerkotla,80,150,0.7614,0.1,0.059,4.807,150,0.051,4.343,150,0
Malerkotla,81,150,0.7155,0.0933,0.059,4.809,150,0.008,4.318,150,0
Malerkotla,82,150,0.6293,0.0933,0.059,4.809,150,0.0,4.316,150,0
Malerkotla,83,150,0.5368,0.1067,0.059,4.807,150,0.0,4.316,150,0
Malerkotla,84,150,0.5382,0.1067,0.059,4.807,150,0.0,4.232,150,0
Malerkotla,85,150,0.5403,0.1067,0.059,4.434,150,0.0,3.477,150,0
Malerkotla,86,150,0.5715,0.12,0.059,4.364,150,0.0,3.353,150,0
Malerkotla,87,150,0.6429,0.1267,0.051,4.343,150,0.0,2.312,150,0
Malerkotla,88,150,0.7895,0.14,0.008,4.318,150,0.0,1.244,150,0
Malerkotla,89,150,0.8421,0.1467,0.0,4.316,150,0.0,1.123,150,0
Malerkotla,90,150,0.8817,0.16,0.0,4.316,150,0.0,1.123,150,0
Malerkotla,91,150,0.8531,0.1533,0.0,4.232,150,0.001,1.123,150,0
Malerkotla,92,150,0.7003,0.14,0.0,3.477,150,0.004,1.123,150,0
Malerkotla,93,150,0.7004,0.14,0.0,3.353,150,0.006,1.404,150,0
Malerkotla,94,150,0.7121,0.1467,0.0,2.312,150,0.01,2.206,150,0
Malerkotla,95,150,0.7986,0.16,0.0,1.244,150,0.011,2.836,150,0
Malerkotla,96,150,0.7625,0.1533,0.0,1.123,150,0.012,4.362,150,0
Malerkotla,97,150,0.746,0.1533,0.0,1.123,150,0.014,4.666,150,0
Malerkotla,98,150,0.669,0.1333,0.001,1.123,150,0.046,5.904,150,0
Malerkotla,99,150,0.7061,0.14,0.004,1.123,150,0.401,6.481,150,0
Malerkotla,100,150,0.9218,0.16,0.006,1.404,150,0.569,6.85,150,0
Malerkotla,101,150,1.0405,0.1667,0.01,2.206,150,0.907,7.476,150,0
Malerkotla,102,150,1.0998,0.1733,0.011,2.836,150,0.936,7.993,150,0
Malerkotla,103,150,1.0787,0.1667,0.012,4.362,150,0.936,7.993,150,0
Malerkotla,104,150,1.0701,0.1667,0.014,4.666,150,0.936,8.367,150,0
Malerkotla,105,150,1.0267,0.1533,0.046,5.904,150,0.936,8.587,150,0
Malerkotla,106,150,1.0052,0.1467,0.401,6.481,150,0.936,7.476,150,0
Malerkotla,107,150,1.0017,0.1467,0.569,6.85,150,0.907,7.476,150,0
Malerkotla,108,150,0.9708,0.14,0.907,7.476,150,0.897,7.476,150,0
Malerkotla,109,150,0.9034,0.12,0.936,7.993,150,0.664,6.702,150,0
Malerkotla,110,150,0.8142,0.1067,0.936,7.993,150,0.495,5.617,150,0
Malerkotla,111,150,0.8398,0.1133,0.936,8.367,150,0.122,4.018,150,0
Malerkotla,112,150,0.885,0.1133,0.936,8.587,150,0.105,3.01,150,0
Malerkotla,113,150,0.8789,0.1133,0.936,7.476,150,0.099,2.962,150,0
Malerkotla,114,150,0.869,0.12,0.907,7.476,150,0.094,2.719,150,0
Malerkotla,115,150,0.644,0.0933,0.897,7.476,150,0.095,2.578,150,0
Malerkotla,116,150,0.504,0.08,0.664,6.702,150,0.104,2.541,150,0
Malerkotla,117,150,0.3866,0.0733,0.495,5.617,150,0.115,2.51,150,0
Malerkotla,118,150,0.2702,0.0733,0.122,4.018,150,0.143,2.51,150,0
Malerkotla,119,150,0.2598,0.08,0.105,3.01,150,0.151,2.627,150,0
Malerkotla,120,150,0.3347,0.0867,0.099,2.962,150,0.153,2.727,150,0
Malerkotla,121,150,0.4083,0.1,0.094,2.719,150,0.16,2.962,150,0
Malerkotla,122,150,0.4534,0.1133,0.095,2.578,150,0.16,2.977,150,0
Malerkotla,123,150,0.4682,0.12,0.104,2.541,150,0.16,3.081,150,0
Malerkotla,124,150,0.63,0.14,0.115,2.51,150,0.16,3.241,150,0
Malerkotla,125,150,0.6874,0.16,0.143,2.51,150,0.16,3.324,150,0
Malerkotla,126,150,0.8849,0.1667,0.151,2.627,150,0.162,3.54,150,0
Malerkotla,127,150,0.8463,0.1667,0.153,2.727,150,0.173,3.661,150,0
Malerkotla,128,150,0.8667,0.18,0.16,2.962,150,0.178,3.698,150,0
Malerkotla,129,150,0.9225,0.18,0.16,2.977,150,0.178,3.783,150,0
Malerkotla,130,150,0.9293,0.1867,0.16,3.081,150,0.163,3.878,150,0
Malerkotla,131,150,0.9434,0.1933,0.16,3.241,150,0.158,3.962,150,0
Malerkotla,132,150,0.927,0.1867,0.16,3.324,150,0.142,3.962,150,0
Malerkotla,133,150,0.9083,0.1733,0.162,3.54,150,0.14,4.208,150,0
Malerkotla,134,150,0.8803,0.16,0.173,3.661,150,0.134,5.387,150,0
Malerkotla,135,150,0.9135,0.16,0.178,3.698,150,0.108,6.063,150,0
Malerkotla,136,150,0.882,0.1667,0.178,3.783,150,0.099,6.876,150,0
Malerkotla,137,150,0.9261,0.1733,0.163,3.878,150,0.077,6.524,150,0
Malerkotla,138,150,0.9654,0.18,0.158,3.962,150,0.077,5.921,150,0
Malerkotla,139,150,0.817,0.1667,0.142,3.962,150,0.077,6.524,150,0
Malerkotla,140,150,0.8298,0.1533,0.14,4.208,150,0.077,6.876,150,0
Malerkotla,141,150,0.6062,0.14,0.134,5.387,150,0.098,8.439,150,0
Malerkotla,142,150,0.6051,0.1333,0.108,6.063,150,0.108,9.307,150,0
Malerkotla,143,150,0.6316,0.1333,0.099,6.876,150,0.122,11.161,150,0
Malerkotla,144,150,0.565,0.1267,0.077,6.524,150,0.14,14.893,150,0
Malerkotla,145,150,0.5831,0.1267,0.077,5.921,150,0.511,16.707,150,0
Malerkotla,146,150,0.6526,0.12,0.077,6.524,150,0.659,18.086,150,0
Malerkotla,147,150,0.6578,0.12,0.077,6.876,150,0.694,18.175,150,0
Malerkotla,148,150,0.6639,0.1267,0.098,8.439,150,0.789,18.235,150,0
Malerkotla,149,150,0.6655,0.1267,0.108,9.307,150,1.046,19.096,150,0
Malerkotla,150,150,0.6043,0.1267,0.122,11.161,150,1.454,20.495,150,0
Malerkotla,151,150,0.6851,0.1333,0.14,14.893,150,2.08,20.801,150,0
Malerkotla,152,150,0.6992,0.1333,0.511,16.707,150,5.543,23.178,150,0
Malerkotla,153,150,0.7088,0.1333,0.659,18.086,150,6.941,26.535,150,1
Malerkotla,154,150,0.7885,0.1533,0.694,18.175,150,7.799,29.354,150,1
Malerkotla,155,150,0.7578,0.1533,0.789,18.235,150,8.492,31.006,150,1
Malerkotla,156,150,0.8246,0.1533,1.046,19.096,150,9.863,34.158,150,1
Malerkotla,157,150,0.8816,0.16,1.454,20.495,150,10.217,35.25,150,1
Malerkotla,158,150,1.018,0.1533,2.08,20.801,150,10.966,34.769,150,1
Malerkotla,159,150,1.1752,0.16,5.543,23.178,150,11.534,35.082,150,1
Malerkotla,160,150,1.4245,0.1733,6.941,26.535,150,12.946,35.082,150,1
Malerkotla,161,150,1.3394,0.1733,7.799,29.354,150,14.755,36.017,150,1
Malerkotla,162,150,1.3617,0.1867,8.492,31.006,150,17.443,39.628,150,1
Malerkotla,163,150,1.4157,0.1933,9.863,34.158,150,18.782,39.995,150,1
Malerkotla,164,150,1.4632,0.2067,10.217,35.25,150,23.033,41.379,150,1
Malerkotla,165,150,1.6301,0.2133,10.966,34.769,150,24.21,43.521,150,1
Malerkotla,166,150,1.5199,0.1933,11.534,35.082,150,25.59,43.82,150,1
Malerkotla,167,150,1.425,0.1733,12.946,35.082,150,25.755,44.9,150,1
Malerkotla,168,150,1.3761,0.1667,14.755,36.017,150,25.755,45.666,150,1
Malerkotla,169,150,1.4345,0.16,17.443,39.628,150,25.755,46.12,150,1
Malerkotla,170,150,1.6281,0.1733,18.782,39.995,150,25.755,46.12,150,1
Malerkotla,171,150,2.0106,0.1933,23.033,41.379,150,25.808,46.12,150,1
Malerkotla,172,150,2.1926,0.2133,24.21,43.521,150,25.755,46.12,150,1
Malerkotla,173,150,2.8376,0.2333,25.59,43.82,150,25.755,46.372,150,1
Malerkotla,174,150,2.9648,0.2533,25.755,44.9,150,25.808,46.438,150,1
Malerkotla,175,150,2.8477,0.2667,25.755,45.666,150,25.86,47.236,150,1
Malerkotla,176,150,3.2334,0.3,25.755,46.12,150,25.755,48.247,150,1
Malerkotla,177,150,3.4697,0.32,25.755,46.12,150,25.489,46.799,150,1
Malerkotla,178,150,3.5216,0.3333,25.808,46.12,150,23.092,45.914,150,1
Malerkotla,179,150,3.6968,0.3467,25.755,46.12,150,22.747,44.889,150,1
Malerkotla,180,150,3.7273,0.3667,25.755,46.372,150,21.585,44.53,150,1
Malerkotla,181,150,4.1231,0.4133,25.808,46.438,150,20.17,43.367,150,1
Malerkotla,182,150,4.4387,0.4667,25.86,47.236,150,20.133,42.135,150,1
Malerkotla,183,150,4.6227,0.5,25.755,48.247,150,20.147,41.631,150,1
Malerkotla,184,150,4.7339,0.5133,25.489,46.799,150,21.257,41.294,150,1
Malerkotla,185,150,4.691,0.54,23.092,45.914,150,21.605,40.614,150,1
Malerkotla,186,150,4.6379,0.56,22.747,44.889,150,22.69,41.294,150,1
Malerkotla,187,150,4.8764,0.58,21.585,44.53,150,22.822,41.631,150,1
Malerkotla,188,150,4.334,0.6,20.17,43.367,150,23.134,42.111,150,1
Malerkotla,189,150,4.562,0.6133,20.133,42.135,150,24.25,42.111,150,1
Malerkotla,190,150,4.9885,0.62,20.147,41.631,150,24.25,43.129,150,1
Malerkotla,191,150,5.1357,0.64,21.257,41.294,150,24.986,43.605,150,1
Malerkotla,192,150,5.2483,0.66,21.605,40.614,150,24.25,44.027,150,1
Malerkotla,193,150,5.5641,0.6867,22.69,41.294,150,24.25,45.256,150,1
Malerkotla,194,150,5.659,0.7,22.822,41.631,150,24.25,47.534,150,1
Malerkotla,195,150,5.8007,0.7133,23.134,42.111,150,25.372,49.355,150,1
Malerkotla,196,150,5.7067,0.7067,24.25,42.111,150,27.479,51.437,150,1
Malerkotla,197,150,5.6514,0.7,24.25,43.129,150,28.957,53.408,150,1
Malerkotla,198,150,5.6598,0.7133,24.986,43.605,150,31.575,54.937,150,1
Malerkotla,199,150,5.7703,0.74,24.25,44.027,150,32.952,56.379,150,1
Malerkotla,200,150,6.0257,0.7467,24.25,45.256,150,32.347,57.219,150,1
Malerkotla,201,150,5.955,0.7533,24.25,47.534,150,30.966,57.85,150,1
Malerkotla,202,150,5.8907,0.7467,25.372,49.355,150,29.866,57.219,150,1
Malerkotla,203,150,6.0725,0.7467,27.479,51.437,150,27.949,56.035,150,1
Malerkotla,204,150,5.8413,0.7533,28.957,53.408,150,26.981,55.501,150,1
Malerkotla,205,150,5.6348,0.78,31.575,54.937,150,23.936,53.511,150,1
Malerkotla,206,150,5.554,0.78,32.952,56.379,150,22.699,50.223,150,1
Malerkotla,207,150,5.5228,0.7733,32.347,57.219,150,21.941,46.2,150,1
Malerkotla,208,150,5.2978,0.76,30.966,57.85,150,20.369,45.775,150,1
Malerkotla,209,150,5.1374,0.76,29.866,57.219,150,18.814,44.842,150,1
Malerkotla,210,150,4.8484,0.7467,27.949,56.035,150,20.369,43.897,150,1
Malerkotla,211,150,4.7538,0.7467,26.981,55.501,150,19.904,43.75,150,1
Malerkotla,212,150,5.0725,0.7533,23.936,53.511,150,18.766,43.75,150,1
Malerkotla,213,150,5.3213,0.76,22.699,50.223,150,18.766,43.733,150,1
Malerkotla,214,150,5.3694,0.7533,21.941,46.2,150,17.216,43.56,150,1
Malerkotla,215,150,5.3831,0.7467,20.369,45.775,150,15.894,43.162,150,1
Malerkotla,216,150,5.4536,0.7467,18.814,44.842,150,13.39,43.162,150,1
Malerkotla,217,150,5.2792,0.7533,20.369,43.897,150,12.539,43.462,150,1
Malerkotla,218,150,5.2107,0.76,19.904,43.75,150,11.755,43.75,150,1
Malerkotla,219,150,5.2512,0.7533,18.766,43.75,150,10.587,44.696,150,1
Malerkotla,220,150,5.5555,0.74,18.766,43.733,150,10.587,46.292,150,1
Malerkotla,221,150,5.7465,0.7267,17.216,43.56,150,10.587,53.647,150,1
Malerkotla,222,150,5.8616,0.7267,15.894,43.162,150,10.346,56.424,150,1
Malerkotla,223,150,6.7687,0.7267,13.39,43.162,150,10.2,57.517,150,1
Malerkotla,224,150,7.0059,0.7333,12.539,43.462,150,10.068,56.424,150,1
Malerkotla,225,150,7.3863,0.7467,11.755,43.75,150,8.189,53.647,150,1
Malerkotla,226,150,7.8687,0.7467,10.587,44.696,150,6.161,48.132,150,1
Malerkotla,227,150,7.5773,0.7333,10.587,46.292,150,5.896,44.904,150,1
Malerkotla,228,150,7.4235,0.7133,10.587,53.647,150,5.896,40.682,150,1
Malerkotla,229,150,7.2507,0.7,10.346,56.424,150,5.896,40.145,150,1
Malerkotla,230,150,6.9828,0.7067,10.2,57.517,150,5.896,39.144,150,1
Malerkotla,231,150,6.7346,0.6867,10.068,56.424,150,6.245,36.571,150,1
Malerkotla,232,150,6.5925,0.6733,8.189,53.647,150,6.762,33.819,150,1
Malerkotla,233,150,6.4572,0.66,6.161,48.132,150,6.834,32.908,150,1
Malerkotla,234,150,6.4545,0.66,5.896,44.904,150,7.204,31.174,150,1
Malerkotla,235,150,6.0201,0.6467,5.896,40.682,150,7.519,29.268,150,1
Malerkotla,236,150,5.5168,0.64,5.896,40.145,150,7.574,18.511,150,1
Malerkotla,237,150,5.3693,0.6267,5.896,39.144,150,7.758,15.843,150,1
Malerkotla,238,150,4.918,0.6467,6.245,36.571,150,7.551,14.799,150,1
Malerkotla,239,150,5.0694,0.6667,6.762,33.819,150,7.515,13.399,150,1
Malerkotla,240,150,5.4985,0.6733,6.834,32.908,150,7.509,12.533,150,1
Malerkotla,241,150,5.2675,0.6733,7.204,31.174,150,7.484,12.111,150,1
Malerkotla,242,150,5.3092,0.6733,7.519,29.268,150,7.204,11.636,150,1
Malerkotla,243,150,5.207,0.6733,7.574,18.511,150,6.659,11.073,150,1
Malerkotla,244,150,5.2694,0.6933,7.758,15.843,150,5.628,9.984,150,1
Malerkotla,245,150,5.6923,0.6933,7.551,14.799,150,4.892,9.101,150,1
Malerkotla,246,150,6.4821,0.6933,7.515,13.399,150,4.208,8.143,150,1
Malerkotla,247,150,6.5829,0.68,7.509,12.533,150,3.656,7.843,150,1
Malerkotla,248,150,6.7716,0.6733,7.484,12.111,150,3.443,7.61,150,1
Malerkotla,249,150,6.6638,0.6667,7.204,11.636,150,3.06,6.175,150,1
Malerkotla,250,150,6.5974,0.6667,6.659,11.073,150,2.888,5.358,150,1
Malerkotla,251,150,6.6807,0.6533,5.628,9.984,150,2.747,5.139,150,1
Malerkotla,252,150,6.739,0.64,4.892,9.101,150,2.496,4.581,150,1
Malerkotla,253,150,6.4591,0.6133,4.208,8.143,150,2.274,3.873,150,1
Malerkotla,254,150,5.9993,0.5667,3.656,7.843,150,2.147,3.499,150,1
Malerkotla,255,150,5.207,0.5267,3.443,7.61,150,1.96,3.351,150,1
Malerkotla,256,150,4.9403,0.5067,3.06,6.175,150,1.879,3.042,150,1
Malerkotla,257,150,4.7985,0.5067,2.888,5.358,150,1.772,2.882,150,1
Malerkotla,258,150,4.956,0.5067,2.747,5.139,150,1.432,2.7,150,1
Malerkotla,259,150,5.9751,0.5,2.496,4.581,150,0.778,2.425,150,1
Malerkotla,260,150,5.7086,0.4667,2.274,3.873,150,0.361,2.241,150,1
Malerkotla,261,150,5.0332,0.4667,2.147,3.499,150,0.255,2.111,150,1
Malerkotla,262,150,4.8034,0.44,1.96,3.351,150,0.071,1.917,150,1
Malerkotla,263,150,4.4045,0.4333,1.879,3.042,150,0.031,1.767,150,1
Malerkotla,264,150,4.297,0.4267,1.772,2.882,150,0.024,1.334,150,1
Malerkotla,265,150,4.2068,0.4133,1.432,2.7,150,0.023,0.567,150,1
Malerkotla,266,150,4.0441,0.4,0.778,2.425,150,0.019,0.387,150,1
Malerkotla,267,150,3.7802,0.4,0.361,2.241,150,0.019,0.368,150,1
Malerkotla,268,150,3.4766,0.3933,0.255,2.111,150,0.019,0.362,150,1
Malerkotla,269,150,3.4294,0.38,0.071,1.917,150,0.019,0.368,150,1
Malerkotla,270,150,3.3894,0.3867,0.031,1.767,150,0.023,0.373,150,1
Malerkotla,271,150,3.2248,0.38,0.024,1.334,150,0.023,0.385,150,1
Malerkotla,272,150,3.051,0.34,0.023,0.567,150,0.036,0.403,150,1
Malerkotla,273,150,2.708,0.3067,0.019,0.387,150,0.087,0.559,150,1
Malerkotla,274,150,1.408,0.26,0.019,0.368,150,0.162,0.712,150,1
Malerkotla,275,150,1.0906,0.2467,0.019,0.362,150,0.282,0.802,150,0
Malerkotla,276,150,0.8453,0.2333,0.019,0.368,150,0.368,0.868,150,0
Malerkotla,277,150,0.8746,0.26,0.023,0.373,150,0.386,0.905,150,0
Malerkotla,278,150,0.8268,0.2333,0.023,0.385,150,0.423,0.958,150,0
Malerkotla,279,150,0.7098,0.2,0.036,0.403,150,0.591,1.051,150,0
Malerkotla,280,150,0.6313,0.18,0.087,0.559,150,0.672,1.113,150,0
Malerkotla,281,150,0.6236,0.1867,0.162,0.712,150,0.745,1.159,150,0
Malerkotla,282,150,0.535,0.1733,0.282,0.802,150,0.806,1.169,150,0
Malerkotla,283,150,0.4591,0.1467,0.368,0.868,150,0.865,1.233,150,0
Malerkotla,284,150,0.4116,0.14,0.386,0.905,150,0.879,1.236,150,0
Malerkotla,285,150,0.3362,0.12,0.423,0.958,150,0.885,1.242,150,0
Malerkotla,286,150,0.2957,0.1,0.591,1.051,150,0.887,1.252,150,0
Malerkotla,287,150,0.2866,0.1067,0.672,1.113,150,0.885,1.284,150,0
Malerkotla,288,150,0.272,0.1,0.745,1.159,150,0.884,1.31,150,0
Malerkotla,289,150,0.2422,0.0933,0.806,1.169,150,0.866,1.315,150,0
Malerkotla,290,150,0.2117,0.0867,0.865,1.233,150,0.817,1.31,150,0
Malerkotla,291,150,0.1792,0.0667,0.879,1.236,150,0.748,1.248,150,0
Malerkotla,292,150,0.2173,0.0467,0.885,1.242,150,0.691,1.198,150,0
Malerkotla,293,150,0.2214,0.0533,0.887,1.252,150,0.644,1.083,150,0
Malerkotla,294,150,0.2204,0.0533,0.885,1.284,150,0.581,1.023,150,0
Malerkotla,295,150,0.2107,0.0467,0.884,1.31,150,0.49,1.013,150,0
Malerkotla,296,150,0.1464,0.0267,0.866,1.315,150,0.385,0.956,150,0
Malerkotla,297,150,0.1304,0.02,0.817,1.31,150,0.325,0.924,150,0
Malerkotla,298,150,0.1333,0.02,0.748,1.248,150,0.264,0.819,150,0
Malerkotla,299,150,0.1566,0.0267,0.691,1.198,150,0.203,0.762,150,0
Malerkotla,300,150,0.1602,0.0267,0.644,1.083,150,0.135,0.675,150,0
Malerkotla,301,150,0.1745,0.0267,0.581,1.023,150,0.091,0.61,150,0
Malerkotla,302,150,0.1748,0.02,0.49,1.013,150,0.047,0.511,150,0
Malerkotla,303,150,0.183,0.02,0.385,0.956,150,0.0,0.399,150,0
Malerkotla,304,150,0.191,0.02,0.325,0.924,150,0.0,0.327,150,0
Malerkotla,305,150,0.2198,0.0333,0.264,0.819,150,0.0,0.249,150,0
Malerkotla,306,150,0.2295,0.0333,0.203,0.762,150,0.0,0.145,150,0
Malerkotla,307,150,0.1565,0.0267,0.135,0.675,150,0.0,0.091,150,0
Malerkotla,308,150,0.1524,0.02,0.091,0.61,150,0.0,0.049,150,0
Malerkotla,309,150,0.157,0.02,0.047,0.511,150,0.0,0.0,150,0
Malerkotla,310,150,0.1619,0.02,0.0,0.399,150,0.0,0.0,150,0
Malerkotla,311,150,0.1641,0.02,0.0,0.327,150,0.0,0.0,150,0
Malerkotla,312,150,0.178,0.02,0.0,0.249,150,0.0,0.0,150,0
Malerkotla,313,150,0.1921,0.0267,0.0,0.145,150,0.0,0.0,150,0
Malerkotla,314,150,0.174,0.02,0.0,0.091,150,0.0,0.0,150,0
Malerkotla,315,150,0.1772,0.02,0.0,0.049,150,0.0,0.0,150,0
Malerkotla,316,150,0.169,0.02,0.0,0.0,150,0.0,0.0,150,0
Malerkotla,317,150,0.1586,0.02,0.0,0.0,150,0.0,0.0,150,0
Malerkotla,318,150,0.1535,0.02,0.0,0.0,150,0.0,0.0,150,0
Malerkotla,319,150,0.1488,0.02,0.0,0.0,150,0.0,0.0,150,0
Malerkotla,320,150,0.1287,0.0133,0.0,0.0,150,0.0,0.0,150,0
Malerkotla,321,150,0.1332,0.02,0.0,0.0,150,0.0,0.002,150,0
Malerkotla,322,150,0.1262,0.02,0.0,0.0,150,0.0,0.004,150,0
Malerkotla,323,150,0.1236,0.02,0.0,0.0,150,0.0,0.005,150,0
Malerkotla,324,150,0.1304,0.0267,0.0,0.0,150,0.0,0.008,150,0
Malerkotla,325,150,0.2555,0.04,0.0,0.0,150,0.0,0.026,150,0
Malerkotla,326,150,0.2652,0.0467,0.0,0.0,150,0.0,0.033,150,0
Malerkotla,327,150,0.2582,0.0533,0.0,0.0,150,0.0,0.084,150,0
Malerkotla,328,150,0.2502,0.0533,0.0,0.002,150,0.002,0.166,150,0
Malerkotla,329,150,0.2617,0.06,0.0,0.004,150,0.003,0.262,150,0
Malerkotla,330,150,0.2717,0.0667,0.0,0.005,150,0.004,0.34,149,0
Malerkotla,331,150,0.2823,0.0733,0.0,0.008,150,0.006,0.428,148,0
Malerkotla,332,150,0.2959,0.08,0.0,0.026,150,0.008,0.59,147,0
Malerkotla,333,150,0.3095,0.0867,0.0,0.033,150,0.029,0.654,146,0
Malerkotla,334,150,0.3061,0.0867,0.0,0.084,150,0.053,0.724,145,0
Malerkotla,335,150,0.2963,0.08,0.002,0.166,150,0.158,1.111,144,0
Malerkotla,336,150,0.2815,0.0733,0.003,0.262,150,0.283,1.5,143,0
Malerkotla,337,150,0.279,0.0733,0.004,0.34,149,0.35,1.569,142,0
Malerkotla,338,150,0.2742,0.0733,0.006,0.428,148,0.423,1.641,141,0
Malerkotla,339,150,0.28,0.0733,0.008,0.59,147,0.436,1.65,140,0
Malerkotla,340,150,0.2544,0.0667,0.029,0.654,146,0.433,1.656,139,0
Malerkotla,341,150,0.4603,0.08,0.053,0.724,145,0.43,1.661,138,0
Malerkotla,342,150,0.4703,0.08,0.158,1.111,144,0.423,1.709,137,0
Malerkotla,343,150,0.4678,0.0733,0.283,1.5,143,0.41,1.726,136,0
Malerkotla,344,150,0.451,0.0667,0.35,1.569,142,0.349,1.661,135,0
Malerkotla,345,150,0.4341,0.06,0.423,1.641,141,0.235,1.641,135,0
Malerkotla,346,150,0.4173,0.0533,0.436,1.65,140,0.176,1.618,135,0
Malerkotla,347,150,0.4011,0.0467,0.433,1.656,139,0.094,1.569,135,0
Malerkotla,348,150,0.3847,0.04,0.43,1.661,138,0.094,1.207,135,0
Malerkotla,349,150,0.387,0.04,0.423,1.709,137,0.083,1.089,135,0
Malerkotla,350,150,0.3887,0.04,0.41,1.726,136,0.05,0.733,135,0
Malerkotla,351,150,0.3887,0.04,0.349,1.661,135,0.026,0.612,135,0
Malerkotla,352,150,0.3888,0.04,0.235,1.641,135,0.019,0.6,135,0
Malerkotla,353,150,0.3875,0.04,0.176,1.618,135,0.007,0.953,135,0
Malerkotla,354,150,0.3751,0.0333,0.094,1.569,135,0.007,1.206,135,0
Malerkotla,355,150,0.2737,0.0267,0.094,1.207,135,0.007,1.669,135,0
Malerkotla,356,150,0.0695,0.0133,0.083,1.089,135,0.007,2.277,135,0
Malerkotla,357,150,0.0677,0.0133,0.05,0.733,135,0.01,2.277,135,0
Malerkotla,358,150,0.1484,0.02,0.026,0.612,135,0.023,2.277,135,0
Malerkotla,359,150,0.1665,0.0267,0.019,0.6,135,0.026,2.277,135,0
Malerkotla,360,150,0.1945,0.0333,0.007,0.872,136,0.017,2.277,136,0
Malerkotla,361,150,0.2067,0.04,0.007,1.178,137,0.017,2.277,137,0
Malerkotla,362,150,0.223,0.0467,0.006,1.404,138,0.02,2.277,138,0
Malerkotla,363,150,0.2464,0.0533,0.007,2.014,139,0.021,2.277,139,0
Malerkotla,364,150,0.271,0.06,0.007,2.277,140,0.023,2.277,140,0
Malerkotla,365,150,0.2699,0.06,0.007,2.277,141,0.021,2.277,141,0
Malerkotla,366,150,0.2717,0.06,0.007,2.277,142,0.022,2.293,142,0
Moonak,1,150,0.1894,0.02,0.0,1.57,143,0.0,1.711,143,0
Moonak,2,150,0.1894,0.02,0.0,1.526,144,0.0,1.713,144,0
Moonak,3,150,0.189,0.02,0.0,1.346,145,0.001,1.694,145,0
Moonak,4,150,0.1887,0.02,0.0,1.311,146,0.006,1.665,146,0
Moonak,5,150,0.2055,0.0267,0.0,1.526,147,0.008,1.631,147,0
Moonak,6,150,0.1784,0.0267,0.0,1.589,148,0.008,1.528,148,0
Moonak,7,150,0.1073,0.02,0.0,1.664,149,0.008,1.631,149,0
Moonak,8,150,0.1059,0.02,0.0,1.684,150,0.008,1.684,150,0
Moonak,9,150,0.1154,0.0267,0.0,1.684,150,0.028,1.932,150,0
Moonak,10,150,0.3525,0.04,0.0,1.648,150,0.04,1.949,150,0
Moonak,11,150,0.4116,0.0533,0.002,1.631,150,0.043,1.949,150,0
Moonak,12,150,0.4106,0.0533,0.008,1.562,150,0.044,1.98,150,0
Moonak,13,150,0.3702,0.0533,0.008,1.341,150,0.044,1.98,150,0
Moonak,14,150,0.463,0.0667,0.008,1.631,150,0.044,2.067,150,0
Moonak,15,150,0.5368,0.08,0.008,1.684,150,0.043,2.226,150,0
Moonak,16,150,0.5354,0.08,0.028,1.932,150,0.043,2.867,150,0
Moonak,17,150,0.5403,0.08,0.04,1.949,150,0.042,2.867,150,0
Moonak,18,150,0.6222,0.0867,0.043,1.949,150,0.043,2.914,150,0
Moonak,19,150,0.7895,0.0933,0.044,1.98,150,0.044,2.914,150,0
Moonak,20,150,0.7743,0.0867,0.044,1.98,150,0.057,3.46,150,0
Moonak,21,150,0.7659,0.08,0.044,2.067,150,0.063,4.055,150,0
Moonak,22,150,0.764,0.08,0.043,2.226,150,0.095,4.224,150,0
Moonak,23,150,0.764,0.08,0.043,2.867,150,0.094,5.738,150,0
Moonak,24,150,0.7569,0.08,0.042,2.867,150,0.057,6.25,150,0
Moonak,25,150,0.5391,0.0733,0.043,2.914,150,0.026,6.379,150,0
Moonak,26,150,0.5388,0.0733,0.044,2.914,150,0.011,6.379,150,0
Moonak,27,150,0.642,0.0933,0.057,3.46,150,0.001,6.379,150,0
Moonak,28,150,0.7165,0.1067,0.063,4.055,150,0.0,6.411,150,0
Moonak,29,150,0.6846,0.1067,0.095,4.224,150,0.0,6.411,150,0
Moonak,30,150,0.6085,0.0933,0.094,5.738,150,0.0,6.411,150,0
Moonak,31,150,0.6043,0.0933,0.057,6.25,150,0.0,6.379,150,0
Moonak,32,150,0.7298,0.1,0.026,6.379,150,0.0,6.143,150,0
Moonak,33,150,0.659,0.1,0.011,6.379,150,0.0,6.103,150,0
Moonak,34,150,0.4934,0.0933,0.001,6.379,150,0.0,4.426,150,0
Moonak,35,150,0.5049,0.1,0.0,6.411,150,0.0,3.932,150,0
Moonak,36,150,0.5206,0.1067,0.0,6.411,150,0.0,3.932,150,0
Moonak,37,150,0.5373,0.1133,0.0,6.411,150,0.0,3.932,150,0
Moonak,38,150,0.6025,0.12,0.0,6.379,150,0.0,3.932,150,0
Moonak,39,150,0.6381,0.12,0.0,6.143,150,0.0,4.196,150,0
Moonak,40,150,0.7619,0.1267,0.0,6.103,150,0.0,4.196,150,0
Moonak,41,150,0.7147,0.12,0.0,4.426,150,0.0,4.308,150,0
Moonak,42,150,0.6346,0.1067,0.0,3.932,150,0.0,4.308,150,0
Moonak,43,150,0.5615,0.0867,0.0,3.932,150,0.0,3.932,150,0
Moonak,44,150,0.6902,0.1067,0.0,3.932,150,0.0,2.757,150,0
Moonak,45,150,0.7079,0.1133,0.0,3.932,150,0.0,2.378,150,0
Moonak,46,150,0.7861,0.1267,0.0,4.196,150,0.0,2.378,150,0
Moonak,47,150,0.8409,0.1333,0.0,4.196,150,0.0,2.231,150,0
Moonak,48,150,0.8632,0.1333,0.0,4.308,150,0.0,1.968,150,0
Moonak,49,150,0.9791,0.1467,0.0,4.308,150,0.0,1.92,150,0
Moonak,50,150,0.9988,0.1467,0.0,3.932,150,0.0,1.464,150,0
Moonak,51,150,0.9881,0.14,0.0,2.757,150,0.0,1.277,150,0
Moonak,52,150,0.9742,0.1333,0.0,2.378,150,0.001,1.198,150,0
Moonak,53,142,0.9602,0.1338,0.0,2.378,142,0.001,1.167,142,0
Moonak,54,142,0.9768,0.1338,0.0,2.268,142,0.002,1.167,142,0
Moonak,55,142,0.898,0.1338,0.0,2.007,142,0.003,1.121,142,0
Moonak,56,142,0.8879,0.1268,0.0,1.957,142,0.003,0.993,142,0
Moonak,57,142,0.8898,0.1268,0.0,1.558,142,0.004,0.691,142,0
Moonak,58,142,0.9383,0.1338,0.0,1.214,142,0.003,0.691,142,0
Moonak,59,142,0.7415,0.0986,0.001,1.196,142,0.002,0.997,142,0
Moonak,60,142,0.7684,0.0986,0.001,1.167,142,0.002,0.941,142,0
Moonak,61,142,0.7096,0.0915,0.002,1.167,142,0.002,0.941,142,0
Moonak,62,142,0.5276,0.0845,0.003,1.121,142,0.002,0.949,142,0
Moonak,63,142,0.5241,0.0845,0.003,0.993,142,0.001,1.366,142,0
Moonak,64,142,0.4418,0.0845,0.004,0.691,142,0.001,1.703,142,0
Moonak,65,142,0.5855,0.0845,0.003,0.691,142,0.001,1.851,142,0
Moonak,66,142,0.63,0.1056,0.002,0.997,142,0.001,1.703,142,0
Moonak,67,142,0.8235,0.1268,0.002,0.941,142,0.001,1.875,142,0
Moonak,68,150,0.9332,0.1267,0.002,1.081,150,0.001,2.792,150,0
Moonak,69,150,0.8768,0.12,0.002,1.107,150,0.001,2.994,150,0
Moonak,70,150,0.8086,0.1067,0.002,1.268,150,0.001,3.189,150,0
Moonak,71,150,0.8055,0.1067,0.002,1.675,150,0.004,3.573,150,0
Moonak,72,150,0.7814,0.1,0.002,1.739,150,0.004,3.733,150,0
Moonak,73,150,0.7339,0.0933,0.001,1.739,150,0.008,3.988,150,0
Moonak,74,150,0.7322,0.0933,0.001,1.999,150,0.012,4.562,150,0
Moonak,75,150,0.6914,0.0867,0.001,2.792,150,0.017,4.682,150,0
Moonak,76,150,0.6857,0.0867,0.001,2.994,150,0.019,4.737,150,0
Moonak,77,150,0.7101,0.0933,0.001,3.189,150,0.019,4.835,150,0
Moonak,78,150,0.7123,0.0933,0.004,3.573,150,0.019,4.763,150,0
Moonak,79,150,0.6954,0.0867,0.004,3.733,150,0.017,4.722,150,0
Moonak,80,150,0.526,0.08,0.008,3.988,150,0.0,4.611,150,0
Moonak,81,150,0.4813,0.06,0.012,4.562,150,0.0,4.164,150,0
Moonak,82,150,0.3706,0.0533,0.017,4.682,150,0.0,3.786,150,0
Moonak,83,150,0.2586,0.06,0.019,4.737,150,0.0,3.621,150,0
Moonak,84,150,0.2625,0.0667,0.019,4.835,150,0.0,2.222,150,0
Moonak,85,150,0.2786,0.0733,0.019,4.763,150,0.0,1.673,150,0
Moonak,86,150,0.3419,0.08,0.017,4.722,150,0.0,1.522,150,0
Moonak,87,150,0.3538,0.0867,0.0,4.611,150,0.0,1.457,150,0
Moonak,88,150,0.5155,0.1067,0.0,4.164,150,0.0,1.156,150,0
Moonak,89,150,0.5365,0.1133,0.0,3.786,150,0.0,0.371,150,0
Moonak,90,150,0.5404,0.1133,0.0,3.621,150,0.0,0.371,150,0
Moonak,91,150,0.5259,0.1067,0.0,2.222,150,0.0,0.371,150,0
Moonak,92,150,0.4909,0.0933,0.0,1.673,150,0.0,0.373,150,0
Moonak,93,150,0.4911,0.0933,0.0,1.522,150,0.0,0.917,150,0
Moonak,94,150,0.5078,0.1,0.0,1.457,150,0.0,1.522,150,0
Moonak,95,150,0.557,0.1133,0.0,1.156,150,0.0,2.204,150,0
Moonak,96,150,0.5796,0.1267,0.0,0.371,150,0.0,3.132,150,0
Moonak,97,150,0.5536,0.1333,0.0,0.371,150,0.0,3.312,150,0
Moonak,98,150,0.5429,0.1333,0.0,0.371,150,0.0,4.452,150,0
Moonak,99,150,0.561,0.1333,0.0,0.373,150,0.013,4.606,150,0
Moonak,100,150,0.6914,0.1533,0.0,0.917,150,0.014,4.731,150,0
Moonak,101,150,0.8768,0.1667,0.0,1.522,150,0.015,4.766,150,0
Moonak,102,150,0.9774,0.18,0.0,2.204,150,0.015,4.824,150,0
Moonak,103,150,0.8836,0.1733,0.0,3.132,150,0.017,4.824,150,0
Moonak,104,150,0.8715,0.1733,0.0,3.312,150,0.017,4.731,150,0
Moonak,105,150,0.8653,0.1733,0.0,4.452,150,0.017,4.58,150,0
Moonak,106,150,0.8624,0.1733,0.013,4.606,150,0.016,3.781,150,0
Moonak,107,150,0.8603,0.1733,0.014,4.731,150,0.015,3.516,150,0
Moonak,108,150,0.8277,0.1667,0.015,4.766,150,0.015,3.414,150,0
Moonak,109,150,0.7883,0.1533,0.015,4.824,150,0.013,3.273,150,0
Moonak,110,150,0.7393,0.14,0.017,4.824,150,0.01,3.16,150,0
Moonak,111,150,0.7624,0.14,0.017,4.731,150,0.001,3.009,150,0
Moonak,112,150,0.7202,0.12,0.017,4.58,150,0.0,2.724,150,0
Moonak,113,150,0.6897,0.1067,0.016,3.781,150,0.0,2.438,150,0
Moonak,114,150,0.6816,0.1067,0.015,3.516,150,0.0,2.438,150,0
Moonak,115,150,0.5453,0.0867,0.015,3.414,150,0.0,2.55,150,0
Moonak,116,150,0.3088,0.0733,0.013,3.273,150,0.0,3.487,150,0
Moonak,117,150,0.2235,0.0733,0.01,3.16,150,0.0,3.487,150,0
Moonak,118,150,0.1758,0.0667,0.001,3.009,150,0.0,3.558,150,0
Moonak,119,150,0.216,0.08,0.0,2.724,150,0.0,3.571,150,0
Moonak,120,150,0.2546,0.0867,0.0,2.438,150,0.0,3.571,150,0
Moonak,121,150,0.2941,0.1,0.0,2.438,150,0.0,3.757,150,0
Moonak,122,150,0.3901,0.1133,0.0,2.55,150,0.0,3.805,150,0
Moonak,123,150,0.4105,0.12,0.0,3.487,150,0.0,3.855,150,0
Moonak,124,150,0.4619,0.1333,0.0,3.487,150,0.0,3.893,150,0
Moonak,125,150,0.5124,0.1467,0.0,3.558,150,0.0,4.243,150,0
Moonak,126,150,0.5609,0.14,0.0,3.571,150,0.0,4.639,150,0
Moonak,127,150,0.5908,0.1467,0.0,3.571,150,0.0,4.639,150,0
Moonak,128,150,0.6067,0.1533,0.0,3.757,150,0.0,4.639,150,0
Moonak,129,150,0.6311,0.1533,0.0,3.805,150,0.0,4.658,150,0
Moonak,130,150,0.6231,0.1467,0.0,3.855,150,0.0,4.269,150,0
Moonak,131,150,0.6268,0.1467,0.0,3.893,150,0.008,4.236,150,0
Moonak,132,150,0.6179,0.1333,0.0,4.243,150,0.009,4.236,150,0
Moonak,133,150,0.5967,0.1267,0.0,4.639,150,0.01,4.236,150,0
Moonak,134,150,0.5661,0.1133,0.0,4.639,150,0.013,4.236,150,0
Moonak,135,150,0.6989,0.12,0.0,4.639,150,0.013,4.236,150,0
Moonak,136,150,0.708,0.1133,0.0,4.658,150,0.011,3.951,150,0
Moonak,137,150,0.6514,0.12,0.0,4.269,150,0.008,3.062,150,0
Moonak,138,150,0.6396,0.1133,0.008,4.236,150,0.004,2.969,150,0
Moonak,139,150,0.6017,0.1067,0.009,4.236,150,0.003,2.969,150,0
Moonak,140,150,0.5714,0.1,0.01,4.236,150,0.001,2.969,150,0
Moonak,141,150,0.523,0.1067,0.013,4.236,150,0.001,3.14,150,0
Moonak,142,150,0.5125,0.1067,0.013,4.236,150,0.001,3.283,150,0
Moonak,143,150,0.5505,0.1133,0.011,3.951,150,0.001,3.633,150,0
Moonak,144,150,0.527,0.1133,0.008,3.062,150,0.001,6.649,150,0
Moonak,145,150,0.5655,0.1267,0.004,2.969,150,0.001,8.572,150,0
Moonak,146,150,0.6109,0.1267,0.003,2.969,150,0.003,9.623,150,0
Moonak,147,150,0.5894,0.12,0.001,2.969,150,0.017,10.186,150,0
Moonak,148,150,0.5906,0.1267,0.001,3.14,150,0.022,10.529,150,0
Moonak,149,150,0.5797,0.1267,0.001,3.283,150,0.04,10.746,150,0
Moonak,150,150,0.4175,0.12,0.001,3.633,150,0.073,11.365,150,0
Moonak,151,150,0.4051,0.12,0.001,6.649,150,0.096,16.321,150,0
Moonak,152,150,0.457,0.12,0.001,8.572,150,0.176,19.089,150,0
Moonak,153,150,0.4734,0.1333,0.003,9.623,150,0.456,20.867,150,1
Moonak,154,150,0.482,0.14,0.017,10.186,150,1.764,21.339,150,1
Moonak,155,150,0.5653,0.1467,0.022,10.529,150,3.274,21.532,150,1
Moonak,156,150,0.7182,0.14,0.04,10.746,150,5.012,24.651,150,1
Moonak,157,150,0.7552,0.14,0.073,11.365,150,6.998,25.878,150,1
Moonak,158,150,0.7712,0.1333,0.096,16.321,150,7.51,24.651,150,1
Moonak,159,150,0.8745,0.14,0.176,19.089,150,8.119,25.878,150,1
Moonak,160,150,0.9125,0.14,0.456,20.867,150,8.883,25.878,150,1
Moonak,161,150,0.8619,0.1333,1.764,21.339,150,9.087,26.26,150,1
Moonak,162,150,0.9224,0.14,3.274,21.532,150,10.04,27.919,150,1
Moonak,163,150,0.9725,0.1467,5.012,24.651,150,11.478,28.718,150,1
Moonak,164,150,1.0088,0.1533,6.998,25.878,150,12.577,29.011,150,1
Moonak,165,150,1.1538,0.16,7.51,24.651,150,13.081,29.988,150,1
Moonak,166,150,1.1424,0.16,8.119,25.878,150,13.843,32.26,150,1
Moonak,167,150,1.0576,0.14,8.883,25.878,150,14.307,35.819,150,1
Moonak,168,150,1.0534,0.1333,9.087,26.26,150,15.323,35.969,150,1
Moonak,169,150,1.1745,0.1333,10.04,27.919,150,15.383,35.969,150,1
Moonak,170,150,1.2605,0.1333,11.478,28.718,150,15.509,35.779,150,1
Moonak,171,150,1.2185,0.1533,12.577,29.011,150,15.538,34.97,150,1
Moonak,172,150,1.518,0.1733,13.081,29.988,150,15.538,34.424,150,1
Moonak,173,150,2.124,0.1933,13.843,32.26,150,15.63,34.424,150,1
Moonak,174,150,2.3115,0.2067,14.307,35.819,150,15.872,36.135,150,1
Moonak,175,150,2.3889,0.22,15.323,35.969,150,16.458,36.856,150,1
Moonak,176,150,2.6666,0.2467,15.383,35.969,150,16.458,36.959,150,1
Moonak,177,150,3.0025,0.26,15.509,35.779,150,16.835,37.622,150,1
Moonak,178,150,3.0522,0.2733,15.538,34.97,150,17.713,38.546,150,1
Moonak,179,150,3.0958,0.28,15.538,34.424,150,18.591,38.546,150,1
Moonak,180,150,3.1353,0.2867,15.63,34.424,150,18.041,38.546,150,1
Moonak,181,150,3.483,0.3067,15.872,36.135,150,17.666,37.37,150,1
Moonak,182,150,3.7877,0.36,16.458,36.856,150,16.616,37.37,150,1
Moonak,183,150,3.9853,0.3867,16.458,36.959,150,16.616,37.37,150,1
Moonak,184,150,4.0631,0.4067,16.835,37.622,150,16.705,37.739,150,1
Moonak,185,150,4.0153,0.4333,17.713,38.546,150,16.705,39.081,150,1
Moonak,186,150,4.0284,0.4333,18.591,38.546,150,17.342,39.261,150,1
Moonak,187,150,3.9699,0.4533,18.041,38.546,150,18.252,39.862,150,1
Moonak,188,150,3.3907,0.44,17.666,37.37,150,18.598,40.304,150,1
Moonak,189,150,3.4769,0.4533,16.616,37.37,150,18.685,41.313,150,1
Moonak,190,150,3.6466,0.4733,16.616,37.37,150,18.685,41.417,150,1
Moonak,191,150,3.7721,0.5,16.705,37.739,150,18.252,41.581,150,1
Moonak,192,150,3.5878,0.5333,16.705,39.081,150,18.004,41.505,150,1
Moonak,193,150,3.8369,0.5533,17.342,39.261,150,17.206,41.72,150,1
Moonak,194,150,4.0907,0.5733,18.252,39.862,150,16.865,41.838,150,1
Moonak,195,150,4.2305,0.6067,18.598,40.304,150,16.759,42.117,150,1
Moonak,196,150,4.1935,0.6067,18.685,41.313,150,16.865,46.171,150,1
Moonak,197,150,4.1854,0.58,18.685,41.417,150,17.767,47.653,150,1
Moonak,198,150,4.0829,0.58,18.252,41.581,150,18.598,50.152,150,1
Moonak,199,150,4.1194,0.5867,18.004,41.505,150,19.266,53.59,150,1
Moonak,200,150,4.2182,0.5867,17.206,41.72,150,20.056,54.142,150,1
Moonak,201,150,4.4035,0.5933,16.865,41.838,150,22.716,55.27,150,1
Moonak,202,150,4.459,0.6,16.759,42.117,150,23.631,55.368,150,1
Moonak,203,150,4.7837,0.6267,16.865,46.171,150,22.716,54.142,150,1
Moonak,204,150,4.7275,0.6467,17.767,47.653,150,22.067,53.59,150,1
Moonak,205,150,4.6797,0.66,18.598,50.152,150,21.55,52.867,150,1
Moonak,206,150,4.6446,0.6667,19.266,53.59,150,21.55,51.077,150,1
Moonak,207,150,4.7982,0.66,20.056,54.142,150,21.455,50.765,150,1
Moonak,208,150,4.6422,0.6533,22.716,55.27,150,21.455,49.841,150,1
Moonak,209,150,4.4158,0.6467,23.631,55.368,150,21.455,48.46,150,1
Moonak,210,150,4.2462,0.64,22.716,54.142,150,21.55,47.855,150,1
Moonak,211,150,4.1728,0.6667,22.067,53.59,150,22.067,47.49,150,1
Moonak,212,150,4.4135,0.6867,21.55,52.867,150,21.55,47.49,150,1
Moonak,213,150,4.7235,0.7,21.55,51.077,150,21.55,47.117,150,1
Moonak,214,150,4.8015,0.7067,21.455,50.765,150,21.455,45.689,150,1
Moonak,215,150,4.8869,0.7133,21.455,49.841,150,20.449,44.472,150,1
Moonak,216,150,4.8273,0.7333,21.455,48.46,150,18.023,44.117,150,1
Moonak,217,150,4.94,0.7133,21.55,47.855,150,17.788,43.057,150,1
Moonak,218,150,4.8409,0.7133,22.067,47.49,150,13.072,42.764,150,1
Moonak,219,150,4.7715,0.6867,21.55,47.49,150,12.537,42.017,150,1
Moonak,220,150,4.9983,0.66,21.55,47.117,150,11.705,41.534,150,1
Moonak,221,150,5.0422,0.64,21.455,45.689,150,10.641,42.017,150,1
Moonak,222,150,5.1518,0.6267,20.449,44.472,150,10.004,42.017,150,1
Moonak,223,150,5.8266,0.62,18.023,44.117,150,9.16,42.017,150,1
Moonak,224,150,6.0315,0.6267,17.788,43.057,150,8.548,41.288,150,1
Moonak,225,150,6.4011,0.62,13.072,42.764,150,7.895,40.776,150,1
Moonak,226,150,7.005,0.6133,12.537,42.017,150,7.611,39.835,150,1
Moonak,227,150,6.9748,0.6067,11.705,41.534,150,7.548,33.615,150,1
Moonak,228,150,6.9947,0.62,10.641,42.017,150,7.416,33.039,150,1
Moonak,229,150,7.0229,0.6267,10.004,42.017,150,7.334,31.596,150,1
Moonak,230,150,6.9644,0.6333,9.16,42.017,150,7.334,28.063,150,1
Moonak,231,150,6.9513,0.6267,8.548,41.288,150,7.3,24.427,150,1
Moonak,232,150,6.6947,0.6267,7.895,40.776,150,7.255,22.989,150,1
Moonak,233,150,6.6262,0.62,7.611,39.835,150,7.255,22.039,150,1
Moonak,234,150,6.6263,0.6267,7.548,33.615,150,7.272,18.39,150,1
Moonak,235,150,6.3964,0.6333,7.416,33.039,150,7.271,16.251,150,1
Moonak,236,150,6.1643,0.6333,7.334,31.596,150,7.251,15.31,150,1
Moonak,237,150,6.0961,0.6467,7.334,28.063,150,7.22,13.925,150,1
Moonak,238,150,5.8613,0.6733,7.3,24.427,150,6.905,13.521,150,1
Moonak,239,150,6.0064,0.6867,7.255,22.989,150,6.854,13.071,150,1
Moonak,240,150,6.1237,0.7,7.255,22.039,150,6.854,12.714,150,1
Moonak,241,150,5.6923,0.6933,7.272,18.39,150,6.796,12.617,150,1
Moonak,242,150,5.5707,0.6933,7.271,16.251,150,6.726,12.333,150,1
Moonak,243,150,5.552,0.6867,7.251,15.31,150,6.625,11.537,150,1
Moonak,244,150,5.6571,0.6933,7.22,13.925,150,5.631,10.082,150,1
Moonak,245,150,5.7511,0.68,6.905,13.521,150,4.7,8.394,150,1
Moonak,246,150,5.6984,0.6733,6.854,13.071,150,4.345,7.769,150,1
Moonak,247,150,5.5867,0.6667,6.854,12.714,150,3.779,7.506,150,1
Moonak,248,150,5.6518,0.68,6.796,12.617,150,3.358,7.275,150,1
Moonak,249,150,5.687,0.6867,6.726,12.333,150,3.116,6.717,150,1
Moonak,250,150,5.667,0.68,6.625,11.537,150,3.005,5.778,150,1
Moonak,251,150,5.7294,0.68,5.631,10.082,150,2.948,5.356,150,1
Moonak,252,150,5.8955,0.68,4.7,8.394,150,2.913,4.56,150,1
Moonak,253,150,5.5314,0.6467,4.345,7.769,150,2.842,4.074,150,1
Moonak,254,150,5.1631,0.6267,3.779,7.506,150,2.73,3.553,150,1
Moonak,255,150,4.6018,0.6,3.358,7.275,150,2.703,3.361,150,1
Moonak,256,150,4.2542,0.5867,3.116,6.717,150,2.568,3.296,150,1
Moonak,257,150,3.9985,0.5733,3.005,5.778,150,2.302,3.194,150,1
Moonak,258,150,3.9385,0.56,2.948,5.356,150,1.894,3.066,150,1
Moonak,259,150,4.3097,0.5533,2.913,4.56,150,1.138,2.997,150,1
Moonak,260,150,4.4654,0.54,2.842,4.074,150,0.902,2.982,150,1
Moonak,261,150,4.3552,0.5333,2.73,3.553,150,0.699,2.924,150,1
Moonak,262,150,4.2836,0.52,2.703,3.361,150,0.558,2.798,150,1
Moonak,263,150,4.0222,0.4867,2.568,3.296,150,0.468,2.629,150,1
Moonak,264,150,3.8229,0.4733,2.302,3.194,150,0.429,2.067,150,1
Moonak,265,150,3.6502,0.4667,1.894,3.066,150,0.419,1.277,150,1
Moonak,266,150,3.4597,0.4533,1.138,2.997,150,0.405,1.107,150,1
Moonak,267,150,2.9767,0.44,0.902,2.982,150,0.393,0.972,150,1
Moonak,268,150,2.7659,0.4333,0.699,2.924,150,0.393,0.874,150,1
Moonak,269,150,2.713,0.42,0.558,2.798,150,0.393,0.739,150,1
Moonak,270,150,2.6928,0.4133,0.468,2.629,150,0.402,0.739,150,1
Moonak,271,150,2.6437,0.4,0.429,2.067,150,0.405,0.756,150,1
Moonak,272,150,2.5259,0.38,0.419,1.277,150,0.424,0.85,150,1
Moonak,273,150,2.167,0.34,0.405,1.107,150,0.468,0.938,150,1
Moonak,274,150,1.382,0.3067,0.393,0.972,150,0.566,0.985,150,1
Moonak,275,150,0.8918,0.2867,0.393,0.874,150,0.635,1.055,150,0
Moonak,276,150,0.7912,0.26,0.393,0.739,150,0.677,1.111,150,0
Moonak,277,150,0.8051,0.2733,0.402,0.739,150,0.708,1.207,150,0
Moonak,278,150,0.7717,0.26,0.405,0.756,150,0.756,1.22,150,0
Moonak,279,150,0.6752,0.2267,0.424,0.85,150,0.787,1.221,150,0
Moonak,280,150,0.6406,0.2133,0.468,0.938,150,0.837,1.218,150,0
Moonak,281,150,0.6676,0.2067,0.566,0.985,150,0.841,1.207,150,0
Moonak,282,150,0.6239,0.18,0.635,1.055,150,0.865,1.18,150,0
Moonak,283,150,0.5611,0.16,0.677,1.111,150,0.868,1.18,150,0
Moonak,284,150,0.5221,0.14,0.708,1.207,150,0.867,1.173,150,0
Moonak,285,150,0.458,0.12,0.756,1.22,150,0.866,1.151,150,0
Moonak,286,150,0.4242,0.1067,0.787,1.221,150,0.841,1.111,150,0
Moonak,287,150,0.4105,0.1,0.837,1.218,150,0.816,1.1,150,0
Moonak,288,150,0.4033,0.1,0.841,1.207,150,0.764,1.072,150,0
Moonak,289,150,0.3553,0.08,0.865,1.18,150,0.705,1.058,150,0
Moonak,290,150,0.3647,0.08,0.868,1.18,150,0.554,1.033,150,0
Moonak,291,150,0.3487,0.0733,0.867,1.173,150,0.48,0.997,150,0
Moonak,292,150,0.3168,0.0533,0.866,1.151,150,0.409,0.894,150,0
Moonak,293,150,0.3129,0.06,0.841,1.111,150,0.327,0.836,150,0
Moonak,294,150,0.3129,0.06,0.816,1.1,150,0.229,0.771,150,0
Moonak,295,150,0.2721,0.0467,0.764,1.072,150,0.147,0.703,150,0
Moonak,296,150,0.1842,0.0267,0.705,1.058,150,0.118,0.545,150,0
Moonak,297,150,0.142,0.02,0.554,1.033,150,0.1,0.501,150,0
Moonak,298,150,0.1538,0.0267,0.48,0.997,150,0.071,0.428,150,0
Moonak,299,150,0.1561,0.0267,0.409,0.894,150,0.048,0.348,150,0
Moonak,300,150,0.1583,0.0267,0.327,0.836,150,0.004,0.267,150,0
Moonak,301,150,0.1698,0.0267,0.229,0.771,150,0.0,0.17,150,0
Moonak,302,150,0.1794,0.0267,0.147,0.703,150,0.0,0.14,150,0
Moonak,303,150,0.1859,0.0267,0.118,0.545,150,0.0,0.116,150,0
Moonak,304,150,0.1879,0.0267,0.1,0.501,150,0.0,0.094,150,0
Moonak,305,150,0.1751,0.0333,0.071,0.428,150,0.0,0.059,150,0
Moonak,306,150,0.1811,0.0333,0.048,0.348,150,0.0,0.027,150,0
Moonak,307,150,0.1754,0.0267,0.004,0.267,150,0.0,0.0,150,0
Moonak,308,150,0.1632,0.02,0.0,0.17,150,0.0,0.0,150,0
Moonak,309,150,0.1582,0.02,0.0,0.14,150,0.0,0.0,150,0
Moonak,310,150,0.1536,0.02,0.0,0.116,150,0.0,0.0,150,0
Moonak,311,150,0.1537,0.02,0.0,0.094,150,0.0,0.0,150,0
Moonak,312,150,0.1582,0.02,0.0,0.059,150,0.0,0.0,150,0
Moonak,313,150,0.1624,0.02,0.0,0.027,150,0.0,0.0,150,0
Moonak,314,150,0.1559,0.02,0.0,0.0,150,0.0,0.002,150,0
Moonak,315,150,0.1503,0.02,0.0,0.0,150,0.0,0.017,150,0
Moonak,316,150,0.1389,0.02,0.0,0.0,150,0.0,0.029,150,0
Moonak,317,150,0.126,0.02,0.0,0.0,150,0.0,0.029,150,0
Moonak,318,150,0.1197,0.02,0.0,0.0,150,0.0,0.029,150,0
Moonak,319,150,0.1108,0.02,0.0,0.0,150,0.0,0.029,150,0
Moonak,320,150,0.0867,0.0067,0.0,0.0,150,0.0,0.029,150,0
Moonak,321,150,0.0759,0.0067,0.0,0.002,150,0.0,0.033,150,0
Moonak,322,150,0.0669,0.0067,0.0,0.017,150,0.0,0.049,150,0
Moonak,323,150,0.0651,0.0133,0.0,0.029,150,0.0,0.033,150,0
Moonak,324,150,0.0813,0.02,0.0,0.029,150,0.0,0.029,150,0
Moonak,325,150,0.1929,0.0267,0.0,0.029,150,0.0,0.029,150,0
Moonak,326,150,0.1945,0.0267,0.0,0.029,150,0.0,0.016,150,0
Moonak,327,150,0.1901,0.0267,0.0,0.029,150,0.0,0.0,150,0
Moonak,328,150,0.1727,0.02,0.0,0.033,150,0.0,0.0,150,0
Moonak,329,150,0.1889,0.0267,0.0,0.049,150,0.0,0.0,150,0
Moonak,330,150,0.2055,0.0333,0.0,0.033,150,0.0,0.0,149,0
Moonak,331,150,0.2197,0.04,0.0,0.029,150,0.0,0.0,148,0
Moonak,332,150,0.2369,0.0467,0.0,0.029,150,0.0,0.003,147,0
Moonak,333,150,0.254,0.0533,0.0,0.016,150,0.0,0.07,146,0
Moonak,334,150,0.254,0.0533,0.0,0.0,150,0.0,0.165,145,0
Moonak,335,150,0.2539,0.0533,0.0,0.0,150,0.0,0.234,144,0
Moonak,336,150,0.2534,0.0533,0.0,0.0,150,0.0,0.251,143,0
Moonak,337,150,0.2534,0.0533,0.0,0.0,149,0.0,0.272,142,0
Moonak,338,150,0.2495,0.0467,0.0,0.0,148,0.0,0.276,141,0
Moonak,339,150,0.2336,0.04,0.0,0.003,147,0.001,0.282,140,0
Moonak,340,150,0.2355,0.04,0.0,0.07,146,0.002,0.294,139,0
Moonak,341,150,0.2869,0.0533,0.0,0.165,145,0.002,0.295,138,0
Moonak,342,150,0.2856,0.0533,0.0,0.234,144,0.003,0.295,137,0
Moonak,343,150,0.2834,0.0533,0.0,0.251,143,0.014,0.309,136,0
Moonak,344,150,0.2679,0.0467,0.0,0.272,142,0.026,0.311,135,0
Moonak,345,150,0.2524,0.04,0.0,0.276,141,0.009,0.314,135,0
Moonak,346,150,0.2369,0.0333,0.001,0.282,140,0.002,0.314,135,0
Moonak,347,150,0.2215,0.0267,0.002,0.294,139,0.001,0.314,135,0
Moonak,348,150,0.21,0.02,0.002,0.295,138,0.0,0.315,135,0
Moonak,349,150,0.21,0.02,0.003,0.295,137,0.0,0.314,135,0
Moonak,350,150,0.21,0.02,0.014,0.309,136,0.0,0.314,135,0
Moonak,351,150,0.21,0.02,0.026,0.311,135,0.0,0.381,135,0
Moonak,352,150,0.21,0.02,0.009,0.314,135,0.0,0.619,135,0
Moonak,353,150,0.2072,0.02,0.002,0.314,135,0.0,0.966,135,0
Moonak,354,150,0.2034,0.02,0.001,0.314,135,0.0,1.072,135,0
Moonak,355,150,0.0837,0.0133,0.0,0.315,135,0.0,1.523,135,0
Moonak,356,150,0.0266,0.0,0.0,0.314,135,0.0,1.706,135,0
Moonak,357,150,0.0571,0.0067,0.0,0.314,135,0.0,1.713,135,0
Moonak,358,150,0.129,0.0133,0.0,0.381,135,0.0,1.713,135,0
Moonak,359,150,0.1273,0.0133,0.0,0.619,135,0.0,1.713,135,0
Moonak,360,150,0.1301,0.0133,0.0,0.966,136,0.0,1.708,136,0
Moonak,361,150,0.1314,0.0133,0.0,1.005,137,0.0,1.676,137,0
Moonak,362,150,0.1328,0.0133,0.0,1.476,138,0.0,1.552,138,0
Moonak,363,150,0.1307,0.0133,0.0,1.629,139,0.0,1.531,139,0
Moonak,364,150,0.181,0.02,0.0,1.707,140,0.0,1.62,140,0
Moonak,365,150,0.181,0.02,0.0,1.706,141,0.0,1.685,141,0
Moonak,366,150,0.1834,0.02,0.0,1.704,142,0.0,1.704,142,0
Sangrur,1,150,0.2121,0.0467,0.019,0.95,143,0.015,1.984,143,0
Sangrur,2,150,0.2123,0.0467,0.016,0.788,144,0.02,2.021,144,0
Sangrur,3,150,0.2117,0.0467,0.014,0.814,145,0.026,2.026,145,0
Sangrur,4,150,0.209,0.0467,0.014,0.949,146,0.03,2.021,146,0
Sangrur,5,150,0.2105,0.0467,0.014,1.207,147,0.038,2.021,147,0
Sangrur,6,150,0.202,0.04,0.014,1.621,148,0.034,2.021,148,0
Sangrur,7,150,0.1393,0.0333,0.015,1.845,149,0.035,2.021,149,0
Sangrur,8,150,0.1345,0.0333,0.019,1.984,150,0.067,2.175,150,0
Sangrur,9,150,0.1316,0.04,0.02,1.984,150,0.127,2.216,150,0
Sangrur,10,150,0.3846,0.0467,0.022,2.021,150,0.161,2.462,150,0
Sangrur,11,150,0.4724,0.0533,0.024,2.021,150,0.161,2.462,150,0
Sangrur,12,150,0.4541,0.0467,0.029,1.996,150,0.167,2.51,150,0
Sangrur,13,150,0.4537,0.0467,0.029,1.996,150,0.163,2.594,150,0
Sangrur,14,150,0.5865,0.06,0.023,2.021,150,0.161,2.8,150,0
Sangrur,15,150,0.6564,0.08,0.067,2.175,150,0.141,3.161,150,0
Sangrur,16,150,0.6572,0.08,0.127,2.216,150,0.132,3.432,150,0
Sangrur,17,150,0.661,0.08,0.161,2.462,150,0.115,3.432,150,0
Sangrur,18,150,0.7543,0.0867,0.161,2.462,150,0.092,4.402,150,0
Sangrur,19,150,0.965,0.0933,0.167,2.51,150,0.092,5.686,150,0
Sangrur,20,150,0.9517,0.0867,0.163,2.594,150,0.115,6.314,150,0
Sangrur,21,150,0.9451,0.0867,0.161,2.8,150,0.132,6.349,150,0
Sangrur,22,150,0.9423,0.0867,0.141,3.161,150,0.169,6.734,150,0
Sangrur,23,150,0.9382,0.0867,0.132,3.432,150,0.182,6.754,150,0
Sangrur,24,150,0.9423,0.0867,0.115,3.432,150,0.076,6.896,150,0
Sangrur,25,150,0.6888,0.0733,0.092,4.402,150,0.025,6.896,150,0
Sangrur,26,150,0.6563,0.0733,0.092,5.686,150,0.021,6.754,150,0
Sangrur,27,150,0.7416,0.0933,0.115,6.314,150,0.02,6.734,150,0
Sangrur,28,150,0.7638,0.1,0.132,6.349,150,0.019,6.734,150,0
Sangrur,29,150,0.6822,0.0933,0.169,6.734,150,0.019,6.734,150,0
Sangrur,30,150,0.6089,0.0733,0.182,6.754,150,0.012,6.734,150,0
Sangrur,31,150,0.6257,0.08,0.076,6.896,150,0.009,6.314,150,0
Sangrur,32,150,0.7623,0.0867,0.025,6.896,150,0.009,6.168,150,0
Sangrur,33,150,0.6784,0.0867,0.021,6.754,150,0.008,4.857,150,0
Sangrur,34,150,0.4687,0.08,0.02,6.734,150,0.004,4.545,150,0
Sangrur,35,150,0.475,0.0867,0.019,6.734,150,0.002,4.545,150,0
Sangrur,36,150,0.4876,0.0933,0.019,6.734,150,0.002,4.556,150,0
Sangrur,37,150,0.4984,0.0933,0.012,6.734,150,0.002,4.772,150,0
Sangrur,38,150,0.5708,0.1067,0.009,6.314,150,0.002,5.193,150,0
Sangrur,39,150,0.6496,0.1133,0.009,6.168,150,0.001,5.319,150,0
Sangrur,40,150,0.7974,0.1333,0.008,4.857,150,0.003,5.319,150,0
Sangrur,41,150,0.734,0.12,0.004,4.545,150,0.006,5.696,150,0
Sangrur,42,150,0.6841,0.1133,0.002,4.545,150,0.006,5.696,150,0
Sangrur,43,150,0.6619,0.1133,0.002,4.556,150,0.007,5.193,150,0
Sangrur,44,150,0.7359,0.14,0.002,4.772,150,0.007,4.064,150,0
Sangrur,45,150,0.7584,0.1467,0.002,5.193,150,0.007,3.849,150,0
Sangrur,46,150,0.8231,0.1533,0.001,5.319,150,0.007,3.849,150,0
Sangrur,47,150,0.8901,0.16,0.003,5.319,150,0.007,3.621,150,0
Sangrur,48,150,0.9527,0.16,0.006,5.696,150,0.007,2.861,150,0
Sangrur,49,150,1.1043,0.1733,0.006,5.696,150,0.007,2.428,150,0
Sangrur,50,150,1.1183,0.1733,0.007,5.193,150,0.007,1.681,150,0
Sangrur,51,150,1.1123,0.1733,0.007,4.064,150,0.007,1.667,150,0
Sangrur,52,150,1.1018,0.1733,0.007,3.849,150,0.008,1.666,150,0
Sangrur,53,142,1.0872,0.169,0.006,3.93,142,0.008,1.145,142,0
Sangrur,54,142,1.1048,0.162,0.006,3.796,142,0.009,1.111,142,0
Sangrur,55,142,1.0319,0.1549,0.007,2.981,142,0.01,1.145,142,0
Sangrur,56,142,1.0347,0.162,0.008,2.516,142,0.01,1.145,142,0
Sangrur,57,142,1.0197,0.1549,0.008,1.727,142,0.01,1.145,142,0
Sangrur,58,142,1.0328,0.1479,0.007,1.666,142,0.01,1.666,142,0
Sangrur,59,142,0.9067,0.1127,0.008,1.666,142,0.01,2.708,142,0
Sangrur,60,142,0.9013,0.1127,0.008,1.145,142,0.01,4.562,142,0
Sangrur,61,142,0.843,0.1056,0.009,1.111,142,0.01,4.846,142,0
Sangrur,62,142,0.6314,0.0915,0.01,1.145,142,0.009,4.899,142,0
Sangrur,63,142,0.6117,0.0986,0.01,1.145,142,0.01,5.126,142,0
Sangrur,64,142,0.5553,0.1056,0.01,1.145,142,0.019,5.356,142,0
Sangrur,65,142,0.6747,0.1056,0.01,1.666,142,0.025,5.406,142,0
Sangrur,66,142,0.7427,0.1197,0.01,2.708,142,0.026,5.356,142,0
Sangrur,67,142,0.9271,0.1338,0.01,4.562,142,0.034,5.255,142,0
Sangrur,68,150,1.0509,0.1333,0.01,4.827,150,0.029,5.126,150,0
Sangrur,69,150,0.941,0.1267,0.01,4.88,150,0.04,4.903,150,0
Sangrur,70,150,0.8544,0.1133,0.01,4.992,150,0.04,4.793,150,0
Sangrur,71,150,0.8447,0.1067,0.011,5.284,150,0.041,4.793,150,0
Sangrur,72,150,0.8228,0.1,0.02,5.371,150,0.041,4.793,150,0
Sangrur,73,150,0.7874,0.1,0.024,5.371,150,0.04,4.834,150,0
Sangrur,74,150,0.784,0.1,0.026,5.284,150,0.04,4.834,150,0
Sangrur,75,150,0.771,0.1,0.029,5.126,150,0.04,4.834,150,0
Sangrur,76,150,0.7709,0.1067,0.04,4.903,150,0.04,4.296,150,0
Sangrur,77,150,0.8533,0.12,0.04,4.793,150,0.029,4.152,150,0
Sangrur,78,150,0.8251,0.1133,0.041,4.793,150,0.013,4.126,150,0
Sangrur,79,150,0.77,0.1067,0.041,4.793,150,0.002,3.699,150,0
Sangrur,80,150,0.6386,0.1,0.04,4.834,150,0.0,3.376,150,0
Sangrur,81,150,0.6167,0.0933,0.04,4.834,150,0.0,3.327,150,0
Sangrur,82,150,0.5094,0.0933,0.04,4.834,150,0.0,3.075,150,0
Sangrur,83,150,0.4005,0.1067,0.04,4.296,150,0.0,2.905,150,0
Sangrur,84,150,0.4028,0.1067,0.029,4.152,150,0.0,2.86,150,0
Sangrur,85,150,0.4381,0.12,0.013,4.126,150,0.0,2.069,150,0
Sangrur,86,150,0.4896,0.1333,0.002,3.699,150,0.0,2.017,150,0
Sangrur,87,150,0.5337,0.14,0.0,3.376,150,0.0,1.681,150,0
Sangrur,88,150,0.6868,0.1533,0.0,3.327,150,0.0,1.129,150,0
Sangrur,89,150,0.7265,0.16,0.0,3.075,150,0.0,0.83,150,0
Sangrur,90,150,0.7531,0.16,0.0,2.905,150,0.0,0.573,150,0
Sangrur,91,150,0.7329,0.1533,0.0,2.86,150,0.0,0.573,150,0
Sangrur,92,150,0.6516,0.1467,0.0,2.069,150,0.0,0.83,150,0
Sangrur,93,150,0.6687,0.1467,0.0,2.017,150,0.0,1.595,150,0
Sangrur,94,150,0.6802,0.1467,0.0,1.681,150,0.0,1.651,150,0
Sangrur,95,150,0.7204,0.1533,0.0,1.129,150,0.005,2.072,150,0
Sangrur,96,150,0.6919,0.1533,0.0,0.83,150,0.009,2.771,150,0
Sangrur,97,150,0.6525,0.1533,0.0,0.573,150,0.034,3.636,150,0
Sangrur,98,150,0.5967,0.1333,0.0,0.573,150,0.05,3.766,150,0
Sangrur,99,150,0.6206,0.14,0.0,0.83,150,0.062,4.022,150,0
Sangrur,100,150,0.8009,0.1533,0.0,1.595,150,0.107,4.841,150,0
Sangrur,101,150,0.8959,0.16,0.0,1.651,150,0.296,4.898,150,0
Sangrur,102,150,0.969,0.16,0.005,2.072,150,0.414,4.983,150,0
Sangrur,103,150,0.8642,0.1533,0.009,2.771,150,0.573,5.005,150,0
Sangrur,104,150,0.8404,0.1533,0.034,3.636,150,0.482,5.005,150,0
Sangrur,105,150,0.8067,0.1467,0.05,3.766,150,0.482,5.005,150,0
Sangrur,106,150,0.7986,0.14,0.062,4.022,150,0.459,4.956,150,0
Sangrur,107,150,0.7901,0.1333,0.107,4.841,150,0.459,4.956,150,0
Sangrur,108,150,0.7466,0.1267,0.296,4.898,150,0.375,4.956,150,0
Sangrur,109,150,0.6904,0.1133,0.414,4.983,150,0.227,4.897,150,0
Sangrur,110,150,0.6456,0.1067,0.573,5.005,150,0.111,3.148,150,0
Sangrur,111,150,0.6675,0.1067,0.482,5.005,150,0.089,2.481,150,0
Sangrur,112,150,0.6745,0.1,0.482,5.005,150,0.034,2.463,150,0
Sangrur,113,150,0.6667,0.1,0.459,4.956,150,0.002,2.418,150,0
Sangrur,114,150,0.685,0.1067,0.459,4.956,150,0.0,2.373,150,0
Sangrur,115,150,0.4703,0.08,0.375,4.956,150,0.0,2.347,150,0
Sangrur,116,150,0.3328,0.0667,0.227,4.897,150,0.0,2.347,150,0
Sangrur,117,150,0.2298,0.0667,0.111,3.148,150,0.0,2.096,150,0
Sangrur,118,150,0.1917,0.06,0.089,2.481,150,0.0,2.425,150,0
Sangrur,119,150,0.2065,0.0667,0.034,2.463,150,0.0,2.431,150,0
Sangrur,120,150,0.2492,0.08,0.002,2.418,150,0.0,2.429,150,0
Sangrur,121,150,0.2745,0.0933,0.0,2.373,150,0.0,2.431,150,0
Sangrur,122,150,0.3264,0.1067,0.0,2.347,150,0.0,2.463,150,0
Sangrur,123,150,0.3479,0.1133,0.0,2.347,150,0.0,3.006,150,0
Sangrur,124,150,0.4581,0.1333,0.0,2.096,150,0.0,3.198,150,0
Sangrur,125,150,0.5065,0.1533,0.0,2.425,150,0.0,3.504,150,0
Sangrur,126,150,0.6158,0.16,0.0,2.431,150,0.0,3.579,150,0
Sangrur,127,150,0.6384,0.1667,0.0,2.429,150,0.0,3.727,150,0
Sangrur,128,150,0.6482,0.1667,0.0,2.431,150,0.001,3.748,150,0
Sangrur,129,150,0.6694,0.16,0.0,2.463,150,0.031,3.849,150,0
Sangrur,130,150,0.6777,0.1667,0.0,3.006,150,0.064,3.904,150,0
Sangrur,131,150,0.6771,0.16,0.0,3.198,150,0.079,4.643,150,0
Sangrur,132,150,0.6671,0.1533,0.0,3.504,150,0.08,5.294,150,0
Sangrur,133,150,0.6483,0.1467,0.0,3.579,150,0.081,5.562,150,0
Sangrur,134,150,0.6158,0.1333,0.0,3.727,150,0.081,6.227,150,0
Sangrur,135,150,0.6942,0.1333,0.001,3.748,150,0.08,6.878,150,0
Sangrur,136,150,0.7123,0.1333,0.031,3.849,150,0.08,7.289,150,0
Sangrur,137,150,0.7271,0.14,0.064,3.904,150,0.08,7.847,150,0
Sangrur,138,150,0.7308,0.1467,0.079,4.643,150,0.08,7.847,150,0
Sangrur,139,150,0.6427,0.1333,0.08,5.294,150,0.08,8.079,150,0
Sangrur,140,150,0.6401,0.12,0.081,5.562,150,0.079,8.106,150,0
Sangrur,141,150,0.5047,0.1067,0.081,6.227,150,0.08,8.127,150,0
Sangrur,142,150,0.4832,0.1,0.08,6.878,150,0.081,8.849,150,0
Sangrur,143,150,0.5076,0.1133,0.08,7.289,150,0.101,9.505,150,0
Sangrur,144,150,0.4763,0.1133,0.08,7.847,150,0.145,11.848,150,0
Sangrur,145,150,0.511,0.1133,0.08,7.847,150,0.196,14.103,150,0
Sangrur,146,150,0.5237,0.1267,0.08,8.079,150,0.362,14.238,150,0
Sangrur,147,150,0.5197,0.1267,0.079,8.106,150,0.366,14.947,150,0
Sangrur,148,150,0.5172,0.1267,0.08,8.127,150,0.405,16.173,150,0
Sangrur,149,150,0.5164,0.1267,0.081,8.849,150,0.656,17.041,150,0
Sangrur,150,150,0.4055,0.12,0.101,9.505,150,0.976,18.798,150,0
Sangrur,151,150,0.447,0.1267,0.145,11.848,150,2.075,20.915,150,0
Sangrur,152,150,0.5422,0.1333,0.196,14.103,150,3.632,24.581,150,0
Sangrur,153,150,0.5611,0.1333,0.362,14.238,150,5.568,26.033,150,1
Sangrur,154,150,0.5762,0.14,0.366,14.947,150,6.645,27.203,150,1
Sangrur,155,150,0.6115,0.1533,0.405,16.173,150,6.94,28.011,150,1
Sangrur,156,150,0.6966,0.16,0.656,17.041,150,7.69,29.884,150,1
Sangrur,157,150,0.7804,0.1733,0.976,18.798,150,8.557,33.441,150,1
Sangrur,158,150,0.8976,0.1667,2.075,20.915,150,10.679,35.51,150,1
Sangrur,159,150,1.0241,0.1733,3.632,24.581,150,11.577,37.849,150,1
Sangrur,160,150,1.1984,0.1867,5.568,26.033,150,12.523,38.416,150,1
Sangrur,161,150,1.187,0.1733,6.645,27.203,150,13.275,38.416,150,1
Sangrur,162,150,1.2301,0.18,6.94,28.011,150,15.167,38.416,150,1
Sangrur,163,150,1.3246,0.2,7.69,29.884,150,18.12,38.814,150,1
Sangrur,164,150,1.3809,0.22,8.557,33.441,150,20.647,40.292,150,1
Sangrur,165,150,1.6044,0.2333,10.679,35.51,150,21.041,41.597,150,1
Sangrur,166,150,1.5418,0.22,11.577,37.849,150,23.526,43.883,150,1
Sangrur,167,150,1.4,0.2067,12.523,38.416,150,23.745,44.099,150,1
Sangrur,168,150,1.3839,0.2,13.275,38.416,150,23.526,44.46,150,1
Sangrur,169,150,1.488,0.2067,15.167,38.416,150,23.502,45.054,150,1
Sangrur,170,150,1.6499,0.2067,18.12,38.814,150,23.694,45.054,150,1
Sangrur,171,150,1.9078,0.22,20.647,40.292,150,23.689,44.598,150,1
Sangrur,172,150,2.1321,0.2267,21.041,41.597,150,23.502,44.598,150,1
Sangrur,173,150,2.7945,0.2467,23.526,43.883,150,23.45,45.362,150,1
Sangrur,174,150,2.9621,0.2667,23.745,44.099,150,22.827,45.657,150,1
Sangrur,175,150,2.9293,0.28,23.526,44.46,150,22.841,46.773,150,1
Sangrur,176,150,3.334,0.3267,23.502,45.054,150,21.57,46.794,150,1
Sangrur,177,150,3.6188,0.3533,23.694,45.054,150,21.119,46.288,150,1
Sangrur,178,150,3.6349,0.3533,23.689,44.598,150,20.941,45.844,150,1
Sangrur,179,150,3.7543,0.36,23.502,44.598,150,20.941,45.501,150,1
Sangrur,180,150,3.7647,0.3867,23.45,45.362,150,20.796,45.414,150,1
Sangrur,181,150,4.2492,0.4333,22.827,45.657,150,19.525,45.167,150,1
Sangrur,182,150,4.5978,0.4733,22.841,46.773,150,19.453,44.826,150,1
Sangrur,183,150,4.8254,0.5067,21.57,46.794,150,20.796,43.41,150,1
Sangrur,184,150,5.0066,0.5267,21.119,46.288,150,21.113,44.215,150,1
Sangrur,185,150,4.9288,0.5467,20.941,45.844,150,21.308,45.167,150,1
Sangrur,186,150,4.8701,0.5533,20.941,45.501,150,21.853,45.418,150,1
Sangrur,187,150,4.9622,0.5733,20.796,45.414,150,23.295,45.863,150,1
Sangrur,188,150,4.3291,0.5933,19.525,45.167,150,23.794,47.252,150,1
Sangrur,189,150,4.5558,0.6067,19.453,44.826,150,24.595,47.252,150,1
Sangrur,190,150,4.9325,0.6133,20.796,43.41,150,24.944,47.656,150,1
Sangrur,191,150,5.0776,0.6267,21.113,44.215,150,24.987,48.715,150,1
Sangrur,192,150,5.0462,0.6467,21.308,45.167,150,25.387,51.47,150,1
Sangrur,193,150,5.3421,0.68,21.853,45.418,150,25.387,53.154,150,1
Sangrur,194,150,5.4787,0.6933,23.295,45.863,150,24.987,54.364,150,1
Sangrur,195,150,5.5678,0.7,23.794,47.252,150,25.437,55.84,150,1
Sangrur,196,150,5.4048,0.6933,24.595,47.252,150,26.898,56.422,150,1
Sangrur,197,150,5.3511,0.6667,24.944,47.656,150,27.519,57.487,150,1
Sangrur,198,150,5.2956,0.66,24.987,48.715,150,29.752,61.729,150,1
Sangrur,199,150,5.3383,0.68,25.387,51.47,150,31.039,64.22,150,1
Sangrur,200,150,5.5325,0.6867,25.387,53.154,150,32.375,65.781,150,1
Sangrur,201,150,5.648,0.7,24.987,54.364,150,35.453,66.543,150,1
Sangrur,202,150,5.6724,0.7,25.437,55.84,150,35.453,65.298,150,1
Sangrur,203,150,5.9817,0.6933,26.898,56.422,150,31.795,62.168,150,1
Sangrur,204,150,5.7549,0.7,27.519,57.487,150,30.763,59.396,150,1
Sangrur,205,150,5.5587,0.7267,29.752,61.729,150,29.13,57.158,150,1
Sangrur,206,150,5.4862,0.7333,31.039,64.22,150,27.048,55.373,150,1
Sangrur,207,150,5.5104,0.7333,32.375,65.781,150,25.743,54.784,150,1
Sangrur,208,150,5.3329,0.72,35.453,66.543,150,24.939,52.916,150,1
Sangrur,209,150,5.188,0.7267,35.453,65.298,150,24.853,52.403,150,1
Sangrur,210,150,5.0035,0.7133,31.795,62.168,150,24.853,52.403,150,1
Sangrur,211,150,4.9391,0.72,30.763,59.396,150,24.336,52.062,150,1
Sangrur,212,150,5.4812,0.74,29.13,57.158,150,24.026,51.634,150,1
Sangrur,213,150,5.7688,0.76,27.048,55.373,150,24.444,50.954,150,1
Sangrur,214,150,5.9075,0.7467,25.743,54.784,150,24.026,49.934,150,1
Sangrur,215,150,6.0711,0.7533,24.939,52.916,150,24.026,48.831,150,1
Sangrur,216,150,6.0105,0.76,24.853,52.403,150,23.633,48.009,150,1
Sangrur,217,150,5.972,0.7667,24.853,52.403,150,17.447,47.866,150,1
Sangrur,218,150,5.8958,0.78,24.336,52.062,150,16.511,48.009,150,1
Sangrur,219,150,5.9291,0.7733,24.026,51.634,150,15.588,48.831,150,1
Sangrur,220,150,6.2101,0.7533,24.444,50.954,150,13.851,51.499,150,1
Sangrur,221,150,6.4674,0.7333,24.026,49.934,150,13.582,52.336,150,1
Sangrur,222,150,6.6298,0.7267,24.026,48.831,150,13.144,53.083,150,1
Sangrur,223,150,7.5359,0.7267,23.633,48.009,150,12.633,53.762,150,1
Sangrur,224,150,7.763,0.7267,17.447,47.866,150,11.949,54.973,150,1
Sangrur,225,150,8.0846,0.7467,16.511,48.009,150,10.191,52.455,150,1
Sangrur,226,150,8.7277,0.74,15.588,48.831,150,8.723,51.214,150,1
Sangrur,227,150,8.2426,0.74,13.851,51.499,150,8.304,49.05,150,1
Sangrur,228,150,8.1204,0.74,13.582,52.336,150,7.967,36.948,150,1
Sangrur,229,150,7.9899,0.7467,13.144,53.083,150,7.967,36.166,150,1
Sangrur,230,150,7.7432,0.7467,12.633,53.762,150,7.967,33.69,150,1
Sangrur,231,150,7.6127,0.7333,11.949,54.973,150,7.942,33.69,150,1
Sangrur,232,150,7.3733,0.7267,10.191,52.455,150,7.872,33.69,150,1
Sangrur,233,150,7.2367,0.7133,8.723,51.214,150,7.872,31.953,150,1
Sangrur,234,150,7.2664,0.7067,8.304,49.05,150,7.993,27.115,150,1
Sangrur,235,150,6.8901,0.7,7.967,36.948,150,8.301,23.936,150,1
Sangrur,236,150,6.3542,0.6867,7.967,36.166,150,8.183,22.079,150,1
Sangrur,237,150,6.243,0.68,7.967,33.69,150,8.183,19.05,150,1
Sangrur,238,150,5.8125,0.7,7.942,33.69,150,7.993,16.123,150,1
Sangrur,239,150,6.0769,0.7133,7.872,33.69,150,7.883,14.876,150,1
Sangrur,240,150,6.6706,0.7067,7.872,31.953,150,7.731,13.898,150,1
Sangrur,241,150,6.3939,0.7067,7.993,27.115,150,7.584,13.388,150,1
Sangrur,242,150,6.4858,0.7,8.301,23.936,150,7.124,13.081,150,1
Sangrur,243,150,6.314,0.6867,8.183,22.079,150,6.422,11.923,150,1
Sangrur,244,150,6.3792,0.6867,8.183,19.05,150,6.241,10.625,150,1
Sangrur,245,150,6.5238,0.68,7.993,16.123,150,5.351,9.656,150,1
Sangrur,246,150,6.9033,0.6733,7.883,14.876,150,4.407,9.323,150,1
Sangrur,247,150,6.8324,0.6467,7.731,13.898,150,4.064,8.775,150,1
Sangrur,248,150,6.9519,0.64,7.584,13.388,150,3.601,8.285,150,1
Sangrur,249,150,6.8488,0.64,7.124,13.081,150,3.343,7.128,150,1
Sangrur,250,150,6.7801,0.6333,6.422,11.923,150,3.203,6.471,150,1
Sangrur,251,150,6.8321,0.6467,6.241,10.625,150,3.132,5.9,150,1
Sangrur,252,150,6.9471,0.6467,5.351,9.656,150,3.092,4.985,150,1
Sangrur,253,150,6.6092,0.62,4.407,9.323,150,2.991,4.372,150,1
Sangrur,254,150,6.0484,0.5867,4.064,8.775,150,2.814,4.125,150,1
Sangrur,255,150,5.0734,0.5467,3.601,8.285,150,2.648,3.717,150,1
Sangrur,256,150,4.5735,0.5267,3.343,7.128,150,2.552,3.58,150,1
Sangrur,257,150,4.3728,0.52,3.203,6.471,150,2.438,3.387,150,1
Sangrur,258,150,4.5681,0.52,3.132,5.9,150,2.205,3.259,150,1
Sangrur,259,150,5.1426,0.5267,3.092,4.985,150,1.163,3.168,150,1
Sangrur,260,150,5.2592,0.5,2.991,4.372,150,0.782,3.13,150,1
Sangrur,261,150,4.9358,0.4933,2.814,4.125,150,0.6,3.037,150,1
Sangrur,262,150,4.8643,0.4867,2.648,3.717,150,0.413,2.957,150,1
Sangrur,263,150,4.5373,0.48,2.552,3.58,150,0.336,2.64,150,1
Sangrur,264,150,4.354,0.4733,2.438,3.387,150,0.294,2.319,150,1
Sangrur,265,150,4.2266,0.46,2.205,3.259,150,0.29,1.169,150,1
Sangrur,266,150,4.0557,0.44,1.163,3.168,150,0.272,0.912,150,1
Sangrur,267,150,3.6711,0.4267,0.782,3.13,150,0.242,0.783,150,1
Sangrur,268,150,3.3964,0.42,0.6,3.037,150,0.242,0.701,150,1
Sangrur,269,150,3.3362,0.4,0.413,2.957,150,0.242,0.588,150,1
Sangrur,270,150,3.317,0.4067,0.336,2.64,150,0.242,0.564,150,1
Sangrur,271,150,3.2115,0.3933,0.294,2.319,150,0.249,0.564,150,1
Sangrur,272,150,2.9678,0.36,0.29,1.169,150,0.29,0.605,150,1
Sangrur,273,150,2.596,0.32,0.272,0.912,150,0.309,0.732,150,1
Sangrur,274,150,1.6356,0.2733,0.242,0.783,150,0.36,0.794,150,1
Sangrur,275,150,1.1329,0.2667,0.242,0.701,150,0.429,0.827,150,0
Sangrur,276,150,0.8851,0.2533,0.242,0.588,150,0.467,0.956,150,0
Sangrur,277,150,0.8918,0.2667,0.242,0.564,150,0.51,0.978,150,0
Sangrur,278,150,0.8407,0.2467,0.249,0.564,150,0.544,0.991,150,0
Sangrur,279,150,0.7474,0.2133,0.29,0.605,150,0.578,1.015,150,0
Sangrur,280,150,0.6995,0.2067,0.309,0.732,150,0.63,1.004,150,0
Sangrur,281,150,0.6952,0.2,0.36,0.794,150,0.645,0.998,150,0
Sangrur,282,150,0.6403,0.18,0.429,0.827,150,0.654,0.986,150,0
Sangrur,283,150,0.5642,0.16,0.467,0.956,150,0.672,0.979,150,0
Sangrur,284,150,0.528,0.1533,0.51,0.978,150,0.654,0.97,150,0
Sangrur,285,150,0.4617,0.1333,0.544,0.991,150,0.653,0.964,150,0
Sangrur,286,150,0.4234,0.12,0.578,1.015,150,0.61,0.945,150,0
Sangrur,287,150,0.4187,0.1267,0.63,1.004,150,0.577,0.91,150,0
Sangrur,288,150,0.4023,0.1267,0.645,0.998,150,0.504,0.903,150,0
Sangrur,289,150,0.3522,0.1133,0.654,0.986,150,0.487,0.862,150,0
Sangrur,290,150,0.3279,0.1067,0.672,0.979,150,0.417,0.785,150,0
Sangrur,291,150,0.2967,0.0933,0.654,0.97,150,0.375,0.738,150,0
Sangrur,292,150,0.3126,0.0733,0.653,0.964,150,0.284,0.642,150,0
Sangrur,293,150,0.3086,0.0733,0.61,0.945,150,0.134,0.559,150,0
Sangrur,294,150,0.3015,0.0733,0.577,0.91,150,0.072,0.499,150,0
Sangrur,295,150,0.2819,0.06,0.504,0.903,150,0.028,0.487,150,0
Sangrur,296,150,0.2014,0.04,0.487,0.862,150,0.002,0.411,150,0
Sangrur,297,150,0.1594,0.0333,0.417,0.785,150,0.002,0.375,150,0
Sangrur,298,150,0.1502,0.0267,0.375,0.738,150,0.001,0.287,150,0
Sangrur,299,150,0.1671,0.0333,0.284,0.642,150,0.001,0.167,150,0
Sangrur,300,150,0.166,0.0333,0.134,0.559,150,0.0,0.1,150,0
Sangrur,301,150,0.1756,0.0333,0.072,0.499,150,0.0,0.068,150,0
Sangrur,302,150,0.1718,0.0267,0.028,0.487,150,0.0,0.042,150,0
Sangrur,303,150,0.1811,0.0267,0.002,0.411,150,0.0,0.002,150,0
Sangrur,304,150,0.1839,0.0267,0.002,0.375,150,0.0,0.002,150,0
Sangrur,305,150,0.1905,0.0267,0.001,0.287,150,0.0,0.001,150,0
Sangrur,306,150,0.1974,0.0267,0.001,0.167,150,0.0,0.001,150,0
Sangrur,307,150,0.142,0.02,0.0,0.1,150,0.0,0.0,150,0
Sangrur,308,150,0.1332,0.0133,0.0,0.068,150,0.0,0.0,150,0
Sangrur,309,150,0.133,0.0133,0.0,0.042,150,0.0,0.0,150,0
Sangrur,310,150,0.1289,0.0133,0.0,0.002,150,0.0,0.0,150,0
Sangrur,311,150,0.1263,0.0133,0.0,0.002,150,0.0,0.0,150,0
Sangrur,312,150,0.1321,0.0133,0.0,0.001,150,0.0,0.0,150,0
Sangrur,313,150,0.1423,0.02,0.0,0.001,150,0.0,0.0,150,0
Sangrur,314,150,0.123,0.0133,0.0,0.0,150,0.0,0.0,150,0
Sangrur,315,150,0.1208,0.0133,0.0,0.0,150,0.0,0.0,150,0
Sangrur,316,150,0.1093,0.0133,0.0,0.0,150,0.0,0.0,150,0
Sangrur,317,150,0.0983,0.0133,0.0,0.0,150,0.0,0.0,150,0
Sangrur,318,150,0.0882,0.0133,0.0,0.0,150,0.0,0.0,150,0
Sangrur,319,150,0.0832,0.0133,0.0,0.0,150,0.0,0.002,150,0
Sangrur,320,150,0.0695,0.0067,0.0,0.0,150,0.0,0.004,150,0
Sangrur,321,150,0.0703,0.0133,0.0,0.0,150,0.0,0.005,150,0
Sangrur,322,150,0.0626,0.0133,0.0,0.0,150,0.0,0.007,150,0
Sangrur,323,150,0.0613,0.0133,0.0,0.0,150,0.0,0.008,150,0
Sangrur,324,150,0.0774,0.0267,0.0,0.0,150,0.0,0.01,150,0
Sangrur,325,150,0.1936,0.04,0.0,0.0,150,0.001,0.011,150,0
Sangrur,326,150,0.2035,0.0467,0.0,0.002,150,0.002,0.042,150,0
Sangrur,327,150,0.2026,0.0533,0.0,0.004,150,0.002,0.066,150,0
Sangrur,328,150,0.1946,0.0533,0.0,0.005,150,0.003,0.079,150,0
Sangrur,329,150,0.2139,0.06,0.0,0.007,150,0.004,0.113,150,0
Sangrur,330,150,0.2327,0.0667,0.0,0.008,150,0.005,0.136,149,0
Sangrur,331,150,0.2517,0.0733,0.0,0.01,150,0.006,0.177,148,0
Sangrur,332,150,0.2709,0.08,0.001,0.011,150,0.009,0.211,147,0
Sangrur,333,150,0.2901,0.0867,0.002,0.042,150,0.01,0.243,146,0
Sangrur,334,150,0.2896,0.0867,0.002,0.066,150,0.034,0.333,145,0
Sangrur,335,150,0.2849,0.0867,0.003,0.079,150,0.081,0.512,144,0
Sangrur,336,150,0.2751,0.08,0.004,0.113,150,0.116,0.656,143,0
Sangrur,337,150,0.275,0.08,0.005,0.136,149,0.175,0.904,142,0
Sangrur,338,150,0.271,0.08,0.006,0.177,148,0.211,1.052,141,0
Sangrur,339,150,0.2857,0.0733,0.009,0.211,147,0.227,1.225,140,0
Sangrur,340,150,0.2768,0.0667,0.01,0.243,146,0.287,1.236,139,0
Sangrur,341,150,0.4536,0.08,0.034,0.333,145,0.316,1.236,138,0
Sangrur,342,150,0.4624,0.08,0.081,0.512,144,0.331,1.234,137,0
Sangrur,343,150,0.4584,0.0733,0.116,0.656,143,0.331,1.226,136,0
Sangrur,344,150,0.4392,0.0667,0.175,0.904,142,0.348,1.225,135,0
Sangrur,345,150,0.4199,0.06,0.211,1.052,141,0.31,1.197,135,0
Sangrur,346,150,0.4007,0.0533,0.227,1.225,140,0.189,1.157,135,0
Sangrur,347,150,0.3815,0.0467,0.287,1.236,139,0.144,1.142,135,0
Sangrur,348,150,0.3625,0.04,0.316,1.236,138,0.096,1.067,135,0
Sangrur,349,150,0.3629,0.04,0.331,1.234,137,0.076,1.046,135,0
Sangrur,350,150,0.3631,0.04,0.331,1.226,136,0.028,0.878,135,0
Sangrur,351,150,0.3632,0.04,0.348,1.225,135,0.016,0.695,135,0
Sangrur,352,150,0.3633,0.04,0.31,1.197,135,0.009,0.64,135,0
Sangrur,353,150,0.3621,0.04,0.189,1.157,135,0.001,0.64,135,0
Sangrur,354,150,0.3288,0.0333,0.144,1.142,135,0.0,0.64,135,0
Sangrur,355,150,0.2203,0.0267,0.096,1.067,135,0.0,0.773,135,0
Sangrur,356,150,0.0468,0.0133,0.076,1.046,135,0.009,0.997,135,0
Sangrur,357,150,0.0427,0.0133,0.028,0.878,135,0.023,1.212,135,0
Sangrur,358,150,0.1028,0.02,0.016,0.695,135,0.029,1.212,135,0
Sangrur,359,150,0.1119,0.02,0.009,0.64,135,0.023,1.212,135,0
Sangrur,360,150,0.1252,0.02,0.004,0.639,136,0.014,1.231,136,0
Sangrur,361,150,0.1347,0.0267,0.0,0.638,137,0.014,1.051,137,0
Sangrur,362,150,0.1505,0.0333,0.0,0.64,138,0.013,1.008,138,0
Sangrur,363,150,0.1694,0.04,0.017,0.94,139,0.011,1.204,139,0
Sangrur,364,150,0.2041,0.0467,0.024,1.049,140,0.012,1.597,140,0
Sangrur,365,150,0.2044,0.0467,0.029,1.005,141,0.013,1.904,141,0
Sangrur,366,150,0.2107,0.0467,0.023,0.961,142,0.013,1.984,142,0
Sunam,1,150,0.1261,0.02,0.0,0.713,143,0.003,1.441,143,0
Sunam,2,150,0.1261,0.02,0.0,0.713,144,0.004,1.477,144,0
Sunam,3,150,0.1257,0.02,0.0,0.713,145,0.005,1.621,145,0
Sunam,4,150,0.125,0.02,0.0,0.755,146,0.006,1.622,146,0
Sunam,5,150,0.13,0.0267,0.0,0.879,147,0.045,1.622,147,0
Sunam,6,150,0.1212,0.02,0.0,0.885,148,0.049,1.621,148,0
Sunam,7,150,0.0805,0.0133,0.0,1.015,149,0.057,1.622,149,0
Sunam,8,150,0.0776,0.0133,0.001,1.394,150,0.099,1.656,150,0
Sunam,9,150,0.0834,0.02,0.002,1.441,150,0.19,1.72,150,0
Sunam,10,150,0.3081,0.0333,0.004,1.558,150,0.193,1.851,150,0
Sunam,11,150,0.3747,0.0467,0.005,1.621,150,0.193,1.947,150,0
Sunam,12,150,0.3694,0.0467,0.015,1.621,150,0.193,2.059,150,0
Sunam,13,150,0.3525,0.0467,0.045,1.621,150,0.193,2.059,150,0
Sunam,14,150,0.4574,0.06,0.055,1.622,150,0.194,2.118,150,0
Sunam,15,150,0.5155,0.0733,0.099,1.656,150,0.209,2.118,150,0
Sunam,16,150,0.5165,0.0733,0.19,1.72,150,0.209,2.684,150,0
Sunam,17,150,0.519,0.0733,0.193,1.851,150,0.191,2.846,150,0
Sunam,18,150,0.6081,0.08,0.193,1.947,150,0.166,3.489,150,0
Sunam,19,150,0.7987,0.0867,0.193,2.059,150,0.145,3.563,150,0
Sunam,20,150,0.7912,0.08,0.193,2.059,150,0.145,5.432,150,0
Sunam,21,150,0.7853,0.08,0.194,2.118,150,0.141,6.036,150,0
Sunam,22,150,0.7844,0.08,0.209,2.118,150,0.141,6.129,150,0
Sunam,23,150,0.784,0.08,0.209,2.684,150,0.141,6.176,150,0
Sunam,24,150,0.7836,0.08,0.191,2.846,150,0.134,6.795,150,0
Sunam,25,150,0.5659,0.0733,0.166,3.489,150,0.126,7.716,150,0
Sunam,26,150,0.5636,0.0733,0.145,3.563,150,0.026,7.716,150,0
Sunam,27,150,0.6413,0.0933,0.145,5.432,150,0.022,7.716,150,0
Sunam,28,150,0.6875,0.1067,0.141,6.036,150,0.016,7.716,150,0
Sunam,29,150,0.6289,0.1067,0.141,6.129,150,0.011,7.398,150,0
Sunam,30,150,0.5716,0.0933,0.141,6.176,150,0.009,7.263,150,0
Sunam,31,150,0.5826,0.1,0.134,6.795,150,0.009,6.383,150,0
Sunam,32,150,0.7189,0.1067,0.126,7.716,150,0.003,5.866,150,0
Sunam,33,150,0.6388,0.1067,0.026,7.716,150,0.001,4.085,150,0
Sunam,34,150,0.4492,0.1,0.022,7.716,150,0.0,3.832,150,0
Sunam,35,150,0.4591,0.1067,0.016,7.716,150,0.0,3.773,150,0
Sunam,36,150,0.4724,0.1133,0.011,7.398,150,0.0,3.773,150,0
Sunam,37,150,0.4828,0.12,0.009,7.263,150,0.0,3.864,150,0
Sunam,38,150,0.5525,0.1267,0.009,6.383,150,0.0,4.768,150,0
Sunam,39,150,0.5983,0.1267,0.003,5.866,150,0.0,4.952,150,0
Sunam,40,150,0.7659,0.1333,0.001,4.085,150,0.0,4.952,150,0
Sunam,41,150,0.7052,0.12,0.0,3.832,150,0.0,5.715,150,0
Sunam,42,150,0.6644,0.1067,0.0,3.773,150,0.0,5.715,150,0
Sunam,43,150,0.6252,0.0933,0.0,3.773,150,0.0,4.768,150,0
Sunam,44,150,0.7501,0.1067,0.0,3.864,150,0.0,3.219,150,0
Sunam,45,150,0.7705,0.1133,0.0,4.768,150,0.0,3.047,150,0
Sunam,46,150,0.8688,0.12,0.0,4.952,150,0.0,3.047,150,0
Sunam,47,150,0.9186,0.1267,0.0,4.952,150,0.0,2.832,150,0
Sunam,48,150,0.9666,0.1267,0.0,5.715,150,0.0,2.331,150,0
Sunam,49,150,1.1169,0.14,0.0,5.715,150,0.0,1.91,150,0
Sunam,50,150,1.1229,0.14,0.0,4.768,150,0.0,1.272,150,0
Sunam,51,150,1.1143,0.1333,0.0,3.219,150,0.0,1.271,150,0
Sunam,52,150,1.1078,0.1267,0.0,3.047,150,0.0,1.268,150,0
Sunam,53,142,1.0965,0.1268,0.0,3.047,142,0.0,0.984,142,0
Sunam,54,142,1.1343,0.1268,0.0,2.916,142,0.0,1.071,142,0
Sunam,55,142,1.0283,0.1268,0.0,2.427,142,0.0,1.083,142,0
Sunam,56,142,1.0217,0.1268,0.0,2.171,142,0.001,1.083,142,0
Sunam,57,142,0.9999,0.1268,0.0,1.281,142,0.004,1.083,142,0
Sunam,58,142,1.0248,0.1268,0.0,1.271,142,0.006,1.271,142,0
Sunam,59,142,0.8476,0.0986,0.0,1.268,142,0.008,2.271,142,0
Sunam,60,142,0.851,0.0986,0.0,0.984,142,0.008,2.776,142,0
Sunam,61,142,0.761,0.0915,0.0,1.071,142,0.008,3.478,142,0
Sunam,62,142,0.5743,0.0845,0.0,1.083,142,0.01,3.686,142,0
Sunam,63,142,0.5734,0.0915,0.001,1.083,142,0.011,3.988,142,0
Sunam,64,142,0.486,0.0915,0.004,1.083,142,0.012,4.073,142,0
Sunam,65,142,0.6246,0.0915,0.006,1.271,142,0.014,4.073,142,0
Sunam,66,142,0.6874,0.1127,0.008,2.271,142,0.02,3.988,142,0
Sunam,67,142,0.8578,0.1338,0.008,2.776,142,0.023,3.949,142,0
Sunam,68,150,0.9591,0.1333,0.008,3.372,150,0.025,3.841,150,0
Sunam,69,150,0.8656,0.1267,0.009,3.682,150,0.028,3.841,150,0
Sunam,70,150,0.7881,0.1133,0.011,3.959,150,0.028,3.959,150,0
Sunam,71,150,0.7844,0.1133,0.011,4.058,150,0.03,4.119,150,0
Sunam,72,150,0.7667,0.1067,0.013,4.058,150,0.028,4.598,150,0
Sunam,73,150,0.7284,0.1067,0.017,4.008,150,0.018,4.839,150,0
Sunam,74,150,0.729,0.1067,0.021,3.959,150,0.013,5.228,150,0
Sunam,75,150,0.7093,0.1,0.025,3.841,150,0.013,5.89,150,0
Sunam,76,150,0.7083,0.1067,0.028,3.841,150,0.013,6.601,150,0
Sunam,77,150,0.7652,0.1133,0.028,3.959,150,0.013,6.259,150,0
Sunam,78,150,0.7469,0.1067,0.03,4.119,150,0.002,5.633,150,0
Sunam,79,150,0.7119,0.1,0.028,4.598,150,0.0,5.002,150,0
Sunam,80,150,0.5649,0.0933,0.018,4.839,150,0.0,4.839,150,0
Sunam,81,150,0.5208,0.08,0.013,5.228,150,0.0,4.782,150,0
Sunam,82,150,0.4253,0.0733,0.013,5.89,150,0.0,4.408,150,0
Sunam,83,150,0.3348,0.0867,0.013,6.601,150,0.0,3.432,150,0
Sunam,84,150,0.3373,0.0867,0.013,6.259,150,0.0,1.927,150,0
Sunam,85,150,0.3685,0.1,0.002,5.633,150,0.0,1.42,150,0
Sunam,86,150,0.4308,0.1133,0.0,5.002,150,0.0,1.314,150,0
Sunam,87,150,0.4535,0.12,0.0,4.839,150,0.0,0.812,150,0
Sunam,88,150,0.5994,0.1333,0.0,4.782,150,0.0,0.75,150,0
Sunam,89,150,0.6482,0.14,0.0,4.408,150,0.0,0.75,150,0
Sunam,90,150,0.6622,0.1467,0.0,3.432,150,0.0,0.75,150,0
Sunam,91,150,0.6413,0.1333,0.0,1.927,150,0.0,0.75,150,0
Sunam,92,150,0.5759,0.12,0.0,1.42,150,0.0,0.75,150,0
Sunam,93,150,0.5844,0.12,0.0,1.314,150,0.0,0.765,150,0
Sunam,94,150,0.611,0.1267,0.0,0.812,150,0.0,1.336,150,0
Sunam,95,150,0.6483,0.14,0.0,0.75,150,0.0,1.593,150,0
Sunam,96,150,0.653,0.1467,0.0,0.75,150,0.0,3.195,150,0
Sunam,97,150,0.6157,0.1467,0.0,0.75,150,0.005,4.491,150,0
Sunam,98,150,0.5709,0.1267,0.0,0.75,150,0.068,4.711,150,0
Sunam,99,150,0.596,0.1333,0.0,0.75,150,0.11,4.95,150,0
Sunam,100,150,0.7602,0.1467,0.0,0.765,150,0.138,5.569,150,0
Sunam,101,150,0.8907,0.1533,0.0,1.336,150,0.197,5.835,150,0
Sunam,102,150,0.9847,0.1533,0.0,1.593,150,0.197,6.017,150,0
Sunam,103,150,0.8991,0.1467,0.0,3.195,150,0.233,6.068,150,0
Sunam,104,150,0.8577,0.1467,0.005,4.491,150,0.183,5.957,150,0
Sunam,105,150,0.8387,0.14,0.068,4.711,150,0.183,5.835,150,0
Sunam,106,150,0.835,0.14,0.11,4.95,150,0.183,5.569,150,0
Sunam,107,150,0.8318,0.14,0.138,5.569,150,0.183,5.03,150,0
Sunam,108,150,0.7853,0.1333,0.197,5.835,150,0.131,3.846,150,0
Sunam,109,150,0.7251,0.12,0.197,6.017,150,0.11,3.368,150,0
Sunam,110,150,0.6867,0.1067,0.233,6.068,150,0.11,3.12,150,0
Sunam,111,150,0.7064,0.1,0.183,5.957,150,0.086,2.958,150,0
Sunam,112,150,0.7003,0.0933,0.183,5.835,150,0.05,2.845,150,0
Sunam,113,150,0.6892,0.0933,0.183,5.569,150,0.0,2.772,150,0
Sunam,114,150,0.6984,0.0933,0.183,5.03,150,0.0,2.729,150,0
Sunam,115,150,0.5072,0.0667,0.131,3.846,150,0.0,2.772,150,0
Sunam,116,150,0.3238,0.0533,0.11,3.368,150,0.0,2.845,150,0
Sunam,117,150,0.2428,0.06,0.11,3.12,150,0.0,2.845,150,0
Sunam,118,150,0.2038,0.06,0.086,2.958,150,0.0,2.958,150,0
Sunam,119,150,0.2379,0.0733,0.05,2.845,150,0.0,3.276,150,0
Sunam,120,150,0.2795,0.0867,0.0,2.772,150,0.0,3.368,150,0
Sunam,121,150,0.3171,0.1067,0.0,2.729,150,0.0,3.538,150,0
Sunam,122,150,0.3801,0.12,0.0,2.772,150,0.0,3.743,150,0
Sunam,123,150,0.4084,0.14,0.0,2.845,150,0.0,3.917,150,0
Sunam,124,150,0.4823,0.16,0.0,2.845,150,0.0,3.918,150,0
Sunam,125,150,0.5314,0.1733,0.0,2.958,150,0.0,4.095,150,0
Sunam,126,150,0.6074,0.1867,0.0,3.276,150,0.0,4.136,150,0
Sunam,127,150,0.6515,0.1933,0.0,3.368,150,0.0,4.696,150,0
Sunam,128,150,0.6601,0.1933,0.0,3.538,150,0.003,4.706,150,0
Sunam,129,150,0.6815,0.1933,0.0,3.743,150,0.032,4.803,150,0
Sunam,130,150,0.6901,0.2,0.0,3.917,150,0.071,4.879,150,0
Sunam,131,150,0.6927,0.2,0.0,3.918,150,0.122,4.879,150,0
Sunam,132,150,0.6655,0.1933,0.0,4.095,150,0.17,5.029,150,0
Sunam,133,150,0.6407,0.18,0.0,4.136,150,0.17,5.182,150,0
Sunam,134,150,0.5961,0.16,0.0,4.696,150,0.17,5.299,150,0
Sunam,135,150,0.6922,0.16,0.003,4.706,150,0.17,5.49,150,0
Sunam,136,150,0.709,0.1533,0.032,4.803,150,0.14,5.703,150,0
Sunam,137,150,0.704,0.16,0.071,4.879,150,0.122,5.703,150,0
Sunam,138,150,0.6923,0.1467,0.122,4.879,150,0.122,5.589,150,0
Sunam,139,150,0.6387,0.1333,0.17,5.029,150,0.122,6.013,150,0
Sunam,140,150,0.6347,0.1267,0.17,5.182,150,0.122,6.492,150,0
Sunam,141,150,0.535,0.1133,0.17,5.299,150,0.11,7.344,150,0
Sunam,142,150,0.491,0.1067,0.17,5.49,150,0.11,7.625,150,0
Sunam,143,150,0.5322,0.12,0.14,5.703,150,0.088,7.946,150,0
Sunam,144,150,0.5004,0.12,0.122,5.703,150,0.077,8.075,150,0
Sunam,145,150,0.5422,0.1267,0.122,5.589,150,0.073,9.033,150,0
Sunam,146,150,0.5591,0.1267,0.122,6.013,150,0.073,10.985,150,0
Sunam,147,150,0.5508,0.12,0.122,6.492,150,0.076,14.329,150,0
Sunam,148,150,0.5476,0.12,0.11,7.344,150,0.079,15.559,150,0
Sunam,149,150,0.548,0.12,0.11,7.625,150,0.156,15.932,150,0
Sunam,150,150,0.4192,0.1133,0.088,7.946,150,0.395,17.263,150,0
Sunam,151,150,0.4229,0.1133,0.077,8.075,150,1.026,18.774,150,0
Sunam,152,150,0.5211,0.12,0.073,9.033,150,1.642,23.741,150,0
Sunam,153,150,0.5409,0.1267,0.073,10.985,150,2.947,26.902,150,1
Sunam,154,150,0.563,0.1333,0.076,14.329,150,4.552,27.46,150,1
Sunam,155,150,0.6043,0.14,0.079,15.559,150,5.097,27.557,150,1
Sunam,156,150,0.7236,0.1467,0.156,15.932,150,5.94,28.017,150,1
Sunam,157,150,0.789,0.16,0.395,17.263,150,6.076,29.108,150,1
Sunam,158,150,0.8268,0.1533,1.026,18.774,150,7.036,30.838,150,1
Sunam,159,150,0.9567,0.16,1.642,23.741,150,8.704,33.584,150,1
Sunam,160,150,1.0555,0.16,2.947,26.902,150,10.46,34.753,150,1
Sunam,161,150,1.0344,0.1533,4.552,27.46,150,12.157,34.753,150,1
Sunam,162,150,1.0802,0.16,5.097,27.557,150,13.943,34.753,150,1
Sunam,163,150,1.1628,0.1733,5.94,28.017,150,15.277,35.021,150,1
Sunam,164,150,1.2133,0.1867,6.076,29.108,150,15.62,37.623,150,1
Sunam,165,150,1.4118,0.1933,7.036,30.838,150,16.353,40.619,150,1
Sunam,166,150,1.3812,0.1867,8.704,33.584,150,17.847,41.702,150,1
Sunam,167,150,1.2382,0.16,10.46,34.753,150,18.599,42.255,150,1
Sunam,168,150,1.2277,0.1533,12.157,34.753,150,18.599,43.052,150,1
Sunam,169,150,1.3179,0.16,13.943,34.753,150,18.775,43.34,150,1
Sunam,170,150,1.435,0.1667,15.277,35.021,150,18.906,42.55,150,1
Sunam,171,150,1.5768,0.18,15.62,37.623,150,18.906,42.255,150,1
Sunam,172,150,1.8234,0.1867,16.353,40.619,150,18.906,41.877,150,1
Sunam,173,150,2.5246,0.2067,17.847,41.702,150,19.053,42.186,150,1
Sunam,174,150,2.7142,0.22,18.599,42.255,150,19.053,42.55,150,1
Sunam,175,150,2.7039,0.2333,18.599,43.052,150,19.053,43.475,150,1
Sunam,176,150,3.0779,0.2733,18.775,43.34,150,19.053,43.475,150,1
Sunam,177,150,3.3814,0.2933,18.906,42.55,150,19.053,43.01,150,1
Sunam,178,150,3.4024,0.3,18.906,42.255,150,19.053,43.01,150,1
Sunam,179,150,3.4984,0.3133,18.906,41.877,150,19.493,43.023,150,1
Sunam,180,150,3.5004,0.3267,19.053,42.186,150,19.053,42.847,150,1
Sunam,181,150,3.9109,0.3667,19.053,42.55,150,18.422,41.751,150,1
Sunam,182,150,4.2555,0.42,19.053,43.475,150,17.612,41.089,150,1
Sunam,183,150,4.4588,0.4533,19.053,43.475,150,18.42,40.642,150,1
Sunam,184,150,4.616,0.4667,19.053,43.01,150,18.883,40.936,150,1
Sunam,185,150,4.5533,0.4867,19.053,43.01,150,19.433,42.343,150,1
Sunam,186,150,4.4695,0.5,19.493,43.023,150,19.695,43.149,150,1
Sunam,187,150,4.4702,0.52,19.053,42.847,150,20.018,44.949,150,1
Sunam,188,150,3.8142,0.5333,18.422,41.751,150,20.795,45.651,150,1
Sunam,189,150,3.9989,0.5533,17.612,41.089,150,22.488,46.079,150,1
Sunam,190,150,4.3,0.5667,18.42,40.642,150,22.488,46.928,150,1
Sunam,191,150,4.4381,0.5867,18.883,40.936,150,21.633,47.301,150,1
Sunam,192,150,4.3283,0.6067,19.433,42.343,150,21.303,48.152,150,1
Sunam,193,150,4.6074,0.6333,19.695,43.149,150,21.303,50.211,150,1
Sunam,194,150,4.7926,0.6467,20.018,44.949,150,21.303,50.835,150,1
Sunam,195,150,4.8932,0.6733,20.795,45.651,150,22.46,51.774,150,1
Sunam,196,150,4.8149,0.6733,22.488,46.079,150,23.471,54.126,150,1
Sunam,197,150,4.7826,0.6467,22.488,46.928,150,24.31,57.1,150,1
Sunam,198,150,4.7181,0.6333,21.633,47.301,150,25.043,58.736,150,1
Sunam,199,150,4.7662,0.6467,21.303,48.152,150,28.404,61.4,150,1
Sunam,200,150,4.9533,0.6467,21.303,50.211,150,30.122,62.537,150,1
Sunam,201,150,5.12,0.6467,21.303,50.835,150,31.317,64.434,150,1
Sunam,202,150,5.1504,0.6467,22.46,51.774,150,32.778,62.537,150,1
Sunam,203,150,5.4626,0.6467,23.471,54.126,150,31.317,59.571,150,1
Sunam,204,150,5.2573,0.6533,24.31,57.1,150,28.993,57.734,150,1
Sunam,205,150,5.1054,0.6733,25.043,58.736,150,26.804,56.209,150,1
Sunam,206,150,4.9758,0.68,28.404,61.4,150,23.665,54.77,150,1
Sunam,207,150,5.0643,0.68,30.122,62.537,150,23.198,53.904,150,1
Sunam,208,150,4.9284,0.6733,31.317,64.434,150,22.945,53.533,150,1
Sunam,209,150,4.7351,0.6733,32.778,62.537,150,22.783,50.222,150,1
Sunam,210,150,4.5616,0.66,31.317,59.571,150,22.993,49.073,150,1
Sunam,211,150,4.4586,0.6667,28.993,57.734,150,22.993,48.095,150,1
Sunam,212,150,4.9,0.6867,26.804,56.209,150,22.993,47.521,150,1
Sunam,213,150,5.2089,0.7133,23.665,54.77,150,23.198,47.295,150,1
Sunam,214,150,5.345,0.7133,23.198,53.904,150,22.819,46.13,150,1
Sunam,215,150,5.455,0.7267,22.945,53.533,150,22.569,43.825,150,1
Sunam,216,150,5.4166,0.74,22.783,50.222,150,21.958,42.647,150,1
Sunam,217,150,5.4984,0.7467,22.993,49.073,150,20.417,42.119,150,1
Sunam,218,150,5.4369,0.76,22.993,48.095,150,17.476,43.016,150,1
Sunam,219,150,5.4587,0.7533,22.993,47.521,150,15.656,46.145,150,1
Sunam,220,150,5.8266,0.74,23.198,47.295,150,14.614,47.97,150,1
Sunam,221,150,6.1077,0.72,22.819,46.13,150,12.41,49.073,150,1
Sunam,222,150,6.2613,0.7133,22.569,43.825,150,11.794,49.073,150,1
Sunam,223,150,7.0707,0.7067,21.958,42.647,150,11.445,49.073,150,1
Sunam,224,150,7.263,0.7067,20.417,42.119,150,11.246,49.56,150,1
Sunam,225,150,7.5906,0.7133,17.476,43.016,150,10.505,43.125,150,1
Sunam,226,150,8.2905,0.7067,15.656,46.145,150,10.119,40.449,150,1
Sunam,227,150,7.9133,0.7067,14.614,47.97,150,9.195,38.648,150,1
Sunam,228,150,7.8108,0.7067,12.41,49.073,150,8.566,36.616,150,1
Sunam,229,150,7.695,0.7067,11.794,49.073,150,8.477,35.071,150,1
Sunam,230,150,7.5246,0.7067,11.445,49.073,150,8.437,32.044,150,1
Sunam,231,150,7.433,0.6933,11.246,49.56,150,8.388,32.044,150,1
Sunam,232,150,7.1474,0.6867,10.505,43.125,150,8.243,32.044,150,1
Sunam,233,150,7.0317,0.68,10.119,40.449,150,8.226,27.748,150,1
Sunam,234,150,7.0233,0.6667,9.195,38.648,150,8.146,25.594,150,1
Sunam,235,150,6.639,0.6533,8.566,36.616,150,8.15,21.25,150,1
Sunam,236,150,6.1666,0.64,8.477,35.071,150,8.115,16.076,150,1
Sunam,237,150,6.1212,0.6467,8.437,32.044,150,7.991,14.533,150,1
Sunam,238,150,5.8138,0.68,8.388,32.044,150,7.675,13.718,150,1
Sunam,239,150,6.0543,0.6933,8.243,32.044,150,7.552,13.235,150,1
Sunam,240,150,6.5251,0.7,8.226,27.748,150,7.435,12.66,150,1
Sunam,241,150,6.1465,0.6933,8.146,25.594,150,7.366,12.159,150,1
Sunam,242,150,6.2006,0.6867,8.15,21.25,150,6.936,11.725,150,1
Sunam,243,150,6.0526,0.68,8.115,16.076,150,6.352,11.016,150,1
Sunam,244,150,6.1942,0.68,7.991,14.533,150,6.128,9.914,150,1
Sunam,245,150,6.3446,0.6733,7.675,13.718,150,5.068,8.842,150,1
Sunam,246,150,6.5045,0.6667,7.552,13.235,150,4.609,8.369,150,1
Sunam,247,150,6.4253,0.6467,7.435,12.66,150,3.961,8.117,150,1
Sunam,248,150,6.5237,0.6333,7.366,12.159,150,3.598,7.617,150,1
Sunam,249,150,6.4787,0.64,6.936,11.725,150,3.401,7.392,150,1
Sunam,250,150,6.4185,0.6533,6.352,11.016,150,3.334,6.54,150,1
Sunam,251,150,6.5025,0.6667,6.128,9.914,150,3.29,5.576,150,1
Sunam,252,150,6.6074,0.6667,5.068,8.842,150,3.214,5.015,150,1
Sunam,253,150,6.1701,0.6267,4.609,8.369,150,3.112,4.631,150,1
Sunam,254,150,5.6839,0.6133,3.961,8.117,150,3.01,3.967,150,1
Sunam,255,150,4.8464,0.58,3.598,7.617,150,2.869,3.867,150,1
Sunam,256,150,4.391,0.5667,3.401,7.392,150,2.734,3.742,150,1
Sunam,257,150,4.192,0.5533,3.334,6.54,150,2.551,3.599,150,1
Sunam,258,150,4.354,0.5467,3.29,5.576,150,2.394,3.577,150,1
Sunam,259,150,4.754,0.5533,3.214,5.015,150,1.341,3.541,150,1
Sunam,260,150,4.9162,0.5267,3.112,4.631,150,1.058,3.488,150,1
Sunam,261,150,4.7151,0.52,3.01,3.967,150,0.894,3.247,150,1
Sunam,262,150,4.6627,0.5,2.869,3.867,150,0.662,3.114,150,1
Sunam,263,150,4.3502,0.4867,2.734,3.742,150,0.599,2.811,150,1
Sunam,264,150,4.1645,0.48,2.551,3.599,150,0.568,2.456,150,1
Sunam,265,150,4.032,0.46,2.394,3.577,150,0.532,1.643,150,1
Sunam,266,150,3.8192,0.44,1.341,3.541,150,0.524,1.259,150,1
Sunam,267,150,3.3687,0.42,1.058,3.488,150,0.512,1.152,150,1
Sunam,268,150,3.1322,0.42,0.894,3.247,150,0.512,1.037,150,1
Sunam,269,150,3.0845,0.3933,0.662,3.114,150,0.512,0.925,150,1
Sunam,270,150,3.0415,0.3933,0.599,2.811,150,0.515,0.908,150,1
Sunam,271,150,2.9597,0.38,0.568,2.456,150,0.532,0.908,150,1
Sunam,272,150,2.7335,0.36,0.532,1.643,150,0.553,0.908,150,1
Sunam,273,150,2.3635,0.3267,0.524,1.259,150,0.588,0.918,150,1
Sunam,274,150,1.535,0.2867,0.512,1.152,150,0.64,0.942,150,1
Sunam,275,150,0.9862,0.28,0.512,1.037,150,0.678,0.97,150,0
Sunam,276,150,0.8173,0.26,0.512,0.925,150,0.694,0.983,150,0
Sunam,277,150,0.8381,0.28,0.515,0.908,150,0.705,0.999,150,0
Sunam,278,150,0.8104,0.2733,0.532,0.908,150,0.711,0.999,150,0
Sunam,279,150,0.7158,0.2467,0.553,0.908,150,0.705,0.999,150,0
Sunam,280,150,0.6891,0.2333,0.588,0.918,150,0.699,0.983,150,0
Sunam,281,150,0.7177,0.2267,0.64,0.942,150,0.696,0.97,150,0
Sunam,282,150,0.6781,0.2067,0.678,0.97,150,0.695,0.93,150,0
Sunam,283,150,0.6069,0.18,0.694,0.983,150,0.683,0.915,150,0
Sunam,284,150,0.5735,0.1667,0.705,0.999,150,0.654,0.906,150,0
Sunam,285,150,0.5264,0.1467,0.711,0.999,150,0.608,0.88,150,0
Sunam,286,150,0.4902,0.1333,0.705,0.999,150,0.556,0.84,150,0
Sunam,287,150,0.4827,0.1333,0.699,0.983,150,0.504,0.825,150,0
Sunam,288,150,0.4692,0.1267,0.696,0.97,150,0.484,0.814,150,0
Sunam,289,150,0.4041,0.1133,0.695,0.93,150,0.42,0.789,150,0
Sunam,290,150,0.3862,0.1067,0.683,0.915,150,0.372,0.724,150,0
Sunam,291,150,0.3698,0.1,0.654,0.906,150,0.345,0.642,150,0
Sunam,292,150,0.3565,0.08,0.608,0.88,150,0.259,0.558,150,0
Sunam,293,150,0.3548,0.0733,0.556,0.84,150,0.132,0.504,150,0
Sunam,294,150,0.3508,0.0667,0.504,0.825,150,0.052,0.481,150,0
Sunam,295,150,0.305,0.06,0.484,0.814,150,0.02,0.421,150,0
Sunam,296,150,0.2114,0.04,0.42,0.789,150,0.01,0.355,150,0
Sunam,297,150,0.1671,0.0333,0.372,0.724,150,0.009,0.346,150,0
Sunam,298,150,0.1727,0.0333,0.345,0.642,150,0.007,0.264,150,0
Sunam,299,150,0.1861,0.04,0.259,0.558,150,0.005,0.162,150,0
Sunam,300,150,0.1811,0.04,0.132,0.504,150,0.002,0.07,150,0
Sunam,301,150,0.1887,0.04,0.052,0.481,150,0.0,0.043,150,0
Sunam,302,150,0.189,0.0333,0.02,0.421,150,0.0,0.02,150,0
Sunam,303,150,0.1941,0.0333,0.01,0.355,150,0.0,0.011,150,0
Sunam,304,150,0.1927,0.0333,0.009,0.346,150,0.0,0.009,150,0
Sunam,305,150,0.1926,0.0333,0.007,0.264,150,0.0,0.006,150,0
Sunam,306,150,0.1919,0.0333,0.005,0.162,150,0.0,0.004,150,0
Sunam,307,150,0.1572,0.0267,0.002,0.07,150,0.0,0.001,150,0
Sunam,308,150,0.1382,0.02,0.0,0.043,150,0.0,0.0,150,0
Sunam,309,150,0.1329,0.02,0.0,0.02,150,0.0,0.0,150,0
Sunam,310,150,0.1249,0.0133,0.0,0.011,150,0.0,0.0,150,0
Sunam,311,150,0.1218,0.0133,0.0,0.009,150,0.0,0.0,150,0
Sunam,312,150,0.1268,0.02,0.0,0.006,150,0.0,0.0,150,0
Sunam,313,150,0.132,0.0267,0.0,0.004,150,0.0,0.0,150,0
Sunam,314,150,0.1131,0.02,0.0,0.001,150,0.0,0.002,150,0
Sunam,315,150,0.1104,0.02,0.0,0.0,150,0.0,0.009,150,0
Sunam,316,150,0.0986,0.02,0.0,0.0,150,0.0,0.027,150,0
Sunam,317,150,0.0873,0.02,0.0,0.0,150,0.0,0.029,150,0
Sunam,318,150,0.0805,0.02,0.0,0.0,150,0.0,0.031,150,0
Sunam,319,150,0.0758,0.02,0.0,0.0,150,0.0,0.032,150,0
Sunam,320,150,0.0627,0.0133,0.0,0.0,150,0.0,0.032,150,0
Sunam,321,150,0.0603,0.0133,0.0,0.002,150,0.0,0.032,150,0
Sunam,322,150,0.0532,0.0133,0.0,0.009,150,0.0,0.035,150,0
Sunam,323,150,0.0528,0.0133,0.0,0.027,150,0.0,0.032,150,0
Sunam,324,150,0.0734,0.0267,0.0,0.029,150,0.0,0.032,150,0
Sunam,325,150,0.1773,0.04,0.0,0.031,150,0.0,0.032,150,0
Sunam,326,150,0.1845,0.0467,0.0,0.032,150,0.0,0.027,150,0
Sunam,327,150,0.18,0.0467,0.0,0.032,150,0.0,0.017,150,0
Sunam,328,150,0.1705,0.0467,0.0,0.032,150,0.0,0.014,150,0
Sunam,329,150,0.1885,0.0533,0.0,0.035,150,0.0,0.009,150,0
Sunam,330,150,0.2064,0.06,0.0,0.032,150,0.0,0.02,149,0
Sunam,331,150,0.2242,0.0667,0.0,0.032,150,0.0,0.03,148,0
Sunam,332,150,0.2422,0.0733,0.0,0.032,150,0.0,0.057,147,0
Sunam,333,150,0.2602,0.08,0.0,0.027,150,0.0,0.096,146,0
Sunam,334,150,0.26,0.08,0.0,0.017,150,0.001,0.138,145,0
Sunam,335,150,0.2578,0.08,0.0,0.014,150,0.003,0.251,144,0
Sunam,336,150,0.2529,0.08,0.0,0.009,150,0.005,0.294,143,0
Sunam,337,150,0.2528,0.08,0.0,0.02,149,0.008,0.38,142,0
Sunam,338,150,0.2653,0.0867,0.0,0.03,148,0.02,0.383,141,0
Sunam,339,150,0.2605,0.08,0.0,0.057,147,0.029,0.388,140,0
Sunam,340,150,0.2719,0.0733,0.0,0.096,146,0.032,0.39,139,0
Sunam,341,150,0.3676,0.0867,0.001,0.138,145,0.035,0.395,138,0
Sunam,342,150,0.3708,0.0867,0.003,0.251,144,0.046,0.389,137,0
Sunam,343,150,0.3672,0.08,0.005,0.294,143,0.048,0.388,136,0
Sunam,344,150,0.3492,0.0733,0.008,0.38,142,0.056,0.385,135,0
Sunam,345,150,0.3312,0.0667,0.02,0.383,141,0.048,0.383,135,0
Sunam,346,150,0.3133,0.06,0.029,0.388,140,0.043,0.383,135,0
Sunam,347,150,0.2953,0.0533,0.032,0.39,139,0.038,0.38,135,0
Sunam,348,150,0.2792,0.0467,0.035,0.395,138,0.026,0.286,135,0
Sunam,349,150,0.2792,0.0467,0.046,0.389,137,0.012,0.249,135,0
Sunam,350,150,0.2792,0.0467,0.048,0.388,136,0.012,0.223,135,0
Sunam,351,150,0.2792,0.0467,0.056,0.385,135,0.005,0.213,135,0
Sunam,352,150,0.2792,0.0467,0.048,0.383,135,0.0,0.206,135,0
Sunam,353,150,0.2614,0.04,0.043,0.383,135,0.0,0.213,135,0
Sunam,354,150,0.2421,0.0333,0.038,0.38,135,0.0,0.259,135,0
Sunam,355,150,0.1236,0.0267,0.026,0.286,135,0.0,0.356,135,0
Sunam,356,150,0.0241,0.0067,0.012,0.249,135,0.0,0.74,135,0
Sunam,357,150,0.0273,0.0067,0.012,0.223,135,0.0,0.854,135,0
Sunam,358,150,0.0658,0.0133,0.005,0.213,135,0.0,0.854,135,0
Sunam,359,150,0.069,0.0133,0.0,0.206,135,0.0,0.854,135,0
Sunam,360,150,0.0754,0.0133,0.0,0.208,136,0.0,0.839,136,0
Sunam,361,150,0.0798,0.0133,0.0,0.239,137,0.0,0.82,137,0
Sunam,362,150,0.0859,0.0133,0.0,0.312,138,0.0,0.799,138,0
Sunam,363,150,0.0914,0.0133,0.0,0.713,139,0.0,0.879,139,0
Sunam,364,150,0.1247,0.02,0.0,0.758,140,0.001,0.885,140,0
Sunam,365,150,0.1247,0.02,0.0,0.737,141,0.002,1.0,141,0
Sunam,366,150,0.1256,0.02,0.0,0.717,142,0.002,1.379,142,0
