forecast_date,url,status_code,available,content_length_bytes,content_length_mb,local_file_exists
2009-12-31,https://data.chc.ucsb.edu/products/CHIRPS-GEFS/v3/daily/global/2009/12/31/c3g_2009.12.31.tif,200.0,True,67284246.0,64.17,False
2010-01-01,https://data.chc.ucsb.edu/products/CHIRPS-GEFS/v3/daily/global/2010/01/01/c3g_2010.01.01.tif,200.0,True,67966292.0,64.82,False
2010-01-02,https://data.chc.ucsb.edu/products/CHIRPS-GEFS/v3/daily/global/2010/01/02/c3g_2010.01.02.tif,200.0,True,68501224.0,65.33,False
2010-01-03,https://data.chc.ucsb.edu/products/CHIRPS-GEFS/v3/daily/global/2010/01/03/c3g_2010.01.03.tif,200.0,True,67721490.0,64.58,False
2010-01-04,https://data.chc.ucsb.edu/products/CHIRPS-GEFS/v3/daily/global/2010/01/04/c3g_2010.01.04.tif,200.0,True,66844132.0,63.75,False
2010-01-05,https://data.chc.ucsb.edu/products/CHIRPS-GEFS/v3/daily/global/2010/01/05/c3g_2010.01.05.tif,200.0,True,66948762.0,63.85,False
2010-01-06,https://data.chc.ucsb.edu/products/CHIRPS-GEFS/v3/daily/global/2010/01/06/c3g_2010.01.06.tif,200.0,True,65674160.0,62.63,False
2010-01-07,https://data.chc.ucsb.edu/products/CHIRPS-GEFS/v3/daily/global/2010/01/07/c3g_2010.01.07.tif,200.0,True,67021238.0,63.92,False
2010-01-08,https://data.chc.ucsb.edu/products/CHIRPS-GEFS/v3/daily/global/2010/01/08/c3g_2010.01.08.tif,200.0,True,67181252.0,64.07,False
2010-01-09,https://data.chc.ucsb.edu/products/CHIRPS-GEFS/v3/daily/global/2010/01/09/c3g_2010.01.09.tif,200.0,True,67590314.0,64.46,False
2010-01-10,https://data.chc.ucsb.edu/products/CHIRPS-GEFS/v3/daily/global/2010/01/10/c3g_2010.01.10.tif,200.0,True,67454302.0,64.33,False
2010-01-11,https://data.chc.ucsb.edu/products/CHIRPS-GEFS/v3/daily/global/2010/01/11/c3g_2010.01.11.tif,200.0,True,66938940.0,63.84,False
2010-01-12,https://data.chc.ucsb.edu/products/CHIRPS-GEFS/v3/daily/global/2010/01/12/c3g_2010.01.12.tif,200.0,True,67046780.0,63.94,False
2010-01-13,https://data.chc.ucsb.edu/products/CHIRPS-GEFS/v3/daily/global/2010/01/13/c3g_2010.01.13.tif,200.0,True,67762296.0,64.62,False
2010-01-14,https://data.chc.ucsb.edu/products/CHIRPS-GEFS/v3/daily/global/2010/01/14/c3g_2010.01.14.tif,200.0,True,68010506.0,64.86,False
2010-01-15,https://data.chc.ucsb.edu/products/CHIRPS-GEFS/v3/daily/global/2010/01/15/c3g_2010.01.15.tif,200.0,True,67062576.0,63.96,False
2010-01-16,https://data.chc.ucsb.edu/products/CHIRPS-GEFS/v3/daily/global/2010/01/16/c3g_2010.01.16.tif,200.0,True,73999026.0,70.57,False
2010-01-17,https://data.chc.ucsb.edu/products/CHIRPS-GEFS/v3/daily/global/2010/01/17/c3g_2010.01.17.tif,200.0,True,64325660.0,61.35,False
2010-01-18,https://data.chc.ucsb.edu/products/CHIRPS-GEFS/v3/daily/global/2010/01/18/c3g_2010.01.18.tif,200.0,True,65010578.0,62.0,False
2010-01-19,https://data.chc.ucsb.edu/products/CHIRPS-GEFS/v3/daily/global/2010/01/19/c3g_2010.01.19.tif,200.0,True,66564194.0,63.48,False
2010-01-20,https://data.chc.ucsb.edu/products/CHIRPS-GEFS/v3/daily/global/2010/01/20/c3g_2010.01.20.tif,200.0,True,75980290.0,72.46,False
2010-01-21,https://data.chc.ucsb.edu/products/CHIRPS-GEFS/v3/daily/global/2010/01/21/c3g_2010.01.21.tif,200.0,True,65500852.0,62.47,False
2010-01-22,https://data.chc.ucsb.edu/products/CHIRPS-GEFS/v3/daily/global/2010/01/22/c3g_2010.01.22.tif,200.0,True,65335290.0,62.31,False
2010-01-23,https://data.chc.ucsb.edu/products/CHIRPS-GEFS/v3/daily/global/2010/01/23/c3g_2010.01.23.tif,200.0,True,68592326.0,65.41,False
2010-01-24,https://data.chc.ucsb.edu/products/CHIRPS-GEFS/v3/daily/global/2010/01/24/c3g_2010.01.24.tif,200.0,True,68379574.0,65.21,False
2010-01-25,https://data.chc.ucsb.edu/products/CHIRPS-GEFS/v3/daily/global/2010/01/25/c3g_2010.01.25.tif,200.0,True,67436672.0,64.31,False
2010-01-26,https://data.chc.ucsb.edu/products/CHIRPS-GEFS/v3/daily/global/2010/01/26/c3g_2010.01.26.tif,200.0,True,74925680.0,71.45,False
2010-01-27,https://data.chc.ucsb.edu/products/CHIRPS-GEFS/v3/daily/global/2010/01/27/c3g_2010.01.27.tif,200.0,True,76826532.0,73.27,False
2010-01-28,https://data.chc.ucsb.edu/products/CHIRPS-GEFS/v3/daily/global/2010/01/28/c3g_2010.01.28.tif,200.0,True,68441278.0,65.27,False
2010-01-29,https://data.chc.ucsb.edu/products/CHIRPS-GEFS/v3/daily/global/2010/01/29/c3g_2010.01.29.tif,200.0,True,66065172.0,63.0,False
2010-01-30,https://data.chc.ucsb.edu/products/CHIRPS-GEFS/v3/daily/global/2010/01/30/c3g_2010.01.30.tif,200.0,True,68402758.0,65.23,False
2010-01-31,https://data.chc.ucsb.edu/products/CHIRPS-GEFS/v3/daily/global/2010/01/31/c3g_2010.01.31.tif,200.0,True,67289882.0,64.17,False
2010-02-01,https://data.chc.ucsb.edu/products/CHIRPS-GEFS/v3/daily/global/2010/02/01/c3g_2010.02.01.tif,200.0,True,68538306.0,65.36,False
2010-02-02,https://data.chc.ucsb.edu/products/CHIRPS-GEFS/v3/daily/global/2010/02/02/c3g_2010.02.02.tif,200.0,True,76104510.0,72.58,False
2010-02-03,https://data.chc.ucsb.edu/products/CHIRPS-GEFS/v3/daily/global/2010/02/03/c3g_2010.02.03.tif,200.0,True,66334256.0,63.26,False
2010-02-04,https://data.chc.ucsb.edu/products/CHIRPS-GEFS/v3/daily/global/2010/02/04/c3g_2010.02.04.tif,200.0,True,69086884.0,65.89,False
2010-02-05,https://data.chc.ucsb.edu/products/CHIRPS-GEFS/v3/daily/global/2010/02/05/c3g_2010.02.05.tif,200.0,True,68919640.0,65.73,False
2010-02-06,https://data.chc.ucsb.edu/products/CHIRPS-GEFS/v3/daily/global/2010/02/06/c3g_2010.02.06.tif,200.0,True,66084222.0,63.02,False
2010-02-07,https://data.chc.ucsb.edu/products/CHIRPS-GEFS/v3/daily/global/2010/02/07/c3g_2010.02.07.tif,200.0,True,68734644.0,65.55,False
2010-02-08,https://data.chc.ucsb.edu/products/CHIRPS-GEFS/v3/daily/global/2010/02/08/c3g_2010.02.08.tif,200.0,True,68963728.0,65.77,False
2010-02-09,https://data.chc.ucsb.edu/products/CHIRPS-GEFS/v3/daily/global/2010/02/09/c3g_2010.02.09.tif,200.0,True,67294096.0,64.18,False
2010-02-10,https://data.chc.ucsb.edu/products/CHIRPS-GEFS/v3/daily/global/2010/02/10/c3g_2010.02.10.tif,200.0,True,69052616.0,65.85,False
2010-02-11,https://data.chc.ucsb.edu/products/CHIRPS-GEFS/v3/daily/global/2010/02/11/c3g_2010.02.11.tif,200.0,True,65417374.0,62.39,False
2010-02-12,https://data.chc.ucsb.edu/products/CHIRPS-GEFS/v3/daily/global/2010/02/12/c3g_2010.02.12.tif,200.0,True,65548284.0,62.51,False
2010-02-13,https://data.chc.ucsb.edu/products/CHIRPS-GEFS/v3/daily/global/2010/02/13/c3g_2010.02.13.tif,200.0,True,68624584.0,65.45,False
2010-02-14,https://data.chc.ucsb.edu/products/CHIRPS-GEFS/v3/daily/global/2010/02/14/c3g_2010.02.14.tif,200.0,True,68744702.0,65.56,False
2010-02-15,https://data.chc.ucsb.edu/products/CHIRPS-GEFS/v3/daily/global/2010/02/15/c3g_2010.02.15.tif,200.0,True,76885854.0,73.32,False
2010-02-16,https://data.chc.ucsb.edu/products/CHIRPS-GEFS/v3/daily/global/2010/02/16/c3g_2010.02.16.tif,200.0,True,69207762.0,66.0,False
2010-02-17,https://data.chc.ucsb.edu/products/CHIRPS-GEFS/v3/daily/global/2010/02/17/c3g_2010.02.17.tif,200.0,True,68850628.0,65.66,False
2010-02-18,https://data.chc.ucsb.edu/products/CHIRPS-GEFS/v3/daily/global/2010/02/18/c3g_2010.02.18.tif,200.0,True,66863384.0,63.77,False
2010-02-19,https://data.chc.ucsb.edu/products/CHIRPS-GEFS/v3/daily/global/2010/02/19/c3g_2010.02.19.tif,200.0,True,76705706.0,73.15,False
2010-02-20,https://data.chc.ucsb.edu/products/CHIRPS-GEFS/v3/daily/global/2010/02/20/c3g_2010.02.20.tif,200.0,True,68479446.0,65.31,False
2010-02-21,https://data.chc.ucsb.edu/products/CHIRPS-GEFS/v3/daily/global/2010/02/21/c3g_2010.02.21.tif,200.0,True,68845002.0,65.66,False
2010-02-22,https://data.chc.ucsb.edu/products/CHIRPS-GEFS/v3/daily/global/2010/02/22/c3g_2010.02.22.tif,200.0,True,69329348.0,66.12,False
2010-02-23,https://data.chc.ucsb.edu/products/CHIRPS-GEFS/v3/daily/global/2010/02/23/c3g_2010.02.23.tif,200.0,True,67154798.0,64.04,False
2010-02-24,https://data.chc.ucsb.edu/products/CHIRPS-GEFS/v3/daily/global/2010/02/24/c3g_2010.02.24.tif,200.0,True,69366666.0,66.15,False
2010-02-25,https://data.chc.ucsb.edu/products/CHIRPS-GEFS/v3/daily/global/2010/02/25/c3g_2010.02.25.tif,200.0,True,69419170.0,66.2,False
2010-02-26,https://data.chc.ucsb.edu/products/CHIRPS-GEFS/v3/daily/global/2010/02/26/c3g_2010.02.26.tif,200.0,True,68245742.0,65.08,False
2010-02-27,https://data.chc.ucsb.edu/products/CHIRPS-GEFS/v3/daily/global/2010/02/27/c3g_2010.02.27.tif,200.0,True,69610000.0,66.39,False
2010-02-28,https://data.chc.ucsb.edu/products/CHIRPS-GEFS/v3/daily/global/2010/02/28/c3g_2010.02.28.tif,200.0,True,69105890.0,65.9,False
2010-03-01,https://data.chc.ucsb.edu/products/CHIRPS-GEFS/v3/daily/global/2010/03/01/c3g_2010.03.01.tif,200.0,True,68717328.0,65.53,False
2010-03-02,https://data.chc.ucsb.edu/products/CHIRPS-GEFS/v3/daily/global/2010/03/02/c3g_2010.03.02.tif,200.0,True,69755374.0,66.52,False
2010-03-03,https://data.chc.ucsb.edu/products/CHIRPS-GEFS/v3/daily/global/2010/03/03/c3g_2010.03.03.tif,200.0,True,68562168.0,65.39,False
2010-03-04,https://data.chc.ucsb.edu/products/CHIRPS-GEFS/v3/daily/global/2010/03/04/c3g_2010.03.04.tif,200.0,True,75210420.0,71.73,False
2010-03-05,https://data.chc.ucsb.edu/products/CHIRPS-GEFS/v3/daily/global/2010/03/05/c3g_2010.03.05.tif,200.0,True,75282566.0,71.8,False
2010-03-06,https://data.chc.ucsb.edu/products/CHIRPS-GEFS/v3/daily/global/2010/03/06/c3g_2010.03.06.tif,200.0,True,67046570.0,63.94,False
2010-03-07,https://data.chc.ucsb.edu/products/CHIRPS-GEFS/v3/daily/global/2010/03/07/c3g_2010.03.07.tif,200.0,True,65410626.0,62.38,False
2010-03-08,https://data.chc.ucsb.edu/products/CHIRPS-GEFS/v3/daily/global/2010/03/08/c3g_2010.03.08.tif,200.0,True,75620088.0,72.12,False
2010-03-09,https://data.chc.ucsb.edu/products/CHIRPS-GEFS/v3/daily/global/2010/03/09/c3g_2010.03.09.tif,200.0,True,67832266.0,64.69,False
2010-03-10,https://data.chc.ucsb.edu/products/CHIRPS-GEFS/v3/daily/global/2010/03/10/c3g_2010.03.10.tif,200.0,True,74714088.0,71.25,False
2010-03-11,https://data.chc.ucsb.edu/products/CHIRPS-GEFS/v3/daily/global/2010/03/11/c3g_2010.03.11.tif,200.0,True,64659036.0,61.66,False
2010-03-12,https://data.chc.ucsb.edu/products/CHIRPS-GEFS/v3/daily/global/2010/03/12/c3g_2010.03.12.tif,200.0,True,67903238.0,64.76,False
2010-03-13,https://data.chc.ucsb.edu/products/CHIRPS-GEFS/v3/daily/global/2010/03/13/c3g_2010.03.13.tif,200.0,True,74751398.0,71.29,False
2010-03-14,https://data.chc.ucsb.edu/products/CHIRPS-GEFS/v3/daily/global/2010/03/14/c3g_2010.03.14.tif,200.0,True,68253884.0,65.09,False
2010-03-15,https://data.chc.ucsb.edu/products/CHIRPS-GEFS/v3/daily/global/2010/03/15/c3g_2010.03.15.tif,200.0,True,65901280.0,62.85,False
2010-03-16,https://data.chc.ucsb.edu/products/CHIRPS-GEFS/v3/daily/global/2010/03/16/c3g_2010.03.16.tif,200.0,True,67634602.0,64.5,False
2010-03-17,https://data.chc.ucsb.edu/products/CHIRPS-GEFS/v3/daily/global/2010/03/17/c3g_2010.03.17.tif,200.0,True,68351550.0,65.19,False
2010-03-18,https://data.chc.ucsb.edu/products/CHIRPS-GEFS/v3/daily/global/2010/03/18/c3g_2010.03.18.tif,200.0,True,67767752.0,64.63,False
2010-03-19,https://data.chc.ucsb.edu/products/CHIRPS-GEFS/v3/daily/global/2010/03/19/c3g_2010.03.19.tif,200.0,True,67284688.0,64.17,False
2010-03-20,https://data.chc.ucsb.edu/products/CHIRPS-GEFS/v3/daily/global/2010/03/20/c3g_2010.03.20.tif,200.0,True,74951184.0,71.48,False
2010-03-21,https://data.chc.ucsb.edu/products/CHIRPS-GEFS/v3/daily/global/2010/03/21/c3g_2010.03.21.tif,200.0,True,65959786.0,62.9,False
2010-03-22,https://data.chc.ucsb.edu/products/CHIRPS-GEFS/v3/daily/global/2010/03/22/c3g_2010.03.22.tif,200.0,True,74835876.0,71.37,False
2010-03-23,https://data.chc.ucsb.edu/products/CHIRPS-GEFS/v3/daily/global/2010/03/23/c3g_2010.03.23.tif,200.0,True,67794444.0,64.65,False
2010-03-24,https://data.chc.ucsb.edu/products/CHIRPS-GEFS/v3/daily/global/2010/03/24/c3g_2010.03.24.tif,200.0,True,74611496.0,71.16,False
2010-03-25,https://data.chc.ucsb.edu/products/CHIRPS-GEFS/v3/daily/global/2010/03/25/c3g_2010.03.25.tif,200.0,True,66138258.0,63.07,False
2010-03-26,https://data.chc.ucsb.edu/products/CHIRPS-GEFS/v3/daily/global/2010/03/26/c3g_2010.03.26.tif,200.0,True,73953656.0,70.53,False
2010-03-27,https://data.chc.ucsb.edu/products/CHIRPS-GEFS/v3/daily/global/2010/03/27/c3g_2010.03.27.tif,200.0,True,67550232.0,64.42,False
2010-03-28,https://data.chc.ucsb.edu/products/CHIRPS-GEFS/v3/daily/global/2010/03/28/c3g_2010.03.28.tif,200.0,True,68031928.0,64.88,False
2010-03-29,https://data.chc.ucsb.edu/products/CHIRPS-GEFS/v3/daily/global/2010/03/29/c3g_2010.03.29.tif,200.0,True,68352116.0,65.19,False
2010-03-30,https://data.chc.ucsb.edu/products/CHIRPS-GEFS/v3/daily/global/2010/03/30/c3g_2010.03.30.tif,200.0,True,67402452.0,64.28,False
2010-03-31,https://data.chc.ucsb.edu/products/CHIRPS-GEFS/v3/daily/global/2010/03/31/c3g_2010.03.31.tif,200.0,True,68358726.0,65.19,False
2010-04-01,https://data.chc.ucsb.edu/products/CHIRPS-GEFS/v3/daily/global/2010/04/01/c3g_2010.04.01.tif,200.0,True,69079086.0,65.88,False
2010-04-02,https://data.chc.ucsb.edu/products/CHIRPS-GEFS/v3/daily/global/2010/04/02/c3g_2010.04.02.tif,200.0,True,75949208.0,72.43,False
2010-04-03,https://data.chc.ucsb.edu/products/CHIRPS-GEFS/v3/daily/global/2010/04/03/c3g_2010.04.03.tif,200.0,True,67455490.0,64.33,False
2010-04-04,https://data.chc.ucsb.edu/products/CHIRPS-GEFS/v3/daily/global/2010/04/04/c3g_2010.04.04.tif,200.0,True,70027680.0,66.78,False
2010-04-05,https://data.chc.ucsb.edu/products/CHIRPS-GEFS/v3/daily/global/2010/04/05/c3g_2010.04.05.tif,200.0,True,68995230.0,65.8,False
2010-04-06,https://data.chc.ucsb.edu/products/CHIRPS-GEFS/v3/daily/global/2010/04/06/c3g_2010.04.06.tif,200.0,True,69901748.0,66.66,False
2010-04-07,https://data.chc.ucsb.edu/products/CHIRPS-GEFS/v3/daily/global/2010/04/07/c3g_2010.04.07.tif,200.0,True,69473802.0,66.26,False
2010-04-08,https://data.chc.ucsb.edu/products/CHIRPS-GEFS/v3/daily/global/2010/04/08/c3g_2010.04.08.tif,200.0,True,66061090.0,63.0,False
2010-04-09,https://data.chc.ucsb.edu/products/CHIRPS-GEFS/v3/daily/global/2010/04/09/c3g_2010.04.09.tif,200.0,True,77025806.0,73.46,False
2010-04-10,https://data.chc.ucsb.edu/products/CHIRPS-GEFS/v3/daily/global/2010/04/10/c3g_2010.04.10.tif,200.0,True,69350556.0,66.14,False
2010-04-11,https://data.chc.ucsb.edu/products/CHIRPS-GEFS/v3/daily/global/2010/04/11/c3g_2010.04.11.tif,200.0,True,77239398.0,73.66,False
2010-04-12,https://data.chc.ucsb.edu/products/CHIRPS-GEFS/v3/daily/global/2010/04/12/c3g_2010.04.12.tif,200.0,True,69869064.0,66.63,False
2010-04-13,https://data.chc.ucsb.edu/products/CHIRPS-GEFS/v3/daily/global/2010/04/13/c3g_2010.04.13.tif,200.0,True,68304948.0,65.14,False
2010-04-14,https://data.chc.ucsb.edu/products/CHIRPS-GEFS/v3/daily/global/2010/04/14/c3g_2010.04.14.tif,200.0,True,69998956.0,66.76,False
2010-04-15,https://data.chc.ucsb.edu/products/CHIRPS-GEFS/v3/daily/global/2010/04/15/c3g_2010.04.15.tif,200.0,True,70536568.0,67.27,False
2010-04-16,https://data.chc.ucsb.edu/products/CHIRPS-GEFS/v3/daily/global/2010/04/16/c3g_2010.04.16.tif,200.0,True,69908608.0,66.67,False
2010-04-17,https://data.chc.ucsb.edu/products/CHIRPS-GEFS/v3/daily/global/2010/04/17/c3g_2010.04.17.tif,200.0,True,70604012.0,67.33,False
2010-04-18,https://data.chc.ucsb.edu/products/CHIRPS-GEFS/v3/daily/global/2010/04/18/c3g_2010.04.18.tif,200.0,True,71065194.0,67.77,False
2010-04-19,https://data.chc.ucsb.edu/products/CHIRPS-GEFS/v3/daily/global/2010/04/19/c3g_2010.04.19.tif,200.0,True,72093826.0,68.75,False
2010-04-20,https://data.chc.ucsb.edu/products/CHIRPS-GEFS/v3/daily/global/2010/04/20/c3g_2010.04.20.tif,200.0,True,72085582.0,68.75,False
2010-04-21,https://data.chc.ucsb.edu/products/CHIRPS-GEFS/v3/daily/global/2010/04/21/c3g_2010.04.21.tif,200.0,True,71749106.0,68.43,False
2010-04-22,https://data.chc.ucsb.edu/products/CHIRPS-GEFS/v3/daily/global/2010/04/22/c3g_2010.04.22.tif,200.0,True,68531816.0,65.36,False
2010-04-23,https://data.chc.ucsb.edu/products/CHIRPS-GEFS/v3/daily/global/2010/04/23/c3g_2010.04.23.tif,200.0,True,71456514.0,68.15,False
2010-04-24,https://data.chc.ucsb.edu/products/CHIRPS-GEFS/v3/daily/global/2010/04/24/c3g_2010.04.24.tif,200.0,True,71423426.0,68.11,False
2010-04-25,https://data.chc.ucsb.edu/products/CHIRPS-GEFS/v3/daily/global/2010/04/25/c3g_2010.04.25.tif,200.0,True,70863876.0,67.58,False
2010-04-26,https://data.chc.ucsb.edu/products/CHIRPS-GEFS/v3/daily/global/2010/04/26/c3g_2010.04.26.tif,200.0,True,75968498.0,72.45,False
2010-04-27,https://data.chc.ucsb.edu/products/CHIRPS-GEFS/v3/daily/global/2010/04/27/c3g_2010.04.27.tif,200.0,True,68912488.0,65.72,False
2010-04-28,https://data.chc.ucsb.edu/products/CHIRPS-GEFS/v3/daily/global/2010/04/28/c3g_2010.04.28.tif,200.0,True,71436636.0,68.13,False
2010-04-29,https://data.chc.ucsb.edu/products/CHIRPS-GEFS/v3/daily/global/2010/04/29/c3g_2010.04.29.tif,200.0,True,70836278.0,67.55,False
2010-04-30,https://data.chc.ucsb.edu/products/CHIRPS-GEFS/v3/daily/global/2010/04/30/c3g_2010.04.30.tif,200.0,True,71782656.0,68.46,False
2010-05-01,https://data.chc.ucsb.edu/products/CHIRPS-GEFS/v3/daily/global/2010/05/01/c3g_2010.05.01.tif,200.0,True,71381328.0,68.07,False
2010-05-02,https://data.chc.ucsb.edu/products/CHIRPS-GEFS/v3/daily/global/2010/05/02/c3g_2010.05.02.tif,200.0,True,67941174.0,64.79,False
2010-05-03,https://data.chc.ucsb.edu/products/CHIRPS-GEFS/v3/daily/global/2010/05/03/c3g_2010.05.03.tif,200.0,True,75869648.0,72.35,False
2010-05-04,https://data.chc.ucsb.edu/products/CHIRPS-GEFS/v3/daily/global/2010/05/04/c3g_2010.05.04.tif,200.0,True,70987462.0,67.7,False
2010-05-05,https://data.chc.ucsb.edu/products/CHIRPS-GEFS/v3/daily/global/2010/05/05/c3g_2010.05.05.tif,200.0,True,69842866.0,66.61,False
2010-05-06,https://data.chc.ucsb.edu/products/CHIRPS-GEFS/v3/daily/global/2010/05/06/c3g_2010.05.06.tif,200.0,True,67180542.0,64.07,False
2010-05-07,https://data.chc.ucsb.edu/products/CHIRPS-GEFS/v3/daily/global/2010/05/07/c3g_2010.05.07.tif,200.0,True,67012250.0,63.91,False
2010-05-08,https://data.chc.ucsb.edu/products/CHIRPS-GEFS/v3/daily/global/2010/05/08/c3g_2010.05.08.tif,200.0,True,67430838.0,64.31,False
2010-05-09,https://data.chc.ucsb.edu/products/CHIRPS-GEFS/v3/daily/global/2010/05/09/c3g_2010.05.09.tif,200.0,True,69040248.0,65.84,False
2010-05-10,https://data.chc.ucsb.edu/products/CHIRPS-GEFS/v3/daily/global/2010/05/10/c3g_2010.05.10.tif,200.0,True,75148562.0,71.67,False
2010-05-11,https://data.chc.ucsb.edu/products/CHIRPS-GEFS/v3/daily/global/2010/05/11/c3g_2010.05.11.tif,200.0,True,67226790.0,64.11,False
2010-05-12,https://data.chc.ucsb.edu/products/CHIRPS-GEFS/v3/daily/global/2010/05/12/c3g_2010.05.12.tif,200.0,True,69960210.0,66.72,False
2010-05-13,https://data.chc.ucsb.edu/products/CHIRPS-GEFS/v3/daily/global/2010/05/13/c3g_2010.05.13.tif,200.0,True,75644456.0,72.14,False
2010-05-14,https://data.chc.ucsb.edu/products/CHIRPS-GEFS/v3/daily/global/2010/05/14/c3g_2010.05.14.tif,200.0,True,67333068.0,64.21,False
2010-05-15,https://data.chc.ucsb.edu/products/CHIRPS-GEFS/v3/daily/global/2010/05/15/c3g_2010.05.15.tif,200.0,True,68578050.0,65.4,False
2010-05-16,https://data.chc.ucsb.edu/products/CHIRPS-GEFS/v3/daily/global/2010/05/16/c3g_2010.05.16.tif,200.0,True,68152586.0,65.0,False
2010-05-17,https://data.chc.ucsb.edu/products/CHIRPS-GEFS/v3/daily/global/2010/05/17/c3g_2010.05.17.tif,200.0,True,71153936.0,67.86,False
2010-05-18,https://data.chc.ucsb.edu/products/CHIRPS-GEFS/v3/daily/global/2010/05/18/c3g_2010.05.18.tif,200.0,True,67685462.0,64.55,False
2010-05-19,https://data.chc.ucsb.edu/products/CHIRPS-GEFS/v3/daily/global/2010/05/19/c3g_2010.05.19.tif,200.0,True,76738470.0,73.18,False
2010-05-20,https://data.chc.ucsb.edu/products/CHIRPS-GEFS/v3/daily/global/2010/05/20/c3g_2010.05.20.tif,200.0,True,67497942.0,64.37,False
2010-05-21,https://data.chc.ucsb.edu/products/CHIRPS-GEFS/v3/daily/global/2010/05/21/c3g_2010.05.21.tif,200.0,True,75822368.0,72.31,False
2010-05-22,https://data.chc.ucsb.edu/products/CHIRPS-GEFS/v3/daily/global/2010/05/22/c3g_2010.05.22.tif,200.0,True,71635838.0,68.32,False
2010-05-23,https://data.chc.ucsb.edu/products/CHIRPS-GEFS/v3/daily/global/2010/05/23/c3g_2010.05.23.tif,200.0,True,68358112.0,65.19,False
2010-05-24,https://data.chc.ucsb.edu/products/CHIRPS-GEFS/v3/daily/global/2010/05/24/c3g_2010.05.24.tif,200.0,True,68513364.0,65.34,False
2010-05-25,https://data.chc.ucsb.edu/products/CHIRPS-GEFS/v3/daily/global/2010/05/25/c3g_2010.05.25.tif,200.0,True,76342752.0,72.81,False
2010-05-26,https://data.chc.ucsb.edu/products/CHIRPS-GEFS/v3/daily/global/2010/05/26/c3g_2010.05.26.tif,200.0,True,70538862.0,67.27,False
2010-05-27,https://data.chc.ucsb.edu/products/CHIRPS-GEFS/v3/daily/global/2010/05/27/c3g_2010.05.27.tif,200.0,True,71215666.0,67.92,False
2010-05-28,https://data.chc.ucsb.edu/products/CHIRPS-GEFS/v3/daily/global/2010/05/28/c3g_2010.05.28.tif,200.0,True,71766834.0,68.44,False
2010-05-29,https://data.chc.ucsb.edu/products/CHIRPS-GEFS/v3/daily/global/2010/05/29/c3g_2010.05.29.tif,200.0,True,71041330.0,67.75,False
2010-05-30,https://data.chc.ucsb.edu/products/CHIRPS-GEFS/v3/daily/global/2010/05/30/c3g_2010.05.30.tif,200.0,True,71054768.0,67.76,False
2010-05-31,https://data.chc.ucsb.edu/products/CHIRPS-GEFS/v3/daily/global/2010/05/31/c3g_2010.05.31.tif,200.0,True,67661118.0,64.53,False
2010-06-01,https://data.chc.ucsb.edu/products/CHIRPS-GEFS/v3/daily/global/2010/06/01/c3g_2010.06.01.tif,200.0,True,65650908.0,62.61,False
2010-06-02,https://data.chc.ucsb.edu/products/CHIRPS-GEFS/v3/daily/global/2010/06/02/c3g_2010.06.02.tif,200.0,True,66948226.0,63.85,False
2010-06-03,https://data.chc.ucsb.edu/products/CHIRPS-GEFS/v3/daily/global/2010/06/03/c3g_2010.06.03.tif,200.0,True,67109178.0,64.0,False
2010-06-04,https://data.chc.ucsb.edu/products/CHIRPS-GEFS/v3/daily/global/2010/06/04/c3g_2010.06.04.tif,200.0,True,67568440.0,64.44,False
2010-06-05,https://data.chc.ucsb.edu/products/CHIRPS-GEFS/v3/daily/global/2010/06/05/c3g_2010.06.05.tif,200.0,True,70777480.0,67.5,False
2010-06-06,https://data.chc.ucsb.edu/products/CHIRPS-GEFS/v3/daily/global/2010/06/06/c3g_2010.06.06.tif,200.0,True,70467682.0,67.2,False
2010-06-07,https://data.chc.ucsb.edu/products/CHIRPS-GEFS/v3/daily/global/2010/06/07/c3g_2010.06.07.tif,200.0,True,76216328.0,72.69,False
2010-06-08,https://data.chc.ucsb.edu/products/CHIRPS-GEFS/v3/daily/global/2010/06/08/c3g_2010.06.08.tif,200.0,True,71273606.0,67.97,False
2010-06-09,https://data.chc.ucsb.edu/products/CHIRPS-GEFS/v3/daily/global/2010/06/09/c3g_2010.06.09.tif,200.0,True,72332748.0,68.98,False
2010-06-10,https://data.chc.ucsb.edu/products/CHIRPS-GEFS/v3/daily/global/2010/06/10/c3g_2010.06.10.tif,200.0,True,69739992.0,66.51,False
2010-06-11,https://data.chc.ucsb.edu/products/CHIRPS-GEFS/v3/daily/global/2010/06/11/c3g_2010.06.11.tif,200.0,True,71673012.0,68.35,False
2010-06-12,https://data.chc.ucsb.edu/products/CHIRPS-GEFS/v3/daily/global/2010/06/12/c3g_2010.06.12.tif,200.0,True,71189778.0,67.89,False
2010-06-13,https://data.chc.ucsb.edu/products/CHIRPS-GEFS/v3/daily/global/2010/06/13/c3g_2010.06.13.tif,200.0,True,76137472.0,72.61,False
2010-06-14,https://data.chc.ucsb.edu/products/CHIRPS-GEFS/v3/daily/global/2010/06/14/c3g_2010.06.14.tif,200.0,True,70859534.0,67.58,False
2010-06-15,https://data.chc.ucsb.edu/products/CHIRPS-GEFS/v3/daily/global/2010/06/15/c3g_2010.06.15.tif,200.0,True,69606210.0,66.38,False
2010-06-16,https://data.chc.ucsb.edu/products/CHIRPS-GEFS/v3/daily/global/2010/06/16/c3g_2010.06.16.tif,200.0,True,71366944.0,68.06,False
2010-06-17,https://data.chc.ucsb.edu/products/CHIRPS-GEFS/v3/daily/global/2010/06/17/c3g_2010.06.17.tif,200.0,True,70964518.0,67.68,False
2010-06-18,https://data.chc.ucsb.edu/products/CHIRPS-GEFS/v3/daily/global/2010/06/18/c3g_2010.06.18.tif,200.0,True,70651592.0,67.38,False
2010-06-19,https://data.chc.ucsb.edu/products/CHIRPS-GEFS/v3/daily/global/2010/06/19/c3g_2010.06.19.tif,200.0,True,70943580.0,67.66,False
2010-06-20,https://data.chc.ucsb.edu/products/CHIRPS-GEFS/v3/daily/global/2010/06/20/c3g_2010.06.20.tif,200.0,True,75948642.0,72.43,False
2010-06-21,https://data.chc.ucsb.edu/products/CHIRPS-GEFS/v3/daily/global/2010/06/21/c3g_2010.06.21.tif,200.0,True,71079764.0,67.79,False
2010-06-22,https://data.chc.ucsb.edu/products/CHIRPS-GEFS/v3/daily/global/2010/06/22/c3g_2010.06.22.tif,200.0,True,67006000.0,63.9,False
2010-06-23,https://data.chc.ucsb.edu/products/CHIRPS-GEFS/v3/daily/global/2010/06/23/c3g_2010.06.23.tif,200.0,True,70809136.0,67.53,False
2010-06-24,https://data.chc.ucsb.edu/products/CHIRPS-GEFS/v3/daily/global/2010/06/24/c3g_2010.06.24.tif,200.0,True,67875144.0,64.73,False
2010-06-25,https://data.chc.ucsb.edu/products/CHIRPS-GEFS/v3/daily/global/2010/06/25/c3g_2010.06.25.tif,200.0,True,71144740.0,67.85,False
2010-06-26,https://data.chc.ucsb.edu/products/CHIRPS-GEFS/v3/daily/global/2010/06/26/c3g_2010.06.26.tif,200.0,True,76601582.0,73.05,False
2010-06-27,https://data.chc.ucsb.edu/products/CHIRPS-GEFS/v3/daily/global/2010/06/27/c3g_2010.06.27.tif,200.0,True,76126212.0,72.6,False
2010-06-28,https://data.chc.ucsb.edu/products/CHIRPS-GEFS/v3/daily/global/2010/06/28/c3g_2010.06.28.tif,200.0,True,68149974.0,64.99,False
2010-06-29,https://data.chc.ucsb.edu/products/CHIRPS-GEFS/v3/daily/global/2010/06/29/c3g_2010.06.29.tif,200.0,True,71418806.0,68.11,False
2010-06-30,https://data.chc.ucsb.edu/products/CHIRPS-GEFS/v3/daily/global/2010/06/30/c3g_2010.06.30.tif,200.0,True,76226124.0,72.69,False
2010-07-01,https://data.chc.ucsb.edu/products/CHIRPS-GEFS/v3/daily/global/2010/07/01/c3g_2010.07.01.tif,200.0,True,68510350.0,65.34,False
2010-07-02,https://data.chc.ucsb.edu/products/CHIRPS-GEFS/v3/daily/global/2010/07/02/c3g_2010.07.02.tif,200.0,True,71205708.0,67.91,False
2010-07-03,https://data.chc.ucsb.edu/products/CHIRPS-GEFS/v3/daily/global/2010/07/03/c3g_2010.07.03.tif,200.0,True,68248926.0,65.09,False
2010-07-04,https://data.chc.ucsb.edu/products/CHIRPS-GEFS/v3/daily/global/2010/07/04/c3g_2010.07.04.tif,200.0,True,78964624.0,75.31,False
2010-07-05,https://data.chc.ucsb.edu/products/CHIRPS-GEFS/v3/daily/global/2010/07/05/c3g_2010.07.05.tif,200.0,True,69638464.0,66.41,False
2010-07-06,https://data.chc.ucsb.edu/products/CHIRPS-GEFS/v3/daily/global/2010/07/06/c3g_2010.07.06.tif,200.0,True,72173172.0,68.83,False
2010-07-07,https://data.chc.ucsb.edu/products/CHIRPS-GEFS/v3/daily/global/2010/07/07/c3g_2010.07.07.tif,200.0,True,72332476.0,68.98,False
2010-07-08,https://data.chc.ucsb.edu/products/CHIRPS-GEFS/v3/daily/global/2010/07/08/c3g_2010.07.08.tif,200.0,True,71777364.0,68.45,False
2010-07-09,https://data.chc.ucsb.edu/products/CHIRPS-GEFS/v3/daily/global/2010/07/09/c3g_2010.07.09.tif,200.0,True,72022276.0,68.69,False
2010-07-10,https://data.chc.ucsb.edu/products/CHIRPS-GEFS/v3/daily/global/2010/07/10/c3g_2010.07.10.tif,200.0,True,71548924.0,68.23,False
2010-07-11,https://data.chc.ucsb.edu/products/CHIRPS-GEFS/v3/daily/global/2010/07/11/c3g_2010.07.11.tif,200.0,True,72465926.0,69.11,False
2010-07-12,https://data.chc.ucsb.edu/products/CHIRPS-GEFS/v3/daily/global/2010/07/12/c3g_2010.07.12.tif,200.0,True,72869870.0,69.49,False
2010-07-13,https://data.chc.ucsb.edu/products/CHIRPS-GEFS/v3/daily/global/2010/07/13/c3g_2010.07.13.tif,200.0,True,72465152.0,69.11,False
2010-07-14,https://data.chc.ucsb.edu/products/CHIRPS-GEFS/v3/daily/global/2010/07/14/c3g_2010.07.14.tif,200.0,True,73042562.0,69.66,False
2010-07-15,https://data.chc.ucsb.edu/products/CHIRPS-GEFS/v3/daily/global/2010/07/15/c3g_2010.07.15.tif,200.0,True,71828194.0,68.5,False
2010-07-16,https://data.chc.ucsb.edu/products/CHIRPS-GEFS/v3/daily/global/2010/07/16/c3g_2010.07.16.tif,200.0,True,76878422.0,73.32,False
2010-07-17,https://data.chc.ucsb.edu/products/CHIRPS-GEFS/v3/daily/global/2010/07/17/c3g_2010.07.17.tif,200.0,True,76886802.0,73.32,False
2010-07-18,https://data.chc.ucsb.edu/products/CHIRPS-GEFS/v3/daily/global/2010/07/18/c3g_2010.07.18.tif,200.0,True,68479770.0,65.31,False
2010-07-19,https://data.chc.ucsb.edu/products/CHIRPS-GEFS/v3/daily/global/2010/07/19/c3g_2010.07.19.tif,200.0,True,68100000.0,64.95,False
2010-07-20,https://data.chc.ucsb.edu/products/CHIRPS-GEFS/v3/daily/global/2010/07/20/c3g_2010.07.20.tif,200.0,True,68244562.0,65.08,False
2010-07-21,https://data.chc.ucsb.edu/products/CHIRPS-GEFS/v3/daily/global/2010/07/21/c3g_2010.07.21.tif,200.0,True,69123514.0,65.92,False
2010-07-22,https://data.chc.ucsb.edu/products/CHIRPS-GEFS/v3/daily/global/2010/07/22/c3g_2010.07.22.tif,200.0,True,77031620.0,73.46,False
2010-07-23,https://data.chc.ucsb.edu/products/CHIRPS-GEFS/v3/daily/global/2010/07/23/c3g_2010.07.23.tif,200.0,True,72199780.0,68.86,False
2010-07-24,https://data.chc.ucsb.edu/products/CHIRPS-GEFS/v3/daily/global/2010/07/24/c3g_2010.07.24.tif,200.0,True,71818514.0,68.49,False
2010-07-25,https://data.chc.ucsb.edu/products/CHIRPS-GEFS/v3/daily/global/2010/07/25/c3g_2010.07.25.tif,200.0,True,68761900.0,65.58,False
2010-07-26,https://data.chc.ucsb.edu/products/CHIRPS-GEFS/v3/daily/global/2010/07/26/c3g_2010.07.26.tif,200.0,True,72013782.0,68.68,False
2010-07-27,https://data.chc.ucsb.edu/products/CHIRPS-GEFS/v3/daily/global/2010/07/27/c3g_2010.07.27.tif,200.0,True,68931064.0,65.74,False
2010-07-28,https://data.chc.ucsb.edu/products/CHIRPS-GEFS/v3/daily/global/2010/07/28/c3g_2010.07.28.tif,200.0,True,76876062.0,73.31,False
2010-07-29,https://data.chc.ucsb.edu/products/CHIRPS-GEFS/v3/daily/global/2010/07/29/c3g_2010.07.29.tif,200.0,True,72667868.0,69.3,False
2010-07-30,https://data.chc.ucsb.edu/products/CHIRPS-GEFS/v3/daily/global/2010/07/30/c3g_2010.07.30.tif,200.0,True,72363594.0,69.01,False
2010-07-31,https://data.chc.ucsb.edu/products/CHIRPS-GEFS/v3/daily/global/2010/07/31/c3g_2010.07.31.tif,200.0,True,72063622.0,68.73,False
2010-08-01,https://data.chc.ucsb.edu/products/CHIRPS-GEFS/v3/daily/global/2010/08/01/c3g_2010.08.01.tif,200.0,True,71693306.0,68.37,False
2010-08-02,https://data.chc.ucsb.edu/products/CHIRPS-GEFS/v3/daily/global/2010/08/02/c3g_2010.08.02.tif,200.0,True,70781650.0,67.5,False
2010-08-03,https://data.chc.ucsb.edu/products/CHIRPS-GEFS/v3/daily/global/2010/08/03/c3g_2010.08.03.tif,200.0,True,70468860.0,67.2,False
2010-08-04,https://data.chc.ucsb.edu/products/CHIRPS-GEFS/v3/daily/global/2010/08/04/c3g_2010.08.04.tif,200.0,True,70500824.0,67.23,False
2010-08-05,https://data.chc.ucsb.edu/products/CHIRPS-GEFS/v3/daily/global/2010/08/05/c3g_2010.08.05.tif,200.0,True,67278676.0,64.16,False
2010-08-06,https://data.chc.ucsb.edu/products/CHIRPS-GEFS/v3/daily/global/2010/08/06/c3g_2010.08.06.tif,200.0,True,76263938.0,72.73,False
2010-08-07,https://data.chc.ucsb.edu/products/CHIRPS-GEFS/v3/daily/global/2010/08/07/c3g_2010.08.07.tif,200.0,True,68193450.0,65.03,False
2010-08-08,https://data.chc.ucsb.edu/products/CHIRPS-GEFS/v3/daily/global/2010/08/08/c3g_2010.08.08.tif,200.0,True,71193974.0,67.9,False
2010-08-09,https://data.chc.ucsb.edu/products/CHIRPS-GEFS/v3/daily/global/2010/08/09/c3g_2010.08.09.tif,200.0,True,76799780.0,73.24,False
2010-08-10,https://data.chc.ucsb.edu/products/CHIRPS-GEFS/v3/daily/global/2010/08/10/c3g_2010.08.10.tif,200.0,True,71790758.0,68.47,False
2010-08-11,https://data.chc.ucsb.edu/products/CHIRPS-GEFS/v3/daily/global/2010/08/11/c3g_2010.08.11.tif,200.0,True,71446532.0,68.14,False
2010-08-12,https://data.chc.ucsb.edu/products/CHIRPS-GEFS/v3/daily/global/2010/08/12/c3g_2010.08.12.tif,200.0,True,71856490.0,68.53,False
2010-08-13,https://data.chc.ucsb.edu/products/CHIRPS-GEFS/v3/daily/global/2010/08/13/c3g_2010.08.13.tif,200.0,True,71519820.0,68.21,False
2010-08-14,https://data.chc.ucsb.edu/products/CHIRPS-GEFS/v3/daily/global/2010/08/14/c3g_2010.08.14.tif,200.0,True,71026968.0,67.74,False
2010-08-15,https://data.chc.ucsb.edu/products/CHIRPS-GEFS/v3/daily/global/2010/08/15/c3g_2010.08.15.tif,200.0,True,66061318.0,63.0,False
2010-08-16,https://data.chc.ucsb.edu/products/CHIRPS-GEFS/v3/daily/global/2010/08/16/c3g_2010.08.16.tif,200.0,True,75866090.0,72.35,False
2010-08-17,https://data.chc.ucsb.edu/products/CHIRPS-GEFS/v3/daily/global/2010/08/17/c3g_2010.08.17.tif,200.0,True,71356404.0,68.05,False
2010-08-18,https://data.chc.ucsb.edu/products/CHIRPS-GEFS/v3/daily/global/2010/08/18/c3g_2010.08.18.tif,200.0,True,70830428.0,67.55,False
2010-08-19,https://data.chc.ucsb.edu/products/CHIRPS-GEFS/v3/daily/global/2010/08/19/c3g_2010.08.19.tif,200.0,True,71028902.0,67.74,False
2010-08-20,https://data.chc.ucsb.edu/products/CHIRPS-GEFS/v3/daily/global/2010/08/20/c3g_2010.08.20.tif,200.0,True,76419574.0,72.88,False
2010-08-21,https://data.chc.ucsb.edu/products/CHIRPS-GEFS/v3/daily/global/2010/08/21/c3g_2010.08.21.tif,200.0,True,70773380.0,67.49,False
2010-08-22,https://data.chc.ucsb.edu/products/CHIRPS-GEFS/v3/daily/global/2010/08/22/c3g_2010.08.22.tif,200.0,True,71169836.0,67.87,False
2010-08-23,https://data.chc.ucsb.edu/products/CHIRPS-GEFS/v3/daily/global/2010/08/23/c3g_2010.08.23.tif,200.0,True,76380822.0,72.84,False
2010-08-24,https://data.chc.ucsb.edu/products/CHIRPS-GEFS/v3/daily/global/2010/08/24/c3g_2010.08.24.tif,200.0,True,77602094.0,74.01,False
2010-08-25,https://data.chc.ucsb.edu/products/CHIRPS-GEFS/v3/daily/global/2010/08/25/c3g_2010.08.25.tif,200.0,True,66985634.0,63.88,False
2010-08-26,https://data.chc.ucsb.edu/products/CHIRPS-GEFS/v3/daily/global/2010/08/26/c3g_2010.08.26.tif,200.0,True,69668986.0,66.44,False
2010-08-27,https://data.chc.ucsb.edu/products/CHIRPS-GEFS/v3/daily/global/2010/08/27/c3g_2010.08.27.tif,200.0,True,69797706.0,66.56,False
2010-08-28,https://data.chc.ucsb.edu/products/CHIRPS-GEFS/v3/daily/global/2010/08/28/c3g_2010.08.28.tif,200.0,True,76467550.0,72.93,False
2010-08-29,https://data.chc.ucsb.edu/products/CHIRPS-GEFS/v3/daily/global/2010/08/29/c3g_2010.08.29.tif,200.0,True,70915278.0,67.63,False
2010-08-30,https://data.chc.ucsb.edu/products/CHIRPS-GEFS/v3/daily/global/2010/08/30/c3g_2010.08.30.tif,200.0,True,71322868.0,68.02,False
2010-08-31,https://data.chc.ucsb.edu/products/CHIRPS-GEFS/v3/daily/global/2010/08/31/c3g_2010.08.31.tif,200.0,True,68631572.0,65.45,False
2010-09-01,https://data.chc.ucsb.edu/products/CHIRPS-GEFS/v3/daily/global/2010/09/01/c3g_2010.09.01.tif,200.0,True,68855232.0,65.67,False
2010-09-02,https://data.chc.ucsb.edu/products/CHIRPS-GEFS/v3/daily/global/2010/09/02/c3g_2010.09.02.tif,200.0,True,77331010.0,73.75,False
2010-09-03,https://data.chc.ucsb.edu/products/CHIRPS-GEFS/v3/daily/global/2010/09/03/c3g_2010.09.03.tif,200.0,True,71305698.0,68.0,False
2010-09-04,https://data.chc.ucsb.edu/products/CHIRPS-GEFS/v3/daily/global/2010/09/04/c3g_2010.09.04.tif,200.0,True,68160378.0,65.0,False
2010-09-05,https://data.chc.ucsb.edu/products/CHIRPS-GEFS/v3/daily/global/2010/09/05/c3g_2010.09.05.tif,200.0,True,71598592.0,68.28,False
2010-09-06,https://data.chc.ucsb.edu/products/CHIRPS-GEFS/v3/daily/global/2010/09/06/c3g_2010.09.06.tif,200.0,True,76744050.0,73.19,False
2010-09-07,https://data.chc.ucsb.edu/products/CHIRPS-GEFS/v3/daily/global/2010/09/07/c3g_2010.09.07.tif,200.0,True,76767440.0,73.21,False
2010-09-08,https://data.chc.ucsb.edu/products/CHIRPS-GEFS/v3/daily/global/2010/09/08/c3g_2010.09.08.tif,200.0,True,72575174.0,69.21,False
2010-09-09,https://data.chc.ucsb.edu/products/CHIRPS-GEFS/v3/daily/global/2010/09/09/c3g_2010.09.09.tif,200.0,True,72693578.0,69.33,False
2010-09-10,https://data.chc.ucsb.edu/products/CHIRPS-GEFS/v3/daily/global/2010/09/10/c3g_2010.09.10.tif,200.0,True,77193940.0,73.62,False
2010-09-11,https://data.chc.ucsb.edu/products/CHIRPS-GEFS/v3/daily/global/2010/09/11/c3g_2010.09.11.tif,200.0,True,71764698.0,68.44,False
2010-09-12,https://data.chc.ucsb.edu/products/CHIRPS-GEFS/v3/daily/global/2010/09/12/c3g_2010.09.12.tif,200.0,True,69682682.0,66.45,False
2010-09-13,https://data.chc.ucsb.edu/products/CHIRPS-GEFS/v3/daily/global/2010/09/13/c3g_2010.09.13.tif,200.0,True,70987196.0,67.7,False
2010-09-14,https://data.chc.ucsb.edu/products/CHIRPS-GEFS/v3/daily/global/2010/09/14/c3g_2010.09.14.tif,200.0,True,70966824.0,67.68,False
2010-09-15,https://data.chc.ucsb.edu/products/CHIRPS-GEFS/v3/daily/global/2010/09/15/c3g_2010.09.15.tif,200.0,True,71142704.0,67.85,False
2010-09-16,https://data.chc.ucsb.edu/products/CHIRPS-GEFS/v3/daily/global/2010/09/16/c3g_2010.09.16.tif,200.0,True,66455980.0,63.38,False
2010-09-17,https://data.chc.ucsb.edu/products/CHIRPS-GEFS/v3/daily/global/2010/09/17/c3g_2010.09.17.tif,200.0,True,70772300.0,67.49,False
2010-09-18,https://data.chc.ucsb.edu/products/CHIRPS-GEFS/v3/daily/global/2010/09/18/c3g_2010.09.18.tif,200.0,True,71152188.0,67.86,False
2010-09-19,https://data.chc.ucsb.edu/products/CHIRPS-GEFS/v3/daily/global/2010/09/19/c3g_2010.09.19.tif,200.0,True,66432816.0,63.36,False
2010-09-20,https://data.chc.ucsb.edu/products/CHIRPS-GEFS/v3/daily/global/2010/09/20/c3g_2010.09.20.tif,200.0,True,70585092.0,67.32,False
2010-09-21,https://data.chc.ucsb.edu/products/CHIRPS-GEFS/v3/daily/global/2010/09/21/c3g_2010.09.21.tif,200.0,True,70257662.0,67.0,False
2010-09-22,https://data.chc.ucsb.edu/products/CHIRPS-GEFS/v3/daily/global/2010/09/22/c3g_2010.09.22.tif,200.0,True,71254772.0,67.95,False
2010-09-23,https://data.chc.ucsb.edu/products/CHIRPS-GEFS/v3/daily/global/2010/09/23/c3g_2010.09.23.tif,200.0,True,76662290.0,73.11,False
2010-09-24,https://data.chc.ucsb.edu/products/CHIRPS-GEFS/v3/daily/global/2010/09/24/c3g_2010.09.24.tif,200.0,True,70275404.0,67.02,False
2010-09-25,https://data.chc.ucsb.edu/products/CHIRPS-GEFS/v3/daily/global/2010/09/25/c3g_2010.09.25.tif,200.0,True,76010706.0,72.49,False
2010-09-26,https://data.chc.ucsb.edu/products/CHIRPS-GEFS/v3/daily/global/2010/09/26/c3g_2010.09.26.tif,200.0,True,69696608.0,66.47,False
2010-09-27,https://data.chc.ucsb.edu/products/CHIRPS-GEFS/v3/daily/global/2010/09/27/c3g_2010.09.27.tif,200.0,True,66075550.0,63.01,False
2010-09-28,https://data.chc.ucsb.edu/products/CHIRPS-GEFS/v3/daily/global/2010/09/28/c3g_2010.09.28.tif,200.0,True,70144670.0,66.9,False
2010-09-29,https://data.chc.ucsb.edu/products/CHIRPS-GEFS/v3/daily/global/2010/09/29/c3g_2010.09.29.tif,200.0,True,70978228.0,67.69,False
2010-09-30,https://data.chc.ucsb.edu/products/CHIRPS-GEFS/v3/daily/global/2010/09/30/c3g_2010.09.30.tif,200.0,True,76066742.0,72.54,False
2010-10-01,https://data.chc.ucsb.edu/products/CHIRPS-GEFS/v3/daily/global/2010/10/01/c3g_2010.10.01.tif,200.0,True,71164656.0,67.87,False
2010-10-02,https://data.chc.ucsb.edu/products/CHIRPS-GEFS/v3/daily/global/2010/10/02/c3g_2010.10.02.tif,200.0,True,78932920.0,75.28,False
2010-10-03,https://data.chc.ucsb.edu/products/CHIRPS-GEFS/v3/daily/global/2010/10/03/c3g_2010.10.03.tif,200.0,True,71097866.0,67.8,False
2010-10-04,https://data.chc.ucsb.edu/products/CHIRPS-GEFS/v3/daily/global/2010/10/04/c3g_2010.10.04.tif,200.0,True,66898138.0,63.8,False
2010-10-05,https://data.chc.ucsb.edu/products/CHIRPS-GEFS/v3/daily/global/2010/10/05/c3g_2010.10.05.tif,200.0,True,67525516.0,64.4,False
2010-10-06,https://data.chc.ucsb.edu/products/CHIRPS-GEFS/v3/daily/global/2010/10/06/c3g_2010.10.06.tif,200.0,True,76009624.0,72.49,False
2010-10-07,https://data.chc.ucsb.edu/products/CHIRPS-GEFS/v3/daily/global/2010/10/07/c3g_2010.10.07.tif,200.0,True,76546242.0,73.0,False
2010-10-08,https://data.chc.ucsb.edu/products/CHIRPS-GEFS/v3/daily/global/2010/10/08/c3g_2010.10.08.tif,200.0,True,70553528.0,67.29,False
2010-10-09,https://data.chc.ucsb.edu/products/CHIRPS-GEFS/v3/daily/global/2010/10/09/c3g_2010.10.09.tif,200.0,True,76181422.0,72.65,False
2010-10-10,https://data.chc.ucsb.edu/products/CHIRPS-GEFS/v3/daily/global/2010/10/10/c3g_2010.10.10.tif,200.0,True,69986004.0,66.74,False
2010-10-11,https://data.chc.ucsb.edu/products/CHIRPS-GEFS/v3/daily/global/2010/10/11/c3g_2010.10.11.tif,200.0,True,75758450.0,72.25,False
2010-10-12,https://data.chc.ucsb.edu/products/CHIRPS-GEFS/v3/daily/global/2010/10/12/c3g_2010.10.12.tif,200.0,True,70833314.0,67.55,False
2010-10-13,https://data.chc.ucsb.edu/products/CHIRPS-GEFS/v3/daily/global/2010/10/13/c3g_2010.10.13.tif,200.0,True,76670618.0,73.12,False
2010-10-14,https://data.chc.ucsb.edu/products/CHIRPS-GEFS/v3/daily/global/2010/10/14/c3g_2010.10.14.tif,200.0,True,76944230.0,73.38,False
2010-10-15,https://data.chc.ucsb.edu/products/CHIRPS-GEFS/v3/daily/global/2010/10/15/c3g_2010.10.15.tif,200.0,True,75864594.0,72.35,False
2010-10-16,https://data.chc.ucsb.edu/products/CHIRPS-GEFS/v3/daily/global/2010/10/16/c3g_2010.10.16.tif,200.0,True,74733610.0,71.27,False
2010-10-17,https://data.chc.ucsb.edu/products/CHIRPS-GEFS/v3/daily/global/2010/10/17/c3g_2010.10.17.tif,200.0,True,66363704.0,63.29,False
2010-10-18,https://data.chc.ucsb.edu/products/CHIRPS-GEFS/v3/daily/global/2010/10/18/c3g_2010.10.18.tif,200.0,True,66501080.0,63.42,False
2010-10-19,https://data.chc.ucsb.edu/products/CHIRPS-GEFS/v3/daily/global/2010/10/19/c3g_2010.10.19.tif,200.0,True,75156616.0,71.67,False
2010-10-20,https://data.chc.ucsb.edu/products/CHIRPS-GEFS/v3/daily/global/2010/10/20/c3g_2010.10.20.tif,200.0,True,70269440.0,67.01,False
2010-10-21,https://data.chc.ucsb.edu/products/CHIRPS-GEFS/v3/daily/global/2010/10/21/c3g_2010.10.21.tif,200.0,True,70786820.0,67.51,False
2010-10-22,https://data.chc.ucsb.edu/products/CHIRPS-GEFS/v3/daily/global/2010/10/22/c3g_2010.10.22.tif,200.0,True,70623516.0,67.35,False
2010-10-23,https://data.chc.ucsb.edu/products/CHIRPS-GEFS/v3/daily/global/2010/10/23/c3g_2010.10.23.tif,200.0,True,70725912.0,67.45,False
2010-10-24,https://data.chc.ucsb.edu/products/CHIRPS-GEFS/v3/daily/global/2010/10/24/c3g_2010.10.24.tif,200.0,True,74742128.0,71.28,False
2010-10-25,https://data.chc.ucsb.edu/products/CHIRPS-GEFS/v3/daily/global/2010/10/25/c3g_2010.10.25.tif,200.0,True,69732628.0,66.5,False
2010-10-26,https://data.chc.ucsb.edu/products/CHIRPS-GEFS/v3/daily/global/2010/10/26/c3g_2010.10.26.tif,200.0,True,68574392.0,65.4,False
2010-10-27,https://data.chc.ucsb.edu/products/CHIRPS-GEFS/v3/daily/global/2010/10/27/c3g_2010.10.27.tif,200.0,True,68665628.0,65.48,False
2010-10-28,https://data.chc.ucsb.edu/products/CHIRPS-GEFS/v3/daily/global/2010/10/28/c3g_2010.10.28.tif,200.0,True,74027806.0,70.6,False
2010-10-29,https://data.chc.ucsb.edu/products/CHIRPS-GEFS/v3/daily/global/2010/10/29/c3g_2010.10.29.tif,200.0,True,74328632.0,70.89,False
2010-10-30,https://data.chc.ucsb.edu/products/CHIRPS-GEFS/v3/daily/global/2010/10/30/c3g_2010.10.30.tif,200.0,True,64547944.0,61.56,False
2010-10-31,https://data.chc.ucsb.edu/products/CHIRPS-GEFS/v3/daily/global/2010/10/31/c3g_2010.10.31.tif,200.0,True,63367698.0,60.43,False
2010-11-01,https://data.chc.ucsb.edu/products/CHIRPS-GEFS/v3/daily/global/2010/11/01/c3g_2010.11.01.tif,200.0,True,63142316.0,60.22,False
2010-11-02,https://data.chc.ucsb.edu/products/CHIRPS-GEFS/v3/daily/global/2010/11/02/c3g_2010.11.02.tif,200.0,True,63300320.0,60.37,False
2010-11-03,https://data.chc.ucsb.edu/products/CHIRPS-GEFS/v3/daily/global/2010/11/03/c3g_2010.11.03.tif,200.0,True,64207906.0,61.23,False
2010-11-04,https://data.chc.ucsb.edu/products/CHIRPS-GEFS/v3/daily/global/2010/11/04/c3g_2010.11.04.tif,200.0,True,68453136.0,65.28,False
2010-11-05,https://data.chc.ucsb.edu/products/CHIRPS-GEFS/v3/daily/global/2010/11/05/c3g_2010.11.05.tif,200.0,True,73694820.0,70.28,False
2010-11-06,https://data.chc.ucsb.edu/products/CHIRPS-GEFS/v3/daily/global/2010/11/06/c3g_2010.11.06.tif,200.0,True,63781380.0,60.83,False
2010-11-07,https://data.chc.ucsb.edu/products/CHIRPS-GEFS/v3/daily/global/2010/11/07/c3g_2010.11.07.tif,200.0,True,68558822.0,65.38,False
2010-11-08,https://data.chc.ucsb.edu/products/CHIRPS-GEFS/v3/daily/global/2010/11/08/c3g_2010.11.08.tif,200.0,True,74581634.0,71.13,False
2010-11-09,https://data.chc.ucsb.edu/products/CHIRPS-GEFS/v3/daily/global/2010/11/09/c3g_2010.11.09.tif,200.0,True,69230332.0,66.02,False
2010-11-10,https://data.chc.ucsb.edu/products/CHIRPS-GEFS/v3/daily/global/2010/11/10/c3g_2010.11.10.tif,200.0,True,75006574.0,71.53,False
2010-11-11,https://data.chc.ucsb.edu/products/CHIRPS-GEFS/v3/daily/global/2010/11/11/c3g_2010.11.11.tif,200.0,True,69367106.0,66.15,False
2010-11-12,https://data.chc.ucsb.edu/products/CHIRPS-GEFS/v3/daily/global/2010/11/12/c3g_2010.11.12.tif,200.0,True,69150498.0,65.95,False
2010-11-13,https://data.chc.ucsb.edu/products/CHIRPS-GEFS/v3/daily/global/2010/11/13/c3g_2010.11.13.tif,200.0,True,69180196.0,65.98,False
2010-11-14,https://data.chc.ucsb.edu/products/CHIRPS-GEFS/v3/daily/global/2010/11/14/c3g_2010.11.14.tif,200.0,True,66292934.0,63.22,False
2010-11-15,https://data.chc.ucsb.edu/products/CHIRPS-GEFS/v3/daily/global/2010/11/15/c3g_2010.11.15.tif,200.0,True,68257546.0,65.1,False
2010-11-16,https://data.chc.ucsb.edu/products/CHIRPS-GEFS/v3/daily/global/2010/11/16/c3g_2010.11.16.tif,200.0,True,70993210.0,67.7,False
2010-11-17,https://data.chc.ucsb.edu/products/CHIRPS-GEFS/v3/daily/global/2010/11/17/c3g_2010.11.17.tif,200.0,True,70557238.0,67.29,False
2010-11-18,https://data.chc.ucsb.edu/products/CHIRPS-GEFS/v3/daily/global/2010/11/18/c3g_2010.11.18.tif,200.0,True,70255722.0,67.0,False
2010-11-19,https://data.chc.ucsb.edu/products/CHIRPS-GEFS/v3/daily/global/2010/11/19/c3g_2010.11.19.tif,200.0,True,67694350.0,64.56,False
2010-11-20,https://data.chc.ucsb.edu/products/CHIRPS-GEFS/v3/daily/global/2010/11/20/c3g_2010.11.20.tif,200.0,True,70531234.0,67.26,False
2010-11-21,https://data.chc.ucsb.edu/products/CHIRPS-GEFS/v3/daily/global/2010/11/21/c3g_2010.11.21.tif,200.0,True,75088904.0,71.61,False
2010-11-22,https://data.chc.ucsb.edu/products/CHIRPS-GEFS/v3/daily/global/2010/11/22/c3g_2010.11.22.tif,200.0,True,70795764.0,67.52,False
2010-11-23,https://data.chc.ucsb.edu/products/CHIRPS-GEFS/v3/daily/global/2010/11/23/c3g_2010.11.23.tif,200.0,True,70664732.0,67.39,False
2010-11-24,https://data.chc.ucsb.edu/products/CHIRPS-GEFS/v3/daily/global/2010/11/24/c3g_2010.11.24.tif,200.0,True,71012584.0,67.72,False
2010-11-25,https://data.chc.ucsb.edu/products/CHIRPS-GEFS/v3/daily/global/2010/11/25/c3g_2010.11.25.tif,200.0,True,69022146.0,65.82,False
2010-11-26,https://data.chc.ucsb.edu/products/CHIRPS-GEFS/v3/daily/global/2010/11/26/c3g_2010.11.26.tif,200.0,True,70454948.0,67.19,False
2010-11-27,https://data.chc.ucsb.edu/products/CHIRPS-GEFS/v3/daily/global/2010/11/27/c3g_2010.11.27.tif,200.0,True,70875978.0,67.59,False
2010-11-28,https://data.chc.ucsb.edu/products/CHIRPS-GEFS/v3/daily/global/2010/11/28/c3g_2010.11.28.tif,200.0,True,70766158.0,67.49,False
2010-11-29,https://data.chc.ucsb.edu/products/CHIRPS-GEFS/v3/daily/global/2010/11/29/c3g_2010.11.29.tif,200.0,True,69960942.0,66.72,False
2010-11-30,https://data.chc.ucsb.edu/products/CHIRPS-GEFS/v3/daily/global/2010/11/30/c3g_2010.11.30.tif,200.0,True,70393902.0,67.13,False
2010-12-01,https://data.chc.ucsb.edu/products/CHIRPS-GEFS/v3/daily/global/2010/12/01/c3g_2010.12.01.tif,200.0,True,69844116.0,66.61,False
2010-12-02,https://data.chc.ucsb.edu/products/CHIRPS-GEFS/v3/daily/global/2010/12/02/c3g_2010.12.02.tif,200.0,True,69761498.0,66.53,False
2010-12-03,https://data.chc.ucsb.edu/products/CHIRPS-GEFS/v3/daily/global/2010/12/03/c3g_2010.12.03.tif,200.0,True,74314630.0,70.87,False
2010-12-04,https://data.chc.ucsb.edu/products/CHIRPS-GEFS/v3/daily/global/2010/12/04/c3g_2010.12.04.tif,200.0,True,66391916.0,63.32,False
2010-12-05,https://data.chc.ucsb.edu/products/CHIRPS-GEFS/v3/daily/global/2010/12/05/c3g_2010.12.05.tif,200.0,True,69641206.0,66.42,False
2010-12-06,https://data.chc.ucsb.edu/products/CHIRPS-GEFS/v3/daily/global/2010/12/06/c3g_2010.12.06.tif,200.0,True,66332650.0,63.26,False
2010-12-07,https://data.chc.ucsb.edu/products/CHIRPS-GEFS/v3/daily/global/2010/12/07/c3g_2010.12.07.tif,200.0,True,68455002.0,65.28,False
2010-12-08,https://data.chc.ucsb.edu/products/CHIRPS-GEFS/v3/daily/global/2010/12/08/c3g_2010.12.08.tif,200.0,True,70636178.0,67.36,False
2010-12-09,https://data.chc.ucsb.edu/products/CHIRPS-GEFS/v3/daily/global/2010/12/09/c3g_2010.12.09.tif,200.0,True,68190776.0,65.03,False
2010-12-10,https://data.chc.ucsb.edu/products/CHIRPS-GEFS/v3/daily/global/2010/12/10/c3g_2010.12.10.tif,200.0,True,75059620.0,71.58,False
2010-12-11,https://data.chc.ucsb.edu/products/CHIRPS-GEFS/v3/daily/global/2010/12/11/c3g_2010.12.11.tif,200.0,True,70520288.0,67.25,False
2010-12-12,https://data.chc.ucsb.edu/products/CHIRPS-GEFS/v3/daily/global/2010/12/12/c3g_2010.12.12.tif,200.0,True,70125962.0,66.88,False
2010-12-13,https://data.chc.ucsb.edu/products/CHIRPS-GEFS/v3/daily/global/2010/12/13/c3g_2010.12.13.tif,200.0,True,71067038.0,67.77,False
2010-12-14,https://data.chc.ucsb.edu/products/CHIRPS-GEFS/v3/daily/global/2010/12/14/c3g_2010.12.14.tif,200.0,True,69557074.0,66.33,False
2010-12-15,https://data.chc.ucsb.edu/products/CHIRPS-GEFS/v3/daily/global/2010/12/15/c3g_2010.12.15.tif,200.0,True,69050534.0,65.85,False
2010-12-16,https://data.chc.ucsb.edu/products/CHIRPS-GEFS/v3/daily/global/2010/12/16/c3g_2010.12.16.tif,200.0,True,75523760.0,72.03,False
2010-12-17,https://data.chc.ucsb.edu/products/CHIRPS-GEFS/v3/daily/global/2010/12/17/c3g_2010.12.17.tif,200.0,True,70604944.0,67.33,False
2010-12-18,https://data.chc.ucsb.edu/products/CHIRPS-GEFS/v3/daily/global/2010/12/18/c3g_2010.12.18.tif,200.0,True,68619580.0,65.44,False
2010-12-19,https://data.chc.ucsb.edu/products/CHIRPS-GEFS/v3/daily/global/2010/12/19/c3g_2010.12.19.tif,200.0,True,71263124.0,67.96,False
2010-12-20,https://data.chc.ucsb.edu/products/CHIRPS-GEFS/v3/daily/global/2010/12/20/c3g_2010.12.20.tif,200.0,True,70322264.0,67.06,False
2010-12-21,https://data.chc.ucsb.edu/products/CHIRPS-GEFS/v3/daily/global/2010/12/21/c3g_2010.12.21.tif,200.0,True,75021520.0,71.55,False
2010-12-22,https://data.chc.ucsb.edu/products/CHIRPS-GEFS/v3/daily/global/2010/12/22/c3g_2010.12.22.tif,200.0,True,74427428.0,70.98,False
2010-12-23,https://data.chc.ucsb.edu/products/CHIRPS-GEFS/v3/daily/global/2010/12/23/c3g_2010.12.23.tif,200.0,True,70377944.0,67.12,False
2010-12-24,https://data.chc.ucsb.edu/products/CHIRPS-GEFS/v3/daily/global/2010/12/24/c3g_2010.12.24.tif,200.0,True,69314204.0,66.1,False
2010-12-25,https://data.chc.ucsb.edu/products/CHIRPS-GEFS/v3/daily/global/2010/12/25/c3g_2010.12.25.tif,200.0,True,67351914.0,64.23,False
2010-12-26,https://data.chc.ucsb.edu/products/CHIRPS-GEFS/v3/daily/global/2010/12/26/c3g_2010.12.26.tif,200.0,True,69818980.0,66.58,False
2010-12-27,https://data.chc.ucsb.edu/products/CHIRPS-GEFS/v3/daily/global/2010/12/27/c3g_2010.12.27.tif,200.0,True,69879400.0,66.64,False
2010-12-28,https://data.chc.ucsb.edu/products/CHIRPS-GEFS/v3/daily/global/2010/12/28/c3g_2010.12.28.tif,200.0,True,69837882.0,66.6,False
2010-12-29,https://data.chc.ucsb.edu/products/CHIRPS-GEFS/v3/daily/global/2010/12/29/c3g_2010.12.29.tif,200.0,True,69523596.0,66.3,False
2010-12-30,https://data.chc.ucsb.edu/products/CHIRPS-GEFS/v3/daily/global/2010/12/30/c3g_2010.12.30.tif,200.0,True,67212600.0,64.1,False
2010-12-31,https://data.chc.ucsb.edu/products/CHIRPS-GEFS/v3/daily/global/2010/12/31/c3g_2010.12.31.tif,200.0,True,66810018.0,63.71,False
2011-01-01,https://data.chc.ucsb.edu/products/CHIRPS-GEFS/v3/daily/global/2011/01/01/c3g_2011.01.01.tif,200.0,True,69314036.0,66.1,False
2011-01-02,https://data.chc.ucsb.edu/products/CHIRPS-GEFS/v3/daily/global/2011/01/02/c3g_2011.01.02.tif,200.0,True,74382080.0,70.94,False
2011-01-03,https://data.chc.ucsb.edu/products/CHIRPS-GEFS/v3/daily/global/2011/01/03/c3g_2011.01.03.tif,200.0,True,65314120.0,62.29,False
2011-01-04,https://data.chc.ucsb.edu/products/CHIRPS-GEFS/v3/daily/global/2011/01/04/c3g_2011.01.04.tif,200.0,True,73766702.0,70.35,False
2011-01-05,https://data.chc.ucsb.edu/products/CHIRPS-GEFS/v3/daily/global/2011/01/05/c3g_2011.01.05.tif,200.0,True,69208624.0,66.0,False
2011-01-06,https://data.chc.ucsb.edu/products/CHIRPS-GEFS/v3/daily/global/2011/01/06/c3g_2011.01.06.tif,200.0,True,69087094.0,65.89,False
2011-01-07,https://data.chc.ucsb.edu/products/CHIRPS-GEFS/v3/daily/global/2011/01/07/c3g_2011.01.07.tif,200.0,True,68494312.0,65.32,False
2011-01-08,https://data.chc.ucsb.edu/products/CHIRPS-GEFS/v3/daily/global/2011/01/08/c3g_2011.01.08.tif,200.0,True,74494450.0,71.04,False
2011-01-09,https://data.chc.ucsb.edu/products/CHIRPS-GEFS/v3/daily/global/2011/01/09/c3g_2011.01.09.tif,200.0,True,68608878.0,65.43,False
2011-01-10,https://data.chc.ucsb.edu/products/CHIRPS-GEFS/v3/daily/global/2011/01/10/c3g_2011.01.10.tif,200.0,True,64786338.0,61.79,False
2011-01-11,https://data.chc.ucsb.edu/products/CHIRPS-GEFS/v3/daily/global/2011/01/11/c3g_2011.01.11.tif,200.0,True,65431980.0,62.4,False
2011-01-12,https://data.chc.ucsb.edu/products/CHIRPS-GEFS/v3/daily/global/2011/01/12/c3g_2011.01.12.tif,200.0,True,65871788.0,62.82,False
2011-01-13,https://data.chc.ucsb.edu/products/CHIRPS-GEFS/v3/daily/global/2011/01/13/c3g_2011.01.13.tif,200.0,True,66977406.0,63.87,False
2011-01-14,https://data.chc.ucsb.edu/products/CHIRPS-GEFS/v3/daily/global/2011/01/14/c3g_2011.01.14.tif,200.0,True,68720506.0,65.54,False
2011-01-15,https://data.chc.ucsb.edu/products/CHIRPS-GEFS/v3/daily/global/2011/01/15/c3g_2011.01.15.tif,200.0,True,66265626.0,63.2,False
2011-01-16,https://data.chc.ucsb.edu/products/CHIRPS-GEFS/v3/daily/global/2011/01/16/c3g_2011.01.16.tif,200.0,True,69110632.0,65.91,False
2011-01-17,https://data.chc.ucsb.edu/products/CHIRPS-GEFS/v3/daily/global/2011/01/17/c3g_2011.01.17.tif,200.0,True,69205238.0,66.0,False
2011-01-18,https://data.chc.ucsb.edu/products/CHIRPS-GEFS/v3/daily/global/2011/01/18/c3g_2011.01.18.tif,200.0,True,68961112.0,65.77,False
2011-01-19,https://data.chc.ucsb.edu/products/CHIRPS-GEFS/v3/daily/global/2011/01/19/c3g_2011.01.19.tif,200.0,True,68825166.0,65.64,False
2011-01-20,https://data.chc.ucsb.edu/products/CHIRPS-GEFS/v3/daily/global/2011/01/20/c3g_2011.01.20.tif,200.0,True,69391480.0,66.18,False
2011-01-21,https://data.chc.ucsb.edu/products/CHIRPS-GEFS/v3/daily/global/2011/01/21/c3g_2011.01.21.tif,200.0,True,68603898.0,65.43,False
2011-01-22,https://data.chc.ucsb.edu/products/CHIRPS-GEFS/v3/daily/global/2011/01/22/c3g_2011.01.22.tif,200.0,True,68870120.0,65.68,False
2011-01-23,https://data.chc.ucsb.edu/products/CHIRPS-GEFS/v3/daily/global/2011/01/23/c3g_2011.01.23.tif,200.0,True,65756062.0,62.71,False
2011-01-24,https://data.chc.ucsb.edu/products/CHIRPS-GEFS/v3/daily/global/2011/01/24/c3g_2011.01.24.tif,200.0,True,75097930.0,71.62,False
2011-01-25,https://data.chc.ucsb.edu/products/CHIRPS-GEFS/v3/daily/global/2011/01/25/c3g_2011.01.25.tif,200.0,True,71347886.0,68.04,False
2011-01-26,https://data.chc.ucsb.edu/products/CHIRPS-GEFS/v3/daily/global/2011/01/26/c3g_2011.01.26.tif,200.0,True,70041048.0,66.8,False
2011-01-27,https://data.chc.ucsb.edu/products/CHIRPS-GEFS/v3/daily/global/2011/01/27/c3g_2011.01.27.tif,200.0,True,66299546.0,63.23,False
2011-01-28,https://data.chc.ucsb.edu/products/CHIRPS-GEFS/v3/daily/global/2011/01/28/c3g_2011.01.28.tif,200.0,True,69809582.0,66.58,False
2011-01-29,https://data.chc.ucsb.edu/products/CHIRPS-GEFS/v3/daily/global/2011/01/29/c3g_2011.01.29.tif,200.0,True,70540874.0,67.27,False
2011-01-30,https://data.chc.ucsb.edu/products/CHIRPS-GEFS/v3/daily/global/2011/01/30/c3g_2011.01.30.tif,200.0,True,69265756.0,66.06,False
2011-01-31,https://data.chc.ucsb.edu/products/CHIRPS-GEFS/v3/daily/global/2011/01/31/c3g_2011.01.31.tif,200.0,True,66790276.0,63.7,False
2011-02-01,https://data.chc.ucsb.edu/products/CHIRPS-GEFS/v3/daily/global/2011/02/01/c3g_2011.02.01.tif,200.0,True,70493510.0,67.23,False
2011-02-02,https://data.chc.ucsb.edu/products/CHIRPS-GEFS/v3/daily/global/2011/02/02/c3g_2011.02.02.tif,200.0,True,70240698.0,66.99,False
2011-02-03,https://data.chc.ucsb.edu/products/CHIRPS-GEFS/v3/daily/global/2011/02/03/c3g_2011.02.03.tif,200.0,True,70822680.0,67.54,False
2011-02-04,https://data.chc.ucsb.edu/products/CHIRPS-GEFS/v3/daily/global/2011/02/04/c3g_2011.02.04.tif,200.0,True,70652932.0,67.38,False
2011-02-05,https://data.chc.ucsb.edu/products/CHIRPS-GEFS/v3/daily/global/2011/02/05/c3g_2011.02.05.tif,200.0,True,70371772.0,67.11,False
2011-02-06,https://data.chc.ucsb.edu/products/CHIRPS-GEFS/v3/daily/global/2011/02/06/c3g_2011.02.06.tif,200.0,True,76265550.0,72.73,False
2011-02-07,https://data.chc.ucsb.edu/products/CHIRPS-GEFS/v3/daily/global/2011/02/07/c3g_2011.02.07.tif,200.0,True,68836160.0,65.65,False
2011-02-08,https://data.chc.ucsb.edu/products/CHIRPS-GEFS/v3/daily/global/2011/02/08/c3g_2011.02.08.tif,200.0,True,69113450.0,65.91,False
2011-02-09,https://data.chc.ucsb.edu/products/CHIRPS-GEFS/v3/daily/global/2011/02/09/c3g_2011.02.09.tif,200.0,True,68527766.0,65.35,False
2011-02-10,https://data.chc.ucsb.edu/products/CHIRPS-GEFS/v3/daily/global/2011/02/10/c3g_2011.02.10.tif,200.0,True,76122774.0,72.6,False
2011-02-11,https://data.chc.ucsb.edu/products/CHIRPS-GEFS/v3/daily/global/2011/02/11/c3g_2011.02.11.tif,200.0,True,65260132.0,62.24,False
2011-02-12,https://data.chc.ucsb.edu/products/CHIRPS-GEFS/v3/daily/global/2011/02/12/c3g_2011.02.12.tif,200.0,True,69200440.0,65.99,False
2011-02-13,https://data.chc.ucsb.edu/products/CHIRPS-GEFS/v3/daily/global/2011/02/13/c3g_2011.02.13.tif,200.0,True,69503836.0,66.28,False
2011-02-14,https://data.chc.ucsb.edu/products/CHIRPS-GEFS/v3/daily/global/2011/02/14/c3g_2011.02.14.tif,200.0,True,69631084.0,66.41,False
2011-02-15,https://data.chc.ucsb.edu/products/CHIRPS-GEFS/v3/daily/global/2011/02/15/c3g_2011.02.15.tif,200.0,True,69590764.0,66.37,False
2011-02-16,https://data.chc.ucsb.edu/products/CHIRPS-GEFS/v3/daily/global/2011/02/16/c3g_2011.02.16.tif,200.0,True,66266302.0,63.2,False
2011-02-17,https://data.chc.ucsb.edu/products/CHIRPS-GEFS/v3/daily/global/2011/02/17/c3g_2011.02.17.tif,200.0,True,69123800.0,65.92,False
2011-02-18,https://data.chc.ucsb.edu/products/CHIRPS-GEFS/v3/daily/global/2011/02/18/c3g_2011.02.18.tif,200.0,True,65968020.0,62.91,False
2011-02-19,https://data.chc.ucsb.edu/products/CHIRPS-GEFS/v3/daily/global/2011/02/19/c3g_2011.02.19.tif,200.0,True,75237034.0,71.75,False
2011-02-20,https://data.chc.ucsb.edu/products/CHIRPS-GEFS/v3/daily/global/2011/02/20/c3g_2011.02.20.tif,200.0,True,69560800.0,66.34,False
2011-02-21,https://data.chc.ucsb.edu/products/CHIRPS-GEFS/v3/daily/global/2011/02/21/c3g_2011.02.21.tif,200.0,True,69024584.0,65.83,False
2011-02-22,https://data.chc.ucsb.edu/products/CHIRPS-GEFS/v3/daily/global/2011/02/22/c3g_2011.02.22.tif,200.0,True,65710776.0,62.67,False
2011-02-23,https://data.chc.ucsb.edu/products/CHIRPS-GEFS/v3/daily/global/2011/02/23/c3g_2011.02.23.tif,200.0,True,75683608.0,72.18,False
2011-02-24,https://data.chc.ucsb.edu/products/CHIRPS-GEFS/v3/daily/global/2011/02/24/c3g_2011.02.24.tif,200.0,True,69188916.0,65.98,False
2011-02-25,https://data.chc.ucsb.edu/products/CHIRPS-GEFS/v3/daily/global/2011/02/25/c3g_2011.02.25.tif,200.0,True,76195784.0,72.67,False
2011-02-26,https://data.chc.ucsb.edu/products/CHIRPS-GEFS/v3/daily/global/2011/02/26/c3g_2011.02.26.tif,200.0,True,68568444.0,65.39,False
2011-02-27,https://data.chc.ucsb.edu/products/CHIRPS-GEFS/v3/daily/global/2011/02/27/c3g_2011.02.27.tif,200.0,True,75459550.0,71.96,False
2011-02-28,https://data.chc.ucsb.edu/products/CHIRPS-GEFS/v3/daily/global/2011/02/28/c3g_2011.02.28.tif,200.0,True,75137242.0,71.66,False
2011-03-01,https://data.chc.ucsb.edu/products/CHIRPS-GEFS/v3/daily/global/2011/03/01/c3g_2011.03.01.tif,200.0,True,67664496.0,64.53,False
2011-03-02,https://data.chc.ucsb.edu/products/CHIRPS-GEFS/v3/daily/global/2011/03/02/c3g_2011.03.02.tif,200.0,True,65272080.0,62.25,False
2011-03-03,https://data.chc.ucsb.edu/products/CHIRPS-GEFS/v3/daily/global/2011/03/03/c3g_2011.03.03.tif,200.0,True,69149478.0,65.95,False
2011-03-04,https://data.chc.ucsb.edu/products/CHIRPS-GEFS/v3/daily/global/2011/03/04/c3g_2011.03.04.tif,200.0,True,69004122.0,65.81,False
2011-03-05,https://data.chc.ucsb.edu/products/CHIRPS-GEFS/v3/daily/global/2011/03/05/c3g_2011.03.05.tif,200.0,True,69949716.0,66.71,False
2011-03-06,https://data.chc.ucsb.edu/products/CHIRPS-GEFS/v3/daily/global/2011/03/06/c3g_2011.03.06.tif,200.0,True,69928870.0,66.69,False
2011-03-07,https://data.chc.ucsb.edu/products/CHIRPS-GEFS/v3/daily/global/2011/03/07/c3g_2011.03.07.tif,200.0,True,69802602.0,66.57,False
2011-03-08,https://data.chc.ucsb.edu/products/CHIRPS-GEFS/v3/daily/global/2011/03/08/c3g_2011.03.08.tif,200.0,True,69537564.0,66.32,False
2011-03-09,https://data.chc.ucsb.edu/products/CHIRPS-GEFS/v3/daily/global/2011/03/09/c3g_2011.03.09.tif,200.0,True,66867640.0,63.77,False
2011-03-10,https://data.chc.ucsb.edu/products/CHIRPS-GEFS/v3/daily/global/2011/03/10/c3g_2011.03.10.tif,200.0,True,70275742.0,67.02,False
2011-03-11,https://data.chc.ucsb.edu/products/CHIRPS-GEFS/v3/daily/global/2011/03/11/c3g_2011.03.11.tif,200.0,True,69444572.0,66.23,False
2011-03-12,https://data.chc.ucsb.edu/products/CHIRPS-GEFS/v3/daily/global/2011/03/12/c3g_2011.03.12.tif,200.0,True,71283220.0,67.98,False
2011-03-13,https://data.chc.ucsb.edu/products/CHIRPS-GEFS/v3/daily/global/2011/03/13/c3g_2011.03.13.tif,200.0,True,70184028.0,66.93,False
2011-03-14,https://data.chc.ucsb.edu/products/CHIRPS-GEFS/v3/daily/global/2011/03/14/c3g_2011.03.14.tif,200.0,True,69560520.0,66.34,False
2011-03-15,https://data.chc.ucsb.edu/products/CHIRPS-GEFS/v3/daily/global/2011/03/15/c3g_2011.03.15.tif,200.0,True,71560434.0,68.25,False
2011-03-16,https://data.chc.ucsb.edu/products/CHIRPS-GEFS/v3/daily/global/2011/03/16/c3g_2011.03.16.tif,200.0,True,70530042.0,67.26,False
2011-03-17,https://data.chc.ucsb.edu/products/CHIRPS-GEFS/v3/daily/global/2011/03/17/c3g_2011.03.17.tif,200.0,True,70759832.0,67.48,False
2011-03-18,https://data.chc.ucsb.edu/products/CHIRPS-GEFS/v3/daily/global/2011/03/18/c3g_2011.03.18.tif,200.0,True,70189694.0,66.94,False
2011-03-19,https://data.chc.ucsb.edu/products/CHIRPS-GEFS/v3/daily/global/2011/03/19/c3g_2011.03.19.tif,200.0,True,68169700.0,65.01,False
2011-03-20,https://data.chc.ucsb.edu/products/CHIRPS-GEFS/v3/daily/global/2011/03/20/c3g_2011.03.20.tif,200.0,True,66018634.0,62.96,False
2011-03-21,https://data.chc.ucsb.edu/products/CHIRPS-GEFS/v3/daily/global/2011/03/21/c3g_2011.03.21.tif,200.0,True,67042892.0,63.94,False
2011-03-22,https://data.chc.ucsb.edu/products/CHIRPS-GEFS/v3/daily/global/2011/03/22/c3g_2011.03.22.tif,200.0,True,68894184.0,65.7,False
2011-03-23,https://data.chc.ucsb.edu/products/CHIRPS-GEFS/v3/daily/global/2011/03/23/c3g_2011.03.23.tif,200.0,True,67850040.0,64.71,False
2011-03-24,https://data.chc.ucsb.edu/products/CHIRPS-GEFS/v3/daily/global/2011/03/24/c3g_2011.03.24.tif,200.0,True,68024806.0,64.87,False
2011-03-25,https://data.chc.ucsb.edu/products/CHIRPS-GEFS/v3/daily/global/2011/03/25/c3g_2011.03.25.tif,200.0,True,73460578.0,70.06,False
2011-03-26,https://data.chc.ucsb.edu/products/CHIRPS-GEFS/v3/daily/global/2011/03/26/c3g_2011.03.26.tif,200.0,True,67591494.0,64.46,False
2011-03-27,https://data.chc.ucsb.edu/products/CHIRPS-GEFS/v3/daily/global/2011/03/27/c3g_2011.03.27.tif,200.0,True,73747278.0,70.33,False
2011-03-28,https://data.chc.ucsb.edu/products/CHIRPS-GEFS/v3/daily/global/2011/03/28/c3g_2011.03.28.tif,200.0,True,68096980.0,64.94,False
2011-03-29,https://data.chc.ucsb.edu/products/CHIRPS-GEFS/v3/daily/global/2011/03/29/c3g_2011.03.29.tif,200.0,True,74279174.0,70.84,False
2011-03-30,https://data.chc.ucsb.edu/products/CHIRPS-GEFS/v3/daily/global/2011/03/30/c3g_2011.03.30.tif,200.0,True,65556760.0,62.52,False
2011-03-31,https://data.chc.ucsb.edu/products/CHIRPS-GEFS/v3/daily/global/2011/03/31/c3g_2011.03.31.tif,200.0,True,68955252.0,65.76,False
2011-04-01,https://data.chc.ucsb.edu/products/CHIRPS-GEFS/v3/daily/global/2011/04/01/c3g_2011.04.01.tif,200.0,True,67589814.0,64.46,False
2011-04-02,https://data.chc.ucsb.edu/products/CHIRPS-GEFS/v3/daily/global/2011/04/02/c3g_2011.04.02.tif,200.0,True,69454020.0,66.24,False
2011-04-03,https://data.chc.ucsb.edu/products/CHIRPS-GEFS/v3/daily/global/2011/04/03/c3g_2011.04.03.tif,200.0,True,69910640.0,66.67,False
2011-04-04,https://data.chc.ucsb.edu/products/CHIRPS-GEFS/v3/daily/global/2011/04/04/c3g_2011.04.04.tif,200.0,True,67543496.0,64.41,False
2011-04-05,https://data.chc.ucsb.edu/products/CHIRPS-GEFS/v3/daily/global/2011/04/05/c3g_2011.04.05.tif,200.0,True,69807686.0,66.57,False
2011-04-06,https://data.chc.ucsb.edu/products/CHIRPS-GEFS/v3/daily/global/2011/04/06/c3g_2011.04.06.tif,200.0,True,69792720.0,66.56,False
2011-04-07,https://data.chc.ucsb.edu/products/CHIRPS-GEFS/v3/daily/global/2011/04/07/c3g_2011.04.07.tif,200.0,True,69912194.0,66.67,False
2011-04-08,https://data.chc.ucsb.edu/products/CHIRPS-GEFS/v3/daily/global/2011/04/08/c3g_2011.04.08.tif,200.0,True,69283842.0,66.07,False
2011-04-09,https://data.chc.ucsb.edu/products/CHIRPS-GEFS/v3/daily/global/2011/04/09/c3g_2011.04.09.tif,200.0,True,69652638.0,66.43,False
2011-04-10,https://data.chc.ucsb.edu/products/CHIRPS-GEFS/v3/daily/global/2011/04/10/c3g_2011.04.10.tif,200.0,True,69983466.0,66.74,False
2011-04-11,https://data.chc.ucsb.edu/products/CHIRPS-GEFS/v3/daily/global/2011/04/11/c3g_2011.04.11.tif,200.0,True,70057820.0,66.81,False
2011-04-12,https://data.chc.ucsb.edu/products/CHIRPS-GEFS/v3/daily/global/2011/04/12/c3g_2011.04.12.tif,200.0,True,70326136.0,67.07,False
2011-04-13,https://data.chc.ucsb.edu/products/CHIRPS-GEFS/v3/daily/global/2011/04/13/c3g_2011.04.13.tif,200.0,True,71393050.0,68.09,False
2011-04-14,https://data.chc.ucsb.edu/products/CHIRPS-GEFS/v3/daily/global/2011/04/14/c3g_2011.04.14.tif,200.0,True,70337716.0,67.08,False
2011-04-15,https://data.chc.ucsb.edu/products/CHIRPS-GEFS/v3/daily/global/2011/04/15/c3g_2011.04.15.tif,200.0,True,76187126.0,72.66,False
2011-04-16,https://data.chc.ucsb.edu/products/CHIRPS-GEFS/v3/daily/global/2011/04/16/c3g_2011.04.16.tif,200.0,True,69729542.0,66.5,False
2011-04-17,https://data.chc.ucsb.edu/products/CHIRPS-GEFS/v3/daily/global/2011/04/17/c3g_2011.04.17.tif,200.0,True,70305444.0,67.05,False
2011-04-18,https://data.chc.ucsb.edu/products/CHIRPS-GEFS/v3/daily/global/2011/04/18/c3g_2011.04.18.tif,200.0,True,69537670.0,66.32,False
2011-04-19,https://data.chc.ucsb.edu/products/CHIRPS-GEFS/v3/daily/global/2011/04/19/c3g_2011.04.19.tif,200.0,True,67609140.0,64.48,False
2011-04-20,https://data.chc.ucsb.edu/products/CHIRPS-GEFS/v3/daily/global/2011/04/20/c3g_2011.04.20.tif,200.0,True,71027722.0,67.74,False
2011-04-21,https://data.chc.ucsb.edu/products/CHIRPS-GEFS/v3/daily/global/2011/04/21/c3g_2011.04.21.tif,200.0,True,71044160.0,67.75,False
2011-04-22,https://data.chc.ucsb.edu/products/CHIRPS-GEFS/v3/daily/global/2011/04/22/c3g_2011.04.22.tif,200.0,True,71384724.0,68.08,False
2011-04-23,https://data.chc.ucsb.edu/products/CHIRPS-GEFS/v3/daily/global/2011/04/23/c3g_2011.04.23.tif,200.0,True,69302894.0,66.09,False
2011-04-24,https://data.chc.ucsb.edu/products/CHIRPS-GEFS/v3/daily/global/2011/04/24/c3g_2011.04.24.tif,200.0,True,76109976.0,72.58,False
2011-04-25,https://data.chc.ucsb.edu/products/CHIRPS-GEFS/v3/daily/global/2011/04/25/c3g_2011.04.25.tif,200.0,True,71708184.0,68.39,False
2011-04-26,https://data.chc.ucsb.edu/products/CHIRPS-GEFS/v3/daily/global/2011/04/26/c3g_2011.04.26.tif,200.0,True,70660462.0,67.39,False
2011-04-27,https://data.chc.ucsb.edu/products/CHIRPS-GEFS/v3/daily/global/2011/04/27/c3g_2011.04.27.tif,200.0,True,69899322.0,66.66,False
2011-04-28,https://data.chc.ucsb.edu/products/CHIRPS-GEFS/v3/daily/global/2011/04/28/c3g_2011.04.28.tif,200.0,True,76941938.0,73.38,False
2011-04-29,https://data.chc.ucsb.edu/products/CHIRPS-GEFS/v3/daily/global/2011/04/29/c3g_2011.04.29.tif,200.0,True,70962936.0,67.68,False
2011-04-30,https://data.chc.ucsb.edu/products/CHIRPS-GEFS/v3/daily/global/2011/04/30/c3g_2011.04.30.tif,200.0,True,71239442.0,67.94,False
2011-05-01,https://data.chc.ucsb.edu/products/CHIRPS-GEFS/v3/daily/global/2011/05/01/c3g_2011.05.01.tif,200.0,True,76749120.0,73.19,False
2011-05-02,https://data.chc.ucsb.edu/products/CHIRPS-GEFS/v3/daily/global/2011/05/02/c3g_2011.05.02.tif,200.0,True,70896084.0,67.61,False
2011-05-03,https://data.chc.ucsb.edu/products/CHIRPS-GEFS/v3/daily/global/2011/05/03/c3g_2011.05.03.tif,200.0,True,69548148.0,66.33,False
2011-05-04,https://data.chc.ucsb.edu/products/CHIRPS-GEFS/v3/daily/global/2011/05/04/c3g_2011.05.04.tif,200.0,True,69332734.0,66.12,False
2011-05-05,https://data.chc.ucsb.edu/products/CHIRPS-GEFS/v3/daily/global/2011/05/05/c3g_2011.05.05.tif,200.0,True,68946074.0,65.75,False
2011-05-06,https://data.chc.ucsb.edu/products/CHIRPS-GEFS/v3/daily/global/2011/05/06/c3g_2011.05.06.tif,200.0,True,69612338.0,66.39,False
2011-05-07,https://data.chc.ucsb.edu/products/CHIRPS-GEFS/v3/daily/global/2011/05/07/c3g_2011.05.07.tif,200.0,True,76359264.0,72.82,False
2011-05-08,https://data.chc.ucsb.edu/products/CHIRPS-GEFS/v3/daily/global/2011/05/08/c3g_2011.05.08.tif,200.0,True,70137958.0,66.89,False
2011-05-09,https://data.chc.ucsb.edu/products/CHIRPS-GEFS/v3/daily/global/2011/05/09/c3g_2011.05.09.tif,200.0,True,70354730.0,67.1,False
2011-05-10,https://data.chc.ucsb.edu/products/CHIRPS-GEFS/v3/daily/global/2011/05/10/c3g_2011.05.10.tif,200.0,True,70726710.0,67.45,False
2011-05-11,https://data.chc.ucsb.edu/products/CHIRPS-GEFS/v3/daily/global/2011/05/11/c3g_2011.05.11.tif,200.0,True,70292258.0,67.04,False
2011-05-12,https://data.chc.ucsb.edu/products/CHIRPS-GEFS/v3/daily/global/2011/05/12/c3g_2011.05.12.tif,200.0,True,70370606.0,67.11,False
2011-05-13,https://data.chc.ucsb.edu/products/CHIRPS-GEFS/v3/daily/global/2011/05/13/c3g_2011.05.13.tif,200.0,True,70617352.0,67.35,False
2011-05-14,https://data.chc.ucsb.edu/products/CHIRPS-GEFS/v3/daily/global/2011/05/14/c3g_2011.05.14.tif,200.0,True,76874152.0,73.31,False
2011-05-15,https://data.chc.ucsb.edu/products/CHIRPS-GEFS/v3/daily/global/2011/05/15/c3g_2011.05.15.tif,200.0,True,76630066.0,73.08,False
2011-05-16,https://data.chc.ucsb.edu/products/CHIRPS-GEFS/v3/daily/global/2011/05/16/c3g_2011.05.16.tif,200.0,True,66519742.0,63.44,False
2011-05-17,https://data.chc.ucsb.edu/products/CHIRPS-GEFS/v3/daily/global/2011/05/17/c3g_2011.05.17.tif,200.0,True,70845510.0,67.56,False
2011-05-18,https://data.chc.ucsb.edu/products/CHIRPS-GEFS/v3/daily/global/2011/05/18/c3g_2011.05.18.tif,200.0,True,69693948.0,66.47,False
2011-05-19,https://data.chc.ucsb.edu/products/CHIRPS-GEFS/v3/daily/global/2011/05/19/c3g_2011.05.19.tif,200.0,True,70829908.0,67.55,False
2011-05-20,https://data.chc.ucsb.edu/products/CHIRPS-GEFS/v3/daily/global/2011/05/20/c3g_2011.05.20.tif,200.0,True,69253896.0,66.05,False
2011-05-21,https://data.chc.ucsb.edu/products/CHIRPS-GEFS/v3/daily/global/2011/05/21/c3g_2011.05.21.tif,200.0,True,70254912.0,67.0,False
2011-05-22,https://data.chc.ucsb.edu/products/CHIRPS-GEFS/v3/daily/global/2011/05/22/c3g_2011.05.22.tif,200.0,True,76506600.0,72.96,False
2011-05-23,https://data.chc.ucsb.edu/products/CHIRPS-GEFS/v3/daily/global/2011/05/23/c3g_2011.05.23.tif,200.0,True,71066452.0,67.77,False
2011-05-24,https://data.chc.ucsb.edu/products/CHIRPS-GEFS/v3/daily/global/2011/05/24/c3g_2011.05.24.tif,200.0,True,71115680.0,67.82,False
2011-05-25,https://data.chc.ucsb.edu/products/CHIRPS-GEFS/v3/daily/global/2011/05/25/c3g_2011.05.25.tif,200.0,True,68192308.0,65.03,False
2011-05-26,https://data.chc.ucsb.edu/products/CHIRPS-GEFS/v3/daily/global/2011/05/26/c3g_2011.05.26.tif,200.0,True,69675240.0,66.45,False
2011-05-27,https://data.chc.ucsb.edu/products/CHIRPS-GEFS/v3/daily/global/2011/05/27/c3g_2011.05.27.tif,200.0,True,76793140.0,73.24,False
2011-05-28,https://data.chc.ucsb.edu/products/CHIRPS-GEFS/v3/daily/global/2011/05/28/c3g_2011.05.28.tif,200.0,True,69914664.0,66.68,False
2011-05-29,https://data.chc.ucsb.edu/products/CHIRPS-GEFS/v3/daily/global/2011/05/29/c3g_2011.05.29.tif,200.0,True,69510014.0,66.29,False
2011-05-30,https://data.chc.ucsb.edu/products/CHIRPS-GEFS/v3/daily/global/2011/05/30/c3g_2011.05.30.tif,200.0,True,68652932.0,65.47,False
2011-05-31,https://data.chc.ucsb.edu/products/CHIRPS-GEFS/v3/daily/global/2011/05/31/c3g_2011.05.31.tif,200.0,True,69557866.0,66.34,False
2011-06-01,https://data.chc.ucsb.edu/products/CHIRPS-GEFS/v3/daily/global/2011/06/01/c3g_2011.06.01.tif,200.0,True,77168632.0,73.59,False
2011-06-02,https://data.chc.ucsb.edu/products/CHIRPS-GEFS/v3/daily/global/2011/06/02/c3g_2011.06.02.tif,200.0,True,76867776.0,73.31,False
2011-06-03,https://data.chc.ucsb.edu/products/CHIRPS-GEFS/v3/daily/global/2011/06/03/c3g_2011.06.03.tif,200.0,True,77067670.0,73.5,False
2011-06-04,https://data.chc.ucsb.edu/products/CHIRPS-GEFS/v3/daily/global/2011/06/04/c3g_2011.06.04.tif,200.0,True,70014018.0,66.77,False
2011-06-05,https://data.chc.ucsb.edu/products/CHIRPS-GEFS/v3/daily/global/2011/06/05/c3g_2011.06.05.tif,200.0,True,67460420.0,64.34,False
2011-06-06,https://data.chc.ucsb.edu/products/CHIRPS-GEFS/v3/daily/global/2011/06/06/c3g_2011.06.06.tif,200.0,True,77843932.0,74.24,False
2011-06-07,https://data.chc.ucsb.edu/products/CHIRPS-GEFS/v3/daily/global/2011/06/07/c3g_2011.06.07.tif,200.0,True,72139878.0,68.8,False
2011-06-08,https://data.chc.ucsb.edu/products/CHIRPS-GEFS/v3/daily/global/2011/06/08/c3g_2011.06.08.tif,200.0,True,69790860.0,66.56,False
2011-06-09,https://data.chc.ucsb.edu/products/CHIRPS-GEFS/v3/daily/global/2011/06/09/c3g_2011.06.09.tif,200.0,True,71958020.0,68.62,False
2011-06-10,https://data.chc.ucsb.edu/products/CHIRPS-GEFS/v3/daily/global/2011/06/10/c3g_2011.06.10.tif,200.0,True,69267078.0,66.06,False
2011-06-11,https://data.chc.ucsb.edu/products/CHIRPS-GEFS/v3/daily/global/2011/06/11/c3g_2011.06.11.tif,200.0,True,68675556.0,65.49,False
2011-06-12,https://data.chc.ucsb.edu/products/CHIRPS-GEFS/v3/daily/global/2011/06/12/c3g_2011.06.12.tif,200.0,True,77201296.0,73.62,False
2011-06-13,https://data.chc.ucsb.edu/products/CHIRPS-GEFS/v3/daily/global/2011/06/13/c3g_2011.06.13.tif,200.0,True,71246000.0,67.95,False
2011-06-14,https://data.chc.ucsb.edu/products/CHIRPS-GEFS/v3/daily/global/2011/06/14/c3g_2011.06.14.tif,200.0,True,71269194.0,67.97,False
2011-06-15,https://data.chc.ucsb.edu/products/CHIRPS-GEFS/v3/daily/global/2011/06/15/c3g_2011.06.15.tif,200.0,True,68289944.0,65.13,False
2011-06-16,https://data.chc.ucsb.edu/products/CHIRPS-GEFS/v3/daily/global/2011/06/16/c3g_2011.06.16.tif,200.0,True,70633792.0,67.36,False
2011-06-17,https://data.chc.ucsb.edu/products/CHIRPS-GEFS/v3/daily/global/2011/06/17/c3g_2011.06.17.tif,200.0,True,70487800.0,67.22,False
2011-06-18,https://data.chc.ucsb.edu/products/CHIRPS-GEFS/v3/daily/global/2011/06/18/c3g_2011.06.18.tif,200.0,True,71181280.0,67.88,False
2011-06-19,https://data.chc.ucsb.edu/products/CHIRPS-GEFS/v3/daily/global/2011/06/19/c3g_2011.06.19.tif,200.0,True,70452542.0,67.19,False
2011-06-20,https://data.chc.ucsb.edu/products/CHIRPS-GEFS/v3/daily/global/2011/06/20/c3g_2011.06.20.tif,200.0,True,76383498.0,72.84,False
2011-06-21,https://data.chc.ucsb.edu/products/CHIRPS-GEFS/v3/daily/global/2011/06/21/c3g_2011.06.21.tif,200.0,True,70367108.0,67.11,False
2011-06-22,https://data.chc.ucsb.edu/products/CHIRPS-GEFS/v3/daily/global/2011/06/22/c3g_2011.06.22.tif,200.0,True,70005176.0,66.76,False
2011-06-23,https://data.chc.ucsb.edu/products/CHIRPS-GEFS/v3/daily/global/2011/06/23/c3g_2011.06.23.tif,200.0,True,70669252.0,67.4,False
2011-06-24,https://data.chc.ucsb.edu/products/CHIRPS-GEFS/v3/daily/global/2011/06/24/c3g_2011.06.24.tif,200.0,True,70488492.0,67.22,False
2011-06-25,https://data.chc.ucsb.edu/products/CHIRPS-GEFS/v3/daily/global/2011/06/25/c3g_2011.06.25.tif,200.0,True,69684960.0,66.46,False
2011-06-26,https://data.chc.ucsb.edu/products/CHIRPS-GEFS/v3/daily/global/2011/06/26/c3g_2011.06.26.tif,200.0,True,69487446.0,66.27,False
2011-06-27,https://data.chc.ucsb.edu/products/CHIRPS-GEFS/v3/daily/global/2011/06/27/c3g_2011.06.27.tif,200.0,True,67379292.0,64.26,False
2011-06-28,https://data.chc.ucsb.edu/products/CHIRPS-GEFS/v3/daily/global/2011/06/28/c3g_2011.06.28.tif,200.0,True,77257038.0,73.68,False
2011-06-29,https://data.chc.ucsb.edu/products/CHIRPS-GEFS/v3/daily/global/2011/06/29/c3g_2011.06.29.tif,200.0,True,71686602.0,68.37,False
2011-06-30,https://data.chc.ucsb.edu/products/CHIRPS-GEFS/v3/daily/global/2011/06/30/c3g_2011.06.30.tif,200.0,True,72247242.0,68.9,False
2011-07-01,https://data.chc.ucsb.edu/products/CHIRPS-GEFS/v3/daily/global/2011/07/01/c3g_2011.07.01.tif,200.0,True,71655640.0,68.34,False
2011-07-02,https://data.chc.ucsb.edu/products/CHIRPS-GEFS/v3/daily/global/2011/07/02/c3g_2011.07.02.tif,200.0,True,68397958.0,65.23,False
2011-07-03,https://data.chc.ucsb.edu/products/CHIRPS-GEFS/v3/daily/global/2011/07/03/c3g_2011.07.03.tif,200.0,True,71113120.0,67.82,False
2011-07-04,https://data.chc.ucsb.edu/products/CHIRPS-GEFS/v3/daily/global/2011/07/04/c3g_2011.07.04.tif,200.0,True,70965734.0,67.68,False
2011-07-05,https://data.chc.ucsb.edu/products/CHIRPS-GEFS/v3/daily/global/2011/07/05/c3g_2011.07.05.tif,200.0,True,71087610.0,67.79,False
2011-07-06,https://data.chc.ucsb.edu/products/CHIRPS-GEFS/v3/daily/global/2011/07/06/c3g_2011.07.06.tif,200.0,True,68843464.0,65.65,False
2011-07-07,https://data.chc.ucsb.edu/products/CHIRPS-GEFS/v3/daily/global/2011/07/07/c3g_2011.07.07.tif,200.0,True,70466604.0,67.2,False
2011-07-08,https://data.chc.ucsb.edu/products/CHIRPS-GEFS/v3/daily/global/2011/07/08/c3g_2011.07.08.tif,200.0,True,68060004.0,64.91,False
2011-07-09,https://data.chc.ucsb.edu/products/CHIRPS-GEFS/v3/daily/global/2011/07/09/c3g_2011.07.09.tif,200.0,True,68187464.0,65.03,False
2011-07-10,https://data.chc.ucsb.edu/products/CHIRPS-GEFS/v3/daily/global/2011/07/10/c3g_2011.07.10.tif,200.0,True,71305882.0,68.0,False
2011-07-11,https://data.chc.ucsb.edu/products/CHIRPS-GEFS/v3/daily/global/2011/07/11/c3g_2011.07.11.tif,200.0,True,71372130.0,68.07,False
2011-07-12,https://data.chc.ucsb.edu/products/CHIRPS-GEFS/v3/daily/global/2011/07/12/c3g_2011.07.12.tif,200.0,True,72363980.0,69.01,False
2011-07-13,https://data.chc.ucsb.edu/products/CHIRPS-GEFS/v3/daily/global/2011/07/13/c3g_2011.07.13.tif,200.0,True,70774230.0,67.5,False
2011-07-14,https://data.chc.ucsb.edu/products/CHIRPS-GEFS/v3/daily/global/2011/07/14/c3g_2011.07.14.tif,200.0,True,71170322.0,67.87,False
2011-07-15,https://data.chc.ucsb.edu/products/CHIRPS-GEFS/v3/daily/global/2011/07/15/c3g_2011.07.15.tif,200.0,True,68431482.0,65.26,False
2011-07-16,https://data.chc.ucsb.edu/products/CHIRPS-GEFS/v3/daily/global/2011/07/16/c3g_2011.07.16.tif,200.0,True,70592672.0,67.32,False
2011-07-17,https://data.chc.ucsb.edu/products/CHIRPS-GEFS/v3/daily/global/2011/07/17/c3g_2011.07.17.tif,200.0,True,76991922.0,73.43,False
2011-07-18,https://data.chc.ucsb.edu/products/CHIRPS-GEFS/v3/daily/global/2011/07/18/c3g_2011.07.18.tif,200.0,True,70795128.0,67.52,False
2011-07-19,https://data.chc.ucsb.edu/products/CHIRPS-GEFS/v3/daily/global/2011/07/19/c3g_2011.07.19.tif,200.0,True,68334238.0,65.17,False
2011-07-20,https://data.chc.ucsb.edu/products/CHIRPS-GEFS/v3/daily/global/2011/07/20/c3g_2011.07.20.tif,200.0,True,70618078.0,67.35,False
2011-07-21,https://data.chc.ucsb.edu/products/CHIRPS-GEFS/v3/daily/global/2011/07/21/c3g_2011.07.21.tif,200.0,True,69620836.0,66.4,False
2011-07-22,https://data.chc.ucsb.edu/products/CHIRPS-GEFS/v3/daily/global/2011/07/22/c3g_2011.07.22.tif,200.0,True,70652536.0,67.38,False
2011-07-23,https://data.chc.ucsb.edu/products/CHIRPS-GEFS/v3/daily/global/2011/07/23/c3g_2011.07.23.tif,200.0,True,77489406.0,73.9,False
2011-07-24,https://data.chc.ucsb.edu/products/CHIRPS-GEFS/v3/daily/global/2011/07/24/c3g_2011.07.24.tif,200.0,True,71139344.0,67.84,False
2011-07-25,https://data.chc.ucsb.edu/products/CHIRPS-GEFS/v3/daily/global/2011/07/25/c3g_2011.07.25.tif,200.0,True,69229762.0,66.02,False
2011-07-26,https://data.chc.ucsb.edu/products/CHIRPS-GEFS/v3/daily/global/2011/07/26/c3g_2011.07.26.tif,200.0,True,68115190.0,64.96,False
2011-07-27,https://data.chc.ucsb.edu/products/CHIRPS-GEFS/v3/daily/global/2011/07/27/c3g_2011.07.27.tif,200.0,True,68226944.0,65.07,False
2011-07-28,https://data.chc.ucsb.edu/products/CHIRPS-GEFS/v3/daily/global/2011/07/28/c3g_2011.07.28.tif,200.0,True,77608792.0,74.01,False
2011-07-29,https://data.chc.ucsb.edu/products/CHIRPS-GEFS/v3/daily/global/2011/07/29/c3g_2011.07.29.tif,200.0,True,71127870.0,67.83,False
2011-07-30,https://data.chc.ucsb.edu/products/CHIRPS-GEFS/v3/daily/global/2011/07/30/c3g_2011.07.30.tif,200.0,True,68733194.0,65.55,False
2011-07-31,https://data.chc.ucsb.edu/products/CHIRPS-GEFS/v3/daily/global/2011/07/31/c3g_2011.07.31.tif,200.0,True,77408458.0,73.82,False
2011-08-01,https://data.chc.ucsb.edu/products/CHIRPS-GEFS/v3/daily/global/2011/08/01/c3g_2011.08.01.tif,200.0,True,68062460.0,64.91,False
2011-08-02,https://data.chc.ucsb.edu/products/CHIRPS-GEFS/v3/daily/global/2011/08/02/c3g_2011.08.02.tif,200.0,True,70952246.0,67.67,False
2011-08-03,https://data.chc.ucsb.edu/products/CHIRPS-GEFS/v3/daily/global/2011/08/03/c3g_2011.08.03.tif,200.0,True,70908060.0,67.62,False
2011-08-04,https://data.chc.ucsb.edu/products/CHIRPS-GEFS/v3/daily/global/2011/08/04/c3g_2011.08.04.tif,200.0,True,71226038.0,67.93,False
2011-08-05,https://data.chc.ucsb.edu/products/CHIRPS-GEFS/v3/daily/global/2011/08/05/c3g_2011.08.05.tif,200.0,True,70954926.0,67.67,False
2011-08-06,https://data.chc.ucsb.edu/products/CHIRPS-GEFS/v3/daily/global/2011/08/06/c3g_2011.08.06.tif,200.0,True,68164754.0,65.01,False
2011-08-07,https://data.chc.ucsb.edu/products/CHIRPS-GEFS/v3/daily/global/2011/08/07/c3g_2011.08.07.tif,200.0,True,71280822.0,67.98,False
2011-08-08,https://data.chc.ucsb.edu/products/CHIRPS-GEFS/v3/daily/global/2011/08/08/c3g_2011.08.08.tif,200.0,True,71213534.0,67.91,False
2011-08-09,https://data.chc.ucsb.edu/products/CHIRPS-GEFS/v3/daily/global/2011/08/09/c3g_2011.08.09.tif,200.0,True,67792862.0,64.65,False
2011-08-10,https://data.chc.ucsb.edu/products/CHIRPS-GEFS/v3/daily/global/2011/08/10/c3g_2011.08.10.tif,200.0,True,70319980.0,67.06,False
2011-08-11,https://data.chc.ucsb.edu/products/CHIRPS-GEFS/v3/daily/global/2011/08/11/c3g_2011.08.11.tif,200.0,True,69998962.0,66.76,False
2011-08-12,https://data.chc.ucsb.edu/products/CHIRPS-GEFS/v3/daily/global/2011/08/12/c3g_2011.08.12.tif,200.0,True,71433572.0,68.12,False
2011-08-13,https://data.chc.ucsb.edu/products/CHIRPS-GEFS/v3/daily/global/2011/08/13/c3g_2011.08.13.tif,200.0,True,77999760.0,74.39,False
2011-08-14,https://data.chc.ucsb.edu/products/CHIRPS-GEFS/v3/daily/global/2011/08/14/c3g_2011.08.14.tif,200.0,True,71748554.0,68.42,False
2011-08-15,https://data.chc.ucsb.edu/products/CHIRPS-GEFS/v3/daily/global/2011/08/15/c3g_2011.08.15.tif,200.0,True,69420082.0,66.2,False
2011-08-16,https://data.chc.ucsb.edu/products/CHIRPS-GEFS/v3/daily/global/2011/08/16/c3g_2011.08.16.tif,200.0,True,71138224.0,67.84,False
2011-08-17,https://data.chc.ucsb.edu/products/CHIRPS-GEFS/v3/daily/global/2011/08/17/c3g_2011.08.17.tif,200.0,True,71102660.0,67.81,False
2011-08-18,https://data.chc.ucsb.edu/products/CHIRPS-GEFS/v3/daily/global/2011/08/18/c3g_2011.08.18.tif,200.0,True,78149288.0,74.53,False
2011-08-19,https://data.chc.ucsb.edu/products/CHIRPS-GEFS/v3/daily/global/2011/08/19/c3g_2011.08.19.tif,200.0,True,71479976.0,68.17,False
2011-08-20,https://data.chc.ucsb.edu/products/CHIRPS-GEFS/v3/daily/global/2011/08/20/c3g_2011.08.20.tif,200.0,True,71720536.0,68.4,False
2011-08-21,https://data.chc.ucsb.edu/products/CHIRPS-GEFS/v3/daily/global/2011/08/21/c3g_2011.08.21.tif,200.0,True,70475852.0,67.21,False
2011-08-22,https://data.chc.ucsb.edu/products/CHIRPS-GEFS/v3/daily/global/2011/08/22/c3g_2011.08.22.tif,200.0,True,67504262.0,64.38,False
2011-08-23,https://data.chc.ucsb.edu/products/CHIRPS-GEFS/v3/daily/global/2011/08/23/c3g_2011.08.23.tif,200.0,True,70763648.0,67.49,False
2011-08-24,https://data.chc.ucsb.edu/products/CHIRPS-GEFS/v3/daily/global/2011/08/24/c3g_2011.08.24.tif,200.0,True,68086438.0,64.93,False
2011-08-25,https://data.chc.ucsb.edu/products/CHIRPS-GEFS/v3/daily/global/2011/08/25/c3g_2011.08.25.tif,200.0,True,77483086.0,73.89,False
2011-08-26,https://data.chc.ucsb.edu/products/CHIRPS-GEFS/v3/daily/global/2011/08/26/c3g_2011.08.26.tif,200.0,True,68012856.0,64.86,False
2011-08-27,https://data.chc.ucsb.edu/products/CHIRPS-GEFS/v3/daily/global/2011/08/27/c3g_2011.08.27.tif,200.0,True,68032162.0,64.88,False
2011-08-28,https://data.chc.ucsb.edu/products/CHIRPS-GEFS/v3/daily/global/2011/08/28/c3g_2011.08.28.tif,200.0,True,77691550.0,74.09,False
2011-08-29,https://data.chc.ucsb.edu/products/CHIRPS-GEFS/v3/daily/global/2011/08/29/c3g_2011.08.29.tif,200.0,True,67927236.0,64.78,False
2011-08-30,https://data.chc.ucsb.edu/products/CHIRPS-GEFS/v3/daily/global/2011/08/30/c3g_2011.08.30.tif,200.0,True,70852242.0,67.57,False
2011-08-31,https://data.chc.ucsb.edu/products/CHIRPS-GEFS/v3/daily/global/2011/08/31/c3g_2011.08.31.tif,200.0,True,70319240.0,67.06,False
2011-09-01,https://data.chc.ucsb.edu/products/CHIRPS-GEFS/v3/daily/global/2011/09/01/c3g_2011.09.01.tif,200.0,True,70461442.0,67.2,False
2011-09-02,https://data.chc.ucsb.edu/products/CHIRPS-GEFS/v3/daily/global/2011/09/02/c3g_2011.09.02.tif,200.0,True,70104542.0,66.86,False
2011-09-03,https://data.chc.ucsb.edu/products/CHIRPS-GEFS/v3/daily/global/2011/09/03/c3g_2011.09.03.tif,200.0,True,70494438.0,67.23,False
2011-09-04,https://data.chc.ucsb.edu/products/CHIRPS-GEFS/v3/daily/global/2011/09/04/c3g_2011.09.04.tif,200.0,True,69985130.0,66.74,False
2011-09-05,https://data.chc.ucsb.edu/products/CHIRPS-GEFS/v3/daily/global/2011/09/05/c3g_2011.09.05.tif,200.0,True,70053586.0,66.81,False
2011-09-06,https://data.chc.ucsb.edu/products/CHIRPS-GEFS/v3/daily/global/2011/09/06/c3g_2011.09.06.tif,200.0,True,67775682.0,64.64,False
2011-09-07,https://data.chc.ucsb.edu/products/CHIRPS-GEFS/v3/daily/global/2011/09/07/c3g_2011.09.07.tif,200.0,True,69044374.0,65.85,False
2011-09-08,https://data.chc.ucsb.edu/products/CHIRPS-GEFS/v3/daily/global/2011/09/08/c3g_2011.09.08.tif,200.0,True,69401992.0,66.19,False
2011-09-09,https://data.chc.ucsb.edu/products/CHIRPS-GEFS/v3/daily/global/2011/09/09/c3g_2011.09.09.tif,200.0,True,70073310.0,66.83,False
2011-09-10,https://data.chc.ucsb.edu/products/CHIRPS-GEFS/v3/daily/global/2011/09/10/c3g_2011.09.10.tif,200.0,True,76247816.0,72.72,False
2011-09-11,https://data.chc.ucsb.edu/products/CHIRPS-GEFS/v3/daily/global/2011/09/11/c3g_2011.09.11.tif,200.0,True,76051498.0,72.53,False
2011-09-12,https://data.chc.ucsb.edu/products/CHIRPS-GEFS/v3/daily/global/2011/09/12/c3g_2011.09.12.tif,200.0,True,76296280.0,72.76,False
2011-09-13,https://data.chc.ucsb.edu/products/CHIRPS-GEFS/v3/daily/global/2011/09/13/c3g_2011.09.13.tif,200.0,True,66517564.0,63.44,False
2011-09-14,https://data.chc.ucsb.edu/products/CHIRPS-GEFS/v3/daily/global/2011/09/14/c3g_2011.09.14.tif,200.0,True,70386874.0,67.13,False
2011-09-15,https://data.chc.ucsb.edu/products/CHIRPS-GEFS/v3/daily/global/2011/09/15/c3g_2011.09.15.tif,200.0,True,67048728.0,63.94,False
2011-09-16,https://data.chc.ucsb.edu/products/CHIRPS-GEFS/v3/daily/global/2011/09/16/c3g_2011.09.16.tif,200.0,True,70506772.0,67.24,False
2011-09-17,https://data.chc.ucsb.edu/products/CHIRPS-GEFS/v3/daily/global/2011/09/17/c3g_2011.09.17.tif,200.0,True,69994234.0,66.75,False
2011-09-18,https://data.chc.ucsb.edu/products/CHIRPS-GEFS/v3/daily/global/2011/09/18/c3g_2011.09.18.tif,200.0,True,68898850.0,65.71,False
2011-09-19,https://data.chc.ucsb.edu/products/CHIRPS-GEFS/v3/daily/global/2011/09/19/c3g_2011.09.19.tif,200.0,True,76916392.0,73.35,False
2011-09-20,https://data.chc.ucsb.edu/products/CHIRPS-GEFS/v3/daily/global/2011/09/20/c3g_2011.09.20.tif,200.0,True,68794980.0,65.61,False
2011-09-21,https://data.chc.ucsb.edu/products/CHIRPS-GEFS/v3/daily/global/2011/09/21/c3g_2011.09.21.tif,200.0,True,76455172.0,72.91,False
2011-09-22,https://data.chc.ucsb.edu/products/CHIRPS-GEFS/v3/daily/global/2011/09/22/c3g_2011.09.22.tif,200.0,True,68722076.0,65.54,False
2011-09-23,https://data.chc.ucsb.edu/products/CHIRPS-GEFS/v3/daily/global/2011/09/23/c3g_2011.09.23.tif,200.0,True,76806814.0,73.25,False
2011-09-24,https://data.chc.ucsb.edu/products/CHIRPS-GEFS/v3/daily/global/2011/09/24/c3g_2011.09.24.tif,200.0,True,69477864.0,66.26,False
2011-09-25,https://data.chc.ucsb.edu/products/CHIRPS-GEFS/v3/daily/global/2011/09/25/c3g_2011.09.25.tif,200.0,True,68795710.0,65.61,False
2011-09-26,https://data.chc.ucsb.edu/products/CHIRPS-GEFS/v3/daily/global/2011/09/26/c3g_2011.09.26.tif,200.0,True,65700146.0,62.66,False
2011-09-27,https://data.chc.ucsb.edu/products/CHIRPS-GEFS/v3/daily/global/2011/09/27/c3g_2011.09.27.tif,200.0,True,66134802.0,63.07,False
2011-09-28,https://data.chc.ucsb.edu/products/CHIRPS-GEFS/v3/daily/global/2011/09/28/c3g_2011.09.28.tif,200.0,True,66878828.0,63.78,False
2011-09-29,https://data.chc.ucsb.edu/products/CHIRPS-GEFS/v3/daily/global/2011/09/29/c3g_2011.09.29.tif,200.0,True,70089678.0,66.84,False
2011-09-30,https://data.chc.ucsb.edu/products/CHIRPS-GEFS/v3/daily/global/2011/09/30/c3g_2011.09.30.tif,200.0,True,70043020.0,66.8,False
2011-10-01,https://data.chc.ucsb.edu/products/CHIRPS-GEFS/v3/daily/global/2011/10/01/c3g_2011.10.01.tif,200.0,True,77123828.0,73.55,False
2011-10-02,https://data.chc.ucsb.edu/products/CHIRPS-GEFS/v3/daily/global/2011/10/02/c3g_2011.10.02.tif,200.0,True,67333606.0,64.21,False
2011-10-03,https://data.chc.ucsb.edu/products/CHIRPS-GEFS/v3/daily/global/2011/10/03/c3g_2011.10.03.tif,200.0,True,69935340.0,66.7,False
2011-10-04,https://data.chc.ucsb.edu/products/CHIRPS-GEFS/v3/daily/global/2011/10/04/c3g_2011.10.04.tif,200.0,True,77676906.0,74.08,False
2011-10-05,https://data.chc.ucsb.edu/products/CHIRPS-GEFS/v3/daily/global/2011/10/05/c3g_2011.10.05.tif,200.0,True,69377214.0,66.16,False
2011-10-06,https://data.chc.ucsb.edu/products/CHIRPS-GEFS/v3/daily/global/2011/10/06/c3g_2011.10.06.tif,200.0,True,70299038.0,67.04,False
2011-10-07,https://data.chc.ucsb.edu/products/CHIRPS-GEFS/v3/daily/global/2011/10/07/c3g_2011.10.07.tif,200.0,True,69733762.0,66.5,False
2011-10-08,https://data.chc.ucsb.edu/products/CHIRPS-GEFS/v3/daily/global/2011/10/08/c3g_2011.10.08.tif,200.0,True,67227036.0,64.11,False
2011-10-09,https://data.chc.ucsb.edu/products/CHIRPS-GEFS/v3/daily/global/2011/10/09/c3g_2011.10.09.tif,200.0,True,69663058.0,66.44,False
2011-10-10,https://data.chc.ucsb.edu/products/CHIRPS-GEFS/v3/daily/global/2011/10/10/c3g_2011.10.10.tif,200.0,True,66411910.0,63.34,False
2011-10-11,https://data.chc.ucsb.edu/products/CHIRPS-GEFS/v3/daily/global/2011/10/11/c3g_2011.10.11.tif,200.0,True,67039152.0,63.93,False
2011-10-12,https://data.chc.ucsb.edu/products/CHIRPS-GEFS/v3/daily/global/2011/10/12/c3g_2011.10.12.tif,200.0,True,67381820.0,64.26,False
2011-10-13,https://data.chc.ucsb.edu/products/CHIRPS-GEFS/v3/daily/global/2011/10/13/c3g_2011.10.13.tif,200.0,True,66894100.0,63.8,False
2011-10-14,https://data.chc.ucsb.edu/products/CHIRPS-GEFS/v3/daily/global/2011/10/14/c3g_2011.10.14.tif,200.0,True,70521860.0,67.25,False
2011-10-15,https://data.chc.ucsb.edu/products/CHIRPS-GEFS/v3/daily/global/2011/10/15/c3g_2011.10.15.tif,200.0,True,69189964.0,65.98,False
2011-10-16,https://data.chc.ucsb.edu/products/CHIRPS-GEFS/v3/daily/global/2011/10/16/c3g_2011.10.16.tif,200.0,True,67911608.0,64.77,False
2011-10-17,https://data.chc.ucsb.edu/products/CHIRPS-GEFS/v3/daily/global/2011/10/17/c3g_2011.10.17.tif,200.0,True,68288738.0,65.13,False
2011-10-18,https://data.chc.ucsb.edu/products/CHIRPS-GEFS/v3/daily/global/2011/10/18/c3g_2011.10.18.tif,200.0,True,70029884.0,66.79,False
2011-10-19,https://data.chc.ucsb.edu/products/CHIRPS-GEFS/v3/daily/global/2011/10/19/c3g_2011.10.19.tif,200.0,True,69658956.0,66.43,False
2011-10-20,https://data.chc.ucsb.edu/products/CHIRPS-GEFS/v3/daily/global/2011/10/20/c3g_2011.10.20.tif,200.0,True,69148574.0,65.95,False
2011-10-21,https://data.chc.ucsb.edu/products/CHIRPS-GEFS/v3/daily/global/2011/10/21/c3g_2011.10.21.tif,200.0,True,68834176.0,65.65,False
2011-10-22,https://data.chc.ucsb.edu/products/CHIRPS-GEFS/v3/daily/global/2011/10/22/c3g_2011.10.22.tif,200.0,True,69237838.0,66.03,False
2011-10-23,https://data.chc.ucsb.edu/products/CHIRPS-GEFS/v3/daily/global/2011/10/23/c3g_2011.10.23.tif,200.0,True,69140290.0,65.94,False
2011-10-24,https://data.chc.ucsb.edu/products/CHIRPS-GEFS/v3/daily/global/2011/10/24/c3g_2011.10.24.tif,200.0,True,67377546.0,64.26,False
2011-10-25,https://data.chc.ucsb.edu/products/CHIRPS-GEFS/v3/daily/global/2011/10/25/c3g_2011.10.25.tif,200.0,True,76426166.0,72.89,False
2011-10-26,https://data.chc.ucsb.edu/products/CHIRPS-GEFS/v3/daily/global/2011/10/26/c3g_2011.10.26.tif,200.0,True,68315700.0,65.15,False
2011-10-27,https://data.chc.ucsb.edu/products/CHIRPS-GEFS/v3/daily/global/2011/10/27/c3g_2011.10.27.tif,200.0,True,68476012.0,65.3,False
2011-10-28,https://data.chc.ucsb.edu/products/CHIRPS-GEFS/v3/daily/global/2011/10/28/c3g_2011.10.28.tif,200.0,True,69597288.0,66.37,False
2011-10-29,https://data.chc.ucsb.edu/products/CHIRPS-GEFS/v3/daily/global/2011/10/29/c3g_2011.10.29.tif,200.0,True,70783808.0,67.5,False
2011-10-30,https://data.chc.ucsb.edu/products/CHIRPS-GEFS/v3/daily/global/2011/10/30/c3g_2011.10.30.tif,200.0,True,69754464.0,66.52,False
2011-10-31,https://data.chc.ucsb.edu/products/CHIRPS-GEFS/v3/daily/global/2011/10/31/c3g_2011.10.31.tif,200.0,True,75934034.0,72.42,False
2011-11-01,https://data.chc.ucsb.edu/products/CHIRPS-GEFS/v3/daily/global/2011/11/01/c3g_2011.11.01.tif,200.0,True,69148458.0,65.95,False
2011-11-02,https://data.chc.ucsb.edu/products/CHIRPS-GEFS/v3/daily/global/2011/11/02/c3g_2011.11.02.tif,200.0,True,66821582.0,63.73,False
2011-11-03,https://data.chc.ucsb.edu/products/CHIRPS-GEFS/v3/daily/global/2011/11/03/c3g_2011.11.03.tif,200.0,True,67092616.0,63.98,False
2011-11-04,https://data.chc.ucsb.edu/products/CHIRPS-GEFS/v3/daily/global/2011/11/04/c3g_2011.11.04.tif,200.0,True,67015240.0,63.91,False
2011-11-05,https://data.chc.ucsb.edu/products/CHIRPS-GEFS/v3/daily/global/2011/11/05/c3g_2011.11.05.tif,200.0,True,69845508.0,66.61,False
2011-11-06,https://data.chc.ucsb.edu/products/CHIRPS-GEFS/v3/daily/global/2011/11/06/c3g_2011.11.06.tif,200.0,True,69673362.0,66.45,False
2011-11-07,https://data.chc.ucsb.edu/products/CHIRPS-GEFS/v3/daily/global/2011/11/07/c3g_2011.11.07.tif,200.0,True,76171798.0,72.64,False
2011-11-08,https://data.chc.ucsb.edu/products/CHIRPS-GEFS/v3/daily/global/2011/11/08/c3g_2011.11.08.tif,200.0,True,67069420.0,63.96,False
2011-11-09,https://data.chc.ucsb.edu/products/CHIRPS-GEFS/v3/daily/global/2011/11/09/c3g_2011.11.09.tif,200.0,True,69305610.0,66.09,False
2011-11-10,https://data.chc.ucsb.edu/products/CHIRPS-GEFS/v3/daily/global/2011/11/10/c3g_2011.11.10.tif,200.0,True,68683692.0,65.5,False
2011-11-11,https://data.chc.ucsb.edu/products/CHIRPS-GEFS/v3/daily/global/2011/11/11/c3g_2011.11.11.tif,200.0,True,75437146.0,71.94,False
2011-11-12,https://data.chc.ucsb.edu/products/CHIRPS-GEFS/v3/daily/global/2011/11/12/c3g_2011.11.12.tif,200.0,True,68784664.0,65.6,False
2011-11-13,https://data.chc.ucsb.edu/products/CHIRPS-GEFS/v3/daily/global/2011/11/13/c3g_2011.11.13.tif,200.0,True,69995792.0,66.75,False
2011-11-14,https://data.chc.ucsb.edu/products/CHIRPS-GEFS/v3/daily/global/2011/11/14/c3g_2011.11.14.tif,200.0,True,70603932.0,67.33,False
2011-11-15,https://data.chc.ucsb.edu/products/CHIRPS-GEFS/v3/daily/global/2011/11/15/c3g_2011.11.15.tif,200.0,True,70151532.0,66.9,False
2011-11-16,https://data.chc.ucsb.edu/products/CHIRPS-GEFS/v3/daily/global/2011/11/16/c3g_2011.11.16.tif,200.0,True,70780498.0,67.5,False
2011-11-17,https://data.chc.ucsb.edu/products/CHIRPS-GEFS/v3/daily/global/2011/11/17/c3g_2011.11.17.tif,200.0,True,70964564.0,67.68,False
2011-11-18,https://data.chc.ucsb.edu/products/CHIRPS-GEFS/v3/daily/global/2011/11/18/c3g_2011.11.18.tif,200.0,True,70837358.0,67.56,False
2011-11-19,https://data.chc.ucsb.edu/products/CHIRPS-GEFS/v3/daily/global/2011/11/19/c3g_2011.11.19.tif,200.0,True,70960754.0,67.67,False
2011-11-20,https://data.chc.ucsb.edu/products/CHIRPS-GEFS/v3/daily/global/2011/11/20/c3g_2011.11.20.tif,200.0,True,71005148.0,67.72,False
2011-11-21,https://data.chc.ucsb.edu/products/CHIRPS-GEFS/v3/daily/global/2011/11/21/c3g_2011.11.21.tif,200.0,True,71069836.0,67.78,False
2011-11-22,https://data.chc.ucsb.edu/products/CHIRPS-GEFS/v3/daily/global/2011/11/22/c3g_2011.11.22.tif,200.0,True,70001758.0,66.76,False
2011-11-23,https://data.chc.ucsb.edu/products/CHIRPS-GEFS/v3/daily/global/2011/11/23/c3g_2011.11.23.tif,200.0,True,69345136.0,66.13,False
2011-11-24,https://data.chc.ucsb.edu/products/CHIRPS-GEFS/v3/daily/global/2011/11/24/c3g_2011.11.24.tif,200.0,True,68400364.0,65.23,False
2011-11-25,https://data.chc.ucsb.edu/products/CHIRPS-GEFS/v3/daily/global/2011/11/25/c3g_2011.11.25.tif,200.0,True,66745930.0,63.65,False
2011-11-26,https://data.chc.ucsb.edu/products/CHIRPS-GEFS/v3/daily/global/2011/11/26/c3g_2011.11.26.tif,200.0,True,66230158.0,63.16,False
2011-11-27,https://data.chc.ucsb.edu/products/CHIRPS-GEFS/v3/daily/global/2011/11/27/c3g_2011.11.27.tif,200.0,True,68896186.0,65.7,False
2011-11-28,https://data.chc.ucsb.edu/products/CHIRPS-GEFS/v3/daily/global/2011/11/28/c3g_2011.11.28.tif,200.0,True,65963834.0,62.91,False
2011-11-29,https://data.chc.ucsb.edu/products/CHIRPS-GEFS/v3/daily/global/2011/11/29/c3g_2011.11.29.tif,200.0,True,65669384.0,62.63,False
2011-11-30,https://data.chc.ucsb.edu/products/CHIRPS-GEFS/v3/daily/global/2011/11/30/c3g_2011.11.30.tif,200.0,True,65451826.0,62.42,False
2011-12-01,https://data.chc.ucsb.edu/products/CHIRPS-GEFS/v3/daily/global/2011/12/01/c3g_2011.12.01.tif,200.0,True,67803762.0,64.66,False
2011-12-02,https://data.chc.ucsb.edu/products/CHIRPS-GEFS/v3/daily/global/2011/12/02/c3g_2011.12.02.tif,200.0,True,64671366.0,61.68,False
2011-12-03,https://data.chc.ucsb.edu/products/CHIRPS-GEFS/v3/daily/global/2011/12/03/c3g_2011.12.03.tif,200.0,True,66152120.0,63.09,False
2011-12-04,https://data.chc.ucsb.edu/products/CHIRPS-GEFS/v3/daily/global/2011/12/04/c3g_2011.12.04.tif,200.0,True,75020764.0,71.55,False
2011-12-05,https://data.chc.ucsb.edu/products/CHIRPS-GEFS/v3/daily/global/2011/12/05/c3g_2011.12.05.tif,200.0,True,69153418.0,65.95,False
2011-12-06,https://data.chc.ucsb.edu/products/CHIRPS-GEFS/v3/daily/global/2011/12/06/c3g_2011.12.06.tif,200.0,True,67624504.0,64.49,False
2011-12-07,https://data.chc.ucsb.edu/products/CHIRPS-GEFS/v3/daily/global/2011/12/07/c3g_2011.12.07.tif,200.0,True,73794736.0,70.38,False
2011-12-08,https://data.chc.ucsb.edu/products/CHIRPS-GEFS/v3/daily/global/2011/12/08/c3g_2011.12.08.tif,200.0,True,68580716.0,65.4,False
2011-12-09,https://data.chc.ucsb.edu/products/CHIRPS-GEFS/v3/daily/global/2011/12/09/c3g_2011.12.09.tif,200.0,True,67892748.0,64.75,False
2011-12-10,https://data.chc.ucsb.edu/products/CHIRPS-GEFS/v3/daily/global/2011/12/10/c3g_2011.12.10.tif,200.0,True,66057114.0,63.0,False
2011-12-11,https://data.chc.ucsb.edu/products/CHIRPS-GEFS/v3/daily/global/2011/12/11/c3g_2011.12.11.tif,200.0,True,67845522.0,64.7,False
2011-12-12,https://data.chc.ucsb.edu/products/CHIRPS-GEFS/v3/daily/global/2011/12/12/c3g_2011.12.12.tif,200.0,True,64799274.0,61.8,False
2011-12-13,https://data.chc.ucsb.edu/products/CHIRPS-GEFS/v3/daily/global/2011/12/13/c3g_2011.12.13.tif,200.0,True,67853522.0,64.71,False
2011-12-14,https://data.chc.ucsb.edu/products/CHIRPS-GEFS/v3/daily/global/2011/12/14/c3g_2011.12.14.tif,200.0,True,65763036.0,62.72,False
2011-12-15,https://data.chc.ucsb.edu/products/CHIRPS-GEFS/v3/daily/global/2011/12/15/c3g_2011.12.15.tif,200.0,True,68006708.0,64.86,False
2011-12-16,https://data.chc.ucsb.edu/products/CHIRPS-GEFS/v3/daily/global/2011/12/16/c3g_2011.12.16.tif,200.0,True,64866564.0,61.86,False
2011-12-17,https://data.chc.ucsb.edu/products/CHIRPS-GEFS/v3/daily/global/2011/12/17/c3g_2011.12.17.tif,200.0,True,67290064.0,64.17,False
2011-12-18,https://data.chc.ucsb.edu/products/CHIRPS-GEFS/v3/daily/global/2011/12/18/c3g_2011.12.18.tif,200.0,True,64046104.0,61.08,False
2011-12-19,https://data.chc.ucsb.edu/products/CHIRPS-GEFS/v3/daily/global/2011/12/19/c3g_2011.12.19.tif,200.0,True,74585648.0,71.13,False
2011-12-20,https://data.chc.ucsb.edu/products/CHIRPS-GEFS/v3/daily/global/2011/12/20/c3g_2011.12.20.tif,200.0,True,68137920.0,64.98,False
2011-12-21,https://data.chc.ucsb.edu/products/CHIRPS-GEFS/v3/daily/global/2011/12/21/c3g_2011.12.21.tif,200.0,True,67839626.0,64.7,False
2011-12-22,https://data.chc.ucsb.edu/products/CHIRPS-GEFS/v3/daily/global/2011/12/22/c3g_2011.12.22.tif,200.0,True,64734646.0,61.74,False
2011-12-23,https://data.chc.ucsb.edu/products/CHIRPS-GEFS/v3/daily/global/2011/12/23/c3g_2011.12.23.tif,200.0,True,64078208.0,61.11,False
2011-12-24,https://data.chc.ucsb.edu/products/CHIRPS-GEFS/v3/daily/global/2011/12/24/c3g_2011.12.24.tif,200.0,True,67221006.0,64.11,False
2011-12-25,https://data.chc.ucsb.edu/products/CHIRPS-GEFS/v3/daily/global/2011/12/25/c3g_2011.12.25.tif,200.0,True,74041970.0,70.61,False
2011-12-26,https://data.chc.ucsb.edu/products/CHIRPS-GEFS/v3/daily/global/2011/12/26/c3g_2011.12.26.tif,200.0,True,67151182.0,64.04,False
2011-12-27,https://data.chc.ucsb.edu/products/CHIRPS-GEFS/v3/daily/global/2011/12/27/c3g_2011.12.27.tif,200.0,True,74270764.0,70.83,False
2011-12-28,https://data.chc.ucsb.edu/products/CHIRPS-GEFS/v3/daily/global/2011/12/28/c3g_2011.12.28.tif,200.0,True,67777818.0,64.64,False
2011-12-29,https://data.chc.ucsb.edu/products/CHIRPS-GEFS/v3/daily/global/2011/12/29/c3g_2011.12.29.tif,200.0,True,64321842.0,61.34,False
2011-12-30,https://data.chc.ucsb.edu/products/CHIRPS-GEFS/v3/daily/global/2011/12/30/c3g_2011.12.30.tif,200.0,True,74170760.0,70.73,False
2011-12-31,https://data.chc.ucsb.edu/products/CHIRPS-GEFS/v3/daily/global/2011/12/31/c3g_2011.12.31.tif,200.0,True,66623716.0,63.54,False
2012-01-01,https://data.chc.ucsb.edu/products/CHIRPS-GEFS/v3/daily/global/2012/01/01/c3g_2012.01.01.tif,200.0,True,68023886.0,64.87,False
2012-01-02,https://data.chc.ucsb.edu/products/CHIRPS-GEFS/v3/daily/global/2012/01/02/c3g_2012.01.02.tif,200.0,True,68053372.0,64.9,False
2012-01-03,https://data.chc.ucsb.edu/products/CHIRPS-GEFS/v3/daily/global/2012/01/03/c3g_2012.01.03.tif,200.0,True,67577772.0,64.45,False
2012-01-04,https://data.chc.ucsb.edu/products/CHIRPS-GEFS/v3/daily/global/2012/01/04/c3g_2012.01.04.tif,200.0,True,67512990.0,64.39,False
2012-01-05,https://data.chc.ucsb.edu/products/CHIRPS-GEFS/v3/daily/global/2012/01/05/c3g_2012.01.05.tif,200.0,True,64871326.0,61.87,False
2012-01-06,https://data.chc.ucsb.edu/products/CHIRPS-GEFS/v3/daily/global/2012/01/06/c3g_2012.01.06.tif,200.0,True,64430118.0,61.45,False
2012-01-07,https://data.chc.ucsb.edu/products/CHIRPS-GEFS/v3/daily/global/2012/01/07/c3g_2012.01.07.tif,200.0,True,68510660.0,65.34,False
2012-01-08,https://data.chc.ucsb.edu/products/CHIRPS-GEFS/v3/daily/global/2012/01/08/c3g_2012.01.08.tif,200.0,True,71888606.0,68.56,False
2012-01-09,https://data.chc.ucsb.edu/products/CHIRPS-GEFS/v3/daily/global/2012/01/09/c3g_2012.01.09.tif,200.0,True,65108564.0,62.09,False
2012-01-10,https://data.chc.ucsb.edu/products/CHIRPS-GEFS/v3/daily/global/2012/01/10/c3g_2012.01.10.tif,200.0,True,69440954.0,66.22,False
2012-01-11,https://data.chc.ucsb.edu/products/CHIRPS-GEFS/v3/daily/global/2012/01/11/c3g_2012.01.11.tif,200.0,True,72955030.0,69.58,False
2012-01-12,https://data.chc.ucsb.edu/products/CHIRPS-GEFS/v3/daily/global/2012/01/12/c3g_2012.01.12.tif,200.0,True,72754710.0,69.38,False
2012-01-13,https://data.chc.ucsb.edu/products/CHIRPS-GEFS/v3/daily/global/2012/01/13/c3g_2012.01.13.tif,200.0,True,69716896.0,66.49,False
2012-01-14,https://data.chc.ucsb.edu/products/CHIRPS-GEFS/v3/daily/global/2012/01/14/c3g_2012.01.14.tif,200.0,True,66464008.0,63.39,False
2012-01-15,https://data.chc.ucsb.edu/products/CHIRPS-GEFS/v3/daily/global/2012/01/15/c3g_2012.01.15.tif,200.0,True,72199684.0,68.85,False
2012-01-16,https://data.chc.ucsb.edu/products/CHIRPS-GEFS/v3/daily/global/2012/01/16/c3g_2012.01.16.tif,200.0,True,69361380.0,66.15,False
2012-01-17,https://data.chc.ucsb.edu/products/CHIRPS-GEFS/v3/daily/global/2012/01/17/c3g_2012.01.17.tif,200.0,True,69198190.0,65.99,False
2012-01-18,https://data.chc.ucsb.edu/products/CHIRPS-GEFS/v3/daily/global/2012/01/18/c3g_2012.01.18.tif,200.0,True,69716214.0,66.49,False
2012-01-19,https://data.chc.ucsb.edu/products/CHIRPS-GEFS/v3/daily/global/2012/01/19/c3g_2012.01.19.tif,200.0,True,66557618.0,63.47,False
2012-01-20,https://data.chc.ucsb.edu/products/CHIRPS-GEFS/v3/daily/global/2012/01/20/c3g_2012.01.20.tif,200.0,True,72593580.0,69.23,False
2012-01-21,https://data.chc.ucsb.edu/products/CHIRPS-GEFS/v3/daily/global/2012/01/21/c3g_2012.01.21.tif,200.0,True,69935782.0,66.7,False
2012-01-22,https://data.chc.ucsb.edu/products/CHIRPS-GEFS/v3/daily/global/2012/01/22/c3g_2012.01.22.tif,200.0,True,73006430.0,69.62,False
2012-01-23,https://data.chc.ucsb.edu/products/CHIRPS-GEFS/v3/daily/global/2012/01/23/c3g_2012.01.23.tif,200.0,True,68568984.0,65.39,False
2012-01-24,https://data.chc.ucsb.edu/products/CHIRPS-GEFS/v3/daily/global/2012/01/24/c3g_2012.01.24.tif,200.0,True,68180690.0,65.02,False
2012-01-25,https://data.chc.ucsb.edu/products/CHIRPS-GEFS/v3/daily/global/2012/01/25/c3g_2012.01.25.tif,200.0,True,65772758.0,62.73,False
2012-01-26,https://data.chc.ucsb.edu/products/CHIRPS-GEFS/v3/daily/global/2012/01/26/c3g_2012.01.26.tif,200.0,True,68020364.0,64.87,False
2012-01-27,https://data.chc.ucsb.edu/products/CHIRPS-GEFS/v3/daily/global/2012/01/27/c3g_2012.01.27.tif,200.0,True,68321970.0,65.16,False
2012-01-28,https://data.chc.ucsb.edu/products/CHIRPS-GEFS/v3/daily/global/2012/01/28/c3g_2012.01.28.tif,200.0,True,65667960.0,62.63,False
2012-01-29,https://data.chc.ucsb.edu/products/CHIRPS-GEFS/v3/daily/global/2012/01/29/c3g_2012.01.29.tif,200.0,True,73353300.0,69.96,False
2012-01-30,https://data.chc.ucsb.edu/products/CHIRPS-GEFS/v3/daily/global/2012/01/30/c3g_2012.01.30.tif,200.0,True,65845554.0,62.8,False
2012-01-31,https://data.chc.ucsb.edu/products/CHIRPS-GEFS/v3/daily/global/2012/01/31/c3g_2012.01.31.tif,200.0,True,67844920.0,64.7,False
2012-02-01,https://data.chc.ucsb.edu/products/CHIRPS-GEFS/v3/daily/global/2012/02/01/c3g_2012.02.01.tif,200.0,True,68898258.0,65.71,False
2012-02-02,https://data.chc.ucsb.edu/products/CHIRPS-GEFS/v3/daily/global/2012/02/02/c3g_2012.02.02.tif,200.0,True,73334438.0,69.94,False
2012-02-03,https://data.chc.ucsb.edu/products/CHIRPS-GEFS/v3/daily/global/2012/02/03/c3g_2012.02.03.tif,200.0,True,68029980.0,64.88,False
2012-02-04,https://data.chc.ucsb.edu/products/CHIRPS-GEFS/v3/daily/global/2012/02/04/c3g_2012.02.04.tif,,False,,,False
2012-02-05,https://data.chc.ucsb.edu/products/CHIRPS-GEFS/v3/daily/global/2012/02/05/c3g_2012.02.05.tif,200.0,True,64468692.0,61.48,False
2012-02-06,https://data.chc.ucsb.edu/products/CHIRPS-GEFS/v3/daily/global/2012/02/06/c3g_2012.02.06.tif,200.0,True,69242830.0,66.04,False
2012-02-07,https://data.chc.ucsb.edu/products/CHIRPS-GEFS/v3/daily/global/2012/02/07/c3g_2012.02.07.tif,200.0,True,67536494.0,64.41,False
2012-02-08,https://data.chc.ucsb.edu/products/CHIRPS-GEFS/v3/daily/global/2012/02/08/c3g_2012.02.08.tif,200.0,True,67223930.0,64.11,False
2012-02-09,https://data.chc.ucsb.edu/products/CHIRPS-GEFS/v3/daily/global/2012/02/09/c3g_2012.02.09.tif,200.0,True,67537474.0,64.41,False
2012-02-10,https://data.chc.ucsb.edu/products/CHIRPS-GEFS/v3/daily/global/2012/02/10/c3g_2012.02.10.tif,200.0,True,66339262.0,63.27,False
2012-02-11,https://data.chc.ucsb.edu/products/CHIRPS-GEFS/v3/daily/global/2012/02/11/c3g_2012.02.11.tif,200.0,True,66108732.0,63.05,False
2012-02-12,https://data.chc.ucsb.edu/products/CHIRPS-GEFS/v3/daily/global/2012/02/12/c3g_2012.02.12.tif,200.0,True,66585174.0,63.5,False
2012-02-13,https://data.chc.ucsb.edu/products/CHIRPS-GEFS/v3/daily/global/2012/02/13/c3g_2012.02.13.tif,200.0,True,66794982.0,63.7,False
2012-02-14,https://data.chc.ucsb.edu/products/CHIRPS-GEFS/v3/daily/global/2012/02/14/c3g_2012.02.14.tif,200.0,True,67513014.0,64.39,False
2012-02-15,https://data.chc.ucsb.edu/products/CHIRPS-GEFS/v3/daily/global/2012/02/15/c3g_2012.02.15.tif,200.0,True,66261202.0,63.19,False
2012-02-16,https://data.chc.ucsb.edu/products/CHIRPS-GEFS/v3/daily/global/2012/02/16/c3g_2012.02.16.tif,200.0,True,68735784.0,65.55,False
2012-02-17,https://data.chc.ucsb.edu/products/CHIRPS-GEFS/v3/daily/global/2012/02/17/c3g_2012.02.17.tif,200.0,True,68666962.0,65.49,False
2012-02-18,https://data.chc.ucsb.edu/products/CHIRPS-GEFS/v3/daily/global/2012/02/18/c3g_2012.02.18.tif,200.0,True,68464426.0,65.29,False
2012-02-19,https://data.chc.ucsb.edu/products/CHIRPS-GEFS/v3/daily/global/2012/02/19/c3g_2012.02.19.tif,200.0,True,75159410.0,71.68,False
2012-02-20,https://data.chc.ucsb.edu/products/CHIRPS-GEFS/v3/daily/global/2012/02/20/c3g_2012.02.20.tif,200.0,True,75374274.0,71.88,False
2012-02-21,https://data.chc.ucsb.edu/products/CHIRPS-GEFS/v3/daily/global/2012/02/21/c3g_2012.02.21.tif,200.0,True,69818890.0,66.58,False
2012-02-22,https://data.chc.ucsb.edu/products/CHIRPS-GEFS/v3/daily/global/2012/02/22/c3g_2012.02.22.tif,200.0,True,69909064.0,66.67,False
2012-02-23,https://data.chc.ucsb.edu/products/CHIRPS-GEFS/v3/daily/global/2012/02/23/c3g_2012.02.23.tif,200.0,True,68092600.0,64.94,False
2012-02-24,https://data.chc.ucsb.edu/products/CHIRPS-GEFS/v3/daily/global/2012/02/24/c3g_2012.02.24.tif,200.0,True,68095454.0,64.94,False
2012-02-25,https://data.chc.ucsb.edu/products/CHIRPS-GEFS/v3/daily/global/2012/02/25/c3g_2012.02.25.tif,200.0,True,68247386.0,65.09,False
2012-02-26,https://data.chc.ucsb.edu/products/CHIRPS-GEFS/v3/daily/global/2012/02/26/c3g_2012.02.26.tif,200.0,True,67569954.0,64.44,False
2012-02-27,https://data.chc.ucsb.edu/products/CHIRPS-GEFS/v3/daily/global/2012/02/27/c3g_2012.02.27.tif,200.0,True,69716834.0,66.49,False
2012-02-28,https://data.chc.ucsb.edu/products/CHIRPS-GEFS/v3/daily/global/2012/02/28/c3g_2012.02.28.tif,200.0,True,70050068.0,66.8,False
2012-02-29,https://data.chc.ucsb.edu/products/CHIRPS-GEFS/v3/daily/global/2012/02/29/c3g_2012.02.29.tif,200.0,True,67506364.0,64.38,False
2012-03-01,https://data.chc.ucsb.edu/products/CHIRPS-GEFS/v3/daily/global/2012/03/01/c3g_2012.03.01.tif,200.0,True,68649380.0,65.47,False
2012-03-02,https://data.chc.ucsb.edu/products/CHIRPS-GEFS/v3/daily/global/2012/03/02/c3g_2012.03.02.tif,200.0,True,68855740.0,65.67,False
2012-03-03,https://data.chc.ucsb.edu/products/CHIRPS-GEFS/v3/daily/global/2012/03/03/c3g_2012.03.03.tif,200.0,True,66105218.0,63.04,False
2012-03-04,https://data.chc.ucsb.edu/products/CHIRPS-GEFS/v3/daily/global/2012/03/04/c3g_2012.03.04.tif,200.0,True,68014592.0,64.86,False
2012-03-05,https://data.chc.ucsb.edu/products/CHIRPS-GEFS/v3/daily/global/2012/03/05/c3g_2012.03.05.tif,200.0,True,72307744.0,68.96,False
2012-03-06,https://data.chc.ucsb.edu/products/CHIRPS-GEFS/v3/daily/global/2012/03/06/c3g_2012.03.06.tif,200.0,True,67937884.0,64.79,False
2012-03-07,https://data.chc.ucsb.edu/products/CHIRPS-GEFS/v3/daily/global/2012/03/07/c3g_2012.03.07.tif,200.0,True,73258496.0,69.86,False
2012-03-08,https://data.chc.ucsb.edu/products/CHIRPS-GEFS/v3/daily/global/2012/03/08/c3g_2012.03.08.tif,200.0,True,67241210.0,64.13,False
2012-03-09,https://data.chc.ucsb.edu/products/CHIRPS-GEFS/v3/daily/global/2012/03/09/c3g_2012.03.09.tif,200.0,True,67969484.0,64.82,False
2012-03-10,https://data.chc.ucsb.edu/products/CHIRPS-GEFS/v3/daily/global/2012/03/10/c3g_2012.03.10.tif,200.0,True,67512554.0,64.38,False
2012-03-11,https://data.chc.ucsb.edu/products/CHIRPS-GEFS/v3/daily/global/2012/03/11/c3g_2012.03.11.tif,200.0,True,67737562.0,64.6,False
2012-03-12,https://data.chc.ucsb.edu/products/CHIRPS-GEFS/v3/daily/global/2012/03/12/c3g_2012.03.12.tif,200.0,True,66437910.0,63.36,False
2012-03-13,https://data.chc.ucsb.edu/products/CHIRPS-GEFS/v3/daily/global/2012/03/13/c3g_2012.03.13.tif,200.0,True,68616008.0,65.44,False
2012-03-14,https://data.chc.ucsb.edu/products/CHIRPS-GEFS/v3/daily/global/2012/03/14/c3g_2012.03.14.tif,200.0,True,69947046.0,66.71,False
2012-03-15,https://data.chc.ucsb.edu/products/CHIRPS-GEFS/v3/daily/global/2012/03/15/c3g_2012.03.15.tif,200.0,True,74623778.0,71.17,False
2012-03-16,https://data.chc.ucsb.edu/products/CHIRPS-GEFS/v3/daily/global/2012/03/16/c3g_2012.03.16.tif,200.0,True,68381884.0,65.21,False
2012-03-17,https://data.chc.ucsb.edu/products/CHIRPS-GEFS/v3/daily/global/2012/03/17/c3g_2012.03.17.tif,200.0,True,75205808.0,71.72,False
2012-03-18,https://data.chc.ucsb.edu/products/CHIRPS-GEFS/v3/daily/global/2012/03/18/c3g_2012.03.18.tif,200.0,True,70215460.0,66.96,False
2012-03-19,https://data.chc.ucsb.edu/products/CHIRPS-GEFS/v3/daily/global/2012/03/19/c3g_2012.03.19.tif,200.0,True,70083130.0,66.84,False
2012-03-20,https://data.chc.ucsb.edu/products/CHIRPS-GEFS/v3/daily/global/2012/03/20/c3g_2012.03.20.tif,200.0,True,70469272.0,67.2,False
2012-03-21,https://data.chc.ucsb.edu/products/CHIRPS-GEFS/v3/daily/global/2012/03/21/c3g_2012.03.21.tif,200.0,True,70156874.0,66.91,False
2012-03-22,https://data.chc.ucsb.edu/products/CHIRPS-GEFS/v3/daily/global/2012/03/22/c3g_2012.03.22.tif,200.0,True,69641020.0,66.41,False
2012-03-23,https://data.chc.ucsb.edu/products/CHIRPS-GEFS/v3/daily/global/2012/03/23/c3g_2012.03.23.tif,200.0,True,69287250.0,66.08,False
2012-03-24,https://data.chc.ucsb.edu/products/CHIRPS-GEFS/v3/daily/global/2012/03/24/c3g_2012.03.24.tif,200.0,True,68775342.0,65.59,False
2012-03-25,https://data.chc.ucsb.edu/products/CHIRPS-GEFS/v3/daily/global/2012/03/25/c3g_2012.03.25.tif,200.0,True,68488966.0,65.32,False
2012-03-26,https://data.chc.ucsb.edu/products/CHIRPS-GEFS/v3/daily/global/2012/03/26/c3g_2012.03.26.tif,200.0,True,68974984.0,65.78,False
2012-03-27,https://data.chc.ucsb.edu/products/CHIRPS-GEFS/v3/daily/global/2012/03/27/c3g_2012.03.27.tif,200.0,True,75776100.0,72.27,False
2012-03-28,https://data.chc.ucsb.edu/products/CHIRPS-GEFS/v3/daily/global/2012/03/28/c3g_2012.03.28.tif,200.0,True,67731998.0,64.59,False
2012-03-29,https://data.chc.ucsb.edu/products/CHIRPS-GEFS/v3/daily/global/2012/03/29/c3g_2012.03.29.tif,200.0,True,75483468.0,71.99,False
2012-03-30,https://data.chc.ucsb.edu/products/CHIRPS-GEFS/v3/daily/global/2012/03/30/c3g_2012.03.30.tif,200.0,True,66906474.0,63.81,False
2012-03-31,https://data.chc.ucsb.edu/products/CHIRPS-GEFS/v3/daily/global/2012/03/31/c3g_2012.03.31.tif,200.0,True,69684356.0,66.46,False
2012-04-01,https://data.chc.ucsb.edu/products/CHIRPS-GEFS/v3/daily/global/2012/04/01/c3g_2012.04.01.tif,200.0,True,76475666.0,72.93,False
2012-04-02,https://data.chc.ucsb.edu/products/CHIRPS-GEFS/v3/daily/global/2012/04/02/c3g_2012.04.02.tif,200.0,True,71115664.0,67.82,False
2012-04-03,https://data.chc.ucsb.edu/products/CHIRPS-GEFS/v3/daily/global/2012/04/03/c3g_2012.04.03.tif,200.0,True,71357484.0,68.05,False
2012-04-04,https://data.chc.ucsb.edu/products/CHIRPS-GEFS/v3/daily/global/2012/04/04/c3g_2012.04.04.tif,200.0,True,72791394.0,69.42,False
2012-04-05,https://data.chc.ucsb.edu/products/CHIRPS-GEFS/v3/daily/global/2012/04/05/c3g_2012.04.05.tif,200.0,True,75030282.0,71.55,False
2012-04-06,https://data.chc.ucsb.edu/products/CHIRPS-GEFS/v3/daily/global/2012/04/06/c3g_2012.04.06.tif,200.0,True,68934988.0,65.74,False
2012-04-07,https://data.chc.ucsb.edu/products/CHIRPS-GEFS/v3/daily/global/2012/04/07/c3g_2012.04.07.tif,200.0,True,72403218.0,69.05,False
2012-04-08,https://data.chc.ucsb.edu/products/CHIRPS-GEFS/v3/daily/global/2012/04/08/c3g_2012.04.08.tif,200.0,True,75593226.0,72.09,False
2012-04-09,https://data.chc.ucsb.edu/products/CHIRPS-GEFS/v3/daily/global/2012/04/09/c3g_2012.04.09.tif,200.0,True,70019584.0,66.78,False
2012-04-10,https://data.chc.ucsb.edu/products/CHIRPS-GEFS/v3/daily/global/2012/04/10/c3g_2012.04.10.tif,200.0,True,69920416.0,66.68,False
2012-04-11,https://data.chc.ucsb.edu/products/CHIRPS-GEFS/v3/daily/global/2012/04/11/c3g_2012.04.11.tif,200.0,True,72989464.0,69.61,False
2012-04-12,https://data.chc.ucsb.edu/products/CHIRPS-GEFS/v3/daily/global/2012/04/12/c3g_2012.04.12.tif,200.0,True,75547340.0,72.05,False
2012-04-13,https://data.chc.ucsb.edu/products/CHIRPS-GEFS/v3/daily/global/2012/04/13/c3g_2012.04.13.tif,200.0,True,69353446.0,66.14,False
2012-04-14,https://data.chc.ucsb.edu/products/CHIRPS-GEFS/v3/daily/global/2012/04/14/c3g_2012.04.14.tif,200.0,True,75698402.0,72.19,False
2012-04-15,https://data.chc.ucsb.edu/products/CHIRPS-GEFS/v3/daily/global/2012/04/15/c3g_2012.04.15.tif,200.0,True,72597670.0,69.23,False
2012-04-16,https://data.chc.ucsb.edu/products/CHIRPS-GEFS/v3/daily/global/2012/04/16/c3g_2012.04.16.tif,200.0,True,68591646.0,65.41,False
2012-04-17,https://data.chc.ucsb.edu/products/CHIRPS-GEFS/v3/daily/global/2012/04/17/c3g_2012.04.17.tif,200.0,True,68703602.0,65.52,False
2012-04-18,https://data.chc.ucsb.edu/products/CHIRPS-GEFS/v3/daily/global/2012/04/18/c3g_2012.04.18.tif,200.0,True,72818570.0,69.45,False
2012-04-19,https://data.chc.ucsb.edu/products/CHIRPS-GEFS/v3/daily/global/2012/04/19/c3g_2012.04.19.tif,200.0,True,72052132.0,68.71,False
2012-04-20,https://data.chc.ucsb.edu/products/CHIRPS-GEFS/v3/daily/global/2012/04/20/c3g_2012.04.20.tif,200.0,True,72226870.0,68.88,False
2012-04-21,https://data.chc.ucsb.edu/products/CHIRPS-GEFS/v3/daily/global/2012/04/21/c3g_2012.04.21.tif,200.0,True,75213496.0,71.73,False
2012-04-22,https://data.chc.ucsb.edu/products/CHIRPS-GEFS/v3/daily/global/2012/04/22/c3g_2012.04.22.tif,200.0,True,71734432.0,68.41,False
2012-04-23,https://data.chc.ucsb.edu/products/CHIRPS-GEFS/v3/daily/global/2012/04/23/c3g_2012.04.23.tif,200.0,True,71308612.0,68.01,False
2012-04-24,https://data.chc.ucsb.edu/products/CHIRPS-GEFS/v3/daily/global/2012/04/24/c3g_2012.04.24.tif,200.0,True,67057986.0,63.95,False
2012-04-25,https://data.chc.ucsb.edu/products/CHIRPS-GEFS/v3/daily/global/2012/04/25/c3g_2012.04.25.tif,200.0,True,72226904.0,68.88,False
2012-04-26,https://data.chc.ucsb.edu/products/CHIRPS-GEFS/v3/daily/global/2012/04/26/c3g_2012.04.26.tif,200.0,True,71282196.0,67.98,False
2012-04-27,https://data.chc.ucsb.edu/products/CHIRPS-GEFS/v3/daily/global/2012/04/27/c3g_2012.04.27.tif,200.0,True,70799166.0,67.52,False
2012-04-28,https://data.chc.ucsb.edu/products/CHIRPS-GEFS/v3/daily/global/2012/04/28/c3g_2012.04.28.tif,200.0,True,71019796.0,67.73,False
2012-04-29,https://data.chc.ucsb.edu/products/CHIRPS-GEFS/v3/daily/global/2012/04/29/c3g_2012.04.29.tif,200.0,True,70884394.0,67.6,False
2012-04-30,https://data.chc.ucsb.edu/products/CHIRPS-GEFS/v3/daily/global/2012/04/30/c3g_2012.04.30.tif,200.0,True,74119402.0,70.69,False
2012-05-01,https://data.chc.ucsb.edu/products/CHIRPS-GEFS/v3/daily/global/2012/05/01/c3g_2012.05.01.tif,200.0,True,71181526.0,67.88,False
2012-05-02,https://data.chc.ucsb.edu/products/CHIRPS-GEFS/v3/daily/global/2012/05/02/c3g_2012.05.02.tif,200.0,True,70364636.0,67.1,False
2012-05-03,https://data.chc.ucsb.edu/products/CHIRPS-GEFS/v3/daily/global/2012/05/03/c3g_2012.05.03.tif,200.0,True,70068468.0,66.82,False
2012-05-04,https://data.chc.ucsb.edu/products/CHIRPS-GEFS/v3/daily/global/2012/05/04/c3g_2012.05.04.tif,200.0,True,70002476.0,66.76,False
2012-05-05,https://data.chc.ucsb.edu/products/CHIRPS-GEFS/v3/daily/global/2012/05/05/c3g_2012.05.05.tif,200.0,True,70517768.0,67.25,False
2012-05-06,https://data.chc.ucsb.edu/products/CHIRPS-GEFS/v3/daily/global/2012/05/06/c3g_2012.05.06.tif,200.0,True,69719810.0,66.49,False
2012-05-07,https://data.chc.ucsb.edu/products/CHIRPS-GEFS/v3/daily/global/2012/05/07/c3g_2012.05.07.tif,200.0,True,70220494.0,66.97,False
2012-05-08,https://data.chc.ucsb.edu/products/CHIRPS-GEFS/v3/daily/global/2012/05/08/c3g_2012.05.08.tif,200.0,True,70671650.0,67.4,False
2012-05-09,https://data.chc.ucsb.edu/products/CHIRPS-GEFS/v3/daily/global/2012/05/09/c3g_2012.05.09.tif,200.0,True,70074680.0,66.83,False
2012-05-10,https://data.chc.ucsb.edu/products/CHIRPS-GEFS/v3/daily/global/2012/05/10/c3g_2012.05.10.tif,200.0,True,70200096.0,66.95,False
2012-05-11,https://data.chc.ucsb.edu/products/CHIRPS-GEFS/v3/daily/global/2012/05/11/c3g_2012.05.11.tif,200.0,True,69575480.0,66.35,False
2012-05-12,https://data.chc.ucsb.edu/products/CHIRPS-GEFS/v3/daily/global/2012/05/12/c3g_2012.05.12.tif,200.0,True,69762392.0,66.53,False
2012-05-13,https://data.chc.ucsb.edu/products/CHIRPS-GEFS/v3/daily/global/2012/05/13/c3g_2012.05.13.tif,200.0,True,67114120.0,64.01,False
2012-05-14,https://data.chc.ucsb.edu/products/CHIRPS-GEFS/v3/daily/global/2012/05/14/c3g_2012.05.14.tif,200.0,True,69635200.0,66.41,False
2012-05-15,https://data.chc.ucsb.edu/products/CHIRPS-GEFS/v3/daily/global/2012/05/15/c3g_2012.05.15.tif,200.0,True,69370424.0,66.16,False
2012-05-16,https://data.chc.ucsb.edu/products/CHIRPS-GEFS/v3/daily/global/2012/05/16/c3g_2012.05.16.tif,200.0,True,66986396.0,63.88,False
2012-05-17,https://data.chc.ucsb.edu/products/CHIRPS-GEFS/v3/daily/global/2012/05/17/c3g_2012.05.17.tif,200.0,True,71539768.0,68.23,False
2012-05-18,https://data.chc.ucsb.edu/products/CHIRPS-GEFS/v3/daily/global/2012/05/18/c3g_2012.05.18.tif,200.0,True,71565758.0,68.25,False
2012-05-19,https://data.chc.ucsb.edu/products/CHIRPS-GEFS/v3/daily/global/2012/05/19/c3g_2012.05.19.tif,200.0,True,71392514.0,68.09,False
2012-05-20,https://data.chc.ucsb.edu/products/CHIRPS-GEFS/v3/daily/global/2012/05/20/c3g_2012.05.20.tif,200.0,True,70913128.0,67.63,False
2012-05-21,https://data.chc.ucsb.edu/products/CHIRPS-GEFS/v3/daily/global/2012/05/21/c3g_2012.05.21.tif,200.0,True,71464036.0,68.15,False
2012-05-22,https://data.chc.ucsb.edu/products/CHIRPS-GEFS/v3/daily/global/2012/05/22/c3g_2012.05.22.tif,200.0,True,70737284.0,67.46,False
2012-05-23,https://data.chc.ucsb.edu/products/CHIRPS-GEFS/v3/daily/global/2012/05/23/c3g_2012.05.23.tif,200.0,True,71303556.0,68.0,False
2012-05-24,https://data.chc.ucsb.edu/products/CHIRPS-GEFS/v3/daily/global/2012/05/24/c3g_2012.05.24.tif,200.0,True,67457836.0,64.33,False
2012-05-25,https://data.chc.ucsb.edu/products/CHIRPS-GEFS/v3/daily/global/2012/05/25/c3g_2012.05.25.tif,200.0,True,67834452.0,64.69,False
2012-05-26,https://data.chc.ucsb.edu/products/CHIRPS-GEFS/v3/daily/global/2012/05/26/c3g_2012.05.26.tif,200.0,True,67612614.0,64.48,False
2012-05-27,https://data.chc.ucsb.edu/products/CHIRPS-GEFS/v3/daily/global/2012/05/27/c3g_2012.05.27.tif,200.0,True,67037206.0,63.93,False
2012-05-28,https://data.chc.ucsb.edu/products/CHIRPS-GEFS/v3/daily/global/2012/05/28/c3g_2012.05.28.tif,200.0,True,68465494.0,65.29,False
2012-05-29,https://data.chc.ucsb.edu/products/CHIRPS-GEFS/v3/daily/global/2012/05/29/c3g_2012.05.29.tif,200.0,True,70851028.0,67.57,False
2012-05-30,https://data.chc.ucsb.edu/products/CHIRPS-GEFS/v3/daily/global/2012/05/30/c3g_2012.05.30.tif,200.0,True,67744816.0,64.61,False
2012-05-31,https://data.chc.ucsb.edu/products/CHIRPS-GEFS/v3/daily/global/2012/05/31/c3g_2012.05.31.tif,200.0,True,75255310.0,71.77,False
2012-06-01,https://data.chc.ucsb.edu/products/CHIRPS-GEFS/v3/daily/global/2012/06/01/c3g_2012.06.01.tif,200.0,True,71838908.0,68.51,False
2012-06-02,https://data.chc.ucsb.edu/products/CHIRPS-GEFS/v3/daily/global/2012/06/02/c3g_2012.06.02.tif,200.0,True,68435926.0,65.27,False
2012-06-03,https://data.chc.ucsb.edu/products/CHIRPS-GEFS/v3/daily/global/2012/06/03/c3g_2012.06.03.tif,200.0,True,76009154.0,72.49,False
2012-06-04,https://data.chc.ucsb.edu/products/CHIRPS-GEFS/v3/daily/global/2012/06/04/c3g_2012.06.04.tif,200.0,True,72663594.0,69.3,False
2012-06-05,https://data.chc.ucsb.edu/products/CHIRPS-GEFS/v3/daily/global/2012/06/05/c3g_2012.06.05.tif,200.0,True,71694524.0,68.37,False
2012-06-06,https://data.chc.ucsb.edu/products/CHIRPS-GEFS/v3/daily/global/2012/06/06/c3g_2012.06.06.tif,200.0,True,71748236.0,68.42,False
2012-06-07,https://data.chc.ucsb.edu/products/CHIRPS-GEFS/v3/daily/global/2012/06/07/c3g_2012.06.07.tif,200.0,True,76305514.0,72.77,False
2012-06-08,https://data.chc.ucsb.edu/products/CHIRPS-GEFS/v3/daily/global/2012/06/08/c3g_2012.06.08.tif,200.0,True,71188040.0,67.89,False
2012-06-09,https://data.chc.ucsb.edu/products/CHIRPS-GEFS/v3/daily/global/2012/06/09/c3g_2012.06.09.tif,200.0,True,66618144.0,63.53,False
2012-06-10,https://data.chc.ucsb.edu/products/CHIRPS-GEFS/v3/daily/global/2012/06/10/c3g_2012.06.10.tif,200.0,True,71176342.0,67.88,False
2012-06-11,https://data.chc.ucsb.edu/products/CHIRPS-GEFS/v3/daily/global/2012/06/11/c3g_2012.06.11.tif,200.0,True,66804364.0,63.71,False
2012-06-12,https://data.chc.ucsb.edu/products/CHIRPS-GEFS/v3/daily/global/2012/06/12/c3g_2012.06.12.tif,200.0,True,71191170.0,67.89,False
2012-06-13,https://data.chc.ucsb.edu/products/CHIRPS-GEFS/v3/daily/global/2012/06/13/c3g_2012.06.13.tif,200.0,True,67224186.0,64.11,False
2012-06-14,https://data.chc.ucsb.edu/products/CHIRPS-GEFS/v3/daily/global/2012/06/14/c3g_2012.06.14.tif,200.0,True,66512764.0,63.43,False
2012-06-15,https://data.chc.ucsb.edu/products/CHIRPS-GEFS/v3/daily/global/2012/06/15/c3g_2012.06.15.tif,200.0,True,66826238.0,63.73,False
2012-06-16,https://data.chc.ucsb.edu/products/CHIRPS-GEFS/v3/daily/global/2012/06/16/c3g_2012.06.16.tif,200.0,True,66779420.0,63.69,False
2012-06-17,https://data.chc.ucsb.edu/products/CHIRPS-GEFS/v3/daily/global/2012/06/17/c3g_2012.06.17.tif,200.0,True,71847842.0,68.52,False
2012-06-18,https://data.chc.ucsb.edu/products/CHIRPS-GEFS/v3/daily/global/2012/06/18/c3g_2012.06.18.tif,200.0,True,67364122.0,64.24,False
2012-06-19,https://data.chc.ucsb.edu/products/CHIRPS-GEFS/v3/daily/global/2012/06/19/c3g_2012.06.19.tif,200.0,True,72443982.0,69.09,False
2012-06-20,https://data.chc.ucsb.edu/products/CHIRPS-GEFS/v3/daily/global/2012/06/20/c3g_2012.06.20.tif,200.0,True,76991404.0,73.42,False
2012-06-21,https://data.chc.ucsb.edu/products/CHIRPS-GEFS/v3/daily/global/2012/06/21/c3g_2012.06.21.tif,200.0,True,68835208.0,65.65,False
2012-06-22,https://data.chc.ucsb.edu/products/CHIRPS-GEFS/v3/daily/global/2012/06/22/c3g_2012.06.22.tif,200.0,True,68548436.0,65.37,False
2012-06-23,https://data.chc.ucsb.edu/products/CHIRPS-GEFS/v3/daily/global/2012/06/23/c3g_2012.06.23.tif,200.0,True,72723618.0,69.35,False
2012-06-24,https://data.chc.ucsb.edu/products/CHIRPS-GEFS/v3/daily/global/2012/06/24/c3g_2012.06.24.tif,200.0,True,72146190.0,68.8,False
2012-06-25,https://data.chc.ucsb.edu/products/CHIRPS-GEFS/v3/daily/global/2012/06/25/c3g_2012.06.25.tif,200.0,True,76633502.0,73.08,False
2012-06-26,https://data.chc.ucsb.edu/products/CHIRPS-GEFS/v3/daily/global/2012/06/26/c3g_2012.06.26.tif,200.0,True,72268630.0,68.92,False
2012-06-27,https://data.chc.ucsb.edu/products/CHIRPS-GEFS/v3/daily/global/2012/06/27/c3g_2012.06.27.tif,200.0,True,79086784.0,75.42,False
2012-06-28,https://data.chc.ucsb.edu/products/CHIRPS-GEFS/v3/daily/global/2012/06/28/c3g_2012.06.28.tif,200.0,True,71894072.0,68.56,False
2012-06-29,https://data.chc.ucsb.edu/products/CHIRPS-GEFS/v3/daily/global/2012/06/29/c3g_2012.06.29.tif,200.0,True,68721984.0,65.54,False
2012-06-30,https://data.chc.ucsb.edu/products/CHIRPS-GEFS/v3/daily/global/2012/06/30/c3g_2012.06.30.tif,200.0,True,67812016.0,64.67,False
2012-07-01,https://data.chc.ucsb.edu/products/CHIRPS-GEFS/v3/daily/global/2012/07/01/c3g_2012.07.01.tif,200.0,True,72360324.0,69.01,False
2012-07-02,https://data.chc.ucsb.edu/products/CHIRPS-GEFS/v3/daily/global/2012/07/02/c3g_2012.07.02.tif,200.0,True,72974948.0,69.59,False
2012-07-03,https://data.chc.ucsb.edu/products/CHIRPS-GEFS/v3/daily/global/2012/07/03/c3g_2012.07.03.tif,200.0,True,73276072.0,69.88,False
2012-07-04,https://data.chc.ucsb.edu/products/CHIRPS-GEFS/v3/daily/global/2012/07/04/c3g_2012.07.04.tif,200.0,True,77116162.0,73.54,False
2012-07-05,https://data.chc.ucsb.edu/products/CHIRPS-GEFS/v3/daily/global/2012/07/05/c3g_2012.07.05.tif,200.0,True,73189634.0,69.8,False
2012-07-06,https://data.chc.ucsb.edu/products/CHIRPS-GEFS/v3/daily/global/2012/07/06/c3g_2012.07.06.tif,200.0,True,68540922.0,65.37,False
2012-07-07,https://data.chc.ucsb.edu/products/CHIRPS-GEFS/v3/daily/global/2012/07/07/c3g_2012.07.07.tif,200.0,True,73008984.0,69.63,False
2012-07-08,https://data.chc.ucsb.edu/products/CHIRPS-GEFS/v3/daily/global/2012/07/08/c3g_2012.07.08.tif,200.0,True,72459208.0,69.1,False
2012-07-09,https://data.chc.ucsb.edu/products/CHIRPS-GEFS/v3/daily/global/2012/07/09/c3g_2012.07.09.tif,200.0,True,75980686.0,72.46,False
2012-07-10,https://data.chc.ucsb.edu/products/CHIRPS-GEFS/v3/daily/global/2012/07/10/c3g_2012.07.10.tif,200.0,True,68610394.0,65.43,False
2012-07-11,https://data.chc.ucsb.edu/products/CHIRPS-GEFS/v3/daily/global/2012/07/11/c3g_2012.07.11.tif,200.0,True,76148548.0,72.62,False
2012-07-12,https://data.chc.ucsb.edu/products/CHIRPS-GEFS/v3/daily/global/2012/07/12/c3g_2012.07.12.tif,200.0,True,72825564.0,69.45,False
2012-07-13,https://data.chc.ucsb.edu/products/CHIRPS-GEFS/v3/daily/global/2012/07/13/c3g_2012.07.13.tif,200.0,True,72297034.0,68.95,False
2012-07-14,https://data.chc.ucsb.edu/products/CHIRPS-GEFS/v3/daily/global/2012/07/14/c3g_2012.07.14.tif,200.0,True,68514876.0,65.34,False
2012-07-15,https://data.chc.ucsb.edu/products/CHIRPS-GEFS/v3/daily/global/2012/07/15/c3g_2012.07.15.tif,200.0,True,71802098.0,68.48,False
2012-07-16,https://data.chc.ucsb.edu/products/CHIRPS-GEFS/v3/daily/global/2012/07/16/c3g_2012.07.16.tif,200.0,True,67374132.0,64.25,False
2012-07-17,https://data.chc.ucsb.edu/products/CHIRPS-GEFS/v3/daily/global/2012/07/17/c3g_2012.07.17.tif,200.0,True,67471574.0,64.35,False
2012-07-18,https://data.chc.ucsb.edu/products/CHIRPS-GEFS/v3/daily/global/2012/07/18/c3g_2012.07.18.tif,200.0,True,70706118.0,67.43,False
2012-07-19,https://data.chc.ucsb.edu/products/CHIRPS-GEFS/v3/daily/global/2012/07/19/c3g_2012.07.19.tif,200.0,True,71157574.0,67.86,False
2012-07-20,https://data.chc.ucsb.edu/products/CHIRPS-GEFS/v3/daily/global/2012/07/20/c3g_2012.07.20.tif,200.0,True,70855404.0,67.57,False
2012-07-21,https://data.chc.ucsb.edu/products/CHIRPS-GEFS/v3/daily/global/2012/07/21/c3g_2012.07.21.tif,200.0,True,70800506.0,67.52,False
2012-07-22,https://data.chc.ucsb.edu/products/CHIRPS-GEFS/v3/daily/global/2012/07/22/c3g_2012.07.22.tif,200.0,True,71215538.0,67.92,False
2012-07-23,https://data.chc.ucsb.edu/products/CHIRPS-GEFS/v3/daily/global/2012/07/23/c3g_2012.07.23.tif,200.0,True,71473218.0,68.16,False
2012-07-24,https://data.chc.ucsb.edu/products/CHIRPS-GEFS/v3/daily/global/2012/07/24/c3g_2012.07.24.tif,200.0,True,71836980.0,68.51,False
2012-07-25,https://data.chc.ucsb.edu/products/CHIRPS-GEFS/v3/daily/global/2012/07/25/c3g_2012.07.25.tif,200.0,True,78307292.0,74.68,False
2012-07-26,https://data.chc.ucsb.edu/products/CHIRPS-GEFS/v3/daily/global/2012/07/26/c3g_2012.07.26.tif,200.0,True,72323168.0,68.97,False
2012-07-27,https://data.chc.ucsb.edu/products/CHIRPS-GEFS/v3/daily/global/2012/07/27/c3g_2012.07.27.tif,200.0,True,72229368.0,68.88,False
2012-07-28,https://data.chc.ucsb.edu/products/CHIRPS-GEFS/v3/daily/global/2012/07/28/c3g_2012.07.28.tif,200.0,True,71915392.0,68.58,False
2012-07-29,https://data.chc.ucsb.edu/products/CHIRPS-GEFS/v3/daily/global/2012/07/29/c3g_2012.07.29.tif,200.0,True,71270006.0,67.97,False
2012-07-30,https://data.chc.ucsb.edu/products/CHIRPS-GEFS/v3/daily/global/2012/07/30/c3g_2012.07.30.tif,200.0,True,71478856.0,68.17,False
2012-07-31,https://data.chc.ucsb.edu/products/CHIRPS-GEFS/v3/daily/global/2012/07/31/c3g_2012.07.31.tif,200.0,True,66417548.0,63.34,False
2012-08-01,https://data.chc.ucsb.edu/products/CHIRPS-GEFS/v3/daily/global/2012/08/01/c3g_2012.08.01.tif,200.0,True,67281710.0,64.16,False
2012-08-02,https://data.chc.ucsb.edu/products/CHIRPS-GEFS/v3/daily/global/2012/08/02/c3g_2012.08.02.tif,200.0,True,67411838.0,64.29,False
2012-08-03,https://data.chc.ucsb.edu/products/CHIRPS-GEFS/v3/daily/global/2012/08/03/c3g_2012.08.03.tif,200.0,True,71718434.0,68.4,False
2012-08-04,https://data.chc.ucsb.edu/products/CHIRPS-GEFS/v3/daily/global/2012/08/04/c3g_2012.08.04.tif,200.0,True,66863262.0,63.77,False
2012-08-05,https://data.chc.ucsb.edu/products/CHIRPS-GEFS/v3/daily/global/2012/08/05/c3g_2012.08.05.tif,200.0,True,71929514.0,68.6,False
2012-08-06,https://data.chc.ucsb.edu/products/CHIRPS-GEFS/v3/daily/global/2012/08/06/c3g_2012.08.06.tif,200.0,True,66738632.0,63.65,False
2012-08-07,https://data.chc.ucsb.edu/products/CHIRPS-GEFS/v3/daily/global/2012/08/07/c3g_2012.08.07.tif,200.0,True,76829466.0,73.27,False
2012-08-08,https://data.chc.ucsb.edu/products/CHIRPS-GEFS/v3/daily/global/2012/08/08/c3g_2012.08.08.tif,200.0,True,71830466.0,68.5,False
2012-08-09,https://data.chc.ucsb.edu/products/CHIRPS-GEFS/v3/daily/global/2012/08/09/c3g_2012.08.09.tif,200.0,True,69004408.0,65.81,False
2012-08-10,https://data.chc.ucsb.edu/products/CHIRPS-GEFS/v3/daily/global/2012/08/10/c3g_2012.08.10.tif,200.0,True,71799774.0,68.47,False
2012-08-11,https://data.chc.ucsb.edu/products/CHIRPS-GEFS/v3/daily/global/2012/08/11/c3g_2012.08.11.tif,200.0,True,76783156.0,73.23,False
2012-08-12,https://data.chc.ucsb.edu/products/CHIRPS-GEFS/v3/daily/global/2012/08/12/c3g_2012.08.12.tif,200.0,True,68304582.0,65.14,False
2012-08-13,https://data.chc.ucsb.edu/products/CHIRPS-GEFS/v3/daily/global/2012/08/13/c3g_2012.08.13.tif,200.0,True,77230736.0,73.65,False
2012-08-14,https://data.chc.ucsb.edu/products/CHIRPS-GEFS/v3/daily/global/2012/08/14/c3g_2012.08.14.tif,200.0,True,77098384.0,73.53,False
2012-08-15,https://data.chc.ucsb.edu/products/CHIRPS-GEFS/v3/daily/global/2012/08/15/c3g_2012.08.15.tif,200.0,True,68064390.0,64.91,False
2012-08-16,https://data.chc.ucsb.edu/products/CHIRPS-GEFS/v3/daily/global/2012/08/16/c3g_2012.08.16.tif,200.0,True,76884140.0,73.32,False
2012-08-17,https://data.chc.ucsb.edu/products/CHIRPS-GEFS/v3/daily/global/2012/08/17/c3g_2012.08.17.tif,200.0,True,67546388.0,64.42,False
2012-08-18,https://data.chc.ucsb.edu/products/CHIRPS-GEFS/v3/daily/global/2012/08/18/c3g_2012.08.18.tif,200.0,True,72056402.0,68.72,False
2012-08-19,https://data.chc.ucsb.edu/products/CHIRPS-GEFS/v3/daily/global/2012/08/19/c3g_2012.08.19.tif,200.0,True,72176034.0,68.83,False
2012-08-20,https://data.chc.ucsb.edu/products/CHIRPS-GEFS/v3/daily/global/2012/08/20/c3g_2012.08.20.tif,200.0,True,72619932.0,69.26,False
2012-08-21,https://data.chc.ucsb.edu/products/CHIRPS-GEFS/v3/daily/global/2012/08/21/c3g_2012.08.21.tif,200.0,True,67280674.0,64.16,False
2012-08-22,https://data.chc.ucsb.edu/products/CHIRPS-GEFS/v3/daily/global/2012/08/22/c3g_2012.08.22.tif,200.0,True,77013098.0,73.45,False
2012-08-23,https://data.chc.ucsb.edu/products/CHIRPS-GEFS/v3/daily/global/2012/08/23/c3g_2012.08.23.tif,200.0,True,76908356.0,73.35,False
2012-08-24,https://data.chc.ucsb.edu/products/CHIRPS-GEFS/v3/daily/global/2012/08/24/c3g_2012.08.24.tif,200.0,True,72108940.0,68.77,False
2012-08-25,https://data.chc.ucsb.edu/products/CHIRPS-GEFS/v3/daily/global/2012/08/25/c3g_2012.08.25.tif,200.0,True,67331936.0,64.21,False
2012-08-26,https://data.chc.ucsb.edu/products/CHIRPS-GEFS/v3/daily/global/2012/08/26/c3g_2012.08.26.tif,200.0,True,71578380.0,68.26,False
2012-08-27,https://data.chc.ucsb.edu/products/CHIRPS-GEFS/v3/daily/global/2012/08/27/c3g_2012.08.27.tif,200.0,True,76868072.0,73.31,False
2012-08-28,https://data.chc.ucsb.edu/products/CHIRPS-GEFS/v3/daily/global/2012/08/28/c3g_2012.08.28.tif,200.0,True,76556174.0,73.01,False
2012-08-29,https://data.chc.ucsb.edu/products/CHIRPS-GEFS/v3/daily/global/2012/08/29/c3g_2012.08.29.tif,200.0,True,70988156.0,67.7,False
2012-08-30,https://data.chc.ucsb.edu/products/CHIRPS-GEFS/v3/daily/global/2012/08/30/c3g_2012.08.30.tif,200.0,True,76110978.0,72.59,False
2012-08-31,https://data.chc.ucsb.edu/products/CHIRPS-GEFS/v3/daily/global/2012/08/31/c3g_2012.08.31.tif,200.0,True,67871372.0,64.73,False
2012-09-01,https://data.chc.ucsb.edu/products/CHIRPS-GEFS/v3/daily/global/2012/09/01/c3g_2012.09.01.tif,200.0,True,67053278.0,63.95,False
2012-09-02,https://data.chc.ucsb.edu/products/CHIRPS-GEFS/v3/daily/global/2012/09/02/c3g_2012.09.02.tif,200.0,True,67879666.0,64.74,False
2012-09-03,https://data.chc.ucsb.edu/products/CHIRPS-GEFS/v3/daily/global/2012/09/03/c3g_2012.09.03.tif,200.0,True,67222406.0,64.11,False
2012-09-04,https://data.chc.ucsb.edu/products/CHIRPS-GEFS/v3/daily/global/2012/09/04/c3g_2012.09.04.tif,200.0,True,78042108.0,74.43,False
2012-09-05,https://data.chc.ucsb.edu/products/CHIRPS-GEFS/v3/daily/global/2012/09/05/c3g_2012.09.05.tif,200.0,True,67602864.0,64.47,False
2012-09-06,https://data.chc.ucsb.edu/products/CHIRPS-GEFS/v3/daily/global/2012/09/06/c3g_2012.09.06.tif,200.0,True,68094456.0,64.94,False
2012-09-07,https://data.chc.ucsb.edu/products/CHIRPS-GEFS/v3/daily/global/2012/09/07/c3g_2012.09.07.tif,200.0,True,67919274.0,64.77,False
2012-09-08,https://data.chc.ucsb.edu/products/CHIRPS-GEFS/v3/daily/global/2012/09/08/c3g_2012.09.08.tif,200.0,True,68322034.0,65.16,False
2012-09-09,https://data.chc.ucsb.edu/products/CHIRPS-GEFS/v3/daily/global/2012/09/09/c3g_2012.09.09.tif,200.0,True,67518358.0,64.39,False
2012-09-10,https://data.chc.ucsb.edu/products/CHIRPS-GEFS/v3/daily/global/2012/09/10/c3g_2012.09.10.tif,200.0,True,67024854.0,63.92,False
2012-09-11,https://data.chc.ucsb.edu/products/CHIRPS-GEFS/v3/daily/global/2012/09/11/c3g_2012.09.11.tif,200.0,True,66512134.0,63.43,False
2012-09-12,https://data.chc.ucsb.edu/products/CHIRPS-GEFS/v3/daily/global/2012/09/12/c3g_2012.09.12.tif,200.0,True,68017990.0,64.87,False
2012-09-13,https://data.chc.ucsb.edu/products/CHIRPS-GEFS/v3/daily/global/2012/09/13/c3g_2012.09.13.tif,200.0,True,66456784.0,63.38,False
2012-09-14,https://data.chc.ucsb.edu/products/CHIRPS-GEFS/v3/daily/global/2012/09/14/c3g_2012.09.14.tif,200.0,True,66995782.0,63.89,False
2012-09-15,https://data.chc.ucsb.edu/products/CHIRPS-GEFS/v3/daily/global/2012/09/15/c3g_2012.09.15.tif,200.0,True,78431066.0,74.8,False
2012-09-16,https://data.chc.ucsb.edu/products/CHIRPS-GEFS/v3/daily/global/2012/09/16/c3g_2012.09.16.tif,200.0,True,76648982.0,73.1,False
2012-09-17,https://data.chc.ucsb.edu/products/CHIRPS-GEFS/v3/daily/global/2012/09/17/c3g_2012.09.17.tif,200.0,True,68415614.0,65.25,False
2012-09-18,https://data.chc.ucsb.edu/products/CHIRPS-GEFS/v3/daily/global/2012/09/18/c3g_2012.09.18.tif,200.0,True,69816280.0,66.58,False
2012-09-19,https://data.chc.ucsb.edu/products/CHIRPS-GEFS/v3/daily/global/2012/09/19/c3g_2012.09.19.tif,200.0,True,68491274.0,65.32,False
2012-09-20,https://data.chc.ucsb.edu/products/CHIRPS-GEFS/v3/daily/global/2012/09/20/c3g_2012.09.20.tif,200.0,True,78338592.0,74.71,False
2012-09-21,https://data.chc.ucsb.edu/products/CHIRPS-GEFS/v3/daily/global/2012/09/21/c3g_2012.09.21.tif,200.0,True,68770198.0,65.58,False
2012-09-22,https://data.chc.ucsb.edu/products/CHIRPS-GEFS/v3/daily/global/2012/09/22/c3g_2012.09.22.tif,200.0,True,78495636.0,74.86,False
2012-09-23,https://data.chc.ucsb.edu/products/CHIRPS-GEFS/v3/daily/global/2012/09/23/c3g_2012.09.23.tif,200.0,True,68003240.0,64.85,False
2012-09-24,https://data.chc.ucsb.edu/products/CHIRPS-GEFS/v3/daily/global/2012/09/24/c3g_2012.09.24.tif,200.0,True,78094646.0,74.48,False
2012-09-25,https://data.chc.ucsb.edu/products/CHIRPS-GEFS/v3/daily/global/2012/09/25/c3g_2012.09.25.tif,200.0,True,68463794.0,65.29,False
2012-09-26,https://data.chc.ucsb.edu/products/CHIRPS-GEFS/v3/daily/global/2012/09/26/c3g_2012.09.26.tif,200.0,True,67395006.0,64.27,False
2012-09-27,https://data.chc.ucsb.edu/products/CHIRPS-GEFS/v3/daily/global/2012/09/27/c3g_2012.09.27.tif,200.0,True,67947184.0,64.8,False
2012-09-28,https://data.chc.ucsb.edu/products/CHIRPS-GEFS/v3/daily/global/2012/09/28/c3g_2012.09.28.tif,200.0,True,66818396.0,63.72,False
2012-09-29,https://data.chc.ucsb.edu/products/CHIRPS-GEFS/v3/daily/global/2012/09/29/c3g_2012.09.29.tif,200.0,True,77354078.0,73.77,False
2012-09-30,https://data.chc.ucsb.edu/products/CHIRPS-GEFS/v3/daily/global/2012/09/30/c3g_2012.09.30.tif,200.0,True,66236816.0,63.17,False
2012-10-01,https://data.chc.ucsb.edu/products/CHIRPS-GEFS/v3/daily/global/2012/10/01/c3g_2012.10.01.tif,200.0,True,68185866.0,65.03,False
2012-10-02,https://data.chc.ucsb.edu/products/CHIRPS-GEFS/v3/daily/global/2012/10/02/c3g_2012.10.02.tif,200.0,True,77461252.0,73.87,False
2012-10-03,https://data.chc.ucsb.edu/products/CHIRPS-GEFS/v3/daily/global/2012/10/03/c3g_2012.10.03.tif,200.0,True,66756658.0,63.66,False
2012-10-04,https://data.chc.ucsb.edu/products/CHIRPS-GEFS/v3/daily/global/2012/10/04/c3g_2012.10.04.tif,200.0,True,65863786.0,62.81,False
2012-10-05,https://data.chc.ucsb.edu/products/CHIRPS-GEFS/v3/daily/global/2012/10/05/c3g_2012.10.05.tif,200.0,True,67455124.0,64.33,False
2012-10-06,https://data.chc.ucsb.edu/products/CHIRPS-GEFS/v3/daily/global/2012/10/06/c3g_2012.10.06.tif,200.0,True,66926912.0,63.83,False
2012-10-07,https://data.chc.ucsb.edu/products/CHIRPS-GEFS/v3/daily/global/2012/10/07/c3g_2012.10.07.tif,200.0,True,67498120.0,64.37,False
2012-10-08,https://data.chc.ucsb.edu/products/CHIRPS-GEFS/v3/daily/global/2012/10/08/c3g_2012.10.08.tif,200.0,True,67437578.0,64.31,False
2012-10-09,https://data.chc.ucsb.edu/products/CHIRPS-GEFS/v3/daily/global/2012/10/09/c3g_2012.10.09.tif,200.0,True,67882806.0,64.74,False
2012-10-10,https://data.chc.ucsb.edu/products/CHIRPS-GEFS/v3/daily/global/2012/10/10/c3g_2012.10.10.tif,200.0,True,77595132.0,74.0,False
2012-10-11,https://data.chc.ucsb.edu/products/CHIRPS-GEFS/v3/daily/global/2012/10/11/c3g_2012.10.11.tif,200.0,True,66942744.0,63.84,False
2012-10-12,https://data.chc.ucsb.edu/products/CHIRPS-GEFS/v3/daily/global/2012/10/12/c3g_2012.10.12.tif,200.0,True,67053856.0,63.95,False
2012-10-13,https://data.chc.ucsb.edu/products/CHIRPS-GEFS/v3/daily/global/2012/10/13/c3g_2012.10.13.tif,200.0,True,77614796.0,74.02,False
2012-10-14,https://data.chc.ucsb.edu/products/CHIRPS-GEFS/v3/daily/global/2012/10/14/c3g_2012.10.14.tif,200.0,True,69105738.0,65.9,False
2012-10-15,https://data.chc.ucsb.edu/products/CHIRPS-GEFS/v3/daily/global/2012/10/15/c3g_2012.10.15.tif,200.0,True,67594546.0,64.46,False
2012-10-16,https://data.chc.ucsb.edu/products/CHIRPS-GEFS/v3/daily/global/2012/10/16/c3g_2012.10.16.tif,200.0,True,76902154.0,73.34,False
2012-10-17,https://data.chc.ucsb.edu/products/CHIRPS-GEFS/v3/daily/global/2012/10/17/c3g_2012.10.17.tif,200.0,True,68292790.0,65.13,False
2012-10-18,https://data.chc.ucsb.edu/products/CHIRPS-GEFS/v3/daily/global/2012/10/18/c3g_2012.10.18.tif,200.0,True,68323410.0,65.16,False
2012-10-19,https://data.chc.ucsb.edu/products/CHIRPS-GEFS/v3/daily/global/2012/10/19/c3g_2012.10.19.tif,200.0,True,67856554.0,64.71,False
2012-10-20,https://data.chc.ucsb.edu/products/CHIRPS-GEFS/v3/daily/global/2012/10/20/c3g_2012.10.20.tif,200.0,True,67766874.0,64.63,False
2012-10-21,https://data.chc.ucsb.edu/products/CHIRPS-GEFS/v3/daily/global/2012/10/21/c3g_2012.10.21.tif,200.0,True,67782932.0,64.64,False
2012-10-22,https://data.chc.ucsb.edu/products/CHIRPS-GEFS/v3/daily/global/2012/10/22/c3g_2012.10.22.tif,200.0,True,68491088.0,65.32,False
2012-10-23,https://data.chc.ucsb.edu/products/CHIRPS-GEFS/v3/daily/global/2012/10/23/c3g_2012.10.23.tif,200.0,True,69702852.0,66.47,False
2012-10-24,https://data.chc.ucsb.edu/products/CHIRPS-GEFS/v3/daily/global/2012/10/24/c3g_2012.10.24.tif,200.0,True,67705714.0,64.57,False
2012-10-25,https://data.chc.ucsb.edu/products/CHIRPS-GEFS/v3/daily/global/2012/10/25/c3g_2012.10.25.tif,200.0,True,76575286.0,73.03,False
2012-10-26,https://data.chc.ucsb.edu/products/CHIRPS-GEFS/v3/daily/global/2012/10/26/c3g_2012.10.26.tif,200.0,True,66927414.0,63.83,False
2012-10-27,https://data.chc.ucsb.edu/products/CHIRPS-GEFS/v3/daily/global/2012/10/27/c3g_2012.10.27.tif,200.0,True,65579784.0,62.54,False
2012-10-28,https://data.chc.ucsb.edu/products/CHIRPS-GEFS/v3/daily/global/2012/10/28/c3g_2012.10.28.tif,200.0,True,66027476.0,62.97,False
2012-10-29,https://data.chc.ucsb.edu/products/CHIRPS-GEFS/v3/daily/global/2012/10/29/c3g_2012.10.29.tif,200.0,True,65692802.0,62.65,False
2012-10-30,https://data.chc.ucsb.edu/products/CHIRPS-GEFS/v3/daily/global/2012/10/30/c3g_2012.10.30.tif,200.0,True,65387324.0,62.36,False
2012-10-31,https://data.chc.ucsb.edu/products/CHIRPS-GEFS/v3/daily/global/2012/10/31/c3g_2012.10.31.tif,200.0,True,75858384.0,72.34,False
2012-11-01,https://data.chc.ucsb.edu/products/CHIRPS-GEFS/v3/daily/global/2012/11/01/c3g_2012.11.01.tif,200.0,True,76095644.0,72.57,False
2012-11-02,https://data.chc.ucsb.edu/products/CHIRPS-GEFS/v3/daily/global/2012/11/02/c3g_2012.11.02.tif,200.0,True,76040754.0,72.52,False
2012-11-03,https://data.chc.ucsb.edu/products/CHIRPS-GEFS/v3/daily/global/2012/11/03/c3g_2012.11.03.tif,200.0,True,67744424.0,64.61,False
2012-11-04,https://data.chc.ucsb.edu/products/CHIRPS-GEFS/v3/daily/global/2012/11/04/c3g_2012.11.04.tif,200.0,True,67620708.0,64.49,False
2012-11-05,https://data.chc.ucsb.edu/products/CHIRPS-GEFS/v3/daily/global/2012/11/05/c3g_2012.11.05.tif,200.0,True,67232734.0,64.12,False
2012-11-06,https://data.chc.ucsb.edu/products/CHIRPS-GEFS/v3/daily/global/2012/11/06/c3g_2012.11.06.tif,200.0,True,67384462.0,64.26,False
2012-11-07,https://data.chc.ucsb.edu/products/CHIRPS-GEFS/v3/daily/global/2012/11/07/c3g_2012.11.07.tif,200.0,True,67358204.0,64.24,False
2012-11-08,https://data.chc.ucsb.edu/products/CHIRPS-GEFS/v3/daily/global/2012/11/08/c3g_2012.11.08.tif,200.0,True,67641410.0,64.51,False
2012-11-09,https://data.chc.ucsb.edu/products/CHIRPS-GEFS/v3/daily/global/2012/11/09/c3g_2012.11.09.tif,200.0,True,67214184.0,64.1,False
2012-11-10,https://data.chc.ucsb.edu/products/CHIRPS-GEFS/v3/daily/global/2012/11/10/c3g_2012.11.10.tif,200.0,True,75979138.0,72.46,False
2012-11-11,https://data.chc.ucsb.edu/products/CHIRPS-GEFS/v3/daily/global/2012/11/11/c3g_2012.11.11.tif,200.0,True,66187694.0,63.12,False
2012-11-12,https://data.chc.ucsb.edu/products/CHIRPS-GEFS/v3/daily/global/2012/11/12/c3g_2012.11.12.tif,200.0,True,65905198.0,62.85,False
2012-11-13,https://data.chc.ucsb.edu/products/CHIRPS-GEFS/v3/daily/global/2012/11/13/c3g_2012.11.13.tif,200.0,True,76194390.0,72.66,False
2012-11-14,https://data.chc.ucsb.edu/products/CHIRPS-GEFS/v3/daily/global/2012/11/14/c3g_2012.11.14.tif,200.0,True,65445486.0,62.41,False
2012-11-15,https://data.chc.ucsb.edu/products/CHIRPS-GEFS/v3/daily/global/2012/11/15/c3g_2012.11.15.tif,200.0,True,65146054.0,62.13,False
2012-11-16,https://data.chc.ucsb.edu/products/CHIRPS-GEFS/v3/daily/global/2012/11/16/c3g_2012.11.16.tif,200.0,True,75640352.0,72.14,False
2012-11-17,https://data.chc.ucsb.edu/products/CHIRPS-GEFS/v3/daily/global/2012/11/17/c3g_2012.11.17.tif,200.0,True,65535844.0,62.5,False
2012-11-18,https://data.chc.ucsb.edu/products/CHIRPS-GEFS/v3/daily/global/2012/11/18/c3g_2012.11.18.tif,200.0,True,67415674.0,64.29,False
2012-11-19,https://data.chc.ucsb.edu/products/CHIRPS-GEFS/v3/daily/global/2012/11/19/c3g_2012.11.19.tif,200.0,True,67310520.0,64.19,False
2012-11-20,https://data.chc.ucsb.edu/products/CHIRPS-GEFS/v3/daily/global/2012/11/20/c3g_2012.11.20.tif,200.0,True,78879928.0,75.23,False
2012-11-21,https://data.chc.ucsb.edu/products/CHIRPS-GEFS/v3/daily/global/2012/11/21/c3g_2012.11.21.tif,200.0,True,68393772.0,65.23,False
2012-11-22,https://data.chc.ucsb.edu/products/CHIRPS-GEFS/v3/daily/global/2012/11/22/c3g_2012.11.22.tif,200.0,True,67238114.0,64.12,False
2012-11-23,https://data.chc.ucsb.edu/products/CHIRPS-GEFS/v3/daily/global/2012/11/23/c3g_2012.11.23.tif,200.0,True,69117232.0,65.92,False
2012-11-24,https://data.chc.ucsb.edu/products/CHIRPS-GEFS/v3/daily/global/2012/11/24/c3g_2012.11.24.tif,200.0,True,68101476.0,64.95,False
2012-11-25,https://data.chc.ucsb.edu/products/CHIRPS-GEFS/v3/daily/global/2012/11/25/c3g_2012.11.25.tif,200.0,True,68298812.0,65.13,False
2012-11-26,https://data.chc.ucsb.edu/products/CHIRPS-GEFS/v3/daily/global/2012/11/26/c3g_2012.11.26.tif,200.0,True,67872344.0,64.73,False
2012-11-27,https://data.chc.ucsb.edu/products/CHIRPS-GEFS/v3/daily/global/2012/11/27/c3g_2012.11.27.tif,200.0,True,68513016.0,65.34,False
2012-11-28,https://data.chc.ucsb.edu/products/CHIRPS-GEFS/v3/daily/global/2012/11/28/c3g_2012.11.28.tif,200.0,True,77510312.0,73.92,False
2012-11-29,https://data.chc.ucsb.edu/products/CHIRPS-GEFS/v3/daily/global/2012/11/29/c3g_2012.11.29.tif,200.0,True,68854946.0,65.67,False
2012-11-30,https://data.chc.ucsb.edu/products/CHIRPS-GEFS/v3/daily/global/2012/11/30/c3g_2012.11.30.tif,200.0,True,69275202.0,66.07,False
2012-12-01,https://data.chc.ucsb.edu/products/CHIRPS-GEFS/v3/daily/global/2012/12/01/c3g_2012.12.01.tif,200.0,True,68576216.0,65.4,False
2012-12-02,https://data.chc.ucsb.edu/products/CHIRPS-GEFS/v3/daily/global/2012/12/02/c3g_2012.12.02.tif,200.0,True,77739152.0,74.14,False
2012-12-03,https://data.chc.ucsb.edu/products/CHIRPS-GEFS/v3/daily/global/2012/12/03/c3g_2012.12.03.tif,200.0,True,69597934.0,66.37,False
2012-12-04,https://data.chc.ucsb.edu/products/CHIRPS-GEFS/v3/daily/global/2012/12/04/c3g_2012.12.04.tif,200.0,True,77616788.0,74.02,False
2012-12-05,https://data.chc.ucsb.edu/products/CHIRPS-GEFS/v3/daily/global/2012/12/05/c3g_2012.12.05.tif,200.0,True,77445750.0,73.86,False
2012-12-06,https://data.chc.ucsb.edu/products/CHIRPS-GEFS/v3/daily/global/2012/12/06/c3g_2012.12.06.tif,200.0,True,67520138.0,64.39,False
2012-12-07,https://data.chc.ucsb.edu/products/CHIRPS-GEFS/v3/daily/global/2012/12/07/c3g_2012.12.07.tif,200.0,True,68282334.0,65.12,False
2012-12-08,https://data.chc.ucsb.edu/products/CHIRPS-GEFS/v3/daily/global/2012/12/08/c3g_2012.12.08.tif,200.0,True,67384284.0,64.26,False
2012-12-09,https://data.chc.ucsb.edu/products/CHIRPS-GEFS/v3/daily/global/2012/12/09/c3g_2012.12.09.tif,200.0,True,66875216.0,63.78,False
2012-12-10,https://data.chc.ucsb.edu/products/CHIRPS-GEFS/v3/daily/global/2012/12/10/c3g_2012.12.10.tif,200.0,True,66880648.0,63.78,False
2012-12-11,https://data.chc.ucsb.edu/products/CHIRPS-GEFS/v3/daily/global/2012/12/11/c3g_2012.12.11.tif,200.0,True,66873338.0,63.78,False
2012-12-12,https://data.chc.ucsb.edu/products/CHIRPS-GEFS/v3/daily/global/2012/12/12/c3g_2012.12.12.tif,200.0,True,68285794.0,65.12,False
2012-12-13,https://data.chc.ucsb.edu/products/CHIRPS-GEFS/v3/daily/global/2012/12/13/c3g_2012.12.13.tif,200.0,True,75862576.0,72.35,False
2012-12-14,https://data.chc.ucsb.edu/products/CHIRPS-GEFS/v3/daily/global/2012/12/14/c3g_2012.12.14.tif,200.0,True,76044702.0,72.52,False
2012-12-15,https://data.chc.ucsb.edu/products/CHIRPS-GEFS/v3/daily/global/2012/12/15/c3g_2012.12.15.tif,200.0,True,67976858.0,64.83,False
2012-12-16,https://data.chc.ucsb.edu/products/CHIRPS-GEFS/v3/daily/global/2012/12/16/c3g_2012.12.16.tif,200.0,True,66033252.0,62.97,False
2012-12-17,https://data.chc.ucsb.edu/products/CHIRPS-GEFS/v3/daily/global/2012/12/17/c3g_2012.12.17.tif,200.0,True,68261298.0,65.1,False
2012-12-18,https://data.chc.ucsb.edu/products/CHIRPS-GEFS/v3/daily/global/2012/12/18/c3g_2012.12.18.tif,200.0,True,76272512.0,72.74,False
2012-12-19,https://data.chc.ucsb.edu/products/CHIRPS-GEFS/v3/daily/global/2012/12/19/c3g_2012.12.19.tif,200.0,True,67666738.0,64.53,False
2012-12-20,https://data.chc.ucsb.edu/products/CHIRPS-GEFS/v3/daily/global/2012/12/20/c3g_2012.12.20.tif,200.0,True,75363392.0,71.87,False
2012-12-21,https://data.chc.ucsb.edu/products/CHIRPS-GEFS/v3/daily/global/2012/12/21/c3g_2012.12.21.tif,200.0,True,66725612.0,63.63,False
2012-12-22,https://data.chc.ucsb.edu/products/CHIRPS-GEFS/v3/daily/global/2012/12/22/c3g_2012.12.22.tif,200.0,True,65894766.0,62.84,False
2012-12-23,https://data.chc.ucsb.edu/products/CHIRPS-GEFS/v3/daily/global/2012/12/23/c3g_2012.12.23.tif,200.0,True,65855024.0,62.8,False
2012-12-24,https://data.chc.ucsb.edu/products/CHIRPS-GEFS/v3/daily/global/2012/12/24/c3g_2012.12.24.tif,200.0,True,66973962.0,63.87,False
2012-12-25,https://data.chc.ucsb.edu/products/CHIRPS-GEFS/v3/daily/global/2012/12/25/c3g_2012.12.25.tif,200.0,True,76240290.0,72.71,False
2012-12-26,https://data.chc.ucsb.edu/products/CHIRPS-GEFS/v3/daily/global/2012/12/26/c3g_2012.12.26.tif,200.0,True,66199654.0,63.13,False
2012-12-27,https://data.chc.ucsb.edu/products/CHIRPS-GEFS/v3/daily/global/2012/12/27/c3g_2012.12.27.tif,200.0,True,67969200.0,64.82,False
2012-12-28,https://data.chc.ucsb.edu/products/CHIRPS-GEFS/v3/daily/global/2012/12/28/c3g_2012.12.28.tif,200.0,True,75685896.0,72.18,False
2012-12-29,https://data.chc.ucsb.edu/products/CHIRPS-GEFS/v3/daily/global/2012/12/29/c3g_2012.12.29.tif,200.0,True,65808582.0,62.76,False
2012-12-30,https://data.chc.ucsb.edu/products/CHIRPS-GEFS/v3/daily/global/2012/12/30/c3g_2012.12.30.tif,200.0,True,67304496.0,64.19,False
2012-12-31,https://data.chc.ucsb.edu/products/CHIRPS-GEFS/v3/daily/global/2012/12/31/c3g_2012.12.31.tif,200.0,True,74611106.0,71.15,False
2013-01-01,https://data.chc.ucsb.edu/products/CHIRPS-GEFS/v3/daily/global/2013/01/01/c3g_2013.01.01.tif,200.0,True,75127884.0,71.65,False
2013-01-02,https://data.chc.ucsb.edu/products/CHIRPS-GEFS/v3/daily/global/2013/01/02/c3g_2013.01.02.tif,200.0,True,65036840.0,62.02,False
2013-01-03,https://data.chc.ucsb.edu/products/CHIRPS-GEFS/v3/daily/global/2013/01/03/c3g_2013.01.03.tif,200.0,True,64949128.0,61.94,False
2013-01-04,https://data.chc.ucsb.edu/products/CHIRPS-GEFS/v3/daily/global/2013/01/04/c3g_2013.01.04.tif,200.0,True,64325320.0,61.35,False
2013-01-05,https://data.chc.ucsb.edu/products/CHIRPS-GEFS/v3/daily/global/2013/01/05/c3g_2013.01.05.tif,200.0,True,65888554.0,62.84,False
2013-01-06,https://data.chc.ucsb.edu/products/CHIRPS-GEFS/v3/daily/global/2013/01/06/c3g_2013.01.06.tif,200.0,True,65127684.0,62.11,False
2013-01-07,https://data.chc.ucsb.edu/products/CHIRPS-GEFS/v3/daily/global/2013/01/07/c3g_2013.01.07.tif,200.0,True,65110190.0,62.09,False
2013-01-08,https://data.chc.ucsb.edu/products/CHIRPS-GEFS/v3/daily/global/2013/01/08/c3g_2013.01.08.tif,200.0,True,76445744.0,72.9,False
2013-01-09,https://data.chc.ucsb.edu/products/CHIRPS-GEFS/v3/daily/global/2013/01/09/c3g_2013.01.09.tif,200.0,True,65722372.0,62.68,False
2013-01-10,https://data.chc.ucsb.edu/products/CHIRPS-GEFS/v3/daily/global/2013/01/10/c3g_2013.01.10.tif,200.0,True,66164354.0,63.1,False
2013-01-11,https://data.chc.ucsb.edu/products/CHIRPS-GEFS/v3/daily/global/2013/01/11/c3g_2013.01.11.tif,200.0,True,67446762.0,64.32,False
2013-01-12,https://data.chc.ucsb.edu/products/CHIRPS-GEFS/v3/daily/global/2013/01/12/c3g_2013.01.12.tif,200.0,True,65600980.0,62.56,False
2013-01-13,https://data.chc.ucsb.edu/products/CHIRPS-GEFS/v3/daily/global/2013/01/13/c3g_2013.01.13.tif,200.0,True,65157614.0,62.14,False
2013-01-14,https://data.chc.ucsb.edu/products/CHIRPS-GEFS/v3/daily/global/2013/01/14/c3g_2013.01.14.tif,200.0,True,76199664.0,72.67,False
2013-01-15,https://data.chc.ucsb.edu/products/CHIRPS-GEFS/v3/daily/global/2013/01/15/c3g_2013.01.15.tif,200.0,True,67700618.0,64.56,False
2013-01-16,https://data.chc.ucsb.edu/products/CHIRPS-GEFS/v3/daily/global/2013/01/16/c3g_2013.01.16.tif,200.0,True,68320760.0,65.16,False
2013-01-17,https://data.chc.ucsb.edu/products/CHIRPS-GEFS/v3/daily/global/2013/01/17/c3g_2013.01.17.tif,200.0,True,67946470.0,64.8,False
2013-01-18,https://data.chc.ucsb.edu/products/CHIRPS-GEFS/v3/daily/global/2013/01/18/c3g_2013.01.18.tif,200.0,True,76962904.0,73.4,False
2013-01-19,https://data.chc.ucsb.edu/products/CHIRPS-GEFS/v3/daily/global/2013/01/19/c3g_2013.01.19.tif,200.0,True,67167624.0,64.06,False
2013-01-20,https://data.chc.ucsb.edu/products/CHIRPS-GEFS/v3/daily/global/2013/01/20/c3g_2013.01.20.tif,200.0,True,66652740.0,63.57,False
2013-01-21,https://data.chc.ucsb.edu/products/CHIRPS-GEFS/v3/daily/global/2013/01/21/c3g_2013.01.21.tif,200.0,True,65570442.0,62.53,False
2013-01-22,https://data.chc.ucsb.edu/products/CHIRPS-GEFS/v3/daily/global/2013/01/22/c3g_2013.01.22.tif,200.0,True,67799888.0,64.66,False
2013-01-23,https://data.chc.ucsb.edu/products/CHIRPS-GEFS/v3/daily/global/2013/01/23/c3g_2013.01.23.tif,200.0,True,65907530.0,62.85,False
2013-01-24,https://data.chc.ucsb.edu/products/CHIRPS-GEFS/v3/daily/global/2013/01/24/c3g_2013.01.24.tif,200.0,True,77349790.0,73.77,False
2013-01-25,https://data.chc.ucsb.edu/products/CHIRPS-GEFS/v3/daily/global/2013/01/25/c3g_2013.01.25.tif,200.0,True,68829104.0,65.64,False
2013-01-26,https://data.chc.ucsb.edu/products/CHIRPS-GEFS/v3/daily/global/2013/01/26/c3g_2013.01.26.tif,200.0,True,76870816.0,73.31,False
2013-01-27,https://data.chc.ucsb.edu/products/CHIRPS-GEFS/v3/daily/global/2013/01/27/c3g_2013.01.27.tif,200.0,True,77235854.0,73.66,False
2013-01-28,https://data.chc.ucsb.edu/products/CHIRPS-GEFS/v3/daily/global/2013/01/28/c3g_2013.01.28.tif,200.0,True,77811114.0,74.21,False
2013-01-29,https://data.chc.ucsb.edu/products/CHIRPS-GEFS/v3/daily/global/2013/01/29/c3g_2013.01.29.tif,200.0,True,66626050.0,63.54,False
2013-01-30,https://data.chc.ucsb.edu/products/CHIRPS-GEFS/v3/daily/global/2013/01/30/c3g_2013.01.30.tif,200.0,True,68045884.0,64.89,False
2013-01-31,https://data.chc.ucsb.edu/products/CHIRPS-GEFS/v3/daily/global/2013/01/31/c3g_2013.01.31.tif,200.0,True,65989548.0,62.93,False
2013-02-01,https://data.chc.ucsb.edu/products/CHIRPS-GEFS/v3/daily/global/2013/02/01/c3g_2013.02.01.tif,200.0,True,66928804.0,63.83,False
2013-02-02,https://data.chc.ucsb.edu/products/CHIRPS-GEFS/v3/daily/global/2013/02/02/c3g_2013.02.02.tif,200.0,True,67981086.0,64.83,False
2013-02-03,https://data.chc.ucsb.edu/products/CHIRPS-GEFS/v3/daily/global/2013/02/03/c3g_2013.02.03.tif,200.0,True,68371144.0,65.2,False
2013-02-04,https://data.chc.ucsb.edu/products/CHIRPS-GEFS/v3/daily/global/2013/02/04/c3g_2013.02.04.tif,200.0,True,66913704.0,63.81,False
2013-02-05,https://data.chc.ucsb.edu/products/CHIRPS-GEFS/v3/daily/global/2013/02/05/c3g_2013.02.05.tif,200.0,True,76335706.0,72.8,False
2013-02-06,https://data.chc.ucsb.edu/products/CHIRPS-GEFS/v3/daily/global/2013/02/06/c3g_2013.02.06.tif,200.0,True,67045494.0,63.94,False
2013-02-07,https://data.chc.ucsb.edu/products/CHIRPS-GEFS/v3/daily/global/2013/02/07/c3g_2013.02.07.tif,200.0,True,76570510.0,73.02,False
2013-02-08,https://data.chc.ucsb.edu/products/CHIRPS-GEFS/v3/daily/global/2013/02/08/c3g_2013.02.08.tif,200.0,True,66951338.0,63.85,False
2013-02-09,https://data.chc.ucsb.edu/products/CHIRPS-GEFS/v3/daily/global/2013/02/09/c3g_2013.02.09.tif,200.0,True,67430028.0,64.31,False
2013-02-10,https://data.chc.ucsb.edu/products/CHIRPS-GEFS/v3/daily/global/2013/02/10/c3g_2013.02.10.tif,200.0,True,68124802.0,64.97,False
2013-02-11,https://data.chc.ucsb.edu/products/CHIRPS-GEFS/v3/daily/global/2013/02/11/c3g_2013.02.11.tif,200.0,True,67901486.0,64.76,False
2013-02-12,https://data.chc.ucsb.edu/products/CHIRPS-GEFS/v3/daily/global/2013/02/12/c3g_2013.02.12.tif,200.0,True,68309444.0,65.14,False
2013-02-13,https://data.chc.ucsb.edu/products/CHIRPS-GEFS/v3/daily/global/2013/02/13/c3g_2013.02.13.tif,200.0,True,68473266.0,65.3,False
2013-02-14,https://data.chc.ucsb.edu/products/CHIRPS-GEFS/v3/daily/global/2013/02/14/c3g_2013.02.14.tif,200.0,True,68808080.0,65.62,False
2013-02-15,https://data.chc.ucsb.edu/products/CHIRPS-GEFS/v3/daily/global/2013/02/15/c3g_2013.02.15.tif,200.0,True,76182300.0,72.65,False
2013-02-16,https://data.chc.ucsb.edu/products/CHIRPS-GEFS/v3/daily/global/2013/02/16/c3g_2013.02.16.tif,200.0,True,75788252.0,72.28,False
2013-02-17,https://data.chc.ucsb.edu/products/CHIRPS-GEFS/v3/daily/global/2013/02/17/c3g_2013.02.17.tif,200.0,True,76130530.0,72.6,False
2013-02-18,https://data.chc.ucsb.edu/products/CHIRPS-GEFS/v3/daily/global/2013/02/18/c3g_2013.02.18.tif,200.0,True,66902068.0,63.8,False
2013-02-19,https://data.chc.ucsb.edu/products/CHIRPS-GEFS/v3/daily/global/2013/02/19/c3g_2013.02.19.tif,200.0,True,75798172.0,72.29,False
2013-02-20,https://data.chc.ucsb.edu/products/CHIRPS-GEFS/v3/daily/global/2013/02/20/c3g_2013.02.20.tif,200.0,True,67009938.0,63.91,False
2013-02-21,https://data.chc.ucsb.edu/products/CHIRPS-GEFS/v3/daily/global/2013/02/21/c3g_2013.02.21.tif,200.0,True,67518188.0,64.39,False
2013-02-22,https://data.chc.ucsb.edu/products/CHIRPS-GEFS/v3/daily/global/2013/02/22/c3g_2013.02.22.tif,200.0,True,67561578.0,64.43,False
2013-02-23,https://data.chc.ucsb.edu/products/CHIRPS-GEFS/v3/daily/global/2013/02/23/c3g_2013.02.23.tif,200.0,True,66083058.0,63.02,False
2013-02-24,https://data.chc.ucsb.edu/products/CHIRPS-GEFS/v3/daily/global/2013/02/24/c3g_2013.02.24.tif,200.0,True,67289926.0,64.17,False
2013-02-25,https://data.chc.ucsb.edu/products/CHIRPS-GEFS/v3/daily/global/2013/02/25/c3g_2013.02.25.tif,200.0,True,66974954.0,63.87,False
2013-02-26,https://data.chc.ucsb.edu/products/CHIRPS-GEFS/v3/daily/global/2013/02/26/c3g_2013.02.26.tif,200.0,True,66426788.0,63.35,False
2013-02-27,https://data.chc.ucsb.edu/products/CHIRPS-GEFS/v3/daily/global/2013/02/27/c3g_2013.02.27.tif,200.0,True,67077752.0,63.97,False
2013-02-28,https://data.chc.ucsb.edu/products/CHIRPS-GEFS/v3/daily/global/2013/02/28/c3g_2013.02.28.tif,200.0,True,66945272.0,63.84,False
2013-03-01,https://data.chc.ucsb.edu/products/CHIRPS-GEFS/v3/daily/global/2013/03/01/c3g_2013.03.01.tif,200.0,True,65424050.0,62.39,False
2013-03-02,https://data.chc.ucsb.edu/products/CHIRPS-GEFS/v3/daily/global/2013/03/02/c3g_2013.03.02.tif,200.0,True,68160060.0,65.0,False
2013-03-03,https://data.chc.ucsb.edu/products/CHIRPS-GEFS/v3/daily/global/2013/03/03/c3g_2013.03.03.tif,200.0,True,76436770.0,72.9,False
2013-03-04,https://data.chc.ucsb.edu/products/CHIRPS-GEFS/v3/daily/global/2013/03/04/c3g_2013.03.04.tif,200.0,True,66818738.0,63.72,False
2013-03-05,https://data.chc.ucsb.edu/products/CHIRPS-GEFS/v3/daily/global/2013/03/05/c3g_2013.03.05.tif,200.0,True,64971730.0,61.96,False
2013-03-06,https://data.chc.ucsb.edu/products/CHIRPS-GEFS/v3/daily/global/2013/03/06/c3g_2013.03.06.tif,200.0,True,65802208.0,62.75,False
2013-03-07,https://data.chc.ucsb.edu/products/CHIRPS-GEFS/v3/daily/global/2013/03/07/c3g_2013.03.07.tif,200.0,True,76276514.0,72.74,False
2013-03-08,https://data.chc.ucsb.edu/products/CHIRPS-GEFS/v3/daily/global/2013/03/08/c3g_2013.03.08.tif,200.0,True,75739806.0,72.23,False
2013-03-09,https://data.chc.ucsb.edu/products/CHIRPS-GEFS/v3/daily/global/2013/03/09/c3g_2013.03.09.tif,200.0,True,68018284.0,64.87,False
2013-03-10,https://data.chc.ucsb.edu/products/CHIRPS-GEFS/v3/daily/global/2013/03/10/c3g_2013.03.10.tif,200.0,True,68318328.0,65.15,False
2013-03-11,https://data.chc.ucsb.edu/products/CHIRPS-GEFS/v3/daily/global/2013/03/11/c3g_2013.03.11.tif,200.0,True,66220880.0,63.15,False
2013-03-12,https://data.chc.ucsb.edu/products/CHIRPS-GEFS/v3/daily/global/2013/03/12/c3g_2013.03.12.tif,200.0,True,75652762.0,72.15,False
2013-03-13,https://data.chc.ucsb.edu/products/CHIRPS-GEFS/v3/daily/global/2013/03/13/c3g_2013.03.13.tif,200.0,True,65354042.0,62.33,False
2013-03-14,https://data.chc.ucsb.edu/products/CHIRPS-GEFS/v3/daily/global/2013/03/14/c3g_2013.03.14.tif,200.0,True,75864660.0,72.35,False
2013-03-15,https://data.chc.ucsb.edu/products/CHIRPS-GEFS/v3/daily/global/2013/03/15/c3g_2013.03.15.tif,200.0,True,66885928.0,63.79,False
2013-03-16,https://data.chc.ucsb.edu/products/CHIRPS-GEFS/v3/daily/global/2013/03/16/c3g_2013.03.16.tif,200.0,True,66642690.0,63.56,False
2013-03-17,https://data.chc.ucsb.edu/products/CHIRPS-GEFS/v3/daily/global/2013/03/17/c3g_2013.03.17.tif,200.0,True,67920816.0,64.77,False
2013-03-18,https://data.chc.ucsb.edu/products/CHIRPS-GEFS/v3/daily/global/2013/03/18/c3g_2013.03.18.tif,200.0,True,67473862.0,64.35,False
2013-03-19,https://data.chc.ucsb.edu/products/CHIRPS-GEFS/v3/daily/global/2013/03/19/c3g_2013.03.19.tif,200.0,True,69267354.0,66.06,False
2013-03-20,https://data.chc.ucsb.edu/products/CHIRPS-GEFS/v3/daily/global/2013/03/20/c3g_2013.03.20.tif,200.0,True,68927260.0,65.73,False
2013-03-21,https://data.chc.ucsb.edu/products/CHIRPS-GEFS/v3/daily/global/2013/03/21/c3g_2013.03.21.tif,200.0,True,76066766.0,72.54,False
2013-03-22,https://data.chc.ucsb.edu/products/CHIRPS-GEFS/v3/daily/global/2013/03/22/c3g_2013.03.22.tif,200.0,True,68172726.0,65.01,False
2013-03-23,https://data.chc.ucsb.edu/products/CHIRPS-GEFS/v3/daily/global/2013/03/23/c3g_2013.03.23.tif,200.0,True,68827488.0,65.64,False
2013-03-24,https://data.chc.ucsb.edu/products/CHIRPS-GEFS/v3/daily/global/2013/03/24/c3g_2013.03.24.tif,200.0,True,68366718.0,65.2,False
2013-03-25,https://data.chc.ucsb.edu/products/CHIRPS-GEFS/v3/daily/global/2013/03/25/c3g_2013.03.25.tif,200.0,True,68787454.0,65.6,False
2013-03-26,https://data.chc.ucsb.edu/products/CHIRPS-GEFS/v3/daily/global/2013/03/26/c3g_2013.03.26.tif,200.0,True,68313570.0,65.15,False
2013-03-27,https://data.chc.ucsb.edu/products/CHIRPS-GEFS/v3/daily/global/2013/03/27/c3g_2013.03.27.tif,200.0,True,69365228.0,66.15,False
2013-03-28,https://data.chc.ucsb.edu/products/CHIRPS-GEFS/v3/daily/global/2013/03/28/c3g_2013.03.28.tif,200.0,True,68180940.0,65.02,False
2013-03-29,https://data.chc.ucsb.edu/products/CHIRPS-GEFS/v3/daily/global/2013/03/29/c3g_2013.03.29.tif,200.0,True,68748876.0,65.56,False
2013-03-30,https://data.chc.ucsb.edu/products/CHIRPS-GEFS/v3/daily/global/2013/03/30/c3g_2013.03.30.tif,200.0,True,69337224.0,66.13,False
2013-03-31,https://data.chc.ucsb.edu/products/CHIRPS-GEFS/v3/daily/global/2013/03/31/c3g_2013.03.31.tif,200.0,True,68419508.0,65.25,False
2013-04-01,https://data.chc.ucsb.edu/products/CHIRPS-GEFS/v3/daily/global/2013/04/01/c3g_2013.04.01.tif,200.0,True,68354212.0,65.19,False
2013-04-02,https://data.chc.ucsb.edu/products/CHIRPS-GEFS/v3/daily/global/2013/04/02/c3g_2013.04.02.tif,200.0,True,67472336.0,64.35,False
2013-04-03,https://data.chc.ucsb.edu/products/CHIRPS-GEFS/v3/daily/global/2013/04/03/c3g_2013.04.03.tif,200.0,True,67898086.0,64.75,False
2013-04-04,https://data.chc.ucsb.edu/products/CHIRPS-GEFS/v3/daily/global/2013/04/04/c3g_2013.04.04.tif,200.0,True,67356422.0,64.24,False
2013-04-05,https://data.chc.ucsb.edu/products/CHIRPS-GEFS/v3/daily/global/2013/04/05/c3g_2013.04.05.tif,200.0,True,66460512.0,63.38,False
2013-04-06,https://data.chc.ucsb.edu/products/CHIRPS-GEFS/v3/daily/global/2013/04/06/c3g_2013.04.06.tif,200.0,True,67786186.0,64.65,False
2013-04-07,https://data.chc.ucsb.edu/products/CHIRPS-GEFS/v3/daily/global/2013/04/07/c3g_2013.04.07.tif,200.0,True,67828660.0,64.69,False
2013-04-08,https://data.chc.ucsb.edu/products/CHIRPS-GEFS/v3/daily/global/2013/04/08/c3g_2013.04.08.tif,200.0,True,76265814.0,72.73,False
2013-04-09,https://data.chc.ucsb.edu/products/CHIRPS-GEFS/v3/daily/global/2013/04/09/c3g_2013.04.09.tif,200.0,True,66543800.0,63.46,False
2013-04-10,https://data.chc.ucsb.edu/products/CHIRPS-GEFS/v3/daily/global/2013/04/10/c3g_2013.04.10.tif,200.0,True,65908798.0,62.86,False
2013-04-11,https://data.chc.ucsb.edu/products/CHIRPS-GEFS/v3/daily/global/2013/04/11/c3g_2013.04.11.tif,200.0,True,75363538.0,71.87,False
2013-04-12,https://data.chc.ucsb.edu/products/CHIRPS-GEFS/v3/daily/global/2013/04/12/c3g_2013.04.12.tif,200.0,True,66101170.0,63.04,False
2013-04-13,https://data.chc.ucsb.edu/products/CHIRPS-GEFS/v3/daily/global/2013/04/13/c3g_2013.04.13.tif,200.0,True,67439070.0,64.31,False
2013-04-14,https://data.chc.ucsb.edu/products/CHIRPS-GEFS/v3/daily/global/2013/04/14/c3g_2013.04.14.tif,200.0,True,66911302.0,63.81,False
2013-04-15,https://data.chc.ucsb.edu/products/CHIRPS-GEFS/v3/daily/global/2013/04/15/c3g_2013.04.15.tif,200.0,True,76296130.0,72.76,False
2013-04-16,https://data.chc.ucsb.edu/products/CHIRPS-GEFS/v3/daily/global/2013/04/16/c3g_2013.04.16.tif,200.0,True,66429694.0,63.35,False
2013-04-17,https://data.chc.ucsb.edu/products/CHIRPS-GEFS/v3/daily/global/2013/04/17/c3g_2013.04.17.tif,200.0,True,68063148.0,64.91,False
2013-04-18,https://data.chc.ucsb.edu/products/CHIRPS-GEFS/v3/daily/global/2013/04/18/c3g_2013.04.18.tif,200.0,True,68112810.0,64.96,False
2013-04-19,https://data.chc.ucsb.edu/products/CHIRPS-GEFS/v3/daily/global/2013/04/19/c3g_2013.04.19.tif,200.0,True,76377100.0,72.84,False
2013-04-20,https://data.chc.ucsb.edu/products/CHIRPS-GEFS/v3/daily/global/2013/04/20/c3g_2013.04.20.tif,200.0,True,67532202.0,64.4,False
2013-04-21,https://data.chc.ucsb.edu/products/CHIRPS-GEFS/v3/daily/global/2013/04/21/c3g_2013.04.21.tif,200.0,True,66500020.0,63.42,False
2013-04-22,https://data.chc.ucsb.edu/products/CHIRPS-GEFS/v3/daily/global/2013/04/22/c3g_2013.04.22.tif,200.0,True,75883972.0,72.37,False
2013-04-23,https://data.chc.ucsb.edu/products/CHIRPS-GEFS/v3/daily/global/2013/04/23/c3g_2013.04.23.tif,200.0,True,67802418.0,64.66,False
2013-04-24,https://data.chc.ucsb.edu/products/CHIRPS-GEFS/v3/daily/global/2013/04/24/c3g_2013.04.24.tif,200.0,True,76253124.0,72.72,False
2013-04-25,https://data.chc.ucsb.edu/products/CHIRPS-GEFS/v3/daily/global/2013/04/25/c3g_2013.04.25.tif,200.0,True,66309626.0,63.24,False
2013-04-26,https://data.chc.ucsb.edu/products/CHIRPS-GEFS/v3/daily/global/2013/04/26/c3g_2013.04.26.tif,200.0,True,66516780.0,63.44,False
2013-04-27,https://data.chc.ucsb.edu/products/CHIRPS-GEFS/v3/daily/global/2013/04/27/c3g_2013.04.27.tif,200.0,True,67094064.0,63.99,False
2013-04-28,https://data.chc.ucsb.edu/products/CHIRPS-GEFS/v3/daily/global/2013/04/28/c3g_2013.04.28.tif,200.0,True,76067270.0,72.54,False
2013-04-29,https://data.chc.ucsb.edu/products/CHIRPS-GEFS/v3/daily/global/2013/04/29/c3g_2013.04.29.tif,200.0,True,74982244.0,71.51,False
2013-04-30,https://data.chc.ucsb.edu/products/CHIRPS-GEFS/v3/daily/global/2013/04/30/c3g_2013.04.30.tif,200.0,True,65323638.0,62.3,False
2013-05-01,https://data.chc.ucsb.edu/products/CHIRPS-GEFS/v3/daily/global/2013/05/01/c3g_2013.05.01.tif,200.0,True,67309438.0,64.19,False
2013-05-02,https://data.chc.ucsb.edu/products/CHIRPS-GEFS/v3/daily/global/2013/05/02/c3g_2013.05.02.tif,200.0,True,68043140.0,64.89,False
2013-05-03,https://data.chc.ucsb.edu/products/CHIRPS-GEFS/v3/daily/global/2013/05/03/c3g_2013.05.03.tif,200.0,True,67245738.0,64.13,False
2013-05-04,https://data.chc.ucsb.edu/products/CHIRPS-GEFS/v3/daily/global/2013/05/04/c3g_2013.05.04.tif,200.0,True,66692932.0,63.6,False
2013-05-05,https://data.chc.ucsb.edu/products/CHIRPS-GEFS/v3/daily/global/2013/05/05/c3g_2013.05.05.tif,200.0,True,75205480.0,71.72,False
2013-05-06,https://data.chc.ucsb.edu/products/CHIRPS-GEFS/v3/daily/global/2013/05/06/c3g_2013.05.06.tif,200.0,True,65927458.0,62.87,False
2013-05-07,https://data.chc.ucsb.edu/products/CHIRPS-GEFS/v3/daily/global/2013/05/07/c3g_2013.05.07.tif,200.0,True,66901108.0,63.8,False
2013-05-08,https://data.chc.ucsb.edu/products/CHIRPS-GEFS/v3/daily/global/2013/05/08/c3g_2013.05.08.tif,200.0,True,64977446.0,61.97,False
2013-05-09,https://data.chc.ucsb.edu/products/CHIRPS-GEFS/v3/daily/global/2013/05/09/c3g_2013.05.09.tif,200.0,True,75366456.0,71.88,False
2013-05-10,https://data.chc.ucsb.edu/products/CHIRPS-GEFS/v3/daily/global/2013/05/10/c3g_2013.05.10.tif,200.0,True,65497988.0,62.46,False
2013-05-11,https://data.chc.ucsb.edu/products/CHIRPS-GEFS/v3/daily/global/2013/05/11/c3g_2013.05.11.tif,200.0,True,66742698.0,63.65,False
2013-05-12,https://data.chc.ucsb.edu/products/CHIRPS-GEFS/v3/daily/global/2013/05/12/c3g_2013.05.12.tif,200.0,True,76942482.0,73.38,False
2013-05-13,https://data.chc.ucsb.edu/products/CHIRPS-GEFS/v3/daily/global/2013/05/13/c3g_2013.05.13.tif,200.0,True,70173038.0,66.92,False
2013-05-14,https://data.chc.ucsb.edu/products/CHIRPS-GEFS/v3/daily/global/2013/05/14/c3g_2013.05.14.tif,200.0,True,68279052.0,65.12,False
2013-05-15,https://data.chc.ucsb.edu/products/CHIRPS-GEFS/v3/daily/global/2013/05/15/c3g_2013.05.15.tif,200.0,True,69882514.0,66.65,False
2013-05-16,https://data.chc.ucsb.edu/products/CHIRPS-GEFS/v3/daily/global/2013/05/16/c3g_2013.05.16.tif,200.0,True,68176310.0,65.02,False
2013-05-17,https://data.chc.ucsb.edu/products/CHIRPS-GEFS/v3/daily/global/2013/05/17/c3g_2013.05.17.tif,200.0,True,77410446.0,73.82,False
2013-05-18,https://data.chc.ucsb.edu/products/CHIRPS-GEFS/v3/daily/global/2013/05/18/c3g_2013.05.18.tif,200.0,True,70664400.0,67.39,False
2013-05-19,https://data.chc.ucsb.edu/products/CHIRPS-GEFS/v3/daily/global/2013/05/19/c3g_2013.05.19.tif,200.0,True,69457586.0,66.24,False
2013-05-20,https://data.chc.ucsb.edu/products/CHIRPS-GEFS/v3/daily/global/2013/05/20/c3g_2013.05.20.tif,200.0,True,69595264.0,66.37,False
2013-05-21,https://data.chc.ucsb.edu/products/CHIRPS-GEFS/v3/daily/global/2013/05/21/c3g_2013.05.21.tif,200.0,True,69328670.0,66.12,False
2013-05-22,https://data.chc.ucsb.edu/products/CHIRPS-GEFS/v3/daily/global/2013/05/22/c3g_2013.05.22.tif,200.0,True,68790980.0,65.6,False
2013-05-23,https://data.chc.ucsb.edu/products/CHIRPS-GEFS/v3/daily/global/2013/05/23/c3g_2013.05.23.tif,200.0,True,69109684.0,65.91,False
2013-05-24,https://data.chc.ucsb.edu/products/CHIRPS-GEFS/v3/daily/global/2013/05/24/c3g_2013.05.24.tif,200.0,True,68799680.0,65.61,False
2013-05-25,https://data.chc.ucsb.edu/products/CHIRPS-GEFS/v3/daily/global/2013/05/25/c3g_2013.05.25.tif,200.0,True,68279020.0,65.12,False
2013-05-26,https://data.chc.ucsb.edu/products/CHIRPS-GEFS/v3/daily/global/2013/05/26/c3g_2013.05.26.tif,200.0,True,75617646.0,72.11,False
2013-05-27,https://data.chc.ucsb.edu/products/CHIRPS-GEFS/v3/daily/global/2013/05/27/c3g_2013.05.27.tif,200.0,True,69226950.0,66.02,False
2013-05-28,https://data.chc.ucsb.edu/products/CHIRPS-GEFS/v3/daily/global/2013/05/28/c3g_2013.05.28.tif,200.0,True,69843612.0,66.61,False
2013-05-29,https://data.chc.ucsb.edu/products/CHIRPS-GEFS/v3/daily/global/2013/05/29/c3g_2013.05.29.tif,200.0,True,76641020.0,73.09,False
2013-05-30,https://data.chc.ucsb.edu/products/CHIRPS-GEFS/v3/daily/global/2013/05/30/c3g_2013.05.30.tif,200.0,True,70163936.0,66.91,False
2013-05-31,https://data.chc.ucsb.edu/products/CHIRPS-GEFS/v3/daily/global/2013/05/31/c3g_2013.05.31.tif,200.0,True,75585544.0,72.08,False
2013-06-01,https://data.chc.ucsb.edu/products/CHIRPS-GEFS/v3/daily/global/2013/06/01/c3g_2013.06.01.tif,200.0,True,67567824.0,64.44,False
2013-06-02,https://data.chc.ucsb.edu/products/CHIRPS-GEFS/v3/daily/global/2013/06/02/c3g_2013.06.02.tif,200.0,True,69616500.0,66.39,False
2013-06-03,https://data.chc.ucsb.edu/products/CHIRPS-GEFS/v3/daily/global/2013/06/03/c3g_2013.06.03.tif,200.0,True,68567770.0,65.39,False
2013-06-04,https://data.chc.ucsb.edu/products/CHIRPS-GEFS/v3/daily/global/2013/06/04/c3g_2013.06.04.tif,200.0,True,68988762.0,65.79,False
2013-06-05,https://data.chc.ucsb.edu/products/CHIRPS-GEFS/v3/daily/global/2013/06/05/c3g_2013.06.05.tif,200.0,True,75593678.0,72.09,False
2013-06-06,https://data.chc.ucsb.edu/products/CHIRPS-GEFS/v3/daily/global/2013/06/06/c3g_2013.06.06.tif,200.0,True,69598206.0,66.37,False
2013-06-07,https://data.chc.ucsb.edu/products/CHIRPS-GEFS/v3/daily/global/2013/06/07/c3g_2013.06.07.tif,200.0,True,69441730.0,66.22,False
2013-06-08,https://data.chc.ucsb.edu/products/CHIRPS-GEFS/v3/daily/global/2013/06/08/c3g_2013.06.08.tif,200.0,True,76477368.0,72.93,False
2013-06-09,https://data.chc.ucsb.edu/products/CHIRPS-GEFS/v3/daily/global/2013/06/09/c3g_2013.06.09.tif,200.0,True,68234358.0,65.07,False
2013-06-10,https://data.chc.ucsb.edu/products/CHIRPS-GEFS/v3/daily/global/2013/06/10/c3g_2013.06.10.tif,200.0,True,66888988.0,63.79,False
2013-06-11,https://data.chc.ucsb.edu/products/CHIRPS-GEFS/v3/daily/global/2013/06/11/c3g_2013.06.11.tif,200.0,True,67166292.0,64.05,False
2013-06-12,https://data.chc.ucsb.edu/products/CHIRPS-GEFS/v3/daily/global/2013/06/12/c3g_2013.06.12.tif,200.0,True,68913800.0,65.72,False
2013-06-13,https://data.chc.ucsb.edu/products/CHIRPS-GEFS/v3/daily/global/2013/06/13/c3g_2013.06.13.tif,200.0,True,69701742.0,66.47,False
2013-06-14,https://data.chc.ucsb.edu/products/CHIRPS-GEFS/v3/daily/global/2013/06/14/c3g_2013.06.14.tif,200.0,True,77147858.0,73.57,False
2013-06-15,https://data.chc.ucsb.edu/products/CHIRPS-GEFS/v3/daily/global/2013/06/15/c3g_2013.06.15.tif,200.0,True,76984142.0,73.42,False
2013-06-16,https://data.chc.ucsb.edu/products/CHIRPS-GEFS/v3/daily/global/2013/06/16/c3g_2013.06.16.tif,200.0,True,69371030.0,66.16,False
2013-06-17,https://data.chc.ucsb.edu/products/CHIRPS-GEFS/v3/daily/global/2013/06/17/c3g_2013.06.17.tif,200.0,True,69247060.0,66.04,False
2013-06-18,https://data.chc.ucsb.edu/products/CHIRPS-GEFS/v3/daily/global/2013/06/18/c3g_2013.06.18.tif,200.0,True,70015404.0,66.77,False
2013-06-19,https://data.chc.ucsb.edu/products/CHIRPS-GEFS/v3/daily/global/2013/06/19/c3g_2013.06.19.tif,200.0,True,77115542.0,73.54,False
2013-06-20,https://data.chc.ucsb.edu/products/CHIRPS-GEFS/v3/daily/global/2013/06/20/c3g_2013.06.20.tif,200.0,True,76847526.0,73.29,False
2013-06-21,https://data.chc.ucsb.edu/products/CHIRPS-GEFS/v3/daily/global/2013/06/21/c3g_2013.06.21.tif,200.0,True,76885004.0,73.32,False
2013-06-22,https://data.chc.ucsb.edu/products/CHIRPS-GEFS/v3/daily/global/2013/06/22/c3g_2013.06.22.tif,200.0,True,68712134.0,65.53,False
2013-06-23,https://data.chc.ucsb.edu/products/CHIRPS-GEFS/v3/daily/global/2013/06/23/c3g_2013.06.23.tif,200.0,True,68546488.0,65.37,False
2013-06-24,https://data.chc.ucsb.edu/products/CHIRPS-GEFS/v3/daily/global/2013/06/24/c3g_2013.06.24.tif,200.0,True,69252960.0,66.04,False
2013-06-25,https://data.chc.ucsb.edu/products/CHIRPS-GEFS/v3/daily/global/2013/06/25/c3g_2013.06.25.tif,200.0,True,69820658.0,66.59,False
2013-06-26,https://data.chc.ucsb.edu/products/CHIRPS-GEFS/v3/daily/global/2013/06/26/c3g_2013.06.26.tif,200.0,True,69741428.0,66.51,False
2013-06-27,https://data.chc.ucsb.edu/products/CHIRPS-GEFS/v3/daily/global/2013/06/27/c3g_2013.06.27.tif,200.0,True,69228120.0,66.02,False
2013-06-28,https://data.chc.ucsb.edu/products/CHIRPS-GEFS/v3/daily/global/2013/06/28/c3g_2013.06.28.tif,200.0,True,77567108.0,73.97,False
2013-06-29,https://data.chc.ucsb.edu/products/CHIRPS-GEFS/v3/daily/global/2013/06/29/c3g_2013.06.29.tif,200.0,True,69033326.0,65.84,False
2013-06-30,https://data.chc.ucsb.edu/products/CHIRPS-GEFS/v3/daily/global/2013/06/30/c3g_2013.06.30.tif,200.0,True,69296594.0,66.09,False
2013-07-01,https://data.chc.ucsb.edu/products/CHIRPS-GEFS/v3/daily/global/2013/07/01/c3g_2013.07.01.tif,200.0,True,68731254.0,65.55,False
2013-07-02,https://data.chc.ucsb.edu/products/CHIRPS-GEFS/v3/daily/global/2013/07/02/c3g_2013.07.02.tif,200.0,True,69049208.0,65.85,False
2013-07-03,https://data.chc.ucsb.edu/products/CHIRPS-GEFS/v3/daily/global/2013/07/03/c3g_2013.07.03.tif,200.0,True,69331424.0,66.12,False
2013-07-04,https://data.chc.ucsb.edu/products/CHIRPS-GEFS/v3/daily/global/2013/07/04/c3g_2013.07.04.tif,200.0,True,69383488.0,66.17,False
2013-07-05,https://data.chc.ucsb.edu/products/CHIRPS-GEFS/v3/daily/global/2013/07/05/c3g_2013.07.05.tif,200.0,True,68752244.0,65.57,False
2013-07-06,https://data.chc.ucsb.edu/products/CHIRPS-GEFS/v3/daily/global/2013/07/06/c3g_2013.07.06.tif,200.0,True,68599404.0,65.42,False
2013-07-07,https://data.chc.ucsb.edu/products/CHIRPS-GEFS/v3/daily/global/2013/07/07/c3g_2013.07.07.tif,200.0,True,67682250.0,64.55,False
2013-07-08,https://data.chc.ucsb.edu/products/CHIRPS-GEFS/v3/daily/global/2013/07/08/c3g_2013.07.08.tif,200.0,True,78065976.0,74.45,False
2013-07-09,https://data.chc.ucsb.edu/products/CHIRPS-GEFS/v3/daily/global/2013/07/09/c3g_2013.07.09.tif,200.0,True,77894484.0,74.29,False
2013-07-10,https://data.chc.ucsb.edu/products/CHIRPS-GEFS/v3/daily/global/2013/07/10/c3g_2013.07.10.tif,200.0,True,69059696.0,65.86,False
2013-07-11,https://data.chc.ucsb.edu/products/CHIRPS-GEFS/v3/daily/global/2013/07/11/c3g_2013.07.11.tif,200.0,True,69038998.0,65.84,False
2013-07-12,https://data.chc.ucsb.edu/products/CHIRPS-GEFS/v3/daily/global/2013/07/12/c3g_2013.07.12.tif,200.0,True,77757898.0,74.16,False
2013-07-13,https://data.chc.ucsb.edu/products/CHIRPS-GEFS/v3/daily/global/2013/07/13/c3g_2013.07.13.tif,200.0,True,68897392.0,65.71,False
2013-07-14,https://data.chc.ucsb.edu/products/CHIRPS-GEFS/v3/daily/global/2013/07/14/c3g_2013.07.14.tif,200.0,True,70407024.0,67.15,False
2013-07-15,https://data.chc.ucsb.edu/products/CHIRPS-GEFS/v3/daily/global/2013/07/15/c3g_2013.07.15.tif,200.0,True,67663324.0,64.53,False
2013-07-16,https://data.chc.ucsb.edu/products/CHIRPS-GEFS/v3/daily/global/2013/07/16/c3g_2013.07.16.tif,200.0,True,69081240.0,65.88,False
2013-07-17,https://data.chc.ucsb.edu/products/CHIRPS-GEFS/v3/daily/global/2013/07/17/c3g_2013.07.17.tif,200.0,True,77898566.0,74.29,False
2013-07-18,https://data.chc.ucsb.edu/products/CHIRPS-GEFS/v3/daily/global/2013/07/18/c3g_2013.07.18.tif,200.0,True,70013634.0,66.77,False
2013-07-19,https://data.chc.ucsb.edu/products/CHIRPS-GEFS/v3/daily/global/2013/07/19/c3g_2013.07.19.tif,200.0,True,70892692.0,67.61,False
2013-07-20,https://data.chc.ucsb.edu/products/CHIRPS-GEFS/v3/daily/global/2013/07/20/c3g_2013.07.20.tif,200.0,True,77829312.0,74.22,False
2013-07-21,https://data.chc.ucsb.edu/products/CHIRPS-GEFS/v3/daily/global/2013/07/21/c3g_2013.07.21.tif,200.0,True,69922836.0,66.68,False
2013-07-22,https://data.chc.ucsb.edu/products/CHIRPS-GEFS/v3/daily/global/2013/07/22/c3g_2013.07.22.tif,200.0,True,70703378.0,67.43,False
2013-07-23,https://data.chc.ucsb.edu/products/CHIRPS-GEFS/v3/daily/global/2013/07/23/c3g_2013.07.23.tif,200.0,True,70281240.0,67.03,False
2013-07-24,https://data.chc.ucsb.edu/products/CHIRPS-GEFS/v3/daily/global/2013/07/24/c3g_2013.07.24.tif,200.0,True,67766400.0,64.63,False
2013-07-25,https://data.chc.ucsb.edu/products/CHIRPS-GEFS/v3/daily/global/2013/07/25/c3g_2013.07.25.tif,200.0,True,69201776.0,66.0,False
2013-07-26,https://data.chc.ucsb.edu/products/CHIRPS-GEFS/v3/daily/global/2013/07/26/c3g_2013.07.26.tif,200.0,True,68173408.0,65.02,False
2013-07-27,https://data.chc.ucsb.edu/products/CHIRPS-GEFS/v3/daily/global/2013/07/27/c3g_2013.07.27.tif,200.0,True,68701852.0,65.52,False
2013-07-28,https://data.chc.ucsb.edu/products/CHIRPS-GEFS/v3/daily/global/2013/07/28/c3g_2013.07.28.tif,200.0,True,68628824.0,65.45,False
2013-07-29,https://data.chc.ucsb.edu/products/CHIRPS-GEFS/v3/daily/global/2013/07/29/c3g_2013.07.29.tif,200.0,True,69438534.0,66.22,False
2013-07-30,https://data.chc.ucsb.edu/products/CHIRPS-GEFS/v3/daily/global/2013/07/30/c3g_2013.07.30.tif,200.0,True,68551872.0,65.38,False
2013-07-31,https://data.chc.ucsb.edu/products/CHIRPS-GEFS/v3/daily/global/2013/07/31/c3g_2013.07.31.tif,200.0,True,69255966.0,66.05,False
2013-08-01,https://data.chc.ucsb.edu/products/CHIRPS-GEFS/v3/daily/global/2013/08/01/c3g_2013.08.01.tif,200.0,True,69676888.0,66.45,False
2013-08-02,https://data.chc.ucsb.edu/products/CHIRPS-GEFS/v3/daily/global/2013/08/02/c3g_2013.08.02.tif,200.0,True,69770950.0,66.54,False
2013-08-03,https://data.chc.ucsb.edu/products/CHIRPS-GEFS/v3/daily/global/2013/08/03/c3g_2013.08.03.tif,200.0,True,70029368.0,66.79,False
2013-08-04,https://data.chc.ucsb.edu/products/CHIRPS-GEFS/v3/daily/global/2013/08/04/c3g_2013.08.04.tif,200.0,True,68354638.0,65.19,False
2013-08-05,https://data.chc.ucsb.edu/products/CHIRPS-GEFS/v3/daily/global/2013/08/05/c3g_2013.08.05.tif,200.0,True,68469348.0,65.3,False
2013-08-06,https://data.chc.ucsb.edu/products/CHIRPS-GEFS/v3/daily/global/2013/08/06/c3g_2013.08.06.tif,200.0,True,77824246.0,74.22,False
2013-08-07,https://data.chc.ucsb.edu/products/CHIRPS-GEFS/v3/daily/global/2013/08/07/c3g_2013.08.07.tif,200.0,True,70227946.0,66.97,False
2013-08-08,https://data.chc.ucsb.edu/products/CHIRPS-GEFS/v3/daily/global/2013/08/08/c3g_2013.08.08.tif,200.0,True,69562546.0,66.34,False
2013-08-09,https://data.chc.ucsb.edu/products/CHIRPS-GEFS/v3/daily/global/2013/08/09/c3g_2013.08.09.tif,200.0,True,77396292.0,73.81,False
2013-08-10,https://data.chc.ucsb.edu/products/CHIRPS-GEFS/v3/daily/global/2013/08/10/c3g_2013.08.10.tif,200.0,True,68130692.0,64.97,False
2013-08-11,https://data.chc.ucsb.edu/products/CHIRPS-GEFS/v3/daily/global/2013/08/11/c3g_2013.08.11.tif,200.0,True,70074784.0,66.83,False
2013-08-12,https://data.chc.ucsb.edu/products/CHIRPS-GEFS/v3/daily/global/2013/08/12/c3g_2013.08.12.tif,200.0,True,67807670.0,64.67,False
2013-08-13,https://data.chc.ucsb.edu/products/CHIRPS-GEFS/v3/daily/global/2013/08/13/c3g_2013.08.13.tif,200.0,True,68600448.0,65.42,False
2013-08-14,https://data.chc.ucsb.edu/products/CHIRPS-GEFS/v3/daily/global/2013/08/14/c3g_2013.08.14.tif,200.0,True,67694232.0,64.56,False
2013-08-15,https://data.chc.ucsb.edu/products/CHIRPS-GEFS/v3/daily/global/2013/08/15/c3g_2013.08.15.tif,200.0,True,68712700.0,65.53,False
2013-08-16,https://data.chc.ucsb.edu/products/CHIRPS-GEFS/v3/daily/global/2013/08/16/c3g_2013.08.16.tif,200.0,True,68476400.0,65.3,False
2013-08-17,https://data.chc.ucsb.edu/products/CHIRPS-GEFS/v3/daily/global/2013/08/17/c3g_2013.08.17.tif,200.0,True,67637910.0,64.5,False
2013-08-18,https://data.chc.ucsb.edu/products/CHIRPS-GEFS/v3/daily/global/2013/08/18/c3g_2013.08.18.tif,200.0,True,77959134.0,74.35,False
2013-08-19,https://data.chc.ucsb.edu/products/CHIRPS-GEFS/v3/daily/global/2013/08/19/c3g_2013.08.19.tif,200.0,True,77622414.0,74.03,False
2013-08-20,https://data.chc.ucsb.edu/products/CHIRPS-GEFS/v3/daily/global/2013/08/20/c3g_2013.08.20.tif,200.0,True,68199020.0,65.04,False
2013-08-21,https://data.chc.ucsb.edu/products/CHIRPS-GEFS/v3/daily/global/2013/08/21/c3g_2013.08.21.tif,200.0,True,66801162.0,63.71,False
2013-08-22,https://data.chc.ucsb.edu/products/CHIRPS-GEFS/v3/daily/global/2013/08/22/c3g_2013.08.22.tif,200.0,True,68626990.0,65.45,False
2013-08-23,https://data.chc.ucsb.edu/products/CHIRPS-GEFS/v3/daily/global/2013/08/23/c3g_2013.08.23.tif,200.0,True,68393936.0,65.23,False
2013-08-24,https://data.chc.ucsb.edu/products/CHIRPS-GEFS/v3/daily/global/2013/08/24/c3g_2013.08.24.tif,200.0,True,67963376.0,64.81,False
2013-08-25,https://data.chc.ucsb.edu/products/CHIRPS-GEFS/v3/daily/global/2013/08/25/c3g_2013.08.25.tif,200.0,True,78023428.0,74.41,False
2013-08-26,https://data.chc.ucsb.edu/products/CHIRPS-GEFS/v3/daily/global/2013/08/26/c3g_2013.08.26.tif,200.0,True,77867296.0,74.26,False
2013-08-27,https://data.chc.ucsb.edu/products/CHIRPS-GEFS/v3/daily/global/2013/08/27/c3g_2013.08.27.tif,200.0,True,77801776.0,74.2,False
2013-08-28,https://data.chc.ucsb.edu/products/CHIRPS-GEFS/v3/daily/global/2013/08/28/c3g_2013.08.28.tif,200.0,True,67561942.0,64.43,False
2013-08-29,https://data.chc.ucsb.edu/products/CHIRPS-GEFS/v3/daily/global/2013/08/29/c3g_2013.08.29.tif,200.0,True,67827966.0,64.69,False
2013-08-30,https://data.chc.ucsb.edu/products/CHIRPS-GEFS/v3/daily/global/2013/08/30/c3g_2013.08.30.tif,200.0,True,68852070.0,65.66,False
2013-08-31,https://data.chc.ucsb.edu/products/CHIRPS-GEFS/v3/daily/global/2013/08/31/c3g_2013.08.31.tif,200.0,True,78188498.0,74.57,False
2013-09-01,https://data.chc.ucsb.edu/products/CHIRPS-GEFS/v3/daily/global/2013/09/01/c3g_2013.09.01.tif,200.0,True,67572650.0,64.44,False
2013-09-02,https://data.chc.ucsb.edu/products/CHIRPS-GEFS/v3/daily/global/2013/09/02/c3g_2013.09.02.tif,200.0,True,69091166.0,65.89,False
2013-09-03,https://data.chc.ucsb.edu/products/CHIRPS-GEFS/v3/daily/global/2013/09/03/c3g_2013.09.03.tif,200.0,True,67117384.0,64.01,False
2013-09-04,https://data.chc.ucsb.edu/products/CHIRPS-GEFS/v3/daily/global/2013/09/04/c3g_2013.09.04.tif,200.0,True,69399190.0,66.18,False
2013-09-05,https://data.chc.ucsb.edu/products/CHIRPS-GEFS/v3/daily/global/2013/09/05/c3g_2013.09.05.tif,200.0,True,67815070.0,64.67,False
2013-09-06,https://data.chc.ucsb.edu/products/CHIRPS-GEFS/v3/daily/global/2013/09/06/c3g_2013.09.06.tif,200.0,True,70656154.0,67.38,False
2013-09-07,https://data.chc.ucsb.edu/products/CHIRPS-GEFS/v3/daily/global/2013/09/07/c3g_2013.09.07.tif,200.0,True,70984158.0,67.7,False
2013-09-08,https://data.chc.ucsb.edu/products/CHIRPS-GEFS/v3/daily/global/2013/09/08/c3g_2013.09.08.tif,200.0,True,70830344.0,67.55,False
2013-09-09,https://data.chc.ucsb.edu/products/CHIRPS-GEFS/v3/daily/global/2013/09/09/c3g_2013.09.09.tif,200.0,True,69564966.0,66.34,False
2013-09-10,https://data.chc.ucsb.edu/products/CHIRPS-GEFS/v3/daily/global/2013/09/10/c3g_2013.09.10.tif,200.0,True,78071150.0,74.45,False
2013-09-11,https://data.chc.ucsb.edu/products/CHIRPS-GEFS/v3/daily/global/2013/09/11/c3g_2013.09.11.tif,200.0,True,70885152.0,67.6,False
2013-09-12,https://data.chc.ucsb.edu/products/CHIRPS-GEFS/v3/daily/global/2013/09/12/c3g_2013.09.12.tif,200.0,True,70322778.0,67.07,False
2013-09-13,https://data.chc.ucsb.edu/products/CHIRPS-GEFS/v3/daily/global/2013/09/13/c3g_2013.09.13.tif,200.0,True,78284728.0,74.66,False
2013-09-14,https://data.chc.ucsb.edu/products/CHIRPS-GEFS/v3/daily/global/2013/09/14/c3g_2013.09.14.tif,200.0,True,78136938.0,74.52,False
2013-09-15,https://data.chc.ucsb.edu/products/CHIRPS-GEFS/v3/daily/global/2013/09/15/c3g_2013.09.15.tif,200.0,True,69915552.0,66.68,False
2013-09-16,https://data.chc.ucsb.edu/products/CHIRPS-GEFS/v3/daily/global/2013/09/16/c3g_2013.09.16.tif,200.0,True,68590804.0,65.41,False
2013-09-17,https://data.chc.ucsb.edu/products/CHIRPS-GEFS/v3/daily/global/2013/09/17/c3g_2013.09.17.tif,200.0,True,77392832.0,73.81,False
2013-09-18,https://data.chc.ucsb.edu/products/CHIRPS-GEFS/v3/daily/global/2013/09/18/c3g_2013.09.18.tif,200.0,True,69783028.0,66.55,False
2013-09-19,https://data.chc.ucsb.edu/products/CHIRPS-GEFS/v3/daily/global/2013/09/19/c3g_2013.09.19.tif,200.0,True,69582322.0,66.36,False
2013-09-20,https://data.chc.ucsb.edu/products/CHIRPS-GEFS/v3/daily/global/2013/09/20/c3g_2013.09.20.tif,200.0,True,67702646.0,64.57,False
2013-09-21,https://data.chc.ucsb.edu/products/CHIRPS-GEFS/v3/daily/global/2013/09/21/c3g_2013.09.21.tif,200.0,True,67673696.0,64.54,False
2013-09-22,https://data.chc.ucsb.edu/products/CHIRPS-GEFS/v3/daily/global/2013/09/22/c3g_2013.09.22.tif,200.0,True,67306222.0,64.19,False
2013-09-23,https://data.chc.ucsb.edu/products/CHIRPS-GEFS/v3/daily/global/2013/09/23/c3g_2013.09.23.tif,200.0,True,77362154.0,73.78,False
2013-09-24,https://data.chc.ucsb.edu/products/CHIRPS-GEFS/v3/daily/global/2013/09/24/c3g_2013.09.24.tif,200.0,True,76351218.0,72.81,False
2013-09-25,https://data.chc.ucsb.edu/products/CHIRPS-GEFS/v3/daily/global/2013/09/25/c3g_2013.09.25.tif,200.0,True,67369496.0,64.25,False
2013-09-26,https://data.chc.ucsb.edu/products/CHIRPS-GEFS/v3/daily/global/2013/09/26/c3g_2013.09.26.tif,200.0,True,65678166.0,62.64,False
2013-09-27,https://data.chc.ucsb.edu/products/CHIRPS-GEFS/v3/daily/global/2013/09/27/c3g_2013.09.27.tif,200.0,True,68033964.0,64.88,False
2013-09-28,https://data.chc.ucsb.edu/products/CHIRPS-GEFS/v3/daily/global/2013/09/28/c3g_2013.09.28.tif,200.0,True,68207160.0,65.05,False
2013-09-29,https://data.chc.ucsb.edu/products/CHIRPS-GEFS/v3/daily/global/2013/09/29/c3g_2013.09.29.tif,200.0,True,67560266.0,64.43,False
2013-09-30,https://data.chc.ucsb.edu/products/CHIRPS-GEFS/v3/daily/global/2013/09/30/c3g_2013.09.30.tif,200.0,True,76620698.0,73.07,False
2013-10-01,https://data.chc.ucsb.edu/products/CHIRPS-GEFS/v3/daily/global/2013/10/01/c3g_2013.10.01.tif,200.0,True,68367014.0,65.2,False
2013-10-02,https://data.chc.ucsb.edu/products/CHIRPS-GEFS/v3/daily/global/2013/10/02/c3g_2013.10.02.tif,200.0,True,77067266.0,73.5,False
2013-10-03,https://data.chc.ucsb.edu/products/CHIRPS-GEFS/v3/daily/global/2013/10/03/c3g_2013.10.03.tif,200.0,True,69142958.0,65.94,False
2013-10-04,https://data.chc.ucsb.edu/products/CHIRPS-GEFS/v3/daily/global/2013/10/04/c3g_2013.10.04.tif,200.0,True,68648894.0,65.47,False
2013-10-05,https://data.chc.ucsb.edu/products/CHIRPS-GEFS/v3/daily/global/2013/10/05/c3g_2013.10.05.tif,200.0,True,67431886.0,64.31,False
2013-10-06,https://data.chc.ucsb.edu/products/CHIRPS-GEFS/v3/daily/global/2013/10/06/c3g_2013.10.06.tif,200.0,True,67629370.0,64.5,False
2013-10-07,https://data.chc.ucsb.edu/products/CHIRPS-GEFS/v3/daily/global/2013/10/07/c3g_2013.10.07.tif,200.0,True,76168692.0,72.64,False
2013-10-08,https://data.chc.ucsb.edu/products/CHIRPS-GEFS/v3/daily/global/2013/10/08/c3g_2013.10.08.tif,200.0,True,65523578.0,62.49,False
2013-10-09,https://data.chc.ucsb.edu/products/CHIRPS-GEFS/v3/daily/global/2013/10/09/c3g_2013.10.09.tif,200.0,True,69214832.0,66.01,False
2013-10-10,https://data.chc.ucsb.edu/products/CHIRPS-GEFS/v3/daily/global/2013/10/10/c3g_2013.10.10.tif,200.0,True,68433168.0,65.26,False
2013-10-11,https://data.chc.ucsb.edu/products/CHIRPS-GEFS/v3/daily/global/2013/10/11/c3g_2013.10.11.tif,200.0,True,65008134.0,62.0,False
2013-10-12,https://data.chc.ucsb.edu/products/CHIRPS-GEFS/v3/daily/global/2013/10/12/c3g_2013.10.12.tif,200.0,True,75832254.0,72.32,False
2013-10-13,https://data.chc.ucsb.edu/products/CHIRPS-GEFS/v3/daily/global/2013/10/13/c3g_2013.10.13.tif,200.0,True,76080482.0,72.56,False
2013-10-14,https://data.chc.ucsb.edu/products/CHIRPS-GEFS/v3/daily/global/2013/10/14/c3g_2013.10.14.tif,200.0,True,76184938.0,72.66,False
2013-10-15,https://data.chc.ucsb.edu/products/CHIRPS-GEFS/v3/daily/global/2013/10/15/c3g_2013.10.15.tif,200.0,True,67938716.0,64.79,False
2013-10-16,https://data.chc.ucsb.edu/products/CHIRPS-GEFS/v3/daily/global/2013/10/16/c3g_2013.10.16.tif,200.0,True,66163592.0,63.1,False
2013-10-17,https://data.chc.ucsb.edu/products/CHIRPS-GEFS/v3/daily/global/2013/10/17/c3g_2013.10.17.tif,200.0,True,67421186.0,64.3,False
2013-10-18,https://data.chc.ucsb.edu/products/CHIRPS-GEFS/v3/daily/global/2013/10/18/c3g_2013.10.18.tif,200.0,True,67681482.0,64.55,False
2013-10-19,https://data.chc.ucsb.edu/products/CHIRPS-GEFS/v3/daily/global/2013/10/19/c3g_2013.10.19.tif,200.0,True,76333792.0,72.8,False
2013-10-20,https://data.chc.ucsb.edu/products/CHIRPS-GEFS/v3/daily/global/2013/10/20/c3g_2013.10.20.tif,200.0,True,68615852.0,65.44,False
2013-10-21,https://data.chc.ucsb.edu/products/CHIRPS-GEFS/v3/daily/global/2013/10/21/c3g_2013.10.21.tif,200.0,True,68407770.0,65.24,False
2013-10-22,https://data.chc.ucsb.edu/products/CHIRPS-GEFS/v3/daily/global/2013/10/22/c3g_2013.10.22.tif,200.0,True,69163518.0,65.96,False
2013-10-23,https://data.chc.ucsb.edu/products/CHIRPS-GEFS/v3/daily/global/2013/10/23/c3g_2013.10.23.tif,200.0,True,66805054.0,63.71,False
2013-10-24,https://data.chc.ucsb.edu/products/CHIRPS-GEFS/v3/daily/global/2013/10/24/c3g_2013.10.24.tif,200.0,True,76676578.0,73.12,False
2013-10-25,https://data.chc.ucsb.edu/products/CHIRPS-GEFS/v3/daily/global/2013/10/25/c3g_2013.10.25.tif,200.0,True,76686248.0,73.13,False
2013-10-26,https://data.chc.ucsb.edu/products/CHIRPS-GEFS/v3/daily/global/2013/10/26/c3g_2013.10.26.tif,200.0,True,68350158.0,65.18,False
2013-10-27,https://data.chc.ucsb.edu/products/CHIRPS-GEFS/v3/daily/global/2013/10/27/c3g_2013.10.27.tif,200.0,True,69430288.0,66.21,False
2013-10-28,https://data.chc.ucsb.edu/products/CHIRPS-GEFS/v3/daily/global/2013/10/28/c3g_2013.10.28.tif,200.0,True,68018588.0,64.87,False
2013-10-29,https://data.chc.ucsb.edu/products/CHIRPS-GEFS/v3/daily/global/2013/10/29/c3g_2013.10.29.tif,200.0,True,67270364.0,64.15,False
2013-10-30,https://data.chc.ucsb.edu/products/CHIRPS-GEFS/v3/daily/global/2013/10/30/c3g_2013.10.30.tif,200.0,True,68724388.0,65.54,False
2013-10-31,https://data.chc.ucsb.edu/products/CHIRPS-GEFS/v3/daily/global/2013/10/31/c3g_2013.10.31.tif,200.0,True,67051188.0,63.94,False
2013-11-01,https://data.chc.ucsb.edu/products/CHIRPS-GEFS/v3/daily/global/2013/11/01/c3g_2013.11.01.tif,200.0,True,69229058.0,66.02,False
2013-11-02,https://data.chc.ucsb.edu/products/CHIRPS-GEFS/v3/daily/global/2013/11/02/c3g_2013.11.02.tif,200.0,True,69326338.0,66.11,False
2013-11-03,https://data.chc.ucsb.edu/products/CHIRPS-GEFS/v3/daily/global/2013/11/03/c3g_2013.11.03.tif,200.0,True,76429602.0,72.89,False
2013-11-04,https://data.chc.ucsb.edu/products/CHIRPS-GEFS/v3/daily/global/2013/11/04/c3g_2013.11.04.tif,200.0,True,68075200.0,64.92,False
2013-11-05,https://data.chc.ucsb.edu/products/CHIRPS-GEFS/v3/daily/global/2013/11/05/c3g_2013.11.05.tif,200.0,True,76149606.0,72.62,False
2013-11-06,https://data.chc.ucsb.edu/products/CHIRPS-GEFS/v3/daily/global/2013/11/06/c3g_2013.11.06.tif,200.0,True,68017698.0,64.87,False
2013-11-07,https://data.chc.ucsb.edu/products/CHIRPS-GEFS/v3/daily/global/2013/11/07/c3g_2013.11.07.tif,200.0,True,75757568.0,72.25,False
2013-11-08,https://data.chc.ucsb.edu/products/CHIRPS-GEFS/v3/daily/global/2013/11/08/c3g_2013.11.08.tif,200.0,True,68468988.0,65.3,False
2013-11-09,https://data.chc.ucsb.edu/products/CHIRPS-GEFS/v3/daily/global/2013/11/09/c3g_2013.11.09.tif,200.0,True,68082196.0,64.93,False
2013-11-10,https://data.chc.ucsb.edu/products/CHIRPS-GEFS/v3/daily/global/2013/11/10/c3g_2013.11.10.tif,200.0,True,67875960.0,64.73,False
2013-11-11,https://data.chc.ucsb.edu/products/CHIRPS-GEFS/v3/daily/global/2013/11/11/c3g_2013.11.11.tif,200.0,True,67553120.0,64.42,False
2013-11-12,https://data.chc.ucsb.edu/products/CHIRPS-GEFS/v3/daily/global/2013/11/12/c3g_2013.11.12.tif,200.0,True,76372632.0,72.83,False
2013-11-13,https://data.chc.ucsb.edu/products/CHIRPS-GEFS/v3/daily/global/2013/11/13/c3g_2013.11.13.tif,200.0,True,66255518.0,63.19,False
2013-11-14,https://data.chc.ucsb.edu/products/CHIRPS-GEFS/v3/daily/global/2013/11/14/c3g_2013.11.14.tif,200.0,True,69105904.0,65.9,False
2013-11-15,https://data.chc.ucsb.edu/products/CHIRPS-GEFS/v3/daily/global/2013/11/15/c3g_2013.11.15.tif,200.0,True,69307816.0,66.1,False
2013-11-16,https://data.chc.ucsb.edu/products/CHIRPS-GEFS/v3/daily/global/2013/11/16/c3g_2013.11.16.tif,200.0,True,70361950.0,67.1,False
2013-11-17,https://data.chc.ucsb.edu/products/CHIRPS-GEFS/v3/daily/global/2013/11/17/c3g_2013.11.17.tif,200.0,True,77676870.0,74.08,False
2013-11-18,https://data.chc.ucsb.edu/products/CHIRPS-GEFS/v3/daily/global/2013/11/18/c3g_2013.11.18.tif,200.0,True,67445464.0,64.32,False
2013-11-19,https://data.chc.ucsb.edu/products/CHIRPS-GEFS/v3/daily/global/2013/11/19/c3g_2013.11.19.tif,200.0,True,79354404.0,75.68,False
2013-11-20,https://data.chc.ucsb.edu/products/CHIRPS-GEFS/v3/daily/global/2013/11/20/c3g_2013.11.20.tif,200.0,True,70104644.0,66.86,False
2013-11-21,https://data.chc.ucsb.edu/products/CHIRPS-GEFS/v3/daily/global/2013/11/21/c3g_2013.11.21.tif,200.0,True,77068150.0,73.5,False
2013-11-22,https://data.chc.ucsb.edu/products/CHIRPS-GEFS/v3/daily/global/2013/11/22/c3g_2013.11.22.tif,200.0,True,77203564.0,73.63,False
2013-11-23,https://data.chc.ucsb.edu/products/CHIRPS-GEFS/v3/daily/global/2013/11/23/c3g_2013.11.23.tif,200.0,True,67701124.0,64.56,False
2013-11-24,https://data.chc.ucsb.edu/products/CHIRPS-GEFS/v3/daily/global/2013/11/24/c3g_2013.11.24.tif,200.0,True,77414282.0,73.83,False
2013-11-25,https://data.chc.ucsb.edu/products/CHIRPS-GEFS/v3/daily/global/2013/11/25/c3g_2013.11.25.tif,200.0,True,76971630.0,73.41,False
2013-11-26,https://data.chc.ucsb.edu/products/CHIRPS-GEFS/v3/daily/global/2013/11/26/c3g_2013.11.26.tif,200.0,True,67197968.0,64.08,False
2013-11-27,https://data.chc.ucsb.edu/products/CHIRPS-GEFS/v3/daily/global/2013/11/27/c3g_2013.11.27.tif,200.0,True,69378644.0,66.16,False
2013-11-28,https://data.chc.ucsb.edu/products/CHIRPS-GEFS/v3/daily/global/2013/11/28/c3g_2013.11.28.tif,200.0,True,69379148.0,66.17,False
2013-11-29,https://data.chc.ucsb.edu/products/CHIRPS-GEFS/v3/daily/global/2013/11/29/c3g_2013.11.29.tif,200.0,True,77311882.0,73.73,False
2013-11-30,https://data.chc.ucsb.edu/products/CHIRPS-GEFS/v3/daily/global/2013/11/30/c3g_2013.11.30.tif,200.0,True,68898048.0,65.71,False
2013-12-01,https://data.chc.ucsb.edu/products/CHIRPS-GEFS/v3/daily/global/2013/12/01/c3g_2013.12.01.tif,200.0,True,76897232.0,73.33,False
2013-12-02,https://data.chc.ucsb.edu/products/CHIRPS-GEFS/v3/daily/global/2013/12/02/c3g_2013.12.02.tif,200.0,True,68325828.0,65.16,False
2013-12-03,https://data.chc.ucsb.edu/products/CHIRPS-GEFS/v3/daily/global/2013/12/03/c3g_2013.12.03.tif,200.0,True,76592030.0,73.04,False
2013-12-04,https://data.chc.ucsb.edu/products/CHIRPS-GEFS/v3/daily/global/2013/12/04/c3g_2013.12.04.tif,200.0,True,68693766.0,65.51,False
2013-12-05,https://data.chc.ucsb.edu/products/CHIRPS-GEFS/v3/daily/global/2013/12/05/c3g_2013.12.05.tif,200.0,True,69119896.0,65.92,False
2013-12-06,https://data.chc.ucsb.edu/products/CHIRPS-GEFS/v3/daily/global/2013/12/06/c3g_2013.12.06.tif,200.0,True,69116282.0,65.91,False
2013-12-07,https://data.chc.ucsb.edu/products/CHIRPS-GEFS/v3/daily/global/2013/12/07/c3g_2013.12.07.tif,200.0,True,68238682.0,65.08,False
2013-12-08,https://data.chc.ucsb.edu/products/CHIRPS-GEFS/v3/daily/global/2013/12/08/c3g_2013.12.08.tif,200.0,True,76465464.0,72.92,False
2013-12-09,https://data.chc.ucsb.edu/products/CHIRPS-GEFS/v3/daily/global/2013/12/09/c3g_2013.12.09.tif,200.0,True,68881780.0,65.69,False
2013-12-10,https://data.chc.ucsb.edu/products/CHIRPS-GEFS/v3/daily/global/2013/12/10/c3g_2013.12.10.tif,200.0,True,68152110.0,64.99,False
2013-12-11,https://data.chc.ucsb.edu/products/CHIRPS-GEFS/v3/daily/global/2013/12/11/c3g_2013.12.11.tif,200.0,True,66734404.0,63.64,False
2013-12-12,https://data.chc.ucsb.edu/products/CHIRPS-GEFS/v3/daily/global/2013/12/12/c3g_2013.12.12.tif,200.0,True,65170222.0,62.15,False
2013-12-13,https://data.chc.ucsb.edu/products/CHIRPS-GEFS/v3/daily/global/2013/12/13/c3g_2013.12.13.tif,200.0,True,66286872.0,63.22,False
2013-12-14,https://data.chc.ucsb.edu/products/CHIRPS-GEFS/v3/daily/global/2013/12/14/c3g_2013.12.14.tif,200.0,True,67206800.0,64.09,False
2013-12-15,https://data.chc.ucsb.edu/products/CHIRPS-GEFS/v3/daily/global/2013/12/15/c3g_2013.12.15.tif,200.0,True,74491008.0,71.04,False
2013-12-16,https://data.chc.ucsb.edu/products/CHIRPS-GEFS/v3/daily/global/2013/12/16/c3g_2013.12.16.tif,200.0,True,73108652.0,69.72,False
2013-12-17,https://data.chc.ucsb.edu/products/CHIRPS-GEFS/v3/daily/global/2013/12/17/c3g_2013.12.17.tif,200.0,True,74389642.0,70.94,False
2013-12-18,https://data.chc.ucsb.edu/products/CHIRPS-GEFS/v3/daily/global/2013/12/18/c3g_2013.12.18.tif,200.0,True,66743164.0,63.65,False
2013-12-19,https://data.chc.ucsb.edu/products/CHIRPS-GEFS/v3/daily/global/2013/12/19/c3g_2013.12.19.tif,200.0,True,67635212.0,64.5,False
2013-12-20,https://data.chc.ucsb.edu/products/CHIRPS-GEFS/v3/daily/global/2013/12/20/c3g_2013.12.20.tif,200.0,True,67576776.0,64.45,False
2013-12-21,https://data.chc.ucsb.edu/products/CHIRPS-GEFS/v3/daily/global/2013/12/21/c3g_2013.12.21.tif,200.0,True,66395404.0,63.32,False
2013-12-22,https://data.chc.ucsb.edu/products/CHIRPS-GEFS/v3/daily/global/2013/12/22/c3g_2013.12.22.tif,200.0,True,74168922.0,70.73,False
2013-12-23,https://data.chc.ucsb.edu/products/CHIRPS-GEFS/v3/daily/global/2013/12/23/c3g_2013.12.23.tif,200.0,True,65387962.0,62.36,False
2013-12-24,https://data.chc.ucsb.edu/products/CHIRPS-GEFS/v3/daily/global/2013/12/24/c3g_2013.12.24.tif,200.0,True,64810398.0,61.81,False
2013-12-25,https://data.chc.ucsb.edu/products/CHIRPS-GEFS/v3/daily/global/2013/12/25/c3g_2013.12.25.tif,200.0,True,65014046.0,62.0,False
2013-12-26,https://data.chc.ucsb.edu/products/CHIRPS-GEFS/v3/daily/global/2013/12/26/c3g_2013.12.26.tif,200.0,True,64991682.0,61.98,False
2013-12-27,https://data.chc.ucsb.edu/products/CHIRPS-GEFS/v3/daily/global/2013/12/27/c3g_2013.12.27.tif,200.0,True,66072480.0,63.01,False
2013-12-28,https://data.chc.ucsb.edu/products/CHIRPS-GEFS/v3/daily/global/2013/12/28/c3g_2013.12.28.tif,200.0,True,74476146.0,71.03,False
2013-12-29,https://data.chc.ucsb.edu/products/CHIRPS-GEFS/v3/daily/global/2013/12/29/c3g_2013.12.29.tif,200.0,True,75024610.0,71.55,False
2013-12-30,https://data.chc.ucsb.edu/products/CHIRPS-GEFS/v3/daily/global/2013/12/30/c3g_2013.12.30.tif,200.0,True,66855600.0,63.76,False
2013-12-31,https://data.chc.ucsb.edu/products/CHIRPS-GEFS/v3/daily/global/2013/12/31/c3g_2013.12.31.tif,200.0,True,64420022.0,61.44,False
2014-01-01,https://data.chc.ucsb.edu/products/CHIRPS-GEFS/v3/daily/global/2014/01/01/c3g_2014.01.01.tif,200.0,True,66974316.0,63.87,False
2014-01-02,https://data.chc.ucsb.edu/products/CHIRPS-GEFS/v3/daily/global/2014/01/02/c3g_2014.01.02.tif,200.0,True,66885926.0,63.79,False
2014-01-03,https://data.chc.ucsb.edu/products/CHIRPS-GEFS/v3/daily/global/2014/01/03/c3g_2014.01.03.tif,200.0,True,64008358.0,61.04,False
2014-01-04,https://data.chc.ucsb.edu/products/CHIRPS-GEFS/v3/daily/global/2014/01/04/c3g_2014.01.04.tif,200.0,True,67530752.0,64.4,False
2014-01-05,https://data.chc.ucsb.edu/products/CHIRPS-GEFS/v3/daily/global/2014/01/05/c3g_2014.01.05.tif,200.0,True,66448452.0,63.37,False
2014-01-06,https://data.chc.ucsb.edu/products/CHIRPS-GEFS/v3/daily/global/2014/01/06/c3g_2014.01.06.tif,200.0,True,66210676.0,63.14,False
2014-01-07,https://data.chc.ucsb.edu/products/CHIRPS-GEFS/v3/daily/global/2014/01/07/c3g_2014.01.07.tif,200.0,True,65913394.0,62.86,False
2014-01-08,https://data.chc.ucsb.edu/products/CHIRPS-GEFS/v3/daily/global/2014/01/08/c3g_2014.01.08.tif,200.0,True,67231716.0,64.12,False
2014-01-09,https://data.chc.ucsb.edu/products/CHIRPS-GEFS/v3/daily/global/2014/01/09/c3g_2014.01.09.tif,200.0,True,76008048.0,72.49,False
2014-01-10,https://data.chc.ucsb.edu/products/CHIRPS-GEFS/v3/daily/global/2014/01/10/c3g_2014.01.10.tif,200.0,True,69515766.0,66.3,False
2014-01-11,https://data.chc.ucsb.edu/products/CHIRPS-GEFS/v3/daily/global/2014/01/11/c3g_2014.01.11.tif,200.0,True,75556476.0,72.06,False
2014-01-12,https://data.chc.ucsb.edu/products/CHIRPS-GEFS/v3/daily/global/2014/01/12/c3g_2014.01.12.tif,200.0,True,66510826.0,63.43,False
2014-01-13,https://data.chc.ucsb.edu/products/CHIRPS-GEFS/v3/daily/global/2014/01/13/c3g_2014.01.13.tif,200.0,True,68042392.0,64.89,False
2014-01-14,https://data.chc.ucsb.edu/products/CHIRPS-GEFS/v3/daily/global/2014/01/14/c3g_2014.01.14.tif,200.0,True,68704118.0,65.52,False
2014-01-15,https://data.chc.ucsb.edu/products/CHIRPS-GEFS/v3/daily/global/2014/01/15/c3g_2014.01.15.tif,200.0,True,68365456.0,65.2,False
2014-01-16,https://data.chc.ucsb.edu/products/CHIRPS-GEFS/v3/daily/global/2014/01/16/c3g_2014.01.16.tif,200.0,True,76200302.0,72.67,False
2014-01-17,https://data.chc.ucsb.edu/products/CHIRPS-GEFS/v3/daily/global/2014/01/17/c3g_2014.01.17.tif,200.0,True,68235870.0,65.07,False
2014-01-18,https://data.chc.ucsb.edu/products/CHIRPS-GEFS/v3/daily/global/2014/01/18/c3g_2014.01.18.tif,200.0,True,76704880.0,73.15,False
2014-01-19,https://data.chc.ucsb.edu/products/CHIRPS-GEFS/v3/daily/global/2014/01/19/c3g_2014.01.19.tif,200.0,True,65755422.0,62.71,False
2014-01-20,https://data.chc.ucsb.edu/products/CHIRPS-GEFS/v3/daily/global/2014/01/20/c3g_2014.01.20.tif,200.0,True,65478212.0,62.44,False
2014-01-21,https://data.chc.ucsb.edu/products/CHIRPS-GEFS/v3/daily/global/2014/01/21/c3g_2014.01.21.tif,200.0,True,76702190.0,73.15,False
2014-01-22,https://data.chc.ucsb.edu/products/CHIRPS-GEFS/v3/daily/global/2014/01/22/c3g_2014.01.22.tif,200.0,True,68115260.0,64.96,False
2014-01-23,https://data.chc.ucsb.edu/products/CHIRPS-GEFS/v3/daily/global/2014/01/23/c3g_2014.01.23.tif,200.0,True,68976042.0,65.78,False
2014-01-24,https://data.chc.ucsb.edu/products/CHIRPS-GEFS/v3/daily/global/2014/01/24/c3g_2014.01.24.tif,200.0,True,69463354.0,66.25,False
2014-01-25,https://data.chc.ucsb.edu/products/CHIRPS-GEFS/v3/daily/global/2014/01/25/c3g_2014.01.25.tif,200.0,True,67921682.0,64.78,False
2014-01-26,https://data.chc.ucsb.edu/products/CHIRPS-GEFS/v3/daily/global/2014/01/26/c3g_2014.01.26.tif,200.0,True,66085418.0,63.02,False
2014-01-27,https://data.chc.ucsb.edu/products/CHIRPS-GEFS/v3/daily/global/2014/01/27/c3g_2014.01.27.tif,200.0,True,68604384.0,65.43,False
2014-01-28,https://data.chc.ucsb.edu/products/CHIRPS-GEFS/v3/daily/global/2014/01/28/c3g_2014.01.28.tif,200.0,True,67794392.0,64.65,False
2014-01-29,https://data.chc.ucsb.edu/products/CHIRPS-GEFS/v3/daily/global/2014/01/29/c3g_2014.01.29.tif,200.0,True,65874418.0,62.82,False
2014-01-30,https://data.chc.ucsb.edu/products/CHIRPS-GEFS/v3/daily/global/2014/01/30/c3g_2014.01.30.tif,200.0,True,67027956.0,63.92,False
2014-01-31,https://data.chc.ucsb.edu/products/CHIRPS-GEFS/v3/daily/global/2014/01/31/c3g_2014.01.31.tif,200.0,True,74366120.0,70.92,False
2014-02-01,https://data.chc.ucsb.edu/products/CHIRPS-GEFS/v3/daily/global/2014/02/01/c3g_2014.02.01.tif,200.0,True,66804988.0,63.71,False
2014-02-02,https://data.chc.ucsb.edu/products/CHIRPS-GEFS/v3/daily/global/2014/02/02/c3g_2014.02.02.tif,200.0,True,74182794.0,70.75,False
2014-02-03,https://data.chc.ucsb.edu/products/CHIRPS-GEFS/v3/daily/global/2014/02/03/c3g_2014.02.03.tif,200.0,True,67787896.0,64.65,False
2014-02-04,https://data.chc.ucsb.edu/products/CHIRPS-GEFS/v3/daily/global/2014/02/04/c3g_2014.02.04.tif,200.0,True,68362118.0,65.2,False
2014-02-05,https://data.chc.ucsb.edu/products/CHIRPS-GEFS/v3/daily/global/2014/02/05/c3g_2014.02.05.tif,200.0,True,67526190.0,64.4,False
2014-02-06,https://data.chc.ucsb.edu/products/CHIRPS-GEFS/v3/daily/global/2014/02/06/c3g_2014.02.06.tif,200.0,True,66992124.0,63.89,False
2014-02-07,https://data.chc.ucsb.edu/products/CHIRPS-GEFS/v3/daily/global/2014/02/07/c3g_2014.02.07.tif,200.0,True,67003810.0,63.9,False
2014-02-08,https://data.chc.ucsb.edu/products/CHIRPS-GEFS/v3/daily/global/2014/02/08/c3g_2014.02.08.tif,200.0,True,65711226.0,62.67,False
2014-02-09,https://data.chc.ucsb.edu/products/CHIRPS-GEFS/v3/daily/global/2014/02/09/c3g_2014.02.09.tif,200.0,True,68716784.0,65.53,False
2014-02-10,https://data.chc.ucsb.edu/products/CHIRPS-GEFS/v3/daily/global/2014/02/10/c3g_2014.02.10.tif,200.0,True,68229966.0,65.07,False
2014-02-11,https://data.chc.ucsb.edu/products/CHIRPS-GEFS/v3/daily/global/2014/02/11/c3g_2014.02.11.tif,200.0,True,67763208.0,64.62,False
2014-02-12,https://data.chc.ucsb.edu/products/CHIRPS-GEFS/v3/daily/global/2014/02/12/c3g_2014.02.12.tif,200.0,True,68263830.0,65.1,False
2014-02-13,https://data.chc.ucsb.edu/products/CHIRPS-GEFS/v3/daily/global/2014/02/13/c3g_2014.02.13.tif,200.0,True,76188504.0,72.66,False
2014-02-14,https://data.chc.ucsb.edu/products/CHIRPS-GEFS/v3/daily/global/2014/02/14/c3g_2014.02.14.tif,200.0,True,68599522.0,65.42,False
2014-02-15,https://data.chc.ucsb.edu/products/CHIRPS-GEFS/v3/daily/global/2014/02/15/c3g_2014.02.15.tif,200.0,True,67749476.0,64.61,False
2014-02-16,https://data.chc.ucsb.edu/products/CHIRPS-GEFS/v3/daily/global/2014/02/16/c3g_2014.02.16.tif,200.0,True,68958266.0,65.76,False
2014-02-17,https://data.chc.ucsb.edu/products/CHIRPS-GEFS/v3/daily/global/2014/02/17/c3g_2014.02.17.tif,200.0,True,76312460.0,72.78,False
2014-02-18,https://data.chc.ucsb.edu/products/CHIRPS-GEFS/v3/daily/global/2014/02/18/c3g_2014.02.18.tif,200.0,True,68962216.0,65.77,False
2014-02-19,https://data.chc.ucsb.edu/products/CHIRPS-GEFS/v3/daily/global/2014/02/19/c3g_2014.02.19.tif,200.0,True,66871002.0,63.77,False
2014-02-20,https://data.chc.ucsb.edu/products/CHIRPS-GEFS/v3/daily/global/2014/02/20/c3g_2014.02.20.tif,200.0,True,65242934.0,62.22,False
2014-02-21,https://data.chc.ucsb.edu/products/CHIRPS-GEFS/v3/daily/global/2014/02/21/c3g_2014.02.21.tif,200.0,True,65136312.0,62.12,False
2014-02-22,https://data.chc.ucsb.edu/products/CHIRPS-GEFS/v3/daily/global/2014/02/22/c3g_2014.02.22.tif,200.0,True,66477464.0,63.4,False
2014-02-23,https://data.chc.ucsb.edu/products/CHIRPS-GEFS/v3/daily/global/2014/02/23/c3g_2014.02.23.tif,200.0,True,66271602.0,63.2,False
2014-02-24,https://data.chc.ucsb.edu/products/CHIRPS-GEFS/v3/daily/global/2014/02/24/c3g_2014.02.24.tif,200.0,True,76008916.0,72.49,False
2014-02-25,https://data.chc.ucsb.edu/products/CHIRPS-GEFS/v3/daily/global/2014/02/25/c3g_2014.02.25.tif,200.0,True,66140904.0,63.08,False
2014-02-26,https://data.chc.ucsb.edu/products/CHIRPS-GEFS/v3/daily/global/2014/02/26/c3g_2014.02.26.tif,200.0,True,69064946.0,65.87,False
2014-02-27,https://data.chc.ucsb.edu/products/CHIRPS-GEFS/v3/daily/global/2014/02/27/c3g_2014.02.27.tif,200.0,True,75945134.0,72.43,False
2014-02-28,https://data.chc.ucsb.edu/products/CHIRPS-GEFS/v3/daily/global/2014/02/28/c3g_2014.02.28.tif,200.0,True,68016068.0,64.87,False
2014-03-01,https://data.chc.ucsb.edu/products/CHIRPS-GEFS/v3/daily/global/2014/03/01/c3g_2014.03.01.tif,200.0,True,68612412.0,65.43,False
2014-03-02,https://data.chc.ucsb.edu/products/CHIRPS-GEFS/v3/daily/global/2014/03/02/c3g_2014.03.02.tif,200.0,True,69277170.0,66.07,False
2014-03-03,https://data.chc.ucsb.edu/products/CHIRPS-GEFS/v3/daily/global/2014/03/03/c3g_2014.03.03.tif,200.0,True,69834164.0,66.6,False
2014-03-04,https://data.chc.ucsb.edu/products/CHIRPS-GEFS/v3/daily/global/2014/03/04/c3g_2014.03.04.tif,200.0,True,69015422.0,65.82,False
2014-03-05,https://data.chc.ucsb.edu/products/CHIRPS-GEFS/v3/daily/global/2014/03/05/c3g_2014.03.05.tif,200.0,True,76039892.0,72.52,False
2014-03-06,https://data.chc.ucsb.edu/products/CHIRPS-GEFS/v3/daily/global/2014/03/06/c3g_2014.03.06.tif,200.0,True,68917878.0,65.73,False
2014-03-07,https://data.chc.ucsb.edu/products/CHIRPS-GEFS/v3/daily/global/2014/03/07/c3g_2014.03.07.tif,200.0,True,66996554.0,63.89,False
2014-03-08,https://data.chc.ucsb.edu/products/CHIRPS-GEFS/v3/daily/global/2014/03/08/c3g_2014.03.08.tif,200.0,True,67410888.0,64.29,False
2014-03-09,https://data.chc.ucsb.edu/products/CHIRPS-GEFS/v3/daily/global/2014/03/09/c3g_2014.03.09.tif,200.0,True,76574120.0,73.03,False
2014-03-10,https://data.chc.ucsb.edu/products/CHIRPS-GEFS/v3/daily/global/2014/03/10/c3g_2014.03.10.tif,200.0,True,68679380.0,65.5,False
2014-03-11,https://data.chc.ucsb.edu/products/CHIRPS-GEFS/v3/daily/global/2014/03/11/c3g_2014.03.11.tif,200.0,True,67816268.0,64.67,False
2014-03-12,https://data.chc.ucsb.edu/products/CHIRPS-GEFS/v3/daily/global/2014/03/12/c3g_2014.03.12.tif,200.0,True,65937914.0,62.88,False
2014-03-13,https://data.chc.ucsb.edu/products/CHIRPS-GEFS/v3/daily/global/2014/03/13/c3g_2014.03.13.tif,200.0,True,67808034.0,64.67,False
2014-03-14,https://data.chc.ucsb.edu/products/CHIRPS-GEFS/v3/daily/global/2014/03/14/c3g_2014.03.14.tif,200.0,True,69210824.0,66.0,False
2014-03-15,https://data.chc.ucsb.edu/products/CHIRPS-GEFS/v3/daily/global/2014/03/15/c3g_2014.03.15.tif,200.0,True,68981156.0,65.79,False
2014-03-16,https://data.chc.ucsb.edu/products/CHIRPS-GEFS/v3/daily/global/2014/03/16/c3g_2014.03.16.tif,200.0,True,65226844.0,62.21,False
2014-03-17,https://data.chc.ucsb.edu/products/CHIRPS-GEFS/v3/daily/global/2014/03/17/c3g_2014.03.17.tif,200.0,True,65964556.0,62.91,False
2014-03-18,https://data.chc.ucsb.edu/products/CHIRPS-GEFS/v3/daily/global/2014/03/18/c3g_2014.03.18.tif,200.0,True,66054238.0,62.99,False
2014-03-19,https://data.chc.ucsb.edu/products/CHIRPS-GEFS/v3/daily/global/2014/03/19/c3g_2014.03.19.tif,200.0,True,75193336.0,71.71,False
2014-03-20,https://data.chc.ucsb.edu/products/CHIRPS-GEFS/v3/daily/global/2014/03/20/c3g_2014.03.20.tif,200.0,True,65596294.0,62.56,False
2014-03-21,https://data.chc.ucsb.edu/products/CHIRPS-GEFS/v3/daily/global/2014/03/21/c3g_2014.03.21.tif,200.0,True,66973848.0,63.87,False
2014-03-22,https://data.chc.ucsb.edu/products/CHIRPS-GEFS/v3/daily/global/2014/03/22/c3g_2014.03.22.tif,200.0,True,67795530.0,64.65,False
2014-03-23,https://data.chc.ucsb.edu/products/CHIRPS-GEFS/v3/daily/global/2014/03/23/c3g_2014.03.23.tif,200.0,True,67136988.0,64.03,False
2014-03-24,https://data.chc.ucsb.edu/products/CHIRPS-GEFS/v3/daily/global/2014/03/24/c3g_2014.03.24.tif,200.0,True,67760488.0,64.62,False
2014-03-25,https://data.chc.ucsb.edu/products/CHIRPS-GEFS/v3/daily/global/2014/03/25/c3g_2014.03.25.tif,200.0,True,68278868.0,65.12,False
2014-03-26,https://data.chc.ucsb.edu/products/CHIRPS-GEFS/v3/daily/global/2014/03/26/c3g_2014.03.26.tif,200.0,True,68184458.0,65.03,False
2014-03-27,https://data.chc.ucsb.edu/products/CHIRPS-GEFS/v3/daily/global/2014/03/27/c3g_2014.03.27.tif,200.0,True,68452840.0,65.28,False
2014-03-28,https://data.chc.ucsb.edu/products/CHIRPS-GEFS/v3/daily/global/2014/03/28/c3g_2014.03.28.tif,200.0,True,69284624.0,66.07,False
2014-03-29,https://data.chc.ucsb.edu/products/CHIRPS-GEFS/v3/daily/global/2014/03/29/c3g_2014.03.29.tif,200.0,True,68880664.0,65.69,False
2014-03-30,https://data.chc.ucsb.edu/products/CHIRPS-GEFS/v3/daily/global/2014/03/30/c3g_2014.03.30.tif,200.0,True,76287496.0,72.75,False
2014-03-31,https://data.chc.ucsb.edu/products/CHIRPS-GEFS/v3/daily/global/2014/03/31/c3g_2014.03.31.tif,200.0,True,66609038.0,63.52,False
2014-04-01,https://data.chc.ucsb.edu/products/CHIRPS-GEFS/v3/daily/global/2014/04/01/c3g_2014.04.01.tif,200.0,True,68153494.0,65.0,False
2014-04-02,https://data.chc.ucsb.edu/products/CHIRPS-GEFS/v3/daily/global/2014/04/02/c3g_2014.04.02.tif,200.0,True,67163026.0,64.05,False
2014-04-03,https://data.chc.ucsb.edu/products/CHIRPS-GEFS/v3/daily/global/2014/04/03/c3g_2014.04.03.tif,200.0,True,68739742.0,65.56,False
2014-04-04,https://data.chc.ucsb.edu/products/CHIRPS-GEFS/v3/daily/global/2014/04/04/c3g_2014.04.04.tif,200.0,True,66849754.0,63.75,False
2014-04-05,https://data.chc.ucsb.edu/products/CHIRPS-GEFS/v3/daily/global/2014/04/05/c3g_2014.04.05.tif,200.0,True,66344244.0,63.27,False
2014-04-06,https://data.chc.ucsb.edu/products/CHIRPS-GEFS/v3/daily/global/2014/04/06/c3g_2014.04.06.tif,200.0,True,67039060.0,63.93,False
2014-04-07,https://data.chc.ucsb.edu/products/CHIRPS-GEFS/v3/daily/global/2014/04/07/c3g_2014.04.07.tif,200.0,True,75083632.0,71.61,False
2014-04-08,https://data.chc.ucsb.edu/products/CHIRPS-GEFS/v3/daily/global/2014/04/08/c3g_2014.04.08.tif,200.0,True,68208428.0,65.05,False
2014-04-09,https://data.chc.ucsb.edu/products/CHIRPS-GEFS/v3/daily/global/2014/04/09/c3g_2014.04.09.tif,200.0,True,66434212.0,63.36,False
2014-04-10,https://data.chc.ucsb.edu/products/CHIRPS-GEFS/v3/daily/global/2014/04/10/c3g_2014.04.10.tif,200.0,True,67074846.0,63.97,False
2014-04-11,https://data.chc.ucsb.edu/products/CHIRPS-GEFS/v3/daily/global/2014/04/11/c3g_2014.04.11.tif,200.0,True,67209944.0,64.1,False
2014-04-12,https://data.chc.ucsb.edu/products/CHIRPS-GEFS/v3/daily/global/2014/04/12/c3g_2014.04.12.tif,200.0,True,67120864.0,64.01,False
2014-04-13,https://data.chc.ucsb.edu/products/CHIRPS-GEFS/v3/daily/global/2014/04/13/c3g_2014.04.13.tif,200.0,True,67968680.0,64.82,False
2014-04-14,https://data.chc.ucsb.edu/products/CHIRPS-GEFS/v3/daily/global/2014/04/14/c3g_2014.04.14.tif,200.0,True,76225730.0,72.69,False
2014-04-15,https://data.chc.ucsb.edu/products/CHIRPS-GEFS/v3/daily/global/2014/04/15/c3g_2014.04.15.tif,200.0,True,68385386.0,65.22,False
2014-04-16,https://data.chc.ucsb.edu/products/CHIRPS-GEFS/v3/daily/global/2014/04/16/c3g_2014.04.16.tif,200.0,True,68436864.0,65.27,False
2014-04-17,https://data.chc.ucsb.edu/products/CHIRPS-GEFS/v3/daily/global/2014/04/17/c3g_2014.04.17.tif,200.0,True,68331556.0,65.17,False
2014-04-18,https://data.chc.ucsb.edu/products/CHIRPS-GEFS/v3/daily/global/2014/04/18/c3g_2014.04.18.tif,200.0,True,68685444.0,65.5,False
2014-04-19,https://data.chc.ucsb.edu/products/CHIRPS-GEFS/v3/daily/global/2014/04/19/c3g_2014.04.19.tif,200.0,True,68605986.0,65.43,False
2014-04-20,https://data.chc.ucsb.edu/products/CHIRPS-GEFS/v3/daily/global/2014/04/20/c3g_2014.04.20.tif,200.0,True,66480658.0,63.4,False
2014-04-21,https://data.chc.ucsb.edu/products/CHIRPS-GEFS/v3/daily/global/2014/04/21/c3g_2014.04.21.tif,200.0,True,67762910.0,64.62,False
2014-04-22,https://data.chc.ucsb.edu/products/CHIRPS-GEFS/v3/daily/global/2014/04/22/c3g_2014.04.22.tif,200.0,True,69539726.0,66.32,False
2014-04-23,https://data.chc.ucsb.edu/products/CHIRPS-GEFS/v3/daily/global/2014/04/23/c3g_2014.04.23.tif,200.0,True,69107826.0,65.91,False
2014-04-24,https://data.chc.ucsb.edu/products/CHIRPS-GEFS/v3/daily/global/2014/04/24/c3g_2014.04.24.tif,200.0,True,76832908.0,73.27,False
2014-04-25,https://data.chc.ucsb.edu/products/CHIRPS-GEFS/v3/daily/global/2014/04/25/c3g_2014.04.25.tif,200.0,True,66520216.0,63.44,False
2014-04-26,https://data.chc.ucsb.edu/products/CHIRPS-GEFS/v3/daily/global/2014/04/26/c3g_2014.04.26.tif,200.0,True,69566292.0,66.34,False
2014-04-27,https://data.chc.ucsb.edu/products/CHIRPS-GEFS/v3/daily/global/2014/04/27/c3g_2014.04.27.tif,200.0,True,68639964.0,65.46,False
2014-04-28,https://data.chc.ucsb.edu/products/CHIRPS-GEFS/v3/daily/global/2014/04/28/c3g_2014.04.28.tif,200.0,True,68793336.0,65.61,False
2014-04-29,https://data.chc.ucsb.edu/products/CHIRPS-GEFS/v3/daily/global/2014/04/29/c3g_2014.04.29.tif,200.0,True,68570814.0,65.39,False
2014-04-30,https://data.chc.ucsb.edu/products/CHIRPS-GEFS/v3/daily/global/2014/04/30/c3g_2014.04.30.tif,200.0,True,67923546.0,64.78,False
2014-05-01,https://data.chc.ucsb.edu/products/CHIRPS-GEFS/v3/daily/global/2014/05/01/c3g_2014.05.01.tif,200.0,True,68288588.0,65.13,False
2014-05-02,https://data.chc.ucsb.edu/products/CHIRPS-GEFS/v3/daily/global/2014/05/02/c3g_2014.05.02.tif,200.0,True,68477136.0,65.3,False
2014-05-03,https://data.chc.ucsb.edu/products/CHIRPS-GEFS/v3/daily/global/2014/05/03/c3g_2014.05.03.tif,200.0,True,69204880.0,66.0,False
2014-05-04,https://data.chc.ucsb.edu/products/CHIRPS-GEFS/v3/daily/global/2014/05/04/c3g_2014.05.04.tif,200.0,True,77581360.0,73.99,False
2014-05-05,https://data.chc.ucsb.edu/products/CHIRPS-GEFS/v3/daily/global/2014/05/05/c3g_2014.05.05.tif,200.0,True,69046456.0,65.85,False
2014-05-06,https://data.chc.ucsb.edu/products/CHIRPS-GEFS/v3/daily/global/2014/05/06/c3g_2014.05.06.tif,200.0,True,68252722.0,65.09,False
2014-05-07,https://data.chc.ucsb.edu/products/CHIRPS-GEFS/v3/daily/global/2014/05/07/c3g_2014.05.07.tif,200.0,True,69259266.0,66.05,False
2014-05-08,https://data.chc.ucsb.edu/products/CHIRPS-GEFS/v3/daily/global/2014/05/08/c3g_2014.05.08.tif,200.0,True,68715862.0,65.53,False
2014-05-09,https://data.chc.ucsb.edu/products/CHIRPS-GEFS/v3/daily/global/2014/05/09/c3g_2014.05.09.tif,200.0,True,69467956.0,66.25,False
2014-05-10,https://data.chc.ucsb.edu/products/CHIRPS-GEFS/v3/daily/global/2014/05/10/c3g_2014.05.10.tif,200.0,True,68914892.0,65.72,False
2014-05-11,https://data.chc.ucsb.edu/products/CHIRPS-GEFS/v3/daily/global/2014/05/11/c3g_2014.05.11.tif,200.0,True,68422040.0,65.25,False
2014-05-12,https://data.chc.ucsb.edu/products/CHIRPS-GEFS/v3/daily/global/2014/05/12/c3g_2014.05.12.tif,200.0,True,68492562.0,65.32,False
2014-05-13,https://data.chc.ucsb.edu/products/CHIRPS-GEFS/v3/daily/global/2014/05/13/c3g_2014.05.13.tif,200.0,True,68712866.0,65.53,False
2014-05-14,https://data.chc.ucsb.edu/products/CHIRPS-GEFS/v3/daily/global/2014/05/14/c3g_2014.05.14.tif,200.0,True,67982000.0,64.83,False
2014-05-15,https://data.chc.ucsb.edu/products/CHIRPS-GEFS/v3/daily/global/2014/05/15/c3g_2014.05.15.tif,200.0,True,75925364.0,72.41,False
2014-05-16,https://data.chc.ucsb.edu/products/CHIRPS-GEFS/v3/daily/global/2014/05/16/c3g_2014.05.16.tif,200.0,True,66969572.0,63.87,False
2014-05-17,https://data.chc.ucsb.edu/products/CHIRPS-GEFS/v3/daily/global/2014/05/17/c3g_2014.05.17.tif,200.0,True,67983938.0,64.83,False
2014-05-18,https://data.chc.ucsb.edu/products/CHIRPS-GEFS/v3/daily/global/2014/05/18/c3g_2014.05.18.tif,200.0,True,69321360.0,66.11,False
2014-05-19,https://data.chc.ucsb.edu/products/CHIRPS-GEFS/v3/daily/global/2014/05/19/c3g_2014.05.19.tif,200.0,True,69911860.0,66.67,False
2014-05-20,https://data.chc.ucsb.edu/products/CHIRPS-GEFS/v3/daily/global/2014/05/20/c3g_2014.05.20.tif,200.0,True,70517650.0,67.25,False
2014-05-21,https://data.chc.ucsb.edu/products/CHIRPS-GEFS/v3/daily/global/2014/05/21/c3g_2014.05.21.tif,200.0,True,70707102.0,67.43,False
2014-05-22,https://data.chc.ucsb.edu/products/CHIRPS-GEFS/v3/daily/global/2014/05/22/c3g_2014.05.22.tif,200.0,True,71066224.0,67.77,False
2014-05-23,https://data.chc.ucsb.edu/products/CHIRPS-GEFS/v3/daily/global/2014/05/23/c3g_2014.05.23.tif,200.0,True,70444070.0,67.18,False
2014-05-24,https://data.chc.ucsb.edu/products/CHIRPS-GEFS/v3/daily/global/2014/05/24/c3g_2014.05.24.tif,200.0,True,70067926.0,66.82,False
2014-05-25,https://data.chc.ucsb.edu/products/CHIRPS-GEFS/v3/daily/global/2014/05/25/c3g_2014.05.25.tif,200.0,True,77118820.0,73.55,False
2014-05-26,https://data.chc.ucsb.edu/products/CHIRPS-GEFS/v3/daily/global/2014/05/26/c3g_2014.05.26.tif,200.0,True,66272392.0,63.2,False
2014-05-27,https://data.chc.ucsb.edu/products/CHIRPS-GEFS/v3/daily/global/2014/05/27/c3g_2014.05.27.tif,200.0,True,68838886.0,65.65,False
2014-05-28,https://data.chc.ucsb.edu/products/CHIRPS-GEFS/v3/daily/global/2014/05/28/c3g_2014.05.28.tif,200.0,True,68995062.0,65.8,False
2014-05-29,https://data.chc.ucsb.edu/products/CHIRPS-GEFS/v3/daily/global/2014/05/29/c3g_2014.05.29.tif,200.0,True,69410530.0,66.2,False
2014-05-30,https://data.chc.ucsb.edu/products/CHIRPS-GEFS/v3/daily/global/2014/05/30/c3g_2014.05.30.tif,200.0,True,69348484.0,66.14,False
2014-05-31,https://data.chc.ucsb.edu/products/CHIRPS-GEFS/v3/daily/global/2014/05/31/c3g_2014.05.31.tif,200.0,True,69104498.0,65.9,False
2014-06-01,https://data.chc.ucsb.edu/products/CHIRPS-GEFS/v3/daily/global/2014/06/01/c3g_2014.06.01.tif,200.0,True,68889788.0,65.7,False
2014-06-02,https://data.chc.ucsb.edu/products/CHIRPS-GEFS/v3/daily/global/2014/06/02/c3g_2014.06.02.tif,200.0,True,69181230.0,65.98,False
2014-06-03,https://data.chc.ucsb.edu/products/CHIRPS-GEFS/v3/daily/global/2014/06/03/c3g_2014.06.03.tif,200.0,True,66563818.0,63.48,False
2014-06-04,https://data.chc.ucsb.edu/products/CHIRPS-GEFS/v3/daily/global/2014/06/04/c3g_2014.06.04.tif,200.0,True,68872426.0,65.68,False
2014-06-05,https://data.chc.ucsb.edu/products/CHIRPS-GEFS/v3/daily/global/2014/06/05/c3g_2014.06.05.tif,200.0,True,68572888.0,65.4,False
2014-06-06,https://data.chc.ucsb.edu/products/CHIRPS-GEFS/v3/daily/global/2014/06/06/c3g_2014.06.06.tif,200.0,True,76514538.0,72.97,False
2014-06-07,https://data.chc.ucsb.edu/products/CHIRPS-GEFS/v3/daily/global/2014/06/07/c3g_2014.06.07.tif,200.0,True,67160210.0,64.05,False
2014-06-08,https://data.chc.ucsb.edu/products/CHIRPS-GEFS/v3/daily/global/2014/06/08/c3g_2014.06.08.tif,200.0,True,69287152.0,66.08,False
2014-06-09,https://data.chc.ucsb.edu/products/CHIRPS-GEFS/v3/daily/global/2014/06/09/c3g_2014.06.09.tif,200.0,True,66753492.0,63.66,False
2014-06-10,https://data.chc.ucsb.edu/products/CHIRPS-GEFS/v3/daily/global/2014/06/10/c3g_2014.06.10.tif,200.0,True,68015296.0,64.86,False
2014-06-11,https://data.chc.ucsb.edu/products/CHIRPS-GEFS/v3/daily/global/2014/06/11/c3g_2014.06.11.tif,200.0,True,69311374.0,66.1,False
2014-06-12,https://data.chc.ucsb.edu/products/CHIRPS-GEFS/v3/daily/global/2014/06/12/c3g_2014.06.12.tif,200.0,True,68065624.0,64.91,False
2014-06-13,https://data.chc.ucsb.edu/products/CHIRPS-GEFS/v3/daily/global/2014/06/13/c3g_2014.06.13.tif,200.0,True,69992724.0,66.75,False
2014-06-14,https://data.chc.ucsb.edu/products/CHIRPS-GEFS/v3/daily/global/2014/06/14/c3g_2014.06.14.tif,200.0,True,69624312.0,66.4,False
2014-06-15,https://data.chc.ucsb.edu/products/CHIRPS-GEFS/v3/daily/global/2014/06/15/c3g_2014.06.15.tif,200.0,True,68889564.0,65.7,False
2014-06-16,https://data.chc.ucsb.edu/products/CHIRPS-GEFS/v3/daily/global/2014/06/16/c3g_2014.06.16.tif,200.0,True,67387156.0,64.27,False
2014-06-17,https://data.chc.ucsb.edu/products/CHIRPS-GEFS/v3/daily/global/2014/06/17/c3g_2014.06.17.tif,200.0,True,69438348.0,66.22,False
2014-06-18,https://data.chc.ucsb.edu/products/CHIRPS-GEFS/v3/daily/global/2014/06/18/c3g_2014.06.18.tif,200.0,True,69907340.0,66.67,False
2014-06-19,https://data.chc.ucsb.edu/products/CHIRPS-GEFS/v3/daily/global/2014/06/19/c3g_2014.06.19.tif,200.0,True,68423384.0,65.25,False
2014-06-20,https://data.chc.ucsb.edu/products/CHIRPS-GEFS/v3/daily/global/2014/06/20/c3g_2014.06.20.tif,200.0,True,69266214.0,66.06,False
2014-06-21,https://data.chc.ucsb.edu/products/CHIRPS-GEFS/v3/daily/global/2014/06/21/c3g_2014.06.21.tif,200.0,True,67864790.0,64.72,False
2014-06-22,https://data.chc.ucsb.edu/products/CHIRPS-GEFS/v3/daily/global/2014/06/22/c3g_2014.06.22.tif,200.0,True,77266670.0,73.69,False
2014-06-23,https://data.chc.ucsb.edu/products/CHIRPS-GEFS/v3/daily/global/2014/06/23/c3g_2014.06.23.tif,200.0,True,77230136.0,73.65,False
2014-06-24,https://data.chc.ucsb.edu/products/CHIRPS-GEFS/v3/daily/global/2014/06/24/c3g_2014.06.24.tif,200.0,True,67479978.0,64.35,False
2014-06-25,https://data.chc.ucsb.edu/products/CHIRPS-GEFS/v3/daily/global/2014/06/25/c3g_2014.06.25.tif,200.0,True,69133578.0,65.93,False
2014-06-26,https://data.chc.ucsb.edu/products/CHIRPS-GEFS/v3/daily/global/2014/06/26/c3g_2014.06.26.tif,200.0,True,69499728.0,66.28,False
2014-06-27,https://data.chc.ucsb.edu/products/CHIRPS-GEFS/v3/daily/global/2014/06/27/c3g_2014.06.27.tif,200.0,True,77482042.0,73.89,False
2014-06-28,https://data.chc.ucsb.edu/products/CHIRPS-GEFS/v3/daily/global/2014/06/28/c3g_2014.06.28.tif,200.0,True,70189862.0,66.94,False
2014-06-29,https://data.chc.ucsb.edu/products/CHIRPS-GEFS/v3/daily/global/2014/06/29/c3g_2014.06.29.tif,200.0,True,69267238.0,66.06,False
2014-06-30,https://data.chc.ucsb.edu/products/CHIRPS-GEFS/v3/daily/global/2014/06/30/c3g_2014.06.30.tif,200.0,True,69189042.0,65.98,False
2014-07-01,https://data.chc.ucsb.edu/products/CHIRPS-GEFS/v3/daily/global/2014/07/01/c3g_2014.07.01.tif,200.0,True,69223582.0,66.02,False
2014-07-02,https://data.chc.ucsb.edu/products/CHIRPS-GEFS/v3/daily/global/2014/07/02/c3g_2014.07.02.tif,200.0,True,69485478.0,66.27,False
2014-07-03,https://data.chc.ucsb.edu/products/CHIRPS-GEFS/v3/daily/global/2014/07/03/c3g_2014.07.03.tif,200.0,True,68031896.0,64.88,False
2014-07-04,https://data.chc.ucsb.edu/products/CHIRPS-GEFS/v3/daily/global/2014/07/04/c3g_2014.07.04.tif,200.0,True,70189462.0,66.94,False
2014-07-05,https://data.chc.ucsb.edu/products/CHIRPS-GEFS/v3/daily/global/2014/07/05/c3g_2014.07.05.tif,200.0,True,78085864.0,74.47,False
2014-07-06,https://data.chc.ucsb.edu/products/CHIRPS-GEFS/v3/daily/global/2014/07/06/c3g_2014.07.06.tif,200.0,True,70731764.0,67.46,False
2014-07-07,https://data.chc.ucsb.edu/products/CHIRPS-GEFS/v3/daily/global/2014/07/07/c3g_2014.07.07.tif,200.0,True,70484556.0,67.22,False
2014-07-08,https://data.chc.ucsb.edu/products/CHIRPS-GEFS/v3/daily/global/2014/07/08/c3g_2014.07.08.tif,200.0,True,68097294.0,64.94,False
2014-07-09,https://data.chc.ucsb.edu/products/CHIRPS-GEFS/v3/daily/global/2014/07/09/c3g_2014.07.09.tif,200.0,True,69767578.0,66.54,False
2014-07-10,https://data.chc.ucsb.edu/products/CHIRPS-GEFS/v3/daily/global/2014/07/10/c3g_2014.07.10.tif,200.0,True,69930486.0,66.69,False
2014-07-11,https://data.chc.ucsb.edu/products/CHIRPS-GEFS/v3/daily/global/2014/07/11/c3g_2014.07.11.tif,200.0,True,69615504.0,66.39,False
2014-07-12,https://data.chc.ucsb.edu/products/CHIRPS-GEFS/v3/daily/global/2014/07/12/c3g_2014.07.12.tif,200.0,True,77649026.0,74.05,False
2014-07-13,https://data.chc.ucsb.edu/products/CHIRPS-GEFS/v3/daily/global/2014/07/13/c3g_2014.07.13.tif,200.0,True,69363338.0,66.15,False
2014-07-14,https://data.chc.ucsb.edu/products/CHIRPS-GEFS/v3/daily/global/2014/07/14/c3g_2014.07.14.tif,200.0,True,70069946.0,66.82,False
2014-07-15,https://data.chc.ucsb.edu/products/CHIRPS-GEFS/v3/daily/global/2014/07/15/c3g_2014.07.15.tif,200.0,True,77445662.0,73.86,False
2014-07-16,https://data.chc.ucsb.edu/products/CHIRPS-GEFS/v3/daily/global/2014/07/16/c3g_2014.07.16.tif,200.0,True,69499128.0,66.28,False
2014-07-17,https://data.chc.ucsb.edu/products/CHIRPS-GEFS/v3/daily/global/2014/07/17/c3g_2014.07.17.tif,200.0,True,68476988.0,65.3,False
2014-07-18,https://data.chc.ucsb.edu/products/CHIRPS-GEFS/v3/daily/global/2014/07/18/c3g_2014.07.18.tif,200.0,True,68270792.0,65.11,False
2014-07-19,https://data.chc.ucsb.edu/products/CHIRPS-GEFS/v3/daily/global/2014/07/19/c3g_2014.07.19.tif,200.0,True,77336442.0,73.75,False
2014-07-20,https://data.chc.ucsb.edu/products/CHIRPS-GEFS/v3/daily/global/2014/07/20/c3g_2014.07.20.tif,200.0,True,69802268.0,66.57,False
2014-07-21,https://data.chc.ucsb.edu/products/CHIRPS-GEFS/v3/daily/global/2014/07/21/c3g_2014.07.21.tif,200.0,True,67472958.0,64.35,False
2014-07-22,https://data.chc.ucsb.edu/products/CHIRPS-GEFS/v3/daily/global/2014/07/22/c3g_2014.07.22.tif,200.0,True,67626174.0,64.49,False
2014-07-23,https://data.chc.ucsb.edu/products/CHIRPS-GEFS/v3/daily/global/2014/07/23/c3g_2014.07.23.tif,200.0,True,69821646.0,66.59,False
2014-07-24,https://data.chc.ucsb.edu/products/CHIRPS-GEFS/v3/daily/global/2014/07/24/c3g_2014.07.24.tif,200.0,True,77394086.0,73.81,False
2014-07-25,https://data.chc.ucsb.edu/products/CHIRPS-GEFS/v3/daily/global/2014/07/25/c3g_2014.07.25.tif,200.0,True,68583074.0,65.41,False
2014-07-26,https://data.chc.ucsb.edu/products/CHIRPS-GEFS/v3/daily/global/2014/07/26/c3g_2014.07.26.tif,200.0,True,69568092.0,66.35,False
2014-07-27,https://data.chc.ucsb.edu/products/CHIRPS-GEFS/v3/daily/global/2014/07/27/c3g_2014.07.27.tif,200.0,True,77447326.0,73.86,False
2014-07-28,https://data.chc.ucsb.edu/products/CHIRPS-GEFS/v3/daily/global/2014/07/28/c3g_2014.07.28.tif,200.0,True,67733102.0,64.6,False
2014-07-29,https://data.chc.ucsb.edu/products/CHIRPS-GEFS/v3/daily/global/2014/07/29/c3g_2014.07.29.tif,200.0,True,67891088.0,64.75,False
2014-07-30,https://data.chc.ucsb.edu/products/CHIRPS-GEFS/v3/daily/global/2014/07/30/c3g_2014.07.30.tif,200.0,True,69013484.0,65.82,False
2014-07-31,https://data.chc.ucsb.edu/products/CHIRPS-GEFS/v3/daily/global/2014/07/31/c3g_2014.07.31.tif,200.0,True,67168250.0,64.06,False
2014-08-01,https://data.chc.ucsb.edu/products/CHIRPS-GEFS/v3/daily/global/2014/08/01/c3g_2014.08.01.tif,200.0,True,69348180.0,66.14,False
2014-08-02,https://data.chc.ucsb.edu/products/CHIRPS-GEFS/v3/daily/global/2014/08/02/c3g_2014.08.02.tif,200.0,True,68167960.0,65.01,False
2014-08-03,https://data.chc.ucsb.edu/products/CHIRPS-GEFS/v3/daily/global/2014/08/03/c3g_2014.08.03.tif,200.0,True,78035450.0,74.42,False
2014-08-04,https://data.chc.ucsb.edu/products/CHIRPS-GEFS/v3/daily/global/2014/08/04/c3g_2014.08.04.tif,200.0,True,78197726.0,74.58,False
2014-08-05,https://data.chc.ucsb.edu/products/CHIRPS-GEFS/v3/daily/global/2014/08/05/c3g_2014.08.05.tif,200.0,True,70156326.0,66.91,False
2014-08-06,https://data.chc.ucsb.edu/products/CHIRPS-GEFS/v3/daily/global/2014/08/06/c3g_2014.08.06.tif,200.0,True,69901096.0,66.66,False
2014-08-07,https://data.chc.ucsb.edu/products/CHIRPS-GEFS/v3/daily/global/2014/08/07/c3g_2014.08.07.tif,200.0,True,70046060.0,66.8,False
2014-08-08,https://data.chc.ucsb.edu/products/CHIRPS-GEFS/v3/daily/global/2014/08/08/c3g_2014.08.08.tif,200.0,True,68034766.0,64.88,False
2014-08-09,https://data.chc.ucsb.edu/products/CHIRPS-GEFS/v3/daily/global/2014/08/09/c3g_2014.08.09.tif,200.0,True,70253870.0,67.0,False
2014-08-10,https://data.chc.ucsb.edu/products/CHIRPS-GEFS/v3/daily/global/2014/08/10/c3g_2014.08.10.tif,200.0,True,67711360.0,64.57,False
2014-08-11,https://data.chc.ucsb.edu/products/CHIRPS-GEFS/v3/daily/global/2014/08/11/c3g_2014.08.11.tif,200.0,True,67348550.0,64.23,False
2014-08-12,https://data.chc.ucsb.edu/products/CHIRPS-GEFS/v3/daily/global/2014/08/12/c3g_2014.08.12.tif,200.0,True,70426584.0,67.16,False
2014-08-13,https://data.chc.ucsb.edu/products/CHIRPS-GEFS/v3/daily/global/2014/08/13/c3g_2014.08.13.tif,200.0,True,70562612.0,67.29,False
2014-08-14,https://data.chc.ucsb.edu/products/CHIRPS-GEFS/v3/daily/global/2014/08/14/c3g_2014.08.14.tif,200.0,True,71121232.0,67.83,False
2014-08-15,https://data.chc.ucsb.edu/products/CHIRPS-GEFS/v3/daily/global/2014/08/15/c3g_2014.08.15.tif,200.0,True,67250750.0,64.14,False
2014-08-16,https://data.chc.ucsb.edu/products/CHIRPS-GEFS/v3/daily/global/2014/08/16/c3g_2014.08.16.tif,200.0,True,70817360.0,67.54,False
2014-08-17,https://data.chc.ucsb.edu/products/CHIRPS-GEFS/v3/daily/global/2014/08/17/c3g_2014.08.17.tif,200.0,True,71568358.0,68.25,False
2014-08-18,https://data.chc.ucsb.edu/products/CHIRPS-GEFS/v3/daily/global/2014/08/18/c3g_2014.08.18.tif,200.0,True,70856134.0,67.57,False
2014-08-19,https://data.chc.ucsb.edu/products/CHIRPS-GEFS/v3/daily/global/2014/08/19/c3g_2014.08.19.tif,200.0,True,70809044.0,67.53,False
2014-08-20,https://data.chc.ucsb.edu/products/CHIRPS-GEFS/v3/daily/global/2014/08/20/c3g_2014.08.20.tif,200.0,True,71083998.0,67.79,False
2014-08-21,https://data.chc.ucsb.edu/products/CHIRPS-GEFS/v3/daily/global/2014/08/21/c3g_2014.08.21.tif,200.0,True,71610666.0,68.29,False
2014-08-22,https://data.chc.ucsb.edu/products/CHIRPS-GEFS/v3/daily/global/2014/08/22/c3g_2014.08.22.tif,200.0,True,70837340.0,67.56,False
2014-08-23,https://data.chc.ucsb.edu/products/CHIRPS-GEFS/v3/daily/global/2014/08/23/c3g_2014.08.23.tif,200.0,True,70227390.0,66.97,False
2014-08-24,https://data.chc.ucsb.edu/products/CHIRPS-GEFS/v3/daily/global/2014/08/24/c3g_2014.08.24.tif,200.0,True,70160548.0,66.91,False
2014-08-25,https://data.chc.ucsb.edu/products/CHIRPS-GEFS/v3/daily/global/2014/08/25/c3g_2014.08.25.tif,200.0,True,69742948.0,66.51,False
2014-08-26,https://data.chc.ucsb.edu/products/CHIRPS-GEFS/v3/daily/global/2014/08/26/c3g_2014.08.26.tif,200.0,True,69991090.0,66.75,False
2014-08-27,https://data.chc.ucsb.edu/products/CHIRPS-GEFS/v3/daily/global/2014/08/27/c3g_2014.08.27.tif,200.0,True,70313564.0,67.06,False
2014-08-28,https://data.chc.ucsb.edu/products/CHIRPS-GEFS/v3/daily/global/2014/08/28/c3g_2014.08.28.tif,200.0,True,69835956.0,66.6,False
2014-08-29,https://data.chc.ucsb.edu/products/CHIRPS-GEFS/v3/daily/global/2014/08/29/c3g_2014.08.29.tif,200.0,True,70414258.0,67.15,False
2014-08-30,https://data.chc.ucsb.edu/products/CHIRPS-GEFS/v3/daily/global/2014/08/30/c3g_2014.08.30.tif,200.0,True,68044086.0,64.89,False
2014-08-31,https://data.chc.ucsb.edu/products/CHIRPS-GEFS/v3/daily/global/2014/08/31/c3g_2014.08.31.tif,200.0,True,71840884.0,68.51,False
2014-09-01,https://data.chc.ucsb.edu/products/CHIRPS-GEFS/v3/daily/global/2014/09/01/c3g_2014.09.01.tif,200.0,True,71070268.0,67.78,False
2014-09-02,https://data.chc.ucsb.edu/products/CHIRPS-GEFS/v3/daily/global/2014/09/02/c3g_2014.09.02.tif,200.0,True,70629948.0,67.36,False
2014-09-03,https://data.chc.ucsb.edu/products/CHIRPS-GEFS/v3/daily/global/2014/09/03/c3g_2014.09.03.tif,200.0,True,71287694.0,67.99,False
2014-09-04,https://data.chc.ucsb.edu/products/CHIRPS-GEFS/v3/daily/global/2014/09/04/c3g_2014.09.04.tif,200.0,True,67941284.0,64.79,False
2014-09-05,https://data.chc.ucsb.edu/products/CHIRPS-GEFS/v3/daily/global/2014/09/05/c3g_2014.09.05.tif,200.0,True,71304568.0,68.0,False
2014-09-06,https://data.chc.ucsb.edu/products/CHIRPS-GEFS/v3/daily/global/2014/09/06/c3g_2014.09.06.tif,200.0,True,72252656.0,68.91,False
2014-09-07,https://data.chc.ucsb.edu/products/CHIRPS-GEFS/v3/daily/global/2014/09/07/c3g_2014.09.07.tif,200.0,True,68338632.0,65.17,False
2014-09-08,https://data.chc.ucsb.edu/products/CHIRPS-GEFS/v3/daily/global/2014/09/08/c3g_2014.09.08.tif,200.0,True,76722002.0,73.17,False
2014-09-09,https://data.chc.ucsb.edu/products/CHIRPS-GEFS/v3/daily/global/2014/09/09/c3g_2014.09.09.tif,200.0,True,72072672.0,68.73,False
2014-09-10,https://data.chc.ucsb.edu/products/CHIRPS-GEFS/v3/daily/global/2014/09/10/c3g_2014.09.10.tif,200.0,True,71371408.0,68.07,False
2014-09-11,https://data.chc.ucsb.edu/products/CHIRPS-GEFS/v3/daily/global/2014/09/11/c3g_2014.09.11.tif,200.0,True,76410444.0,72.87,False
2014-09-12,https://data.chc.ucsb.edu/products/CHIRPS-GEFS/v3/daily/global/2014/09/12/c3g_2014.09.12.tif,200.0,True,71014086.0,67.72,False
2014-09-13,https://data.chc.ucsb.edu/products/CHIRPS-GEFS/v3/daily/global/2014/09/13/c3g_2014.09.13.tif,200.0,True,70766442.0,67.49,False
2014-09-14,https://data.chc.ucsb.edu/products/CHIRPS-GEFS/v3/daily/global/2014/09/14/c3g_2014.09.14.tif,200.0,True,66079624.0,63.02,False
2014-09-15,https://data.chc.ucsb.edu/products/CHIRPS-GEFS/v3/daily/global/2014/09/15/c3g_2014.09.15.tif,200.0,True,69830906.0,66.6,False
2014-09-16,https://data.chc.ucsb.edu/products/CHIRPS-GEFS/v3/daily/global/2014/09/16/c3g_2014.09.16.tif,200.0,True,70065974.0,66.82,False
2014-09-17,https://data.chc.ucsb.edu/products/CHIRPS-GEFS/v3/daily/global/2014/09/17/c3g_2014.09.17.tif,200.0,True,77335502.0,73.75,False
2014-09-18,https://data.chc.ucsb.edu/products/CHIRPS-GEFS/v3/daily/global/2014/09/18/c3g_2014.09.18.tif,200.0,True,68119502.0,64.96,False
2014-09-19,https://data.chc.ucsb.edu/products/CHIRPS-GEFS/v3/daily/global/2014/09/19/c3g_2014.09.19.tif,200.0,True,68944518.0,65.75,False
2014-09-20,https://data.chc.ucsb.edu/products/CHIRPS-GEFS/v3/daily/global/2014/09/20/c3g_2014.09.20.tif,200.0,True,68108508.0,64.95,False
2014-09-21,https://data.chc.ucsb.edu/products/CHIRPS-GEFS/v3/daily/global/2014/09/21/c3g_2014.09.21.tif,200.0,True,77343526.0,73.76,False
2014-09-22,https://data.chc.ucsb.edu/products/CHIRPS-GEFS/v3/daily/global/2014/09/22/c3g_2014.09.22.tif,200.0,True,71961482.0,68.63,False
2014-09-23,https://data.chc.ucsb.edu/products/CHIRPS-GEFS/v3/daily/global/2014/09/23/c3g_2014.09.23.tif,200.0,True,71327642.0,68.02,False
2014-09-24,https://data.chc.ucsb.edu/products/CHIRPS-GEFS/v3/daily/global/2014/09/24/c3g_2014.09.24.tif,200.0,True,77213814.0,73.64,False
2014-09-25,https://data.chc.ucsb.edu/products/CHIRPS-GEFS/v3/daily/global/2014/09/25/c3g_2014.09.25.tif,200.0,True,70978220.0,67.69,False
2014-09-26,https://data.chc.ucsb.edu/products/CHIRPS-GEFS/v3/daily/global/2014/09/26/c3g_2014.09.26.tif,200.0,True,71559754.0,68.24,False
2014-09-27,https://data.chc.ucsb.edu/products/CHIRPS-GEFS/v3/daily/global/2014/09/27/c3g_2014.09.27.tif,200.0,True,71704318.0,68.38,False
2014-09-28,https://data.chc.ucsb.edu/products/CHIRPS-GEFS/v3/daily/global/2014/09/28/c3g_2014.09.28.tif,200.0,True,77059436.0,73.49,False
2014-09-29,https://data.chc.ucsb.edu/products/CHIRPS-GEFS/v3/daily/global/2014/09/29/c3g_2014.09.29.tif,200.0,True,67594650.0,64.46,False
2014-09-30,https://data.chc.ucsb.edu/products/CHIRPS-GEFS/v3/daily/global/2014/09/30/c3g_2014.09.30.tif,200.0,True,71783766.0,68.46,False
2014-10-01,https://data.chc.ucsb.edu/products/CHIRPS-GEFS/v3/daily/global/2014/10/01/c3g_2014.10.01.tif,200.0,True,67425746.0,64.3,False
2014-10-02,https://data.chc.ucsb.edu/products/CHIRPS-GEFS/v3/daily/global/2014/10/02/c3g_2014.10.02.tif,200.0,True,71323336.0,68.02,False
2014-10-03,https://data.chc.ucsb.edu/products/CHIRPS-GEFS/v3/daily/global/2014/10/03/c3g_2014.10.03.tif,200.0,True,67914158.0,64.77,False
2014-10-04,https://data.chc.ucsb.edu/products/CHIRPS-GEFS/v3/daily/global/2014/10/04/c3g_2014.10.04.tif,200.0,True,76318040.0,72.78,False
2014-10-05,https://data.chc.ucsb.edu/products/CHIRPS-GEFS/v3/daily/global/2014/10/05/c3g_2014.10.05.tif,200.0,True,66399080.0,63.32,False
2014-10-06,https://data.chc.ucsb.edu/products/CHIRPS-GEFS/v3/daily/global/2014/10/06/c3g_2014.10.06.tif,200.0,True,70343138.0,67.08,False
2014-10-07,https://data.chc.ucsb.edu/products/CHIRPS-GEFS/v3/daily/global/2014/10/07/c3g_2014.10.07.tif,200.0,True,70652052.0,67.38,False
2014-10-08,https://data.chc.ucsb.edu/products/CHIRPS-GEFS/v3/daily/global/2014/10/08/c3g_2014.10.08.tif,200.0,True,70437674.0,67.17,False
2014-10-09,https://data.chc.ucsb.edu/products/CHIRPS-GEFS/v3/daily/global/2014/10/09/c3g_2014.10.09.tif,200.0,True,69882516.0,66.65,False
2014-10-10,https://data.chc.ucsb.edu/products/CHIRPS-GEFS/v3/daily/global/2014/10/10/c3g_2014.10.10.tif,200.0,True,69870698.0,66.63,False
2014-10-11,https://data.chc.ucsb.edu/products/CHIRPS-GEFS/v3/daily/global/2014/10/11/c3g_2014.10.11.tif,200.0,True,66271178.0,63.2,False
2014-10-12,https://data.chc.ucsb.edu/products/CHIRPS-GEFS/v3/daily/global/2014/10/12/c3g_2014.10.12.tif,200.0,True,68064664.0,64.91,False
2014-10-13,https://data.chc.ucsb.edu/products/CHIRPS-GEFS/v3/daily/global/2014/10/13/c3g_2014.10.13.tif,200.0,True,75627200.0,72.12,False
2014-10-14,https://data.chc.ucsb.edu/products/CHIRPS-GEFS/v3/daily/global/2014/10/14/c3g_2014.10.14.tif,200.0,True,65483040.0,62.45,False
2014-10-15,https://data.chc.ucsb.edu/products/CHIRPS-GEFS/v3/daily/global/2014/10/15/c3g_2014.10.15.tif,200.0,True,70213038.0,66.96,False
2014-10-16,https://data.chc.ucsb.edu/products/CHIRPS-GEFS/v3/daily/global/2014/10/16/c3g_2014.10.16.tif,200.0,True,69370320.0,66.16,False
2014-10-17,https://data.chc.ucsb.edu/products/CHIRPS-GEFS/v3/daily/global/2014/10/17/c3g_2014.10.17.tif,200.0,True,69924950.0,66.69,False
2014-10-18,https://data.chc.ucsb.edu/products/CHIRPS-GEFS/v3/daily/global/2014/10/18/c3g_2014.10.18.tif,200.0,True,70475298.0,67.21,False
2014-10-19,https://data.chc.ucsb.edu/products/CHIRPS-GEFS/v3/daily/global/2014/10/19/c3g_2014.10.19.tif,200.0,True,76397130.0,72.86,False
2014-10-20,https://data.chc.ucsb.edu/products/CHIRPS-GEFS/v3/daily/global/2014/10/20/c3g_2014.10.20.tif,200.0,True,67324174.0,64.21,False
2014-10-21,https://data.chc.ucsb.edu/products/CHIRPS-GEFS/v3/daily/global/2014/10/21/c3g_2014.10.21.tif,200.0,True,66226868.0,63.16,False
2014-10-22,https://data.chc.ucsb.edu/products/CHIRPS-GEFS/v3/daily/global/2014/10/22/c3g_2014.10.22.tif,200.0,True,70715554.0,67.44,False
2014-10-23,https://data.chc.ucsb.edu/products/CHIRPS-GEFS/v3/daily/global/2014/10/23/c3g_2014.10.23.tif,200.0,True,70091116.0,66.84,False
2014-10-24,https://data.chc.ucsb.edu/products/CHIRPS-GEFS/v3/daily/global/2014/10/24/c3g_2014.10.24.tif,200.0,True,69794638.0,66.56,False
2014-10-25,https://data.chc.ucsb.edu/products/CHIRPS-GEFS/v3/daily/global/2014/10/25/c3g_2014.10.25.tif,200.0,True,68547738.0,65.37,False
2014-10-26,https://data.chc.ucsb.edu/products/CHIRPS-GEFS/v3/daily/global/2014/10/26/c3g_2014.10.26.tif,200.0,True,69541096.0,66.32,False
2014-10-27,https://data.chc.ucsb.edu/products/CHIRPS-GEFS/v3/daily/global/2014/10/27/c3g_2014.10.27.tif,200.0,True,69928140.0,66.69,False
2014-10-28,https://data.chc.ucsb.edu/products/CHIRPS-GEFS/v3/daily/global/2014/10/28/c3g_2014.10.28.tif,200.0,True,70240478.0,66.99,False
2014-10-29,https://data.chc.ucsb.edu/products/CHIRPS-GEFS/v3/daily/global/2014/10/29/c3g_2014.10.29.tif,200.0,True,70614916.0,67.34,False
2014-10-30,https://data.chc.ucsb.edu/products/CHIRPS-GEFS/v3/daily/global/2014/10/30/c3g_2014.10.30.tif,200.0,True,76335008.0,72.8,False
2014-10-31,https://data.chc.ucsb.edu/products/CHIRPS-GEFS/v3/daily/global/2014/10/31/c3g_2014.10.31.tif,200.0,True,68378864.0,65.21,False
2014-11-01,https://data.chc.ucsb.edu/products/CHIRPS-GEFS/v3/daily/global/2014/11/01/c3g_2014.11.01.tif,200.0,True,66572996.0,63.49,False
2014-11-02,https://data.chc.ucsb.edu/products/CHIRPS-GEFS/v3/daily/global/2014/11/02/c3g_2014.11.02.tif,200.0,True,66942060.0,63.84,False
2014-11-03,https://data.chc.ucsb.edu/products/CHIRPS-GEFS/v3/daily/global/2014/11/03/c3g_2014.11.03.tif,200.0,True,70628692.0,67.36,False
2014-11-04,https://data.chc.ucsb.edu/products/CHIRPS-GEFS/v3/daily/global/2014/11/04/c3g_2014.11.04.tif,200.0,True,67242572.0,64.13,False
2014-11-05,https://data.chc.ucsb.edu/products/CHIRPS-GEFS/v3/daily/global/2014/11/05/c3g_2014.11.05.tif,200.0,True,69549092.0,66.33,False
2014-11-06,https://data.chc.ucsb.edu/products/CHIRPS-GEFS/v3/daily/global/2014/11/06/c3g_2014.11.06.tif,200.0,True,66147062.0,63.08,False
2014-11-07,https://data.chc.ucsb.edu/products/CHIRPS-GEFS/v3/daily/global/2014/11/07/c3g_2014.11.07.tif,200.0,True,69998884.0,66.76,False
2014-11-08,https://data.chc.ucsb.edu/products/CHIRPS-GEFS/v3/daily/global/2014/11/08/c3g_2014.11.08.tif,200.0,True,68962576.0,65.77,False
2014-11-09,https://data.chc.ucsb.edu/products/CHIRPS-GEFS/v3/daily/global/2014/11/09/c3g_2014.11.09.tif,200.0,True,69411560.0,66.2,False
2014-11-10,https://data.chc.ucsb.edu/products/CHIRPS-GEFS/v3/daily/global/2014/11/10/c3g_2014.11.10.tif,200.0,True,74510110.0,71.06,False
2014-11-11,https://data.chc.ucsb.edu/products/CHIRPS-GEFS/v3/daily/global/2014/11/11/c3g_2014.11.11.tif,200.0,True,69250988.0,66.04,False
2014-11-12,https://data.chc.ucsb.edu/products/CHIRPS-GEFS/v3/daily/global/2014/11/12/c3g_2014.11.12.tif,200.0,True,69761430.0,66.53,False
2014-11-13,https://data.chc.ucsb.edu/products/CHIRPS-GEFS/v3/daily/global/2014/11/13/c3g_2014.11.13.tif,200.0,True,68922614.0,65.73,False
2014-11-14,https://data.chc.ucsb.edu/products/CHIRPS-GEFS/v3/daily/global/2014/11/14/c3g_2014.11.14.tif,200.0,True,69291328.0,66.08,False
2014-11-15,https://data.chc.ucsb.edu/products/CHIRPS-GEFS/v3/daily/global/2014/11/15/c3g_2014.11.15.tif,200.0,True,68846862.0,65.66,False
2014-11-16,https://data.chc.ucsb.edu/products/CHIRPS-GEFS/v3/daily/global/2014/11/16/c3g_2014.11.16.tif,200.0,True,69574204.0,66.35,False
2014-11-17,https://data.chc.ucsb.edu/products/CHIRPS-GEFS/v3/daily/global/2014/11/17/c3g_2014.11.17.tif,200.0,True,69425746.0,66.21,False
2014-11-18,https://data.chc.ucsb.edu/products/CHIRPS-GEFS/v3/daily/global/2014/11/18/c3g_2014.11.18.tif,200.0,True,70143904.0,66.89,False
2014-11-19,https://data.chc.ucsb.edu/products/CHIRPS-GEFS/v3/daily/global/2014/11/19/c3g_2014.11.19.tif,200.0,True,65620786.0,62.58,False
2014-11-20,https://data.chc.ucsb.edu/products/CHIRPS-GEFS/v3/daily/global/2014/11/20/c3g_2014.11.20.tif,200.0,True,70381318.0,67.12,False
2014-11-21,https://data.chc.ucsb.edu/products/CHIRPS-GEFS/v3/daily/global/2014/11/21/c3g_2014.11.21.tif,200.0,True,75030354.0,71.55,False
2014-11-22,https://data.chc.ucsb.edu/products/CHIRPS-GEFS/v3/daily/global/2014/11/22/c3g_2014.11.22.tif,200.0,True,68076140.0,64.92,False
2014-11-23,https://data.chc.ucsb.edu/products/CHIRPS-GEFS/v3/daily/global/2014/11/23/c3g_2014.11.23.tif,200.0,True,67897172.0,64.75,False
2014-11-24,https://data.chc.ucsb.edu/products/CHIRPS-GEFS/v3/daily/global/2014/11/24/c3g_2014.11.24.tif,200.0,True,67105082.0,64.0,False
2014-11-25,https://data.chc.ucsb.edu/products/CHIRPS-GEFS/v3/daily/global/2014/11/25/c3g_2014.11.25.tif,200.0,True,70844748.0,67.56,False
2014-11-26,https://data.chc.ucsb.edu/products/CHIRPS-GEFS/v3/daily/global/2014/11/26/c3g_2014.11.26.tif,200.0,True,69836630.0,66.6,False
2014-11-27,https://data.chc.ucsb.edu/products/CHIRPS-GEFS/v3/daily/global/2014/11/27/c3g_2014.11.27.tif,200.0,True,75373838.0,71.88,False
2014-11-28,https://data.chc.ucsb.edu/products/CHIRPS-GEFS/v3/daily/global/2014/11/28/c3g_2014.11.28.tif,200.0,True,65807736.0,62.76,False
2014-11-29,https://data.chc.ucsb.edu/products/CHIRPS-GEFS/v3/daily/global/2014/11/29/c3g_2014.11.29.tif,200.0,True,70015170.0,66.77,False
2014-11-30,https://data.chc.ucsb.edu/products/CHIRPS-GEFS/v3/daily/global/2014/11/30/c3g_2014.11.30.tif,200.0,True,75452560.0,71.96,False
2014-12-01,https://data.chc.ucsb.edu/products/CHIRPS-GEFS/v3/daily/global/2014/12/01/c3g_2014.12.01.tif,200.0,True,70600392.0,67.33,False
2014-12-02,https://data.chc.ucsb.edu/products/CHIRPS-GEFS/v3/daily/global/2014/12/02/c3g_2014.12.02.tif,200.0,True,70584958.0,67.32,False
2014-12-03,https://data.chc.ucsb.edu/products/CHIRPS-GEFS/v3/daily/global/2014/12/03/c3g_2014.12.03.tif,200.0,True,70713790.0,67.44,False
2014-12-04,https://data.chc.ucsb.edu/products/CHIRPS-GEFS/v3/daily/global/2014/12/04/c3g_2014.12.04.tif,200.0,True,74953248.0,71.48,False
2014-12-05,https://data.chc.ucsb.edu/products/CHIRPS-GEFS/v3/daily/global/2014/12/05/c3g_2014.12.05.tif,200.0,True,69447772.0,66.23,False
2014-12-06,https://data.chc.ucsb.edu/products/CHIRPS-GEFS/v3/daily/global/2014/12/06/c3g_2014.12.06.tif,200.0,True,69387770.0,66.17,False
2014-12-07,https://data.chc.ucsb.edu/products/CHIRPS-GEFS/v3/daily/global/2014/12/07/c3g_2014.12.07.tif,200.0,True,69906120.0,66.67,False
2014-12-08,https://data.chc.ucsb.edu/products/CHIRPS-GEFS/v3/daily/global/2014/12/08/c3g_2014.12.08.tif,200.0,True,69853718.0,66.62,False
2014-12-09,https://data.chc.ucsb.edu/products/CHIRPS-GEFS/v3/daily/global/2014/12/09/c3g_2014.12.09.tif,200.0,True,75100254.0,71.62,False
2014-12-10,https://data.chc.ucsb.edu/products/CHIRPS-GEFS/v3/daily/global/2014/12/10/c3g_2014.12.10.tif,200.0,True,69467196.0,66.25,False
2014-12-11,https://data.chc.ucsb.edu/products/CHIRPS-GEFS/v3/daily/global/2014/12/11/c3g_2014.12.11.tif,200.0,True,70080712.0,66.83,False
2014-12-12,https://data.chc.ucsb.edu/products/CHIRPS-GEFS/v3/daily/global/2014/12/12/c3g_2014.12.12.tif,200.0,True,70306632.0,67.05,False
2014-12-13,https://data.chc.ucsb.edu/products/CHIRPS-GEFS/v3/daily/global/2014/12/13/c3g_2014.12.13.tif,200.0,True,66116916.0,63.05,False
2014-12-14,https://data.chc.ucsb.edu/products/CHIRPS-GEFS/v3/daily/global/2014/12/14/c3g_2014.12.14.tif,200.0,True,74885120.0,71.42,False
2014-12-15,https://data.chc.ucsb.edu/products/CHIRPS-GEFS/v3/daily/global/2014/12/15/c3g_2014.12.15.tif,200.0,True,70133742.0,66.88,False
2014-12-16,https://data.chc.ucsb.edu/products/CHIRPS-GEFS/v3/daily/global/2014/12/16/c3g_2014.12.16.tif,200.0,True,74051494.0,70.62,False
2014-12-17,https://data.chc.ucsb.edu/products/CHIRPS-GEFS/v3/daily/global/2014/12/17/c3g_2014.12.17.tif,200.0,True,70189472.0,66.94,False
2014-12-18,https://data.chc.ucsb.edu/products/CHIRPS-GEFS/v3/daily/global/2014/12/18/c3g_2014.12.18.tif,200.0,True,69369432.0,66.16,False
2014-12-19,https://data.chc.ucsb.edu/products/CHIRPS-GEFS/v3/daily/global/2014/12/19/c3g_2014.12.19.tif,200.0,True,74199418.0,70.76,False
2014-12-20,https://data.chc.ucsb.edu/products/CHIRPS-GEFS/v3/daily/global/2014/12/20/c3g_2014.12.20.tif,200.0,True,65955834.0,62.9,False
2014-12-21,https://data.chc.ucsb.edu/products/CHIRPS-GEFS/v3/daily/global/2014/12/21/c3g_2014.12.21.tif,200.0,True,74349958.0,70.91,False
2014-12-22,https://data.chc.ucsb.edu/products/CHIRPS-GEFS/v3/daily/global/2014/12/22/c3g_2014.12.22.tif,200.0,True,69409604.0,66.19,False
2014-12-23,https://data.chc.ucsb.edu/products/CHIRPS-GEFS/v3/daily/global/2014/12/23/c3g_2014.12.23.tif,200.0,True,74472120.0,71.02,False
2014-12-24,https://data.chc.ucsb.edu/products/CHIRPS-GEFS/v3/daily/global/2014/12/24/c3g_2014.12.24.tif,200.0,True,64833226.0,61.83,False
2014-12-25,https://data.chc.ucsb.edu/products/CHIRPS-GEFS/v3/daily/global/2014/12/25/c3g_2014.12.25.tif,200.0,True,64551486.0,61.56,False
2014-12-26,https://data.chc.ucsb.edu/products/CHIRPS-GEFS/v3/daily/global/2014/12/26/c3g_2014.12.26.tif,200.0,True,64559194.0,61.57,False
2014-12-27,https://data.chc.ucsb.edu/products/CHIRPS-GEFS/v3/daily/global/2014/12/27/c3g_2014.12.27.tif,200.0,True,68736708.0,65.55,False
2014-12-28,https://data.chc.ucsb.edu/products/CHIRPS-GEFS/v3/daily/global/2014/12/28/c3g_2014.12.28.tif,200.0,True,64744166.0,61.74,False
2014-12-29,https://data.chc.ucsb.edu/products/CHIRPS-GEFS/v3/daily/global/2014/12/29/c3g_2014.12.29.tif,200.0,True,64617896.0,61.62,False
2014-12-30,https://data.chc.ucsb.edu/products/CHIRPS-GEFS/v3/daily/global/2014/12/30/c3g_2014.12.30.tif,200.0,True,64024892.0,61.06,False
2014-12-31,https://data.chc.ucsb.edu/products/CHIRPS-GEFS/v3/daily/global/2014/12/31/c3g_2014.12.31.tif,200.0,True,68592862.0,65.42,False
2015-01-01,https://data.chc.ucsb.edu/products/CHIRPS-GEFS/v3/daily/global/2015/01/01/c3g_2015.01.01.tif,200.0,True,74221206.0,70.78,False
2015-01-02,https://data.chc.ucsb.edu/products/CHIRPS-GEFS/v3/daily/global/2015/01/02/c3g_2015.01.02.tif,200.0,True,65930034.0,62.88,False
2015-01-03,https://data.chc.ucsb.edu/products/CHIRPS-GEFS/v3/daily/global/2015/01/03/c3g_2015.01.03.tif,200.0,True,70046618.0,66.8,False
2015-01-04,https://data.chc.ucsb.edu/products/CHIRPS-GEFS/v3/daily/global/2015/01/04/c3g_2015.01.04.tif,200.0,True,65247290.0,62.22,False
2015-01-05,https://data.chc.ucsb.edu/products/CHIRPS-GEFS/v3/daily/global/2015/01/05/c3g_2015.01.05.tif,200.0,True,69051256.0,65.85,False
2015-01-06,https://data.chc.ucsb.edu/products/CHIRPS-GEFS/v3/daily/global/2015/01/06/c3g_2015.01.06.tif,200.0,True,69386972.0,66.17,False
2015-01-07,https://data.chc.ucsb.edu/products/CHIRPS-GEFS/v3/daily/global/2015/01/07/c3g_2015.01.07.tif,200.0,True,69322080.0,66.11,False
2015-01-08,https://data.chc.ucsb.edu/products/CHIRPS-GEFS/v3/daily/global/2015/01/08/c3g_2015.01.08.tif,200.0,True,69608538.0,66.38,False
2015-01-09,https://data.chc.ucsb.edu/products/CHIRPS-GEFS/v3/daily/global/2015/01/09/c3g_2015.01.09.tif,200.0,True,69849114.0,66.61,False
2015-01-10,https://data.chc.ucsb.edu/products/CHIRPS-GEFS/v3/daily/global/2015/01/10/c3g_2015.01.10.tif,200.0,True,66114614.0,63.05,False
2015-01-11,https://data.chc.ucsb.edu/products/CHIRPS-GEFS/v3/daily/global/2015/01/11/c3g_2015.01.11.tif,200.0,True,66092284.0,63.03,False
2015-01-12,https://data.chc.ucsb.edu/products/CHIRPS-GEFS/v3/daily/global/2015/01/12/c3g_2015.01.12.tif,200.0,True,65952314.0,62.9,False
2015-01-13,https://data.chc.ucsb.edu/products/CHIRPS-GEFS/v3/daily/global/2015/01/13/c3g_2015.01.13.tif,200.0,True,69894382.0,66.66,False
2015-01-14,https://data.chc.ucsb.edu/products/CHIRPS-GEFS/v3/daily/global/2015/01/14/c3g_2015.01.14.tif,200.0,True,69400338.0,66.19,False
2015-01-15,https://data.chc.ucsb.edu/products/CHIRPS-GEFS/v3/daily/global/2015/01/15/c3g_2015.01.15.tif,200.0,True,70139756.0,66.89,False
2015-01-16,https://data.chc.ucsb.edu/products/CHIRPS-GEFS/v3/daily/global/2015/01/16/c3g_2015.01.16.tif,200.0,True,70165294.0,66.91,False
2015-01-17,https://data.chc.ucsb.edu/products/CHIRPS-GEFS/v3/daily/global/2015/01/17/c3g_2015.01.17.tif,200.0,True,69906778.0,66.67,False
2015-01-18,https://data.chc.ucsb.edu/products/CHIRPS-GEFS/v3/daily/global/2015/01/18/c3g_2015.01.18.tif,200.0,True,65462906.0,62.43,False
2015-01-19,https://data.chc.ucsb.edu/products/CHIRPS-GEFS/v3/daily/global/2015/01/19/c3g_2015.01.19.tif,200.0,True,69107626.0,65.91,False
2015-01-20,https://data.chc.ucsb.edu/products/CHIRPS-GEFS/v3/daily/global/2015/01/20/c3g_2015.01.20.tif,200.0,True,69885664.0,66.65,False
2015-01-21,https://data.chc.ucsb.edu/products/CHIRPS-GEFS/v3/daily/global/2015/01/21/c3g_2015.01.21.tif,200.0,True,68761934.0,65.58,False
2015-01-22,https://data.chc.ucsb.edu/products/CHIRPS-GEFS/v3/daily/global/2015/01/22/c3g_2015.01.22.tif,200.0,True,68866192.0,65.68,False
2015-01-23,https://data.chc.ucsb.edu/products/CHIRPS-GEFS/v3/daily/global/2015/01/23/c3g_2015.01.23.tif,200.0,True,69444824.0,66.23,False
2015-01-24,https://data.chc.ucsb.edu/products/CHIRPS-GEFS/v3/daily/global/2015/01/24/c3g_2015.01.24.tif,200.0,True,70059258.0,66.81,False
2015-01-25,https://data.chc.ucsb.edu/products/CHIRPS-GEFS/v3/daily/global/2015/01/25/c3g_2015.01.25.tif,200.0,True,68472744.0,65.3,False
2015-01-26,https://data.chc.ucsb.edu/products/CHIRPS-GEFS/v3/daily/global/2015/01/26/c3g_2015.01.26.tif,200.0,True,69392260.0,66.18,False
2015-01-27,https://data.chc.ucsb.edu/products/CHIRPS-GEFS/v3/daily/global/2015/01/27/c3g_2015.01.27.tif,200.0,True,69335706.0,66.12,False
2015-01-28,https://data.chc.ucsb.edu/products/CHIRPS-GEFS/v3/daily/global/2015/01/28/c3g_2015.01.28.tif,200.0,True,69432890.0,66.22,False
2015-01-29,https://data.chc.ucsb.edu/products/CHIRPS-GEFS/v3/daily/global/2015/01/29/c3g_2015.01.29.tif,200.0,True,75299082.0,71.81,False
2015-01-30,https://data.chc.ucsb.edu/products/CHIRPS-GEFS/v3/daily/global/2015/01/30/c3g_2015.01.30.tif,200.0,True,68818268.0,65.63,False
2015-01-31,https://data.chc.ucsb.edu/products/CHIRPS-GEFS/v3/daily/global/2015/01/31/c3g_2015.01.31.tif,200.0,True,69065304.0,65.87,False
2015-02-01,https://data.chc.ucsb.edu/products/CHIRPS-GEFS/v3/daily/global/2015/02/01/c3g_2015.02.01.tif,200.0,True,68614580.0,65.44,False
2015-02-02,https://data.chc.ucsb.edu/products/CHIRPS-GEFS/v3/daily/global/2015/02/02/c3g_2015.02.02.tif,200.0,True,64132106.0,61.16,False
2015-02-03,https://data.chc.ucsb.edu/products/CHIRPS-GEFS/v3/daily/global/2015/02/03/c3g_2015.02.03.tif,200.0,True,74311622.0,70.87,False
2015-02-04,https://data.chc.ucsb.edu/products/CHIRPS-GEFS/v3/daily/global/2015/02/04/c3g_2015.02.04.tif,200.0,True,69125568.0,65.92,False
2015-02-05,https://data.chc.ucsb.edu/products/CHIRPS-GEFS/v3/daily/global/2015/02/05/c3g_2015.02.05.tif,200.0,True,66133374.0,63.07,False
2015-02-06,https://data.chc.ucsb.edu/products/CHIRPS-GEFS/v3/daily/global/2015/02/06/c3g_2015.02.06.tif,200.0,True,67259168.0,64.14,False
2015-02-07,https://data.chc.ucsb.edu/products/CHIRPS-GEFS/v3/daily/global/2015/02/07/c3g_2015.02.07.tif,200.0,True,68081050.0,64.93,False
2015-02-08,https://data.chc.ucsb.edu/products/CHIRPS-GEFS/v3/daily/global/2015/02/08/c3g_2015.02.08.tif,200.0,True,69008276.0,65.81,False
2015-02-09,https://data.chc.ucsb.edu/products/CHIRPS-GEFS/v3/daily/global/2015/02/09/c3g_2015.02.09.tif,200.0,True,75835920.0,72.32,False
2015-02-10,https://data.chc.ucsb.edu/products/CHIRPS-GEFS/v3/daily/global/2015/02/10/c3g_2015.02.10.tif,200.0,True,76032372.0,72.51,False
2015-02-11,https://data.chc.ucsb.edu/products/CHIRPS-GEFS/v3/daily/global/2015/02/11/c3g_2015.02.11.tif,200.0,True,69061782.0,65.86,False
2015-02-12,https://data.chc.ucsb.edu/products/CHIRPS-GEFS/v3/daily/global/2015/02/12/c3g_2015.02.12.tif,200.0,True,70224888.0,66.97,False
2015-02-13,https://data.chc.ucsb.edu/products/CHIRPS-GEFS/v3/daily/global/2015/02/13/c3g_2015.02.13.tif,200.0,True,70538328.0,67.27,False
2015-02-14,https://data.chc.ucsb.edu/products/CHIRPS-GEFS/v3/daily/global/2015/02/14/c3g_2015.02.14.tif,200.0,True,70583520.0,67.31,False
2015-02-15,https://data.chc.ucsb.edu/products/CHIRPS-GEFS/v3/daily/global/2015/02/15/c3g_2015.02.15.tif,200.0,True,70208576.0,66.96,False
2015-02-16,https://data.chc.ucsb.edu/products/CHIRPS-GEFS/v3/daily/global/2015/02/16/c3g_2015.02.16.tif,200.0,True,75526828.0,72.03,False
2015-02-17,https://data.chc.ucsb.edu/products/CHIRPS-GEFS/v3/daily/global/2015/02/17/c3g_2015.02.17.tif,200.0,True,66090486.0,63.03,False
2015-02-18,https://data.chc.ucsb.edu/products/CHIRPS-GEFS/v3/daily/global/2015/02/18/c3g_2015.02.18.tif,200.0,True,65562552.0,62.53,False
2015-02-19,https://data.chc.ucsb.edu/products/CHIRPS-GEFS/v3/daily/global/2015/02/19/c3g_2015.02.19.tif,200.0,True,75172642.0,71.69,False
2015-02-20,https://data.chc.ucsb.edu/products/CHIRPS-GEFS/v3/daily/global/2015/02/20/c3g_2015.02.20.tif,200.0,True,70189318.0,66.94,False
2015-02-21,https://data.chc.ucsb.edu/products/CHIRPS-GEFS/v3/daily/global/2015/02/21/c3g_2015.02.21.tif,200.0,True,70632626.0,67.36,False
2015-02-22,https://data.chc.ucsb.edu/products/CHIRPS-GEFS/v3/daily/global/2015/02/22/c3g_2015.02.22.tif,200.0,True,70314462.0,67.06,False
2015-02-23,https://data.chc.ucsb.edu/products/CHIRPS-GEFS/v3/daily/global/2015/02/23/c3g_2015.02.23.tif,200.0,True,70216414.0,66.96,False
2015-02-24,https://data.chc.ucsb.edu/products/CHIRPS-GEFS/v3/daily/global/2015/02/24/c3g_2015.02.24.tif,200.0,True,74285752.0,70.84,False
2015-02-25,https://data.chc.ucsb.edu/products/CHIRPS-GEFS/v3/daily/global/2015/02/25/c3g_2015.02.25.tif,200.0,True,70137734.0,66.89,False
2015-02-26,https://data.chc.ucsb.edu/products/CHIRPS-GEFS/v3/daily/global/2015/02/26/c3g_2015.02.26.tif,200.0,True,70287166.0,67.03,False
2015-02-27,https://data.chc.ucsb.edu/products/CHIRPS-GEFS/v3/daily/global/2015/02/27/c3g_2015.02.27.tif,200.0,True,70445666.0,67.18,False
2015-02-28,https://data.chc.ucsb.edu/products/CHIRPS-GEFS/v3/daily/global/2015/02/28/c3g_2015.02.28.tif,200.0,True,70579402.0,67.31,False
2015-03-01,https://data.chc.ucsb.edu/products/CHIRPS-GEFS/v3/daily/global/2015/03/01/c3g_2015.03.01.tif,200.0,True,69095008.0,65.89,False
2015-03-02,https://data.chc.ucsb.edu/products/CHIRPS-GEFS/v3/daily/global/2015/03/02/c3g_2015.03.02.tif,200.0,True,70168468.0,66.92,False
2015-03-03,https://data.chc.ucsb.edu/products/CHIRPS-GEFS/v3/daily/global/2015/03/03/c3g_2015.03.03.tif,200.0,True,70673150.0,67.4,False
2015-03-04,https://data.chc.ucsb.edu/products/CHIRPS-GEFS/v3/daily/global/2015/03/04/c3g_2015.03.04.tif,200.0,True,69703708.0,66.47,False
2015-03-05,https://data.chc.ucsb.edu/products/CHIRPS-GEFS/v3/daily/global/2015/03/05/c3g_2015.03.05.tif,200.0,True,68691520.0,65.51,False
2015-03-06,https://data.chc.ucsb.edu/products/CHIRPS-GEFS/v3/daily/global/2015/03/06/c3g_2015.03.06.tif,200.0,True,73263730.0,69.87,False
2015-03-07,https://data.chc.ucsb.edu/products/CHIRPS-GEFS/v3/daily/global/2015/03/07/c3g_2015.03.07.tif,200.0,True,68067084.0,64.91,False
2015-03-08,https://data.chc.ucsb.edu/products/CHIRPS-GEFS/v3/daily/global/2015/03/08/c3g_2015.03.08.tif,200.0,True,74495610.0,71.04,False
2015-03-09,https://data.chc.ucsb.edu/products/CHIRPS-GEFS/v3/daily/global/2015/03/09/c3g_2015.03.09.tif,200.0,True,68209306.0,65.05,False
2015-03-10,https://data.chc.ucsb.edu/products/CHIRPS-GEFS/v3/daily/global/2015/03/10/c3g_2015.03.10.tif,200.0,True,64021700.0,61.06,False
2015-03-11,https://data.chc.ucsb.edu/products/CHIRPS-GEFS/v3/daily/global/2015/03/11/c3g_2015.03.11.tif,200.0,True,64240980.0,61.26,False
2015-03-12,https://data.chc.ucsb.edu/products/CHIRPS-GEFS/v3/daily/global/2015/03/12/c3g_2015.03.12.tif,200.0,True,64726730.0,61.73,False
2015-03-13,https://data.chc.ucsb.edu/products/CHIRPS-GEFS/v3/daily/global/2015/03/13/c3g_2015.03.13.tif,200.0,True,65559840.0,62.52,False
2015-03-14,https://data.chc.ucsb.edu/products/CHIRPS-GEFS/v3/daily/global/2015/03/14/c3g_2015.03.14.tif,200.0,True,74683730.0,71.22,False
2015-03-15,https://data.chc.ucsb.edu/products/CHIRPS-GEFS/v3/daily/global/2015/03/15/c3g_2015.03.15.tif,200.0,True,68329190.0,65.16,False
2015-03-16,https://data.chc.ucsb.edu/products/CHIRPS-GEFS/v3/daily/global/2015/03/16/c3g_2015.03.16.tif,200.0,True,73587660.0,70.18,False
2015-03-17,https://data.chc.ucsb.edu/products/CHIRPS-GEFS/v3/daily/global/2015/03/17/c3g_2015.03.17.tif,200.0,True,69116024.0,65.91,False
2015-03-18,https://data.chc.ucsb.edu/products/CHIRPS-GEFS/v3/daily/global/2015/03/18/c3g_2015.03.18.tif,200.0,True,70533438.0,67.27,False
2015-03-19,https://data.chc.ucsb.edu/products/CHIRPS-GEFS/v3/daily/global/2015/03/19/c3g_2015.03.19.tif,200.0,True,69292662.0,66.08,False
2015-03-20,https://data.chc.ucsb.edu/products/CHIRPS-GEFS/v3/daily/global/2015/03/20/c3g_2015.03.20.tif,200.0,True,70260286.0,67.01,False
2015-03-21,https://data.chc.ucsb.edu/products/CHIRPS-GEFS/v3/daily/global/2015/03/21/c3g_2015.03.21.tif,200.0,True,70829224.0,67.55,False
2015-03-22,https://data.chc.ucsb.edu/products/CHIRPS-GEFS/v3/daily/global/2015/03/22/c3g_2015.03.22.tif,200.0,True,68355640.0,65.19,False
2015-03-23,https://data.chc.ucsb.edu/products/CHIRPS-GEFS/v3/daily/global/2015/03/23/c3g_2015.03.23.tif,200.0,True,68413772.0,65.24,False
2015-03-24,https://data.chc.ucsb.edu/products/CHIRPS-GEFS/v3/daily/global/2015/03/24/c3g_2015.03.24.tif,200.0,True,70355004.0,67.1,False
2015-03-25,https://data.chc.ucsb.edu/products/CHIRPS-GEFS/v3/daily/global/2015/03/25/c3g_2015.03.25.tif,200.0,True,66737074.0,63.65,False
2015-03-26,https://data.chc.ucsb.edu/products/CHIRPS-GEFS/v3/daily/global/2015/03/26/c3g_2015.03.26.tif,200.0,True,68680778.0,65.5,False
2015-03-27,https://data.chc.ucsb.edu/products/CHIRPS-GEFS/v3/daily/global/2015/03/27/c3g_2015.03.27.tif,200.0,True,74501282.0,71.05,False
2015-03-28,https://data.chc.ucsb.edu/products/CHIRPS-GEFS/v3/daily/global/2015/03/28/c3g_2015.03.28.tif,200.0,True,69330644.0,66.12,False
2015-03-29,https://data.chc.ucsb.edu/products/CHIRPS-GEFS/v3/daily/global/2015/03/29/c3g_2015.03.29.tif,200.0,True,69593866.0,66.37,False
2015-03-30,https://data.chc.ucsb.edu/products/CHIRPS-GEFS/v3/daily/global/2015/03/30/c3g_2015.03.30.tif,200.0,True,67572020.0,64.44,False
2015-03-31,https://data.chc.ucsb.edu/products/CHIRPS-GEFS/v3/daily/global/2015/03/31/c3g_2015.03.31.tif,200.0,True,70662172.0,67.39,False
2015-04-01,https://data.chc.ucsb.edu/products/CHIRPS-GEFS/v3/daily/global/2015/04/01/c3g_2015.04.01.tif,200.0,True,71195702.0,67.9,False
2015-04-02,https://data.chc.ucsb.edu/products/CHIRPS-GEFS/v3/daily/global/2015/04/02/c3g_2015.04.02.tif,200.0,True,67269656.0,64.15,False
2015-04-03,https://data.chc.ucsb.edu/products/CHIRPS-GEFS/v3/daily/global/2015/04/03/c3g_2015.04.03.tif,200.0,True,72448936.0,69.09,False
2015-04-04,https://data.chc.ucsb.edu/products/CHIRPS-GEFS/v3/daily/global/2015/04/04/c3g_2015.04.04.tif,200.0,True,69742790.0,66.51,False
2015-04-05,https://data.chc.ucsb.edu/products/CHIRPS-GEFS/v3/daily/global/2015/04/05/c3g_2015.04.05.tif,200.0,True,70533940.0,67.27,False
2015-04-06,https://data.chc.ucsb.edu/products/CHIRPS-GEFS/v3/daily/global/2015/04/06/c3g_2015.04.06.tif,200.0,True,70821252.0,67.54,False
2015-04-07,https://data.chc.ucsb.edu/products/CHIRPS-GEFS/v3/daily/global/2015/04/07/c3g_2015.04.07.tif,200.0,True,71165402.0,67.87,False
2015-04-08,https://data.chc.ucsb.edu/products/CHIRPS-GEFS/v3/daily/global/2015/04/08/c3g_2015.04.08.tif,200.0,True,67583372.0,64.45,False
2015-04-09,https://data.chc.ucsb.edu/products/CHIRPS-GEFS/v3/daily/global/2015/04/09/c3g_2015.04.09.tif,200.0,True,69893376.0,66.66,False
2015-04-10,https://data.chc.ucsb.edu/products/CHIRPS-GEFS/v3/daily/global/2015/04/10/c3g_2015.04.10.tif,200.0,True,69331184.0,66.12,False
2015-04-11,https://data.chc.ucsb.edu/products/CHIRPS-GEFS/v3/daily/global/2015/04/11/c3g_2015.04.11.tif,200.0,True,67336060.0,64.22,False
2015-04-12,https://data.chc.ucsb.edu/products/CHIRPS-GEFS/v3/daily/global/2015/04/12/c3g_2015.04.12.tif,200.0,True,69967722.0,66.73,False
2015-04-13,https://data.chc.ucsb.edu/products/CHIRPS-GEFS/v3/daily/global/2015/04/13/c3g_2015.04.13.tif,200.0,True,70383688.0,67.12,False
2015-04-14,https://data.chc.ucsb.edu/products/CHIRPS-GEFS/v3/daily/global/2015/04/14/c3g_2015.04.14.tif,200.0,True,70978228.0,67.69,False
2015-04-15,https://data.chc.ucsb.edu/products/CHIRPS-GEFS/v3/daily/global/2015/04/15/c3g_2015.04.15.tif,200.0,True,70946566.0,67.66,False
2015-04-16,https://data.chc.ucsb.edu/products/CHIRPS-GEFS/v3/daily/global/2015/04/16/c3g_2015.04.16.tif,200.0,True,71127054.0,67.83,False
2015-04-17,https://data.chc.ucsb.edu/products/CHIRPS-GEFS/v3/daily/global/2015/04/17/c3g_2015.04.17.tif,200.0,True,70717856.0,67.44,False
2015-04-18,https://data.chc.ucsb.edu/products/CHIRPS-GEFS/v3/daily/global/2015/04/18/c3g_2015.04.18.tif,200.0,True,75009890.0,71.54,False
2015-04-19,https://data.chc.ucsb.edu/products/CHIRPS-GEFS/v3/daily/global/2015/04/19/c3g_2015.04.19.tif,200.0,True,67860096.0,64.72,False
2015-04-20,https://data.chc.ucsb.edu/products/CHIRPS-GEFS/v3/daily/global/2015/04/20/c3g_2015.04.20.tif,200.0,True,70160780.0,66.91,False
2015-04-21,https://data.chc.ucsb.edu/products/CHIRPS-GEFS/v3/daily/global/2015/04/21/c3g_2015.04.21.tif,200.0,True,69994928.0,66.75,False
2015-04-22,https://data.chc.ucsb.edu/products/CHIRPS-GEFS/v3/daily/global/2015/04/22/c3g_2015.04.22.tif,200.0,True,70167494.0,66.92,False
2015-04-23,https://data.chc.ucsb.edu/products/CHIRPS-GEFS/v3/daily/global/2015/04/23/c3g_2015.04.23.tif,200.0,True,67221482.0,64.11,False
2015-04-24,https://data.chc.ucsb.edu/products/CHIRPS-GEFS/v3/daily/global/2015/04/24/c3g_2015.04.24.tif,200.0,True,69480420.0,66.26,False
2015-04-25,https://data.chc.ucsb.edu/products/CHIRPS-GEFS/v3/daily/global/2015/04/25/c3g_2015.04.25.tif,200.0,True,69993874.0,66.75,False
2015-04-26,https://data.chc.ucsb.edu/products/CHIRPS-GEFS/v3/daily/global/2015/04/26/c3g_2015.04.26.tif,200.0,True,66182624.0,63.12,False
2015-04-27,https://data.chc.ucsb.edu/products/CHIRPS-GEFS/v3/daily/global/2015/04/27/c3g_2015.04.27.tif,200.0,True,69200670.0,65.99,False
2015-04-28,https://data.chc.ucsb.edu/products/CHIRPS-GEFS/v3/daily/global/2015/04/28/c3g_2015.04.28.tif,200.0,True,74477416.0,71.03,False
2015-04-29,https://data.chc.ucsb.edu/products/CHIRPS-GEFS/v3/daily/global/2015/04/29/c3g_2015.04.29.tif,200.0,True,69875760.0,66.64,False
2015-04-30,https://data.chc.ucsb.edu/products/CHIRPS-GEFS/v3/daily/global/2015/04/30/c3g_2015.04.30.tif,200.0,True,69033764.0,65.84,False
2015-05-01,https://data.chc.ucsb.edu/products/CHIRPS-GEFS/v3/daily/global/2015/05/01/c3g_2015.05.01.tif,200.0,True,69002906.0,65.81,False
2015-05-02,https://data.chc.ucsb.edu/products/CHIRPS-GEFS/v3/daily/global/2015/05/02/c3g_2015.05.02.tif,200.0,True,69835224.0,66.6,False
2015-05-03,https://data.chc.ucsb.edu/products/CHIRPS-GEFS/v3/daily/global/2015/05/03/c3g_2015.05.03.tif,200.0,True,74694898.0,71.23,False
2015-05-04,https://data.chc.ucsb.edu/products/CHIRPS-GEFS/v3/daily/global/2015/05/04/c3g_2015.05.04.tif,200.0,True,70041532.0,66.8,False
2015-05-05,https://data.chc.ucsb.edu/products/CHIRPS-GEFS/v3/daily/global/2015/05/05/c3g_2015.05.05.tif,200.0,True,69888946.0,66.65,False
2015-05-06,https://data.chc.ucsb.edu/products/CHIRPS-GEFS/v3/daily/global/2015/05/06/c3g_2015.05.06.tif,200.0,True,66164096.0,63.1,False
2015-05-07,https://data.chc.ucsb.edu/products/CHIRPS-GEFS/v3/daily/global/2015/05/07/c3g_2015.05.07.tif,200.0,True,75251670.0,71.77,False
2015-05-08,https://data.chc.ucsb.edu/products/CHIRPS-GEFS/v3/daily/global/2015/05/08/c3g_2015.05.08.tif,200.0,True,70575700.0,67.31,False
2015-05-09,https://data.chc.ucsb.edu/products/CHIRPS-GEFS/v3/daily/global/2015/05/09/c3g_2015.05.09.tif,200.0,True,66754152.0,63.66,False
2015-05-10,https://data.chc.ucsb.edu/products/CHIRPS-GEFS/v3/daily/global/2015/05/10/c3g_2015.05.10.tif,200.0,True,74747988.0,71.29,False
2015-05-11,https://data.chc.ucsb.edu/products/CHIRPS-GEFS/v3/daily/global/2015/05/11/c3g_2015.05.11.tif,200.0,True,74376952.0,70.93,False
2015-05-12,https://data.chc.ucsb.edu/products/CHIRPS-GEFS/v3/daily/global/2015/05/12/c3g_2015.05.12.tif,200.0,True,67630416.0,64.5,False
2015-05-13,https://data.chc.ucsb.edu/products/CHIRPS-GEFS/v3/daily/global/2015/05/13/c3g_2015.05.13.tif,200.0,True,70132254.0,66.88,False
2015-05-14,https://data.chc.ucsb.edu/products/CHIRPS-GEFS/v3/daily/global/2015/05/14/c3g_2015.05.14.tif,200.0,True,69901444.0,66.66,False
2015-05-15,https://data.chc.ucsb.edu/products/CHIRPS-GEFS/v3/daily/global/2015/05/15/c3g_2015.05.15.tif,200.0,True,69833794.0,66.6,False
2015-05-16,https://data.chc.ucsb.edu/products/CHIRPS-GEFS/v3/daily/global/2015/05/16/c3g_2015.05.16.tif,200.0,True,74513842.0,71.06,False
2015-05-17,https://data.chc.ucsb.edu/products/CHIRPS-GEFS/v3/daily/global/2015/05/17/c3g_2015.05.17.tif,200.0,True,66523680.0,63.44,False
2015-05-18,https://data.chc.ucsb.edu/products/CHIRPS-GEFS/v3/daily/global/2015/05/18/c3g_2015.05.18.tif,200.0,True,75582080.0,72.08,False
2015-05-19,https://data.chc.ucsb.edu/products/CHIRPS-GEFS/v3/daily/global/2015/05/19/c3g_2015.05.19.tif,200.0,True,70418922.0,67.16,False
2015-05-20,https://data.chc.ucsb.edu/products/CHIRPS-GEFS/v3/daily/global/2015/05/20/c3g_2015.05.20.tif,200.0,True,75686358.0,72.18,False
2015-05-21,https://data.chc.ucsb.edu/products/CHIRPS-GEFS/v3/daily/global/2015/05/21/c3g_2015.05.21.tif,200.0,True,70557220.0,67.29,False
2015-05-22,https://data.chc.ucsb.edu/products/CHIRPS-GEFS/v3/daily/global/2015/05/22/c3g_2015.05.22.tif,200.0,True,67579766.0,64.45,False
2015-05-23,https://data.chc.ucsb.edu/products/CHIRPS-GEFS/v3/daily/global/2015/05/23/c3g_2015.05.23.tif,200.0,True,76245052.0,72.71,False
2015-05-24,https://data.chc.ucsb.edu/products/CHIRPS-GEFS/v3/daily/global/2015/05/24/c3g_2015.05.24.tif,200.0,True,71398494.0,68.09,False
2015-05-25,https://data.chc.ucsb.edu/products/CHIRPS-GEFS/v3/daily/global/2015/05/25/c3g_2015.05.25.tif,200.0,True,71245670.0,67.95,False
2015-05-26,https://data.chc.ucsb.edu/products/CHIRPS-GEFS/v3/daily/global/2015/05/26/c3g_2015.05.26.tif,200.0,True,70406720.0,67.15,False
2015-05-27,https://data.chc.ucsb.edu/products/CHIRPS-GEFS/v3/daily/global/2015/05/27/c3g_2015.05.27.tif,200.0,True,71209892.0,67.91,False
2015-05-28,https://data.chc.ucsb.edu/products/CHIRPS-GEFS/v3/daily/global/2015/05/28/c3g_2015.05.28.tif,200.0,True,69780004.0,66.55,False
2015-05-29,https://data.chc.ucsb.edu/products/CHIRPS-GEFS/v3/daily/global/2015/05/29/c3g_2015.05.29.tif,200.0,True,71967520.0,68.63,False
2015-05-30,https://data.chc.ucsb.edu/products/CHIRPS-GEFS/v3/daily/global/2015/05/30/c3g_2015.05.30.tif,200.0,True,71950666.0,68.62,False
2015-05-31,https://data.chc.ucsb.edu/products/CHIRPS-GEFS/v3/daily/global/2015/05/31/c3g_2015.05.31.tif,200.0,True,76815756.0,73.26,False
2015-06-01,https://data.chc.ucsb.edu/products/CHIRPS-GEFS/v3/daily/global/2015/06/01/c3g_2015.06.01.tif,200.0,True,76774368.0,73.22,False
2015-06-02,https://data.chc.ucsb.edu/products/CHIRPS-GEFS/v3/daily/global/2015/06/02/c3g_2015.06.02.tif,200.0,True,71784710.0,68.46,False
2015-06-03,https://data.chc.ucsb.edu/products/CHIRPS-GEFS/v3/daily/global/2015/06/03/c3g_2015.06.03.tif,200.0,True,71552284.0,68.24,False
2015-06-04,https://data.chc.ucsb.edu/products/CHIRPS-GEFS/v3/daily/global/2015/06/04/c3g_2015.06.04.tif,200.0,True,70558770.0,67.29,False
2015-06-05,https://data.chc.ucsb.edu/products/CHIRPS-GEFS/v3/daily/global/2015/06/05/c3g_2015.06.05.tif,200.0,True,70361634.0,67.1,False
2015-06-06,https://data.chc.ucsb.edu/products/CHIRPS-GEFS/v3/daily/global/2015/06/06/c3g_2015.06.06.tif,200.0,True,76173690.0,72.64,False
2015-06-07,https://data.chc.ucsb.edu/products/CHIRPS-GEFS/v3/daily/global/2015/06/07/c3g_2015.06.07.tif,200.0,True,66966706.0,63.86,False
2015-06-08,https://data.chc.ucsb.edu/products/CHIRPS-GEFS/v3/daily/global/2015/06/08/c3g_2015.06.08.tif,200.0,True,67322024.0,64.2,False
2015-06-09,https://data.chc.ucsb.edu/products/CHIRPS-GEFS/v3/daily/global/2015/06/09/c3g_2015.06.09.tif,200.0,True,75632672.0,72.13,False
2015-06-10,https://data.chc.ucsb.edu/products/CHIRPS-GEFS/v3/daily/global/2015/06/10/c3g_2015.06.10.tif,200.0,True,70450942.0,67.19,False
2015-06-11,https://data.chc.ucsb.edu/products/CHIRPS-GEFS/v3/daily/global/2015/06/11/c3g_2015.06.11.tif,200.0,True,70834590.0,67.55,False
2015-06-12,https://data.chc.ucsb.edu/products/CHIRPS-GEFS/v3/daily/global/2015/06/12/c3g_2015.06.12.tif,200.0,True,68306726.0,65.14,False
2015-06-13,https://data.chc.ucsb.edu/products/CHIRPS-GEFS/v3/daily/global/2015/06/13/c3g_2015.06.13.tif,200.0,True,70877876.0,67.59,False
2015-06-14,https://data.chc.ucsb.edu/products/CHIRPS-GEFS/v3/daily/global/2015/06/14/c3g_2015.06.14.tif,200.0,True,70530722.0,67.26,False
2015-06-15,https://data.chc.ucsb.edu/products/CHIRPS-GEFS/v3/daily/global/2015/06/15/c3g_2015.06.15.tif,200.0,True,70456262.0,67.19,False
2015-06-16,https://data.chc.ucsb.edu/products/CHIRPS-GEFS/v3/daily/global/2015/06/16/c3g_2015.06.16.tif,200.0,True,67686678.0,64.55,False
2015-06-17,https://data.chc.ucsb.edu/products/CHIRPS-GEFS/v3/daily/global/2015/06/17/c3g_2015.06.17.tif,200.0,True,70713864.0,67.44,False
2015-06-18,https://data.chc.ucsb.edu/products/CHIRPS-GEFS/v3/daily/global/2015/06/18/c3g_2015.06.18.tif,200.0,True,69825086.0,66.59,False
2015-06-19,https://data.chc.ucsb.edu/products/CHIRPS-GEFS/v3/daily/global/2015/06/19/c3g_2015.06.19.tif,200.0,True,66985398.0,63.88,False
2015-06-20,https://data.chc.ucsb.edu/products/CHIRPS-GEFS/v3/daily/global/2015/06/20/c3g_2015.06.20.tif,200.0,True,68929616.0,65.74,False
2015-06-21,https://data.chc.ucsb.edu/products/CHIRPS-GEFS/v3/daily/global/2015/06/21/c3g_2015.06.21.tif,200.0,True,67244356.0,64.13,False
2015-06-22,https://data.chc.ucsb.edu/products/CHIRPS-GEFS/v3/daily/global/2015/06/22/c3g_2015.06.22.tif,200.0,True,75992252.0,72.47,False
2015-06-23,https://data.chc.ucsb.edu/products/CHIRPS-GEFS/v3/daily/global/2015/06/23/c3g_2015.06.23.tif,200.0,True,67049212.0,63.94,False
2015-06-24,https://data.chc.ucsb.edu/products/CHIRPS-GEFS/v3/daily/global/2015/06/24/c3g_2015.06.24.tif,200.0,True,66694142.0,63.6,False
2015-06-25,https://data.chc.ucsb.edu/products/CHIRPS-GEFS/v3/daily/global/2015/06/25/c3g_2015.06.25.tif,200.0,True,76123182.0,72.6,False
2015-06-26,https://data.chc.ucsb.edu/products/CHIRPS-GEFS/v3/daily/global/2015/06/26/c3g_2015.06.26.tif,200.0,True,70001008.0,66.76,False
2015-06-27,https://data.chc.ucsb.edu/products/CHIRPS-GEFS/v3/daily/global/2015/06/27/c3g_2015.06.27.tif,200.0,True,76469726.0,72.93,False
2015-06-28,https://data.chc.ucsb.edu/products/CHIRPS-GEFS/v3/daily/global/2015/06/28/c3g_2015.06.28.tif,200.0,True,69139220.0,65.94,False
2015-06-29,https://data.chc.ucsb.edu/products/CHIRPS-GEFS/v3/daily/global/2015/06/29/c3g_2015.06.29.tif,200.0,True,69526066.0,66.31,False
2015-06-30,https://data.chc.ucsb.edu/products/CHIRPS-GEFS/v3/daily/global/2015/06/30/c3g_2015.06.30.tif,200.0,True,67490236.0,64.36,False
2015-07-01,https://data.chc.ucsb.edu/products/CHIRPS-GEFS/v3/daily/global/2015/07/01/c3g_2015.07.01.tif,200.0,True,67518350.0,64.39,False
2015-07-02,https://data.chc.ucsb.edu/products/CHIRPS-GEFS/v3/daily/global/2015/07/02/c3g_2015.07.02.tif,200.0,True,67488332.0,64.36,False
2015-07-03,https://data.chc.ucsb.edu/products/CHIRPS-GEFS/v3/daily/global/2015/07/03/c3g_2015.07.03.tif,200.0,True,67111502.0,64.0,False
2015-07-04,https://data.chc.ucsb.edu/products/CHIRPS-GEFS/v3/daily/global/2015/07/04/c3g_2015.07.04.tif,200.0,True,70400952.0,67.14,False
2015-07-05,https://data.chc.ucsb.edu/products/CHIRPS-GEFS/v3/daily/global/2015/07/05/c3g_2015.07.05.tif,200.0,True,66918244.0,63.82,False
2015-07-06,https://data.chc.ucsb.edu/products/CHIRPS-GEFS/v3/daily/global/2015/07/06/c3g_2015.07.06.tif,200.0,True,70748946.0,67.47,False
2015-07-07,https://data.chc.ucsb.edu/products/CHIRPS-GEFS/v3/daily/global/2015/07/07/c3g_2015.07.07.tif,200.0,True,68370298.0,65.2,False
2015-07-08,https://data.chc.ucsb.edu/products/CHIRPS-GEFS/v3/daily/global/2015/07/08/c3g_2015.07.08.tif,200.0,True,68171328.0,65.01,False
2015-07-09,https://data.chc.ucsb.edu/products/CHIRPS-GEFS/v3/daily/global/2015/07/09/c3g_2015.07.09.tif,200.0,True,71372092.0,68.07,False
2015-07-10,https://data.chc.ucsb.edu/products/CHIRPS-GEFS/v3/daily/global/2015/07/10/c3g_2015.07.10.tif,200.0,True,71232380.0,67.93,False
2015-07-11,https://data.chc.ucsb.edu/products/CHIRPS-GEFS/v3/daily/global/2015/07/11/c3g_2015.07.11.tif,200.0,True,71666162.0,68.35,False
2015-07-12,https://data.chc.ucsb.edu/products/CHIRPS-GEFS/v3/daily/global/2015/07/12/c3g_2015.07.12.tif,200.0,True,68981984.0,65.79,False
2015-07-13,https://data.chc.ucsb.edu/products/CHIRPS-GEFS/v3/daily/global/2015/07/13/c3g_2015.07.13.tif,200.0,True,68419200.0,65.25,False
2015-07-14,https://data.chc.ucsb.edu/products/CHIRPS-GEFS/v3/daily/global/2015/07/14/c3g_2015.07.14.tif,200.0,True,70965328.0,67.68,False
2015-07-15,https://data.chc.ucsb.edu/products/CHIRPS-GEFS/v3/daily/global/2015/07/15/c3g_2015.07.15.tif,200.0,True,70216596.0,66.96,False
2015-07-16,https://data.chc.ucsb.edu/products/CHIRPS-GEFS/v3/daily/global/2015/07/16/c3g_2015.07.16.tif,200.0,True,67322900.0,64.2,False
2015-07-17,https://data.chc.ucsb.edu/products/CHIRPS-GEFS/v3/daily/global/2015/07/17/c3g_2015.07.17.tif,200.0,True,70862084.0,67.58,False
2015-07-18,https://data.chc.ucsb.edu/products/CHIRPS-GEFS/v3/daily/global/2015/07/18/c3g_2015.07.18.tif,200.0,True,70386068.0,67.13,False
2015-07-19,https://data.chc.ucsb.edu/products/CHIRPS-GEFS/v3/daily/global/2015/07/19/c3g_2015.07.19.tif,200.0,True,70873286.0,67.59,False
2015-07-20,https://data.chc.ucsb.edu/products/CHIRPS-GEFS/v3/daily/global/2015/07/20/c3g_2015.07.20.tif,200.0,True,68984582.0,65.79,False
2015-07-21,https://data.chc.ucsb.edu/products/CHIRPS-GEFS/v3/daily/global/2015/07/21/c3g_2015.07.21.tif,200.0,True,71421350.0,68.11,False
2015-07-22,https://data.chc.ucsb.edu/products/CHIRPS-GEFS/v3/daily/global/2015/07/22/c3g_2015.07.22.tif,200.0,True,77700158.0,74.1,False
2015-07-23,https://data.chc.ucsb.edu/products/CHIRPS-GEFS/v3/daily/global/2015/07/23/c3g_2015.07.23.tif,200.0,True,69329086.0,66.12,False
2015-07-24,https://data.chc.ucsb.edu/products/CHIRPS-GEFS/v3/daily/global/2015/07/24/c3g_2015.07.24.tif,200.0,True,71521090.0,68.21,False
2015-07-25,https://data.chc.ucsb.edu/products/CHIRPS-GEFS/v3/daily/global/2015/07/25/c3g_2015.07.25.tif,200.0,True,70169702.0,66.92,False
2015-07-26,https://data.chc.ucsb.edu/products/CHIRPS-GEFS/v3/daily/global/2015/07/26/c3g_2015.07.26.tif,200.0,True,76876824.0,73.32,False
2015-07-27,https://data.chc.ucsb.edu/products/CHIRPS-GEFS/v3/daily/global/2015/07/27/c3g_2015.07.27.tif,200.0,True,70602848.0,67.33,False
2015-07-28,https://data.chc.ucsb.edu/products/CHIRPS-GEFS/v3/daily/global/2015/07/28/c3g_2015.07.28.tif,200.0,True,77426746.0,73.84,False
2015-07-29,https://data.chc.ucsb.edu/products/CHIRPS-GEFS/v3/daily/global/2015/07/29/c3g_2015.07.29.tif,200.0,True,67016736.0,63.91,False
2015-07-30,https://data.chc.ucsb.edu/products/CHIRPS-GEFS/v3/daily/global/2015/07/30/c3g_2015.07.30.tif,200.0,True,77166752.0,73.59,False
2015-07-31,https://data.chc.ucsb.edu/products/CHIRPS-GEFS/v3/daily/global/2015/07/31/c3g_2015.07.31.tif,200.0,True,70626932.0,67.36,False
2015-08-01,https://data.chc.ucsb.edu/products/CHIRPS-GEFS/v3/daily/global/2015/08/01/c3g_2015.08.01.tif,200.0,True,67579922.0,64.45,False
2015-08-02,https://data.chc.ucsb.edu/products/CHIRPS-GEFS/v3/daily/global/2015/08/02/c3g_2015.08.02.tif,200.0,True,77921456.0,74.31,False
2015-08-03,https://data.chc.ucsb.edu/products/CHIRPS-GEFS/v3/daily/global/2015/08/03/c3g_2015.08.03.tif,200.0,True,78039324.0,74.42,False
2015-08-04,https://data.chc.ucsb.edu/products/CHIRPS-GEFS/v3/daily/global/2015/08/04/c3g_2015.08.04.tif,200.0,True,67407516.0,64.28,False
2015-08-05,https://data.chc.ucsb.edu/products/CHIRPS-GEFS/v3/daily/global/2015/08/05/c3g_2015.08.05.tif,200.0,True,70680922.0,67.41,False
2015-08-06,https://data.chc.ucsb.edu/products/CHIRPS-GEFS/v3/daily/global/2015/08/06/c3g_2015.08.06.tif,200.0,True,71880664.0,68.55,False
2015-08-07,https://data.chc.ucsb.edu/products/CHIRPS-GEFS/v3/daily/global/2015/08/07/c3g_2015.08.07.tif,200.0,True,68974804.0,65.78,False
2015-08-08,https://data.chc.ucsb.edu/products/CHIRPS-GEFS/v3/daily/global/2015/08/08/c3g_2015.08.08.tif,200.0,True,68481188.0,65.31,False
2015-08-09,https://data.chc.ucsb.edu/products/CHIRPS-GEFS/v3/daily/global/2015/08/09/c3g_2015.08.09.tif,200.0,True,69687712.0,66.46,False
2015-08-10,https://data.chc.ucsb.edu/products/CHIRPS-GEFS/v3/daily/global/2015/08/10/c3g_2015.08.10.tif,200.0,True,69601438.0,66.38,False
2015-08-11,https://data.chc.ucsb.edu/products/CHIRPS-GEFS/v3/daily/global/2015/08/11/c3g_2015.08.11.tif,200.0,True,71602554.0,68.29,False
2015-08-12,https://data.chc.ucsb.edu/products/CHIRPS-GEFS/v3/daily/global/2015/08/12/c3g_2015.08.12.tif,200.0,True,68930434.0,65.74,False
2015-08-13,https://data.chc.ucsb.edu/products/CHIRPS-GEFS/v3/daily/global/2015/08/13/c3g_2015.08.13.tif,200.0,True,77978066.0,74.37,False
2015-08-14,https://data.chc.ucsb.edu/products/CHIRPS-GEFS/v3/daily/global/2015/08/14/c3g_2015.08.14.tif,200.0,True,68484382.0,65.31,False
2015-08-15,https://data.chc.ucsb.edu/products/CHIRPS-GEFS/v3/daily/global/2015/08/15/c3g_2015.08.15.tif,200.0,True,71106774.0,67.81,False
2015-08-16,https://data.chc.ucsb.edu/products/CHIRPS-GEFS/v3/daily/global/2015/08/16/c3g_2015.08.16.tif,200.0,True,77626400.0,74.03,False
2015-08-17,https://data.chc.ucsb.edu/products/CHIRPS-GEFS/v3/daily/global/2015/08/17/c3g_2015.08.17.tif,200.0,True,71359108.0,68.05,False
2015-08-18,https://data.chc.ucsb.edu/products/CHIRPS-GEFS/v3/daily/global/2015/08/18/c3g_2015.08.18.tif,200.0,True,71217620.0,67.92,False
2015-08-19,https://data.chc.ucsb.edu/products/CHIRPS-GEFS/v3/daily/global/2015/08/19/c3g_2015.08.19.tif,200.0,True,77887268.0,74.28,False
2015-08-20,https://data.chc.ucsb.edu/products/CHIRPS-GEFS/v3/daily/global/2015/08/20/c3g_2015.08.20.tif,200.0,True,67625958.0,64.49,False
2015-08-21,https://data.chc.ucsb.edu/products/CHIRPS-GEFS/v3/daily/global/2015/08/21/c3g_2015.08.21.tif,200.0,True,70872570.0,67.59,False
2015-08-22,https://data.chc.ucsb.edu/products/CHIRPS-GEFS/v3/daily/global/2015/08/22/c3g_2015.08.22.tif,200.0,True,78053984.0,74.44,False
2015-08-23,https://data.chc.ucsb.edu/products/CHIRPS-GEFS/v3/daily/global/2015/08/23/c3g_2015.08.23.tif,200.0,True,71144136.0,67.85,False
2015-08-24,https://data.chc.ucsb.edu/products/CHIRPS-GEFS/v3/daily/global/2015/08/24/c3g_2015.08.24.tif,200.0,True,71022406.0,67.73,False
2015-08-25,https://data.chc.ucsb.edu/products/CHIRPS-GEFS/v3/daily/global/2015/08/25/c3g_2015.08.25.tif,200.0,True,78100266.0,74.48,False
2015-08-26,https://data.chc.ucsb.edu/products/CHIRPS-GEFS/v3/daily/global/2015/08/26/c3g_2015.08.26.tif,200.0,True,71192422.0,67.89,False
2015-08-27,https://data.chc.ucsb.edu/products/CHIRPS-GEFS/v3/daily/global/2015/08/27/c3g_2015.08.27.tif,200.0,True,71550972.0,68.24,False
2015-08-28,https://data.chc.ucsb.edu/products/CHIRPS-GEFS/v3/daily/global/2015/08/28/c3g_2015.08.28.tif,200.0,True,68475128.0,65.3,False
2015-08-29,https://data.chc.ucsb.edu/products/CHIRPS-GEFS/v3/daily/global/2015/08/29/c3g_2015.08.29.tif,200.0,True,68600306.0,65.42,False
2015-08-30,https://data.chc.ucsb.edu/products/CHIRPS-GEFS/v3/daily/global/2015/08/30/c3g_2015.08.30.tif,200.0,True,71471318.0,68.16,False
2015-08-31,https://data.chc.ucsb.edu/products/CHIRPS-GEFS/v3/daily/global/2015/08/31/c3g_2015.08.31.tif,200.0,True,67392514.0,64.27,False
2015-09-01,https://data.chc.ucsb.edu/products/CHIRPS-GEFS/v3/daily/global/2015/09/01/c3g_2015.09.01.tif,200.0,True,67521072.0,64.39,False
2015-09-02,https://data.chc.ucsb.edu/products/CHIRPS-GEFS/v3/daily/global/2015/09/02/c3g_2015.09.02.tif,200.0,True,71261974.0,67.96,False
2015-09-03,https://data.chc.ucsb.edu/products/CHIRPS-GEFS/v3/daily/global/2015/09/03/c3g_2015.09.03.tif,200.0,True,71523396.0,68.21,False
2015-09-04,https://data.chc.ucsb.edu/products/CHIRPS-GEFS/v3/daily/global/2015/09/04/c3g_2015.09.04.tif,200.0,True,68032984.0,64.88,False
2015-09-05,https://data.chc.ucsb.edu/products/CHIRPS-GEFS/v3/daily/global/2015/09/05/c3g_2015.09.05.tif,200.0,True,67756326.0,64.62,False
2015-09-06,https://data.chc.ucsb.edu/products/CHIRPS-GEFS/v3/daily/global/2015/09/06/c3g_2015.09.06.tif,200.0,True,78397852.0,74.77,False
2015-09-07,https://data.chc.ucsb.edu/products/CHIRPS-GEFS/v3/daily/global/2015/09/07/c3g_2015.09.07.tif,200.0,True,71884058.0,68.55,False
2015-09-08,https://data.chc.ucsb.edu/products/CHIRPS-GEFS/v3/daily/global/2015/09/08/c3g_2015.09.08.tif,200.0,True,71717990.0,68.4,False
2015-09-09,https://data.chc.ucsb.edu/products/CHIRPS-GEFS/v3/daily/global/2015/09/09/c3g_2015.09.09.tif,200.0,True,67383744.0,64.26,False
2015-09-10,https://data.chc.ucsb.edu/products/CHIRPS-GEFS/v3/daily/global/2015/09/10/c3g_2015.09.10.tif,200.0,True,70818660.0,67.54,False
2015-09-11,https://data.chc.ucsb.edu/products/CHIRPS-GEFS/v3/daily/global/2015/09/11/c3g_2015.09.11.tif,200.0,True,70708474.0,67.43,False
2015-09-12,https://data.chc.ucsb.edu/products/CHIRPS-GEFS/v3/daily/global/2015/09/12/c3g_2015.09.12.tif,200.0,True,68619530.0,65.44,False
2015-09-13,https://data.chc.ucsb.edu/products/CHIRPS-GEFS/v3/daily/global/2015/09/13/c3g_2015.09.13.tif,200.0,True,69735214.0,66.5,False
2015-09-14,https://data.chc.ucsb.edu/products/CHIRPS-GEFS/v3/daily/global/2015/09/14/c3g_2015.09.14.tif,200.0,True,69752078.0,66.52,False
2015-09-15,https://data.chc.ucsb.edu/products/CHIRPS-GEFS/v3/daily/global/2015/09/15/c3g_2015.09.15.tif,200.0,True,77496938.0,73.91,False
2015-09-16,https://data.chc.ucsb.edu/products/CHIRPS-GEFS/v3/daily/global/2015/09/16/c3g_2015.09.16.tif,200.0,True,71434512.0,68.13,False
2015-09-17,https://data.chc.ucsb.edu/products/CHIRPS-GEFS/v3/daily/global/2015/09/17/c3g_2015.09.17.tif,200.0,True,70641916.0,67.37,False
2015-09-18,https://data.chc.ucsb.edu/products/CHIRPS-GEFS/v3/daily/global/2015/09/18/c3g_2015.09.18.tif,200.0,True,70744672.0,67.47,False
2015-09-19,https://data.chc.ucsb.edu/products/CHIRPS-GEFS/v3/daily/global/2015/09/19/c3g_2015.09.19.tif,200.0,True,70869324.0,67.59,False
2015-09-20,https://data.chc.ucsb.edu/products/CHIRPS-GEFS/v3/daily/global/2015/09/20/c3g_2015.09.20.tif,200.0,True,71539740.0,68.23,False
2015-09-21,https://data.chc.ucsb.edu/products/CHIRPS-GEFS/v3/daily/global/2015/09/21/c3g_2015.09.21.tif,200.0,True,69094984.0,65.89,False
2015-09-22,https://data.chc.ucsb.edu/products/CHIRPS-GEFS/v3/daily/global/2015/09/22/c3g_2015.09.22.tif,200.0,True,77662842.0,74.07,False
2015-09-23,https://data.chc.ucsb.edu/products/CHIRPS-GEFS/v3/daily/global/2015/09/23/c3g_2015.09.23.tif,200.0,True,69407468.0,66.19,False
2015-09-24,https://data.chc.ucsb.edu/products/CHIRPS-GEFS/v3/daily/global/2015/09/24/c3g_2015.09.24.tif,200.0,True,66615246.0,63.53,False
2015-09-25,https://data.chc.ucsb.edu/products/CHIRPS-GEFS/v3/daily/global/2015/09/25/c3g_2015.09.25.tif,200.0,True,77500698.0,73.91,False
2015-09-26,https://data.chc.ucsb.edu/products/CHIRPS-GEFS/v3/daily/global/2015/09/26/c3g_2015.09.26.tif,200.0,True,68217330.0,65.06,False
2015-09-27,https://data.chc.ucsb.edu/products/CHIRPS-GEFS/v3/daily/global/2015/09/27/c3g_2015.09.27.tif,200.0,True,77525408.0,73.93,False
2015-09-28,https://data.chc.ucsb.edu/products/CHIRPS-GEFS/v3/daily/global/2015/09/28/c3g_2015.09.28.tif,200.0,True,67202706.0,64.09,False
2015-09-29,https://data.chc.ucsb.edu/products/CHIRPS-GEFS/v3/daily/global/2015/09/29/c3g_2015.09.29.tif,200.0,True,68569448.0,65.39,False
2015-09-30,https://data.chc.ucsb.edu/products/CHIRPS-GEFS/v3/daily/global/2015/09/30/c3g_2015.09.30.tif,200.0,True,70589160.0,67.32,False
2015-10-01,https://data.chc.ucsb.edu/products/CHIRPS-GEFS/v3/daily/global/2015/10/01/c3g_2015.10.01.tif,200.0,True,76633584.0,73.08,False
2015-10-02,https://data.chc.ucsb.edu/products/CHIRPS-GEFS/v3/daily/global/2015/10/02/c3g_2015.10.02.tif,200.0,True,64360580.0,61.38,False
2015-10-03,https://data.chc.ucsb.edu/products/CHIRPS-GEFS/v3/daily/global/2015/10/03/c3g_2015.10.03.tif,200.0,True,63696062.0,60.75,False
2015-10-04,https://data.chc.ucsb.edu/products/CHIRPS-GEFS/v3/daily/global/2015/10/04/c3g_2015.10.04.tif,200.0,True,67643516.0,64.51,False
2015-10-05,https://data.chc.ucsb.edu/products/CHIRPS-GEFS/v3/daily/global/2015/10/05/c3g_2015.10.05.tif,200.0,True,67219936.0,64.11,False
2015-10-06,https://data.chc.ucsb.edu/products/CHIRPS-GEFS/v3/daily/global/2015/10/06/c3g_2015.10.06.tif,200.0,True,76561558.0,73.01,False
2015-10-07,https://data.chc.ucsb.edu/products/CHIRPS-GEFS/v3/daily/global/2015/10/07/c3g_2015.10.07.tif,200.0,True,67124382.0,64.01,False
2015-10-08,https://data.chc.ucsb.edu/products/CHIRPS-GEFS/v3/daily/global/2015/10/08/c3g_2015.10.08.tif,200.0,True,77925350.0,74.32,False
2015-10-09,https://data.chc.ucsb.edu/products/CHIRPS-GEFS/v3/daily/global/2015/10/09/c3g_2015.10.09.tif,200.0,True,70732982.0,67.46,False
2015-10-10,https://data.chc.ucsb.edu/products/CHIRPS-GEFS/v3/daily/global/2015/10/10/c3g_2015.10.10.tif,200.0,True,70067670.0,66.82,False
2015-10-11,https://data.chc.ucsb.edu/products/CHIRPS-GEFS/v3/daily/global/2015/10/11/c3g_2015.10.11.tif,200.0,True,69607364.0,66.38,False
2015-10-12,https://data.chc.ucsb.edu/products/CHIRPS-GEFS/v3/daily/global/2015/10/12/c3g_2015.10.12.tif,200.0,True,66350802.0,63.28,False
2015-10-13,https://data.chc.ucsb.edu/products/CHIRPS-GEFS/v3/daily/global/2015/10/13/c3g_2015.10.13.tif,200.0,True,66399660.0,63.32,False
2015-10-14,https://data.chc.ucsb.edu/products/CHIRPS-GEFS/v3/daily/global/2015/10/14/c3g_2015.10.14.tif,200.0,True,69519262.0,66.3,False
2015-10-15,https://data.chc.ucsb.edu/products/CHIRPS-GEFS/v3/daily/global/2015/10/15/c3g_2015.10.15.tif,200.0,True,66145422.0,63.08,False
2015-10-16,https://data.chc.ucsb.edu/products/CHIRPS-GEFS/v3/daily/global/2015/10/16/c3g_2015.10.16.tif,200.0,True,66089766.0,63.03,False
2015-10-17,https://data.chc.ucsb.edu/products/CHIRPS-GEFS/v3/daily/global/2015/10/17/c3g_2015.10.17.tif,200.0,True,66872744.0,63.77,False
2015-10-18,https://data.chc.ucsb.edu/products/CHIRPS-GEFS/v3/daily/global/2015/10/18/c3g_2015.10.18.tif,200.0,True,70649732.0,67.38,False
2015-10-19,https://data.chc.ucsb.edu/products/CHIRPS-GEFS/v3/daily/global/2015/10/19/c3g_2015.10.19.tif,200.0,True,77911256.0,74.3,False
2015-10-20,https://data.chc.ucsb.edu/products/CHIRPS-GEFS/v3/daily/global/2015/10/20/c3g_2015.10.20.tif,200.0,True,67938360.0,64.79,False
2015-10-21,https://data.chc.ucsb.edu/products/CHIRPS-GEFS/v3/daily/global/2015/10/21/c3g_2015.10.21.tif,200.0,True,70333600.0,67.08,False
2015-10-22,https://data.chc.ucsb.edu/products/CHIRPS-GEFS/v3/daily/global/2015/10/22/c3g_2015.10.22.tif,200.0,True,69908866.0,66.67,False
2015-10-23,https://data.chc.ucsb.edu/products/CHIRPS-GEFS/v3/daily/global/2015/10/23/c3g_2015.10.23.tif,200.0,True,67667064.0,64.53,False
2015-10-24,https://data.chc.ucsb.edu/products/CHIRPS-GEFS/v3/daily/global/2015/10/24/c3g_2015.10.24.tif,200.0,True,77859464.0,74.25,False
2015-10-25,https://data.chc.ucsb.edu/products/CHIRPS-GEFS/v3/daily/global/2015/10/25/c3g_2015.10.25.tif,200.0,True,77822130.0,74.22,False
2015-10-26,https://data.chc.ucsb.edu/products/CHIRPS-GEFS/v3/daily/global/2015/10/26/c3g_2015.10.26.tif,200.0,True,70860176.0,67.58,False
2015-10-27,https://data.chc.ucsb.edu/products/CHIRPS-GEFS/v3/daily/global/2015/10/27/c3g_2015.10.27.tif,200.0,True,72459682.0,69.1,False
2015-10-28,https://data.chc.ucsb.edu/products/CHIRPS-GEFS/v3/daily/global/2015/10/28/c3g_2015.10.28.tif,200.0,True,77355348.0,73.77,False
2015-10-29,https://data.chc.ucsb.edu/products/CHIRPS-GEFS/v3/daily/global/2015/10/29/c3g_2015.10.29.tif,200.0,True,71884648.0,68.55,False
2015-10-30,https://data.chc.ucsb.edu/products/CHIRPS-GEFS/v3/daily/global/2015/10/30/c3g_2015.10.30.tif,200.0,True,71741576.0,68.42,False
2015-10-31,https://data.chc.ucsb.edu/products/CHIRPS-GEFS/v3/daily/global/2015/10/31/c3g_2015.10.31.tif,200.0,True,76867164.0,73.31,False
2015-11-01,https://data.chc.ucsb.edu/products/CHIRPS-GEFS/v3/daily/global/2015/11/01/c3g_2015.11.01.tif,200.0,True,76614328.0,73.07,False
2015-11-02,https://data.chc.ucsb.edu/products/CHIRPS-GEFS/v3/daily/global/2015/11/02/c3g_2015.11.02.tif,200.0,True,71507778.0,68.2,False
2015-11-03,https://data.chc.ucsb.edu/products/CHIRPS-GEFS/v3/daily/global/2015/11/03/c3g_2015.11.03.tif,200.0,True,69311010.0,66.1,False
2015-11-04,https://data.chc.ucsb.edu/products/CHIRPS-GEFS/v3/daily/global/2015/11/04/c3g_2015.11.04.tif,200.0,True,71029500.0,67.74,False
2015-11-05,https://data.chc.ucsb.edu/products/CHIRPS-GEFS/v3/daily/global/2015/11/05/c3g_2015.11.05.tif,200.0,True,67235426.0,64.12,False
2015-11-06,https://data.chc.ucsb.edu/products/CHIRPS-GEFS/v3/daily/global/2015/11/06/c3g_2015.11.06.tif,200.0,True,70220884.0,66.97,False
2015-11-07,https://data.chc.ucsb.edu/products/CHIRPS-GEFS/v3/daily/global/2015/11/07/c3g_2015.11.07.tif,200.0,True,69948062.0,66.71,False
2015-11-08,https://data.chc.ucsb.edu/products/CHIRPS-GEFS/v3/daily/global/2015/11/08/c3g_2015.11.08.tif,200.0,True,75825212.0,72.31,False
2015-11-09,https://data.chc.ucsb.edu/products/CHIRPS-GEFS/v3/daily/global/2015/11/09/c3g_2015.11.09.tif,200.0,True,75570494.0,72.07,False
2015-11-10,https://data.chc.ucsb.edu/products/CHIRPS-GEFS/v3/daily/global/2015/11/10/c3g_2015.11.10.tif,200.0,True,69199656.0,65.99,False
2015-11-11,https://data.chc.ucsb.edu/products/CHIRPS-GEFS/v3/daily/global/2015/11/11/c3g_2015.11.11.tif,200.0,True,75347514.0,71.86,False
2015-11-12,https://data.chc.ucsb.edu/products/CHIRPS-GEFS/v3/daily/global/2015/11/12/c3g_2015.11.12.tif,200.0,True,69308396.0,66.1,False
2015-11-13,https://data.chc.ucsb.edu/products/CHIRPS-GEFS/v3/daily/global/2015/11/13/c3g_2015.11.13.tif,200.0,True,69000246.0,65.8,False
2015-11-14,https://data.chc.ucsb.edu/products/CHIRPS-GEFS/v3/daily/global/2015/11/14/c3g_2015.11.14.tif,200.0,True,68643974.0,65.46,False
2015-11-15,https://data.chc.ucsb.edu/products/CHIRPS-GEFS/v3/daily/global/2015/11/15/c3g_2015.11.15.tif,200.0,True,66281484.0,63.21,False
2015-11-16,https://data.chc.ucsb.edu/products/CHIRPS-GEFS/v3/daily/global/2015/11/16/c3g_2015.11.16.tif,200.0,True,70248824.0,66.99,False
2015-11-17,https://data.chc.ucsb.edu/products/CHIRPS-GEFS/v3/daily/global/2015/11/17/c3g_2015.11.17.tif,200.0,True,70382510.0,67.12,False
2015-11-18,https://data.chc.ucsb.edu/products/CHIRPS-GEFS/v3/daily/global/2015/11/18/c3g_2015.11.18.tif,200.0,True,66728642.0,63.64,False
2015-11-19,https://data.chc.ucsb.edu/products/CHIRPS-GEFS/v3/daily/global/2015/11/19/c3g_2015.11.19.tif,200.0,True,69020682.0,65.82,False
2015-11-20,https://data.chc.ucsb.edu/products/CHIRPS-GEFS/v3/daily/global/2015/11/20/c3g_2015.11.20.tif,200.0,True,67500082.0,64.37,False
2015-11-21,https://data.chc.ucsb.edu/products/CHIRPS-GEFS/v3/daily/global/2015/11/21/c3g_2015.11.21.tif,200.0,True,67886838.0,64.74,False
2015-11-22,https://data.chc.ucsb.edu/products/CHIRPS-GEFS/v3/daily/global/2015/11/22/c3g_2015.11.22.tif,200.0,True,67276860.0,64.16,False
2015-11-23,https://data.chc.ucsb.edu/products/CHIRPS-GEFS/v3/daily/global/2015/11/23/c3g_2015.11.23.tif,200.0,True,75494048.0,72.0,False
2015-11-24,https://data.chc.ucsb.edu/products/CHIRPS-GEFS/v3/daily/global/2015/11/24/c3g_2015.11.24.tif,200.0,True,74743620.0,71.28,False
2015-11-25,https://data.chc.ucsb.edu/products/CHIRPS-GEFS/v3/daily/global/2015/11/25/c3g_2015.11.25.tif,200.0,True,67486284.0,64.36,False
2015-11-26,https://data.chc.ucsb.edu/products/CHIRPS-GEFS/v3/daily/global/2015/11/26/c3g_2015.11.26.tif,200.0,True,67963128.0,64.81,False
2015-11-27,https://data.chc.ucsb.edu/products/CHIRPS-GEFS/v3/daily/global/2015/11/27/c3g_2015.11.27.tif,200.0,True,74378778.0,70.93,False
2015-11-28,https://data.chc.ucsb.edu/products/CHIRPS-GEFS/v3/daily/global/2015/11/28/c3g_2015.11.28.tif,200.0,True,68663102.0,65.48,False
2015-11-29,https://data.chc.ucsb.edu/products/CHIRPS-GEFS/v3/daily/global/2015/11/29/c3g_2015.11.29.tif,200.0,True,68072660.0,64.92,False
2015-11-30,https://data.chc.ucsb.edu/products/CHIRPS-GEFS/v3/daily/global/2015/11/30/c3g_2015.11.30.tif,200.0,True,65340980.0,62.31,False
2015-12-01,https://data.chc.ucsb.edu/products/CHIRPS-GEFS/v3/daily/global/2015/12/01/c3g_2015.12.01.tif,200.0,True,67242394.0,64.13,False
2015-12-02,https://data.chc.ucsb.edu/products/CHIRPS-GEFS/v3/daily/global/2015/12/02/c3g_2015.12.02.tif,200.0,True,70044620.0,66.8,False
2015-12-03,https://data.chc.ucsb.edu/products/CHIRPS-GEFS/v3/daily/global/2015/12/03/c3g_2015.12.03.tif,200.0,True,69185784.0,65.98,False
2015-12-04,https://data.chc.ucsb.edu/products/CHIRPS-GEFS/v3/daily/global/2015/12/04/c3g_2015.12.04.tif,200.0,True,74843610.0,71.38,False
2015-12-05,https://data.chc.ucsb.edu/products/CHIRPS-GEFS/v3/daily/global/2015/12/05/c3g_2015.12.05.tif,200.0,True,67587030.0,64.46,False
2015-12-06,https://data.chc.ucsb.edu/products/CHIRPS-GEFS/v3/daily/global/2015/12/06/c3g_2015.12.06.tif,200.0,True,68358028.0,65.19,False
2015-12-07,https://data.chc.ucsb.edu/products/CHIRPS-GEFS/v3/daily/global/2015/12/07/c3g_2015.12.07.tif,200.0,True,68807246.0,65.62,False
2015-12-08,https://data.chc.ucsb.edu/products/CHIRPS-GEFS/v3/daily/global/2015/12/08/c3g_2015.12.08.tif,200.0,True,65211060.0,62.19,False
2015-12-09,https://data.chc.ucsb.edu/products/CHIRPS-GEFS/v3/daily/global/2015/12/09/c3g_2015.12.09.tif,200.0,True,69670230.0,66.44,False
2015-12-10,https://data.chc.ucsb.edu/products/CHIRPS-GEFS/v3/daily/global/2015/12/10/c3g_2015.12.10.tif,200.0,True,69241056.0,66.03,False
2015-12-11,https://data.chc.ucsb.edu/products/CHIRPS-GEFS/v3/daily/global/2015/12/11/c3g_2015.12.11.tif,200.0,True,68873140.0,65.68,False
2015-12-12,https://data.chc.ucsb.edu/products/CHIRPS-GEFS/v3/daily/global/2015/12/12/c3g_2015.12.12.tif,200.0,True,68950628.0,65.76,False
2015-12-13,https://data.chc.ucsb.edu/products/CHIRPS-GEFS/v3/daily/global/2015/12/13/c3g_2015.12.13.tif,200.0,True,66359892.0,63.29,False
2015-12-14,https://data.chc.ucsb.edu/products/CHIRPS-GEFS/v3/daily/global/2015/12/14/c3g_2015.12.14.tif,200.0,True,66100824.0,63.04,False
2015-12-15,https://data.chc.ucsb.edu/products/CHIRPS-GEFS/v3/daily/global/2015/12/15/c3g_2015.12.15.tif,200.0,True,65558850.0,62.52,False
2015-12-16,https://data.chc.ucsb.edu/products/CHIRPS-GEFS/v3/daily/global/2015/12/16/c3g_2015.12.16.tif,200.0,True,65161964.0,62.14,False
2015-12-17,https://data.chc.ucsb.edu/products/CHIRPS-GEFS/v3/daily/global/2015/12/17/c3g_2015.12.17.tif,200.0,True,68908788.0,65.72,False
2015-12-18,https://data.chc.ucsb.edu/products/CHIRPS-GEFS/v3/daily/global/2015/12/18/c3g_2015.12.18.tif,200.0,True,69252238.0,66.04,False
2015-12-19,https://data.chc.ucsb.edu/products/CHIRPS-GEFS/v3/daily/global/2015/12/19/c3g_2015.12.19.tif,200.0,True,68851234.0,65.66,False
2015-12-20,https://data.chc.ucsb.edu/products/CHIRPS-GEFS/v3/daily/global/2015/12/20/c3g_2015.12.20.tif,200.0,True,75221446.0,71.74,False
2015-12-21,https://data.chc.ucsb.edu/products/CHIRPS-GEFS/v3/daily/global/2015/12/21/c3g_2015.12.21.tif,200.0,True,69526216.0,66.31,False
2015-12-22,https://data.chc.ucsb.edu/products/CHIRPS-GEFS/v3/daily/global/2015/12/22/c3g_2015.12.22.tif,200.0,True,69706020.0,66.48,False
2015-12-23,https://data.chc.ucsb.edu/products/CHIRPS-GEFS/v3/daily/global/2015/12/23/c3g_2015.12.23.tif,200.0,True,75309174.0,71.82,False
2015-12-24,https://data.chc.ucsb.edu/products/CHIRPS-GEFS/v3/daily/global/2015/12/24/c3g_2015.12.24.tif,200.0,True,69730062.0,66.5,False
2015-12-25,https://data.chc.ucsb.edu/products/CHIRPS-GEFS/v3/daily/global/2015/12/25/c3g_2015.12.25.tif,200.0,True,65685228.0,62.64,False
2015-12-26,https://data.chc.ucsb.edu/products/CHIRPS-GEFS/v3/daily/global/2015/12/26/c3g_2015.12.26.tif,200.0,True,73424674.0,70.02,False
2015-12-27,https://data.chc.ucsb.edu/products/CHIRPS-GEFS/v3/daily/global/2015/12/27/c3g_2015.12.27.tif,200.0,True,66759396.0,63.67,False
2015-12-28,https://data.chc.ucsb.edu/products/CHIRPS-GEFS/v3/daily/global/2015/12/28/c3g_2015.12.28.tif,200.0,True,67355476.0,64.24,False
2015-12-29,https://data.chc.ucsb.edu/products/CHIRPS-GEFS/v3/daily/global/2015/12/29/c3g_2015.12.29.tif,200.0,True,64082180.0,61.11,False
2015-12-30,https://data.chc.ucsb.edu/products/CHIRPS-GEFS/v3/daily/global/2015/12/30/c3g_2015.12.30.tif,200.0,True,64337162.0,61.36,False
2015-12-31,https://data.chc.ucsb.edu/products/CHIRPS-GEFS/v3/daily/global/2015/12/31/c3g_2015.12.31.tif,200.0,True,64008728.0,61.04,False
2016-01-01,https://data.chc.ucsb.edu/products/CHIRPS-GEFS/v3/daily/global/2016/01/01/c3g_2016.01.01.tif,200.0,True,65014190.0,62.0,False
2016-01-02,https://data.chc.ucsb.edu/products/CHIRPS-GEFS/v3/daily/global/2016/01/02/c3g_2016.01.02.tif,200.0,True,65525006.0,62.49,False
2016-01-03,https://data.chc.ucsb.edu/products/CHIRPS-GEFS/v3/daily/global/2016/01/03/c3g_2016.01.03.tif,200.0,True,64589856.0,61.6,False
2016-01-04,https://data.chc.ucsb.edu/products/CHIRPS-GEFS/v3/daily/global/2016/01/04/c3g_2016.01.04.tif,200.0,True,65368066.0,62.34,False
2016-01-05,https://data.chc.ucsb.edu/products/CHIRPS-GEFS/v3/daily/global/2016/01/05/c3g_2016.01.05.tif,200.0,True,65715974.0,62.67,False
2016-01-06,https://data.chc.ucsb.edu/products/CHIRPS-GEFS/v3/daily/global/2016/01/06/c3g_2016.01.06.tif,200.0,True,65439732.0,62.41,False
2016-01-07,https://data.chc.ucsb.edu/products/CHIRPS-GEFS/v3/daily/global/2016/01/07/c3g_2016.01.07.tif,200.0,True,67242180.0,64.13,False
2016-01-08,https://data.chc.ucsb.edu/products/CHIRPS-GEFS/v3/daily/global/2016/01/08/c3g_2016.01.08.tif,200.0,True,67814220.0,64.67,False
2016-01-09,https://data.chc.ucsb.edu/products/CHIRPS-GEFS/v3/daily/global/2016/01/09/c3g_2016.01.09.tif,200.0,True,67729240.0,64.59,False
2016-01-10,https://data.chc.ucsb.edu/products/CHIRPS-GEFS/v3/daily/global/2016/01/10/c3g_2016.01.10.tif,200.0,True,66730268.0,63.64,False
2016-01-11,https://data.chc.ucsb.edu/products/CHIRPS-GEFS/v3/daily/global/2016/01/11/c3g_2016.01.11.tif,200.0,True,66937992.0,63.84,False
2016-01-12,https://data.chc.ucsb.edu/products/CHIRPS-GEFS/v3/daily/global/2016/01/12/c3g_2016.01.12.tif,200.0,True,67200286.0,64.09,False
2016-01-13,https://data.chc.ucsb.edu/products/CHIRPS-GEFS/v3/daily/global/2016/01/13/c3g_2016.01.13.tif,200.0,True,66879482.0,63.78,False
2016-01-14,https://data.chc.ucsb.edu/products/CHIRPS-GEFS/v3/daily/global/2016/01/14/c3g_2016.01.14.tif,200.0,True,66552530.0,63.47,False
2016-01-15,https://data.chc.ucsb.edu/products/CHIRPS-GEFS/v3/daily/global/2016/01/15/c3g_2016.01.15.tif,200.0,True,66883422.0,63.79,False
2016-01-16,https://data.chc.ucsb.edu/products/CHIRPS-GEFS/v3/daily/global/2016/01/16/c3g_2016.01.16.tif,200.0,True,65972430.0,62.92,False
2016-01-17,https://data.chc.ucsb.edu/products/CHIRPS-GEFS/v3/daily/global/2016/01/17/c3g_2016.01.17.tif,200.0,True,66123270.0,63.06,False
2016-01-18,https://data.chc.ucsb.edu/products/CHIRPS-GEFS/v3/daily/global/2016/01/18/c3g_2016.01.18.tif,200.0,True,66111928.0,63.05,False
2016-01-19,https://data.chc.ucsb.edu/products/CHIRPS-GEFS/v3/daily/global/2016/01/19/c3g_2016.01.19.tif,200.0,True,66841986.0,63.75,False
2016-01-20,https://data.chc.ucsb.edu/products/CHIRPS-GEFS/v3/daily/global/2016/01/20/c3g_2016.01.20.tif,200.0,True,66710576.0,63.62,False
2016-01-21,https://data.chc.ucsb.edu/products/CHIRPS-GEFS/v3/daily/global/2016/01/21/c3g_2016.01.21.tif,200.0,True,65013308.0,62.0,False
2016-01-22,https://data.chc.ucsb.edu/products/CHIRPS-GEFS/v3/daily/global/2016/01/22/c3g_2016.01.22.tif,200.0,True,65990952.0,62.93,False
2016-01-23,https://data.chc.ucsb.edu/products/CHIRPS-GEFS/v3/daily/global/2016/01/23/c3g_2016.01.23.tif,200.0,True,65114872.0,62.1,False
2016-01-24,https://data.chc.ucsb.edu/products/CHIRPS-GEFS/v3/daily/global/2016/01/24/c3g_2016.01.24.tif,200.0,True,64647344.0,61.65,False
2016-01-25,https://data.chc.ucsb.edu/products/CHIRPS-GEFS/v3/daily/global/2016/01/25/c3g_2016.01.25.tif,200.0,True,64019776.0,61.05,False
2016-01-26,https://data.chc.ucsb.edu/products/CHIRPS-GEFS/v3/daily/global/2016/01/26/c3g_2016.01.26.tif,200.0,True,64978406.0,61.97,False
2016-01-27,https://data.chc.ucsb.edu/products/CHIRPS-GEFS/v3/daily/global/2016/01/27/c3g_2016.01.27.tif,200.0,True,66632504.0,63.55,False
2016-01-28,https://data.chc.ucsb.edu/products/CHIRPS-GEFS/v3/daily/global/2016/01/28/c3g_2016.01.28.tif,200.0,True,65926598.0,62.87,False
2016-01-29,https://data.chc.ucsb.edu/products/CHIRPS-GEFS/v3/daily/global/2016/01/29/c3g_2016.01.29.tif,200.0,True,65940654.0,62.89,False
2016-01-30,https://data.chc.ucsb.edu/products/CHIRPS-GEFS/v3/daily/global/2016/01/30/c3g_2016.01.30.tif,200.0,True,66716758.0,63.63,False
2016-01-31,https://data.chc.ucsb.edu/products/CHIRPS-GEFS/v3/daily/global/2016/01/31/c3g_2016.01.31.tif,200.0,True,64864032.0,61.86,False
2016-02-01,https://data.chc.ucsb.edu/products/CHIRPS-GEFS/v3/daily/global/2016/02/01/c3g_2016.02.01.tif,200.0,True,66089348.0,63.03,False
2016-02-02,https://data.chc.ucsb.edu/products/CHIRPS-GEFS/v3/daily/global/2016/02/02/c3g_2016.02.02.tif,200.0,True,66504112.0,63.42,False
2016-02-03,https://data.chc.ucsb.edu/products/CHIRPS-GEFS/v3/daily/global/2016/02/03/c3g_2016.02.03.tif,200.0,True,67014326.0,63.91,False
2016-02-04,https://data.chc.ucsb.edu/products/CHIRPS-GEFS/v3/daily/global/2016/02/04/c3g_2016.02.04.tif,200.0,True,64069132.0,61.1,False
2016-02-05,https://data.chc.ucsb.edu/products/CHIRPS-GEFS/v3/daily/global/2016/02/05/c3g_2016.02.05.tif,200.0,True,65629380.0,62.59,False
2016-02-06,https://data.chc.ucsb.edu/products/CHIRPS-GEFS/v3/daily/global/2016/02/06/c3g_2016.02.06.tif,200.0,True,64235306.0,61.26,False
2016-02-07,https://data.chc.ucsb.edu/products/CHIRPS-GEFS/v3/daily/global/2016/02/07/c3g_2016.02.07.tif,200.0,True,63974956.0,61.01,False
2016-02-08,https://data.chc.ucsb.edu/products/CHIRPS-GEFS/v3/daily/global/2016/02/08/c3g_2016.02.08.tif,200.0,True,63980640.0,61.02,False
2016-02-09,https://data.chc.ucsb.edu/products/CHIRPS-GEFS/v3/daily/global/2016/02/09/c3g_2016.02.09.tif,200.0,True,64014260.0,61.05,False
2016-02-10,https://data.chc.ucsb.edu/products/CHIRPS-GEFS/v3/daily/global/2016/02/10/c3g_2016.02.10.tif,200.0,True,63820672.0,60.86,False
2016-02-11,https://data.chc.ucsb.edu/products/CHIRPS-GEFS/v3/daily/global/2016/02/11/c3g_2016.02.11.tif,200.0,True,66633804.0,63.55,False
2016-02-12,https://data.chc.ucsb.edu/products/CHIRPS-GEFS/v3/daily/global/2016/02/12/c3g_2016.02.12.tif,200.0,True,65381670.0,62.35,False
2016-02-13,https://data.chc.ucsb.edu/products/CHIRPS-GEFS/v3/daily/global/2016/02/13/c3g_2016.02.13.tif,200.0,True,64355274.0,61.37,False
2016-02-14,https://data.chc.ucsb.edu/products/CHIRPS-GEFS/v3/daily/global/2016/02/14/c3g_2016.02.14.tif,200.0,True,64961832.0,61.95,False
2016-02-15,https://data.chc.ucsb.edu/products/CHIRPS-GEFS/v3/daily/global/2016/02/15/c3g_2016.02.15.tif,200.0,True,66322470.0,63.25,False
2016-02-16,https://data.chc.ucsb.edu/products/CHIRPS-GEFS/v3/daily/global/2016/02/16/c3g_2016.02.16.tif,200.0,True,63947212.0,60.98,False
2016-02-17,https://data.chc.ucsb.edu/products/CHIRPS-GEFS/v3/daily/global/2016/02/17/c3g_2016.02.17.tif,200.0,True,65155256.0,62.14,False
2016-02-18,https://data.chc.ucsb.edu/products/CHIRPS-GEFS/v3/daily/global/2016/02/18/c3g_2016.02.18.tif,200.0,True,65619250.0,62.58,False
2016-02-19,https://data.chc.ucsb.edu/products/CHIRPS-GEFS/v3/daily/global/2016/02/19/c3g_2016.02.19.tif,200.0,True,66419952.0,63.34,False
2016-02-20,https://data.chc.ucsb.edu/products/CHIRPS-GEFS/v3/daily/global/2016/02/20/c3g_2016.02.20.tif,200.0,True,66484838.0,63.4,False
2016-02-21,https://data.chc.ucsb.edu/products/CHIRPS-GEFS/v3/daily/global/2016/02/21/c3g_2016.02.21.tif,200.0,True,65300840.0,62.28,False
2016-02-22,https://data.chc.ucsb.edu/products/CHIRPS-GEFS/v3/daily/global/2016/02/22/c3g_2016.02.22.tif,200.0,True,66814162.0,63.72,False
2016-02-23,https://data.chc.ucsb.edu/products/CHIRPS-GEFS/v3/daily/global/2016/02/23/c3g_2016.02.23.tif,200.0,True,66206166.0,63.14,False
2016-02-24,https://data.chc.ucsb.edu/products/CHIRPS-GEFS/v3/daily/global/2016/02/24/c3g_2016.02.24.tif,200.0,True,66388084.0,63.31,False
2016-02-25,https://data.chc.ucsb.edu/products/CHIRPS-GEFS/v3/daily/global/2016/02/25/c3g_2016.02.25.tif,200.0,True,67852030.0,64.71,False
2016-02-26,https://data.chc.ucsb.edu/products/CHIRPS-GEFS/v3/daily/global/2016/02/26/c3g_2016.02.26.tif,200.0,True,67104472.0,64.0,False
2016-02-27,https://data.chc.ucsb.edu/products/CHIRPS-GEFS/v3/daily/global/2016/02/27/c3g_2016.02.27.tif,200.0,True,66286376.0,63.22,False
2016-02-28,https://data.chc.ucsb.edu/products/CHIRPS-GEFS/v3/daily/global/2016/02/28/c3g_2016.02.28.tif,200.0,True,66846004.0,63.75,False
2016-02-29,https://data.chc.ucsb.edu/products/CHIRPS-GEFS/v3/daily/global/2016/02/29/c3g_2016.02.29.tif,200.0,True,66515310.0,63.43,False
2016-03-01,https://data.chc.ucsb.edu/products/CHIRPS-GEFS/v3/daily/global/2016/03/01/c3g_2016.03.01.tif,200.0,True,67142406.0,64.03,False
2016-03-02,https://data.chc.ucsb.edu/products/CHIRPS-GEFS/v3/daily/global/2016/03/02/c3g_2016.03.02.tif,200.0,True,66395930.0,63.32,False
2016-03-03,https://data.chc.ucsb.edu/products/CHIRPS-GEFS/v3/daily/global/2016/03/03/c3g_2016.03.03.tif,200.0,True,68039292.0,64.89,False
2016-03-04,https://data.chc.ucsb.edu/products/CHIRPS-GEFS/v3/daily/global/2016/03/04/c3g_2016.03.04.tif,200.0,True,67865138.0,64.72,False
2016-03-05,https://data.chc.ucsb.edu/products/CHIRPS-GEFS/v3/daily/global/2016/03/05/c3g_2016.03.05.tif,200.0,True,66620358.0,63.53,False
2016-03-06,https://data.chc.ucsb.edu/products/CHIRPS-GEFS/v3/daily/global/2016/03/06/c3g_2016.03.06.tif,200.0,True,70366354.0,67.11,False
2016-03-07,https://data.chc.ucsb.edu/products/CHIRPS-GEFS/v3/daily/global/2016/03/07/c3g_2016.03.07.tif,200.0,True,72414572.0,69.06,False
2016-03-08,https://data.chc.ucsb.edu/products/CHIRPS-GEFS/v3/daily/global/2016/03/08/c3g_2016.03.08.tif,200.0,True,74877158.0,71.41,False
2016-03-09,https://data.chc.ucsb.edu/products/CHIRPS-GEFS/v3/daily/global/2016/03/09/c3g_2016.03.09.tif,200.0,True,72183154.0,68.84,False
2016-03-10,https://data.chc.ucsb.edu/products/CHIRPS-GEFS/v3/daily/global/2016/03/10/c3g_2016.03.10.tif,200.0,True,71574690.0,68.26,False
2016-03-11,https://data.chc.ucsb.edu/products/CHIRPS-GEFS/v3/daily/global/2016/03/11/c3g_2016.03.11.tif,200.0,True,70798198.0,67.52,False
2016-03-12,https://data.chc.ucsb.edu/products/CHIRPS-GEFS/v3/daily/global/2016/03/12/c3g_2016.03.12.tif,200.0,True,71797560.0,68.47,False
2016-03-13,https://data.chc.ucsb.edu/products/CHIRPS-GEFS/v3/daily/global/2016/03/13/c3g_2016.03.13.tif,200.0,True,74491092.0,71.04,False
2016-03-14,https://data.chc.ucsb.edu/products/CHIRPS-GEFS/v3/daily/global/2016/03/14/c3g_2016.03.14.tif,200.0,True,71543356.0,68.23,False
2016-03-15,https://data.chc.ucsb.edu/products/CHIRPS-GEFS/v3/daily/global/2016/03/15/c3g_2016.03.15.tif,200.0,True,66888512.0,63.79,False
2016-03-16,https://data.chc.ucsb.edu/products/CHIRPS-GEFS/v3/daily/global/2016/03/16/c3g_2016.03.16.tif,200.0,True,70840254.0,67.56,False
2016-03-17,https://data.chc.ucsb.edu/products/CHIRPS-GEFS/v3/daily/global/2016/03/17/c3g_2016.03.17.tif,200.0,True,74586348.0,71.13,False
2016-03-18,https://data.chc.ucsb.edu/products/CHIRPS-GEFS/v3/daily/global/2016/03/18/c3g_2016.03.18.tif,200.0,True,73882706.0,70.46,False
2016-03-19,https://data.chc.ucsb.edu/products/CHIRPS-GEFS/v3/daily/global/2016/03/19/c3g_2016.03.19.tif,200.0,True,74319796.0,70.88,False
2016-03-20,https://data.chc.ucsb.edu/products/CHIRPS-GEFS/v3/daily/global/2016/03/20/c3g_2016.03.20.tif,200.0,True,74464460.0,71.01,False
2016-03-21,https://data.chc.ucsb.edu/products/CHIRPS-GEFS/v3/daily/global/2016/03/21/c3g_2016.03.21.tif,200.0,True,73853688.0,70.43,False
2016-03-22,https://data.chc.ucsb.edu/products/CHIRPS-GEFS/v3/daily/global/2016/03/22/c3g_2016.03.22.tif,200.0,True,66557858.0,63.47,False
2016-03-23,https://data.chc.ucsb.edu/products/CHIRPS-GEFS/v3/daily/global/2016/03/23/c3g_2016.03.23.tif,200.0,True,71224592.0,67.93,False
2016-03-24,https://data.chc.ucsb.edu/products/CHIRPS-GEFS/v3/daily/global/2016/03/24/c3g_2016.03.24.tif,200.0,True,73955710.0,70.53,False
2016-03-25,https://data.chc.ucsb.edu/products/CHIRPS-GEFS/v3/daily/global/2016/03/25/c3g_2016.03.25.tif,200.0,True,70469196.0,67.2,False
2016-03-26,https://data.chc.ucsb.edu/products/CHIRPS-GEFS/v3/daily/global/2016/03/26/c3g_2016.03.26.tif,200.0,True,69114658.0,65.91,False
2016-03-27,https://data.chc.ucsb.edu/products/CHIRPS-GEFS/v3/daily/global/2016/03/27/c3g_2016.03.27.tif,200.0,True,70361690.0,67.1,False
2016-03-28,https://data.chc.ucsb.edu/products/CHIRPS-GEFS/v3/daily/global/2016/03/28/c3g_2016.03.28.tif,200.0,True,70259924.0,67.01,False
2016-03-29,https://data.chc.ucsb.edu/products/CHIRPS-GEFS/v3/daily/global/2016/03/29/c3g_2016.03.29.tif,200.0,True,67884392.0,64.74,False
2016-03-30,https://data.chc.ucsb.edu/products/CHIRPS-GEFS/v3/daily/global/2016/03/30/c3g_2016.03.30.tif,200.0,True,74352748.0,70.91,False
2016-03-31,https://data.chc.ucsb.edu/products/CHIRPS-GEFS/v3/daily/global/2016/03/31/c3g_2016.03.31.tif,200.0,True,72185338.0,68.84,False
2016-04-01,https://data.chc.ucsb.edu/products/CHIRPS-GEFS/v3/daily/global/2016/04/01/c3g_2016.04.01.tif,200.0,True,71971898.0,68.64,False
2016-04-02,https://data.chc.ucsb.edu/products/CHIRPS-GEFS/v3/daily/global/2016/04/02/c3g_2016.04.02.tif,200.0,True,71280094.0,67.98,False
2016-04-03,https://data.chc.ucsb.edu/products/CHIRPS-GEFS/v3/daily/global/2016/04/03/c3g_2016.04.03.tif,200.0,True,75358154.0,71.87,False
2016-04-04,https://data.chc.ucsb.edu/products/CHIRPS-GEFS/v3/daily/global/2016/04/04/c3g_2016.04.04.tif,200.0,True,67599118.0,64.47,False
2016-04-05,https://data.chc.ucsb.edu/products/CHIRPS-GEFS/v3/daily/global/2016/04/05/c3g_2016.04.05.tif,200.0,True,71829472.0,68.5,False
2016-04-06,https://data.chc.ucsb.edu/products/CHIRPS-GEFS/v3/daily/global/2016/04/06/c3g_2016.04.06.tif,200.0,True,71634318.0,68.32,False
2016-04-07,https://data.chc.ucsb.edu/products/CHIRPS-GEFS/v3/daily/global/2016/04/07/c3g_2016.04.07.tif,200.0,True,67837030.0,64.69,False
2016-04-08,https://data.chc.ucsb.edu/products/CHIRPS-GEFS/v3/daily/global/2016/04/08/c3g_2016.04.08.tif,200.0,True,75501446.0,72.0,False
2016-04-09,https://data.chc.ucsb.edu/products/CHIRPS-GEFS/v3/daily/global/2016/04/09/c3g_2016.04.09.tif,200.0,True,72723952.0,69.35,False
2016-04-10,https://data.chc.ucsb.edu/products/CHIRPS-GEFS/v3/daily/global/2016/04/10/c3g_2016.04.10.tif,200.0,True,71838310.0,68.51,False
2016-04-11,https://data.chc.ucsb.edu/products/CHIRPS-GEFS/v3/daily/global/2016/04/11/c3g_2016.04.11.tif,200.0,True,71213400.0,67.91,False
2016-04-12,https://data.chc.ucsb.edu/products/CHIRPS-GEFS/v3/daily/global/2016/04/12/c3g_2016.04.12.tif,200.0,True,70773756.0,67.5,False
2016-04-13,https://data.chc.ucsb.edu/products/CHIRPS-GEFS/v3/daily/global/2016/04/13/c3g_2016.04.13.tif,200.0,True,71350910.0,68.05,False
2016-04-14,https://data.chc.ucsb.edu/products/CHIRPS-GEFS/v3/daily/global/2016/04/14/c3g_2016.04.14.tif,200.0,True,70846588.0,67.56,False
2016-04-15,https://data.chc.ucsb.edu/products/CHIRPS-GEFS/v3/daily/global/2016/04/15/c3g_2016.04.15.tif,200.0,True,69766498.0,66.53,False
2016-04-16,https://data.chc.ucsb.edu/products/CHIRPS-GEFS/v3/daily/global/2016/04/16/c3g_2016.04.16.tif,200.0,True,73436238.0,70.03,False
2016-04-17,https://data.chc.ucsb.edu/products/CHIRPS-GEFS/v3/daily/global/2016/04/17/c3g_2016.04.17.tif,200.0,True,64912152.0,61.91,False
2016-04-18,https://data.chc.ucsb.edu/products/CHIRPS-GEFS/v3/daily/global/2016/04/18/c3g_2016.04.18.tif,200.0,True,70138016.0,66.89,False
2016-04-19,https://data.chc.ucsb.edu/products/CHIRPS-GEFS/v3/daily/global/2016/04/19/c3g_2016.04.19.tif,200.0,True,66160322.0,63.1,False
2016-04-20,https://data.chc.ucsb.edu/products/CHIRPS-GEFS/v3/daily/global/2016/04/20/c3g_2016.04.20.tif,200.0,True,71509712.0,68.2,False
2016-04-21,https://data.chc.ucsb.edu/products/CHIRPS-GEFS/v3/daily/global/2016/04/21/c3g_2016.04.21.tif,200.0,True,70111884.0,66.86,False
2016-04-22,https://data.chc.ucsb.edu/products/CHIRPS-GEFS/v3/daily/global/2016/04/22/c3g_2016.04.22.tif,200.0,True,70166148.0,66.92,False
2016-04-23,https://data.chc.ucsb.edu/products/CHIRPS-GEFS/v3/daily/global/2016/04/23/c3g_2016.04.23.tif,200.0,True,74771020.0,71.31,False
2016-04-24,https://data.chc.ucsb.edu/products/CHIRPS-GEFS/v3/daily/global/2016/04/24/c3g_2016.04.24.tif,200.0,True,65887214.0,62.83,False
2016-04-25,https://data.chc.ucsb.edu/products/CHIRPS-GEFS/v3/daily/global/2016/04/25/c3g_2016.04.25.tif,200.0,True,70077712.0,66.83,False
2016-04-26,https://data.chc.ucsb.edu/products/CHIRPS-GEFS/v3/daily/global/2016/04/26/c3g_2016.04.26.tif,200.0,True,70935426.0,67.65,False
2016-04-27,https://data.chc.ucsb.edu/products/CHIRPS-GEFS/v3/daily/global/2016/04/27/c3g_2016.04.27.tif,200.0,True,71615016.0,68.3,False
2016-04-28,https://data.chc.ucsb.edu/products/CHIRPS-GEFS/v3/daily/global/2016/04/28/c3g_2016.04.28.tif,200.0,True,71150878.0,67.85,False
2016-04-29,https://data.chc.ucsb.edu/products/CHIRPS-GEFS/v3/daily/global/2016/04/29/c3g_2016.04.29.tif,200.0,True,76472706.0,72.93,False
2016-04-30,https://data.chc.ucsb.edu/products/CHIRPS-GEFS/v3/daily/global/2016/04/30/c3g_2016.04.30.tif,200.0,True,71182914.0,67.89,False
2016-05-01,https://data.chc.ucsb.edu/products/CHIRPS-GEFS/v3/daily/global/2016/05/01/c3g_2016.05.01.tif,200.0,True,70819568.0,67.54,False
2016-05-02,https://data.chc.ucsb.edu/products/CHIRPS-GEFS/v3/daily/global/2016/05/02/c3g_2016.05.02.tif,200.0,True,71119214.0,67.82,False
2016-05-03,https://data.chc.ucsb.edu/products/CHIRPS-GEFS/v3/daily/global/2016/05/03/c3g_2016.05.03.tif,200.0,True,71730046.0,68.41,False
2016-05-04,https://data.chc.ucsb.edu/products/CHIRPS-GEFS/v3/daily/global/2016/05/04/c3g_2016.05.04.tif,200.0,True,72087348.0,68.75,False
2016-05-05,https://data.chc.ucsb.edu/products/CHIRPS-GEFS/v3/daily/global/2016/05/05/c3g_2016.05.05.tif,200.0,True,69159054.0,65.96,False
2016-05-06,https://data.chc.ucsb.edu/products/CHIRPS-GEFS/v3/daily/global/2016/05/06/c3g_2016.05.06.tif,200.0,True,69527740.0,66.31,False
2016-05-07,https://data.chc.ucsb.edu/products/CHIRPS-GEFS/v3/daily/global/2016/05/07/c3g_2016.05.07.tif,200.0,True,76653172.0,73.1,False
2016-05-08,https://data.chc.ucsb.edu/products/CHIRPS-GEFS/v3/daily/global/2016/05/08/c3g_2016.05.08.tif,200.0,True,73126132.0,69.74,False
2016-05-09,https://data.chc.ucsb.edu/products/CHIRPS-GEFS/v3/daily/global/2016/05/09/c3g_2016.05.09.tif,200.0,True,71775038.0,68.45,False
2016-05-10,https://data.chc.ucsb.edu/products/CHIRPS-GEFS/v3/daily/global/2016/05/10/c3g_2016.05.10.tif,200.0,True,71183772.0,67.89,False
2016-05-11,https://data.chc.ucsb.edu/products/CHIRPS-GEFS/v3/daily/global/2016/05/11/c3g_2016.05.11.tif,200.0,True,72214994.0,68.87,False
2016-05-12,https://data.chc.ucsb.edu/products/CHIRPS-GEFS/v3/daily/global/2016/05/12/c3g_2016.05.12.tif,200.0,True,75884472.0,72.37,False
2016-05-13,https://data.chc.ucsb.edu/products/CHIRPS-GEFS/v3/daily/global/2016/05/13/c3g_2016.05.13.tif,200.0,True,71027778.0,67.74,False
2016-05-14,https://data.chc.ucsb.edu/products/CHIRPS-GEFS/v3/daily/global/2016/05/14/c3g_2016.05.14.tif,200.0,True,66707258.0,63.62,False
2016-05-15,https://data.chc.ucsb.edu/products/CHIRPS-GEFS/v3/daily/global/2016/05/15/c3g_2016.05.15.tif,200.0,True,66504218.0,63.42,False
2016-05-16,https://data.chc.ucsb.edu/products/CHIRPS-GEFS/v3/daily/global/2016/05/16/c3g_2016.05.16.tif,200.0,True,74714510.0,71.25,False
2016-05-17,https://data.chc.ucsb.edu/products/CHIRPS-GEFS/v3/daily/global/2016/05/17/c3g_2016.05.17.tif,200.0,True,70835006.0,67.55,False
2016-05-18,https://data.chc.ucsb.edu/products/CHIRPS-GEFS/v3/daily/global/2016/05/18/c3g_2016.05.18.tif,200.0,True,71109762.0,67.82,False
2016-05-19,https://data.chc.ucsb.edu/products/CHIRPS-GEFS/v3/daily/global/2016/05/19/c3g_2016.05.19.tif,200.0,True,75273252.0,71.79,False
2016-05-20,https://data.chc.ucsb.edu/products/CHIRPS-GEFS/v3/daily/global/2016/05/20/c3g_2016.05.20.tif,200.0,True,67383762.0,64.26,False
2016-05-21,https://data.chc.ucsb.edu/products/CHIRPS-GEFS/v3/daily/global/2016/05/21/c3g_2016.05.21.tif,200.0,True,66357126.0,63.28,False
2016-05-22,https://data.chc.ucsb.edu/products/CHIRPS-GEFS/v3/daily/global/2016/05/22/c3g_2016.05.22.tif,200.0,True,66240504.0,63.17,False
2016-05-23,https://data.chc.ucsb.edu/products/CHIRPS-GEFS/v3/daily/global/2016/05/23/c3g_2016.05.23.tif,200.0,True,70677758.0,67.4,False
2016-05-24,https://data.chc.ucsb.edu/products/CHIRPS-GEFS/v3/daily/global/2016/05/24/c3g_2016.05.24.tif,200.0,True,70636624.0,67.36,False
2016-05-25,https://data.chc.ucsb.edu/products/CHIRPS-GEFS/v3/daily/global/2016/05/25/c3g_2016.05.25.tif,200.0,True,70462758.0,67.2,False
2016-05-26,https://data.chc.ucsb.edu/products/CHIRPS-GEFS/v3/daily/global/2016/05/26/c3g_2016.05.26.tif,200.0,True,70466362.0,67.2,False
2016-05-27,https://data.chc.ucsb.edu/products/CHIRPS-GEFS/v3/daily/global/2016/05/27/c3g_2016.05.27.tif,200.0,True,66896070.0,63.8,False
2016-05-28,https://data.chc.ucsb.edu/products/CHIRPS-GEFS/v3/daily/global/2016/05/28/c3g_2016.05.28.tif,200.0,True,70786168.0,67.51,False
2016-05-29,https://data.chc.ucsb.edu/products/CHIRPS-GEFS/v3/daily/global/2016/05/29/c3g_2016.05.29.tif,200.0,True,65772734.0,62.73,False
2016-05-30,https://data.chc.ucsb.edu/products/CHIRPS-GEFS/v3/daily/global/2016/05/30/c3g_2016.05.30.tif,200.0,True,67858340.0,64.71,False
2016-05-31,https://data.chc.ucsb.edu/products/CHIRPS-GEFS/v3/daily/global/2016/05/31/c3g_2016.05.31.tif,200.0,True,70316648.0,67.06,False
2016-06-01,https://data.chc.ucsb.edu/products/CHIRPS-GEFS/v3/daily/global/2016/06/01/c3g_2016.06.01.tif,200.0,True,67050460.0,63.94,False
2016-06-02,https://data.chc.ucsb.edu/products/CHIRPS-GEFS/v3/daily/global/2016/06/02/c3g_2016.06.02.tif,200.0,True,75416068.0,71.92,False
2016-06-03,https://data.chc.ucsb.edu/products/CHIRPS-GEFS/v3/daily/global/2016/06/03/c3g_2016.06.03.tif,200.0,True,68398752.0,65.23,False
2016-06-04,https://data.chc.ucsb.edu/products/CHIRPS-GEFS/v3/daily/global/2016/06/04/c3g_2016.06.04.tif,200.0,True,68191012.0,65.03,False
2016-06-05,https://data.chc.ucsb.edu/products/CHIRPS-GEFS/v3/daily/global/2016/06/05/c3g_2016.06.05.tif,200.0,True,67547858.0,64.42,False
2016-06-06,https://data.chc.ucsb.edu/products/CHIRPS-GEFS/v3/daily/global/2016/06/06/c3g_2016.06.06.tif,200.0,True,68485562.0,65.31,False
2016-06-07,https://data.chc.ucsb.edu/products/CHIRPS-GEFS/v3/daily/global/2016/06/07/c3g_2016.06.07.tif,200.0,True,68074658.0,64.92,False
2016-06-08,https://data.chc.ucsb.edu/products/CHIRPS-GEFS/v3/daily/global/2016/06/08/c3g_2016.06.08.tif,200.0,True,66794038.0,63.7,False
2016-06-09,https://data.chc.ucsb.edu/products/CHIRPS-GEFS/v3/daily/global/2016/06/09/c3g_2016.06.09.tif,200.0,True,66799640.0,63.71,False
2016-06-10,https://data.chc.ucsb.edu/products/CHIRPS-GEFS/v3/daily/global/2016/06/10/c3g_2016.06.10.tif,200.0,True,67729954.0,64.59,False
2016-06-11,https://data.chc.ucsb.edu/products/CHIRPS-GEFS/v3/daily/global/2016/06/11/c3g_2016.06.11.tif,200.0,True,68159604.0,65.0,False
2016-06-12,https://data.chc.ucsb.edu/products/CHIRPS-GEFS/v3/daily/global/2016/06/12/c3g_2016.06.12.tif,200.0,True,68471140.0,65.3,False
2016-06-13,https://data.chc.ucsb.edu/products/CHIRPS-GEFS/v3/daily/global/2016/06/13/c3g_2016.06.13.tif,200.0,True,68444898.0,65.27,False
2016-06-14,https://data.chc.ucsb.edu/products/CHIRPS-GEFS/v3/daily/global/2016/06/14/c3g_2016.06.14.tif,200.0,True,68186602.0,65.03,False
2016-06-15,https://data.chc.ucsb.edu/products/CHIRPS-GEFS/v3/daily/global/2016/06/15/c3g_2016.06.15.tif,200.0,True,68929692.0,65.74,False
2016-06-16,https://data.chc.ucsb.edu/products/CHIRPS-GEFS/v3/daily/global/2016/06/16/c3g_2016.06.16.tif,200.0,True,67045648.0,63.94,False
2016-06-17,https://data.chc.ucsb.edu/products/CHIRPS-GEFS/v3/daily/global/2016/06/17/c3g_2016.06.17.tif,200.0,True,77398522.0,73.81,False
2016-06-18,https://data.chc.ucsb.edu/products/CHIRPS-GEFS/v3/daily/global/2016/06/18/c3g_2016.06.18.tif,200.0,True,68924590.0,65.73,False
2016-06-19,https://data.chc.ucsb.edu/products/CHIRPS-GEFS/v3/daily/global/2016/06/19/c3g_2016.06.19.tif,200.0,True,68577108.0,65.4,False
2016-06-20,https://data.chc.ucsb.edu/products/CHIRPS-GEFS/v3/daily/global/2016/06/20/c3g_2016.06.20.tif,200.0,True,67897950.0,64.75,False
2016-06-21,https://data.chc.ucsb.edu/products/CHIRPS-GEFS/v3/daily/global/2016/06/21/c3g_2016.06.21.tif,200.0,True,77436922.0,73.85,False
2016-06-22,https://data.chc.ucsb.edu/products/CHIRPS-GEFS/v3/daily/global/2016/06/22/c3g_2016.06.22.tif,200.0,True,68230260.0,65.07,False
2016-06-23,https://data.chc.ucsb.edu/products/CHIRPS-GEFS/v3/daily/global/2016/06/23/c3g_2016.06.23.tif,200.0,True,68976310.0,65.78,False
2016-06-24,https://data.chc.ucsb.edu/products/CHIRPS-GEFS/v3/daily/global/2016/06/24/c3g_2016.06.24.tif,200.0,True,77883432.0,74.28,False
2016-06-25,https://data.chc.ucsb.edu/products/CHIRPS-GEFS/v3/daily/global/2016/06/25/c3g_2016.06.25.tif,200.0,True,69466652.0,66.25,False
2016-06-26,https://data.chc.ucsb.edu/products/CHIRPS-GEFS/v3/daily/global/2016/06/26/c3g_2016.06.26.tif,200.0,True,67550814.0,64.42,False
2016-06-27,https://data.chc.ucsb.edu/products/CHIRPS-GEFS/v3/daily/global/2016/06/27/c3g_2016.06.27.tif,200.0,True,68078520.0,64.92,False
2016-06-28,https://data.chc.ucsb.edu/products/CHIRPS-GEFS/v3/daily/global/2016/06/28/c3g_2016.06.28.tif,200.0,True,68371352.0,65.2,False
2016-06-29,https://data.chc.ucsb.edu/products/CHIRPS-GEFS/v3/daily/global/2016/06/29/c3g_2016.06.29.tif,200.0,True,68195526.0,65.04,False
2016-06-30,https://data.chc.ucsb.edu/products/CHIRPS-GEFS/v3/daily/global/2016/06/30/c3g_2016.06.30.tif,200.0,True,67695558.0,64.56,False
2016-07-01,https://data.chc.ucsb.edu/products/CHIRPS-GEFS/v3/daily/global/2016/07/01/c3g_2016.07.01.tif,200.0,True,66954004.0,63.85,False
2016-07-02,https://data.chc.ucsb.edu/products/CHIRPS-GEFS/v3/daily/global/2016/07/02/c3g_2016.07.02.tif,200.0,True,67867984.0,64.72,False
2016-07-03,https://data.chc.ucsb.edu/products/CHIRPS-GEFS/v3/daily/global/2016/07/03/c3g_2016.07.03.tif,200.0,True,68426518.0,65.26,False
2016-07-04,https://data.chc.ucsb.edu/products/CHIRPS-GEFS/v3/daily/global/2016/07/04/c3g_2016.07.04.tif,200.0,True,70080742.0,66.83,False
2016-07-05,https://data.chc.ucsb.edu/products/CHIRPS-GEFS/v3/daily/global/2016/07/05/c3g_2016.07.05.tif,200.0,True,69443168.0,66.23,False
2016-07-06,https://data.chc.ucsb.edu/products/CHIRPS-GEFS/v3/daily/global/2016/07/06/c3g_2016.07.06.tif,200.0,True,69131696.0,65.93,False
2016-07-07,https://data.chc.ucsb.edu/products/CHIRPS-GEFS/v3/daily/global/2016/07/07/c3g_2016.07.07.tif,200.0,True,68911894.0,65.72,False
2016-07-08,https://data.chc.ucsb.edu/products/CHIRPS-GEFS/v3/daily/global/2016/07/08/c3g_2016.07.08.tif,200.0,True,67969342.0,64.82,False
2016-07-09,https://data.chc.ucsb.edu/products/CHIRPS-GEFS/v3/daily/global/2016/07/09/c3g_2016.07.09.tif,200.0,True,68734052.0,65.55,False
2016-07-10,https://data.chc.ucsb.edu/products/CHIRPS-GEFS/v3/daily/global/2016/07/10/c3g_2016.07.10.tif,200.0,True,68001054.0,64.85,False
2016-07-11,https://data.chc.ucsb.edu/products/CHIRPS-GEFS/v3/daily/global/2016/07/11/c3g_2016.07.11.tif,200.0,True,68897616.0,65.71,False
2016-07-12,https://data.chc.ucsb.edu/products/CHIRPS-GEFS/v3/daily/global/2016/07/12/c3g_2016.07.12.tif,200.0,True,69029158.0,65.83,False
2016-07-13,https://data.chc.ucsb.edu/products/CHIRPS-GEFS/v3/daily/global/2016/07/13/c3g_2016.07.13.tif,200.0,True,68604670.0,65.43,False
2016-07-14,https://data.chc.ucsb.edu/products/CHIRPS-GEFS/v3/daily/global/2016/07/14/c3g_2016.07.14.tif,200.0,True,77393878.0,73.81,False
2016-07-15,https://data.chc.ucsb.edu/products/CHIRPS-GEFS/v3/daily/global/2016/07/15/c3g_2016.07.15.tif,200.0,True,77517800.0,73.93,False
2016-07-16,https://data.chc.ucsb.edu/products/CHIRPS-GEFS/v3/daily/global/2016/07/16/c3g_2016.07.16.tif,200.0,True,66691374.0,63.6,False
2016-07-17,https://data.chc.ucsb.edu/products/CHIRPS-GEFS/v3/daily/global/2016/07/17/c3g_2016.07.17.tif,200.0,True,68052970.0,64.9,False
2016-07-18,https://data.chc.ucsb.edu/products/CHIRPS-GEFS/v3/daily/global/2016/07/18/c3g_2016.07.18.tif,200.0,True,67838180.0,64.7,False
2016-07-19,https://data.chc.ucsb.edu/products/CHIRPS-GEFS/v3/daily/global/2016/07/19/c3g_2016.07.19.tif,200.0,True,68203390.0,65.04,False
2016-07-20,https://data.chc.ucsb.edu/products/CHIRPS-GEFS/v3/daily/global/2016/07/20/c3g_2016.07.20.tif,200.0,True,67264176.0,64.15,False
2016-07-21,https://data.chc.ucsb.edu/products/CHIRPS-GEFS/v3/daily/global/2016/07/21/c3g_2016.07.21.tif,200.0,True,77552574.0,73.96,False
2016-07-22,https://data.chc.ucsb.edu/products/CHIRPS-GEFS/v3/daily/global/2016/07/22/c3g_2016.07.22.tif,200.0,True,67921772.0,64.78,False
2016-07-23,https://data.chc.ucsb.edu/products/CHIRPS-GEFS/v3/daily/global/2016/07/23/c3g_2016.07.23.tif,200.0,True,72673248.0,69.31,False
2016-07-24,https://data.chc.ucsb.edu/products/CHIRPS-GEFS/v3/daily/global/2016/07/24/c3g_2016.07.24.tif,200.0,True,70018044.0,66.77,False
2016-07-25,https://data.chc.ucsb.edu/products/CHIRPS-GEFS/v3/daily/global/2016/07/25/c3g_2016.07.25.tif,200.0,True,70549908.0,67.28,False
2016-07-26,https://data.chc.ucsb.edu/products/CHIRPS-GEFS/v3/daily/global/2016/07/26/c3g_2016.07.26.tif,200.0,True,70023966.0,66.78,False
2016-07-27,https://data.chc.ucsb.edu/products/CHIRPS-GEFS/v3/daily/global/2016/07/27/c3g_2016.07.27.tif,200.0,True,77900280.0,74.29,False
2016-07-28,https://data.chc.ucsb.edu/products/CHIRPS-GEFS/v3/daily/global/2016/07/28/c3g_2016.07.28.tif,200.0,True,69203576.0,66.0,False
2016-07-29,https://data.chc.ucsb.edu/products/CHIRPS-GEFS/v3/daily/global/2016/07/29/c3g_2016.07.29.tif,200.0,True,69436412.0,66.22,False
2016-07-30,https://data.chc.ucsb.edu/products/CHIRPS-GEFS/v3/daily/global/2016/07/30/c3g_2016.07.30.tif,200.0,True,69329402.0,66.12,False
2016-07-31,https://data.chc.ucsb.edu/products/CHIRPS-GEFS/v3/daily/global/2016/07/31/c3g_2016.07.31.tif,200.0,True,69103296.0,65.9,False
2016-08-01,https://data.chc.ucsb.edu/products/CHIRPS-GEFS/v3/daily/global/2016/08/01/c3g_2016.08.01.tif,200.0,True,77066818.0,73.5,False
2016-08-02,https://data.chc.ucsb.edu/products/CHIRPS-GEFS/v3/daily/global/2016/08/02/c3g_2016.08.02.tif,200.0,True,68167496.0,65.01,False
2016-08-03,https://data.chc.ucsb.edu/products/CHIRPS-GEFS/v3/daily/global/2016/08/03/c3g_2016.08.03.tif,200.0,True,68969264.0,65.77,False
2016-08-04,https://data.chc.ucsb.edu/products/CHIRPS-GEFS/v3/daily/global/2016/08/04/c3g_2016.08.04.tif,200.0,True,77659574.0,74.06,False
2016-08-05,https://data.chc.ucsb.edu/products/CHIRPS-GEFS/v3/daily/global/2016/08/05/c3g_2016.08.05.tif,200.0,True,67305502.0,64.19,False
2016-08-06,https://data.chc.ucsb.edu/products/CHIRPS-GEFS/v3/daily/global/2016/08/06/c3g_2016.08.06.tif,200.0,True,68558498.0,65.38,False
2016-08-07,https://data.chc.ucsb.edu/products/CHIRPS-GEFS/v3/daily/global/2016/08/07/c3g_2016.08.07.tif,200.0,True,67587520.0,64.46,False
2016-08-08,https://data.chc.ucsb.edu/products/CHIRPS-GEFS/v3/daily/global/2016/08/08/c3g_2016.08.08.tif,200.0,True,78097186.0,74.48,False
2016-08-09,https://data.chc.ucsb.edu/products/CHIRPS-GEFS/v3/daily/global/2016/08/09/c3g_2016.08.09.tif,200.0,True,67965684.0,64.82,False
2016-08-10,https://data.chc.ucsb.edu/products/CHIRPS-GEFS/v3/daily/global/2016/08/10/c3g_2016.08.10.tif,200.0,True,67936418.0,64.79,False
2016-08-11,https://data.chc.ucsb.edu/products/CHIRPS-GEFS/v3/daily/global/2016/08/11/c3g_2016.08.11.tif,200.0,True,77392220.0,73.81,False
2016-08-12,https://data.chc.ucsb.edu/products/CHIRPS-GEFS/v3/daily/global/2016/08/12/c3g_2016.08.12.tif,200.0,True,67976002.0,64.83,False
2016-08-13,https://data.chc.ucsb.edu/products/CHIRPS-GEFS/v3/daily/global/2016/08/13/c3g_2016.08.13.tif,200.0,True,67569856.0,64.44,False
2016-08-14,https://data.chc.ucsb.edu/products/CHIRPS-GEFS/v3/daily/global/2016/08/14/c3g_2016.08.14.tif,200.0,True,68254294.0,65.09,False
2016-08-15,https://data.chc.ucsb.edu/products/CHIRPS-GEFS/v3/daily/global/2016/08/15/c3g_2016.08.15.tif,200.0,True,68420064.0,65.25,False
2016-08-16,https://data.chc.ucsb.edu/products/CHIRPS-GEFS/v3/daily/global/2016/08/16/c3g_2016.08.16.tif,200.0,True,68990666.0,65.79,False
2016-08-17,https://data.chc.ucsb.edu/products/CHIRPS-GEFS/v3/daily/global/2016/08/17/c3g_2016.08.17.tif,200.0,True,69311580.0,66.1,False
2016-08-18,https://data.chc.ucsb.edu/products/CHIRPS-GEFS/v3/daily/global/2016/08/18/c3g_2016.08.18.tif,200.0,True,69624522.0,66.4,False
2016-08-19,https://data.chc.ucsb.edu/products/CHIRPS-GEFS/v3/daily/global/2016/08/19/c3g_2016.08.19.tif,200.0,True,70369816.0,67.11,False
2016-08-20,https://data.chc.ucsb.edu/products/CHIRPS-GEFS/v3/daily/global/2016/08/20/c3g_2016.08.20.tif,200.0,True,70048902.0,66.8,False
2016-08-21,https://data.chc.ucsb.edu/products/CHIRPS-GEFS/v3/daily/global/2016/08/21/c3g_2016.08.21.tif,200.0,True,68990906.0,65.79,False
2016-08-22,https://data.chc.ucsb.edu/products/CHIRPS-GEFS/v3/daily/global/2016/08/22/c3g_2016.08.22.tif,200.0,True,77921480.0,74.31,False
2016-08-23,https://data.chc.ucsb.edu/products/CHIRPS-GEFS/v3/daily/global/2016/08/23/c3g_2016.08.23.tif,200.0,True,67664358.0,64.53,False
2016-08-24,https://data.chc.ucsb.edu/products/CHIRPS-GEFS/v3/daily/global/2016/08/24/c3g_2016.08.24.tif,200.0,True,68541286.0,65.37,False
2016-08-25,https://data.chc.ucsb.edu/products/CHIRPS-GEFS/v3/daily/global/2016/08/25/c3g_2016.08.25.tif,200.0,True,67087260.0,63.98,False
2016-08-26,https://data.chc.ucsb.edu/products/CHIRPS-GEFS/v3/daily/global/2016/08/26/c3g_2016.08.26.tif,200.0,True,67583964.0,64.45,False
2016-08-27,https://data.chc.ucsb.edu/products/CHIRPS-GEFS/v3/daily/global/2016/08/27/c3g_2016.08.27.tif,200.0,True,68022358.0,64.87,False
2016-08-28,https://data.chc.ucsb.edu/products/CHIRPS-GEFS/v3/daily/global/2016/08/28/c3g_2016.08.28.tif,200.0,True,69418476.0,66.2,False
2016-08-29,https://data.chc.ucsb.edu/products/CHIRPS-GEFS/v3/daily/global/2016/08/29/c3g_2016.08.29.tif,200.0,True,68717960.0,65.53,False
2016-08-30,https://data.chc.ucsb.edu/products/CHIRPS-GEFS/v3/daily/global/2016/08/30/c3g_2016.08.30.tif,200.0,True,69089880.0,65.89,False
2016-08-31,https://data.chc.ucsb.edu/products/CHIRPS-GEFS/v3/daily/global/2016/08/31/c3g_2016.08.31.tif,200.0,True,68999794.0,65.8,False
2016-09-01,https://data.chc.ucsb.edu/products/CHIRPS-GEFS/v3/daily/global/2016/09/01/c3g_2016.09.01.tif,200.0,True,69899622.0,66.66,False
2016-09-02,https://data.chc.ucsb.edu/products/CHIRPS-GEFS/v3/daily/global/2016/09/02/c3g_2016.09.02.tif,200.0,True,70758466.0,67.48,False
2016-09-03,https://data.chc.ucsb.edu/products/CHIRPS-GEFS/v3/daily/global/2016/09/03/c3g_2016.09.03.tif,200.0,True,78074128.0,74.46,False
2016-09-04,https://data.chc.ucsb.edu/products/CHIRPS-GEFS/v3/daily/global/2016/09/04/c3g_2016.09.04.tif,200.0,True,69061040.0,65.86,False
2016-09-05,https://data.chc.ucsb.edu/products/CHIRPS-GEFS/v3/daily/global/2016/09/05/c3g_2016.09.05.tif,200.0,True,66931916.0,63.83,False
2016-09-06,https://data.chc.ucsb.edu/products/CHIRPS-GEFS/v3/daily/global/2016/09/06/c3g_2016.09.06.tif,200.0,True,68535970.0,65.36,False
2016-09-07,https://data.chc.ucsb.edu/products/CHIRPS-GEFS/v3/daily/global/2016/09/07/c3g_2016.09.07.tif,200.0,True,77830856.0,74.23,False
2016-09-08,https://data.chc.ucsb.edu/products/CHIRPS-GEFS/v3/daily/global/2016/09/08/c3g_2016.09.08.tif,200.0,True,69319038.0,66.11,False
2016-09-09,https://data.chc.ucsb.edu/products/CHIRPS-GEFS/v3/daily/global/2016/09/09/c3g_2016.09.09.tif,200.0,True,69026334.0,65.83,False
2016-09-10,https://data.chc.ucsb.edu/products/CHIRPS-GEFS/v3/daily/global/2016/09/10/c3g_2016.09.10.tif,200.0,True,71910962.0,68.58,False
2016-09-11,https://data.chc.ucsb.edu/products/CHIRPS-GEFS/v3/daily/global/2016/09/11/c3g_2016.09.11.tif,200.0,True,68488310.0,65.32,False
2016-09-12,https://data.chc.ucsb.edu/products/CHIRPS-GEFS/v3/daily/global/2016/09/12/c3g_2016.09.12.tif,200.0,True,77982026.0,74.37,False
2016-09-13,https://data.chc.ucsb.edu/products/CHIRPS-GEFS/v3/daily/global/2016/09/13/c3g_2016.09.13.tif,200.0,True,69244474.0,66.04,False
2016-09-14,https://data.chc.ucsb.edu/products/CHIRPS-GEFS/v3/daily/global/2016/09/14/c3g_2016.09.14.tif,200.0,True,68526468.0,65.35,False
2016-09-15,https://data.chc.ucsb.edu/products/CHIRPS-GEFS/v3/daily/global/2016/09/15/c3g_2016.09.15.tif,200.0,True,69755714.0,66.52,False
2016-09-16,https://data.chc.ucsb.edu/products/CHIRPS-GEFS/v3/daily/global/2016/09/16/c3g_2016.09.16.tif,200.0,True,70651612.0,67.38,False
2016-09-17,https://data.chc.ucsb.edu/products/CHIRPS-GEFS/v3/daily/global/2016/09/17/c3g_2016.09.17.tif,200.0,True,69824596.0,66.59,False
2016-09-18,https://data.chc.ucsb.edu/products/CHIRPS-GEFS/v3/daily/global/2016/09/18/c3g_2016.09.18.tif,200.0,True,71930966.0,68.6,False
2016-09-19,https://data.chc.ucsb.edu/products/CHIRPS-GEFS/v3/daily/global/2016/09/19/c3g_2016.09.19.tif,200.0,True,78331474.0,74.7,False
2016-09-20,https://data.chc.ucsb.edu/products/CHIRPS-GEFS/v3/daily/global/2016/09/20/c3g_2016.09.20.tif,200.0,True,78297080.0,74.67,False
2016-09-21,https://data.chc.ucsb.edu/products/CHIRPS-GEFS/v3/daily/global/2016/09/21/c3g_2016.09.21.tif,200.0,True,69787850.0,66.55,False
2016-09-22,https://data.chc.ucsb.edu/products/CHIRPS-GEFS/v3/daily/global/2016/09/22/c3g_2016.09.22.tif,200.0,True,77562158.0,73.97,False
2016-09-23,https://data.chc.ucsb.edu/products/CHIRPS-GEFS/v3/daily/global/2016/09/23/c3g_2016.09.23.tif,200.0,True,68867308.0,65.68,False
2016-09-24,https://data.chc.ucsb.edu/products/CHIRPS-GEFS/v3/daily/global/2016/09/24/c3g_2016.09.24.tif,200.0,True,77674742.0,74.08,False
2016-09-25,https://data.chc.ucsb.edu/products/CHIRPS-GEFS/v3/daily/global/2016/09/25/c3g_2016.09.25.tif,200.0,True,67016788.0,63.91,False
2016-09-26,https://data.chc.ucsb.edu/products/CHIRPS-GEFS/v3/daily/global/2016/09/26/c3g_2016.09.26.tif,200.0,True,67943772.0,64.8,False
2016-09-27,https://data.chc.ucsb.edu/products/CHIRPS-GEFS/v3/daily/global/2016/09/27/c3g_2016.09.27.tif,200.0,True,67153262.0,64.04,False
2016-09-28,https://data.chc.ucsb.edu/products/CHIRPS-GEFS/v3/daily/global/2016/09/28/c3g_2016.09.28.tif,200.0,True,67909406.0,64.76,False
2016-09-29,https://data.chc.ucsb.edu/products/CHIRPS-GEFS/v3/daily/global/2016/09/29/c3g_2016.09.29.tif,200.0,True,65750022.0,62.7,False
2016-09-30,https://data.chc.ucsb.edu/products/CHIRPS-GEFS/v3/daily/global/2016/09/30/c3g_2016.09.30.tif,200.0,True,66918430.0,63.82,False
2016-10-01,https://data.chc.ucsb.edu/products/CHIRPS-GEFS/v3/daily/global/2016/10/01/c3g_2016.10.01.tif,200.0,True,76952594.0,73.39,False
2016-10-02,https://data.chc.ucsb.edu/products/CHIRPS-GEFS/v3/daily/global/2016/10/02/c3g_2016.10.02.tif,200.0,True,68071456.0,64.92,False
2016-10-03,https://data.chc.ucsb.edu/products/CHIRPS-GEFS/v3/daily/global/2016/10/03/c3g_2016.10.03.tif,200.0,True,67766912.0,64.63,False
2016-10-04,https://data.chc.ucsb.edu/products/CHIRPS-GEFS/v3/daily/global/2016/10/04/c3g_2016.10.04.tif,200.0,True,67472658.0,64.35,False
2016-10-05,https://data.chc.ucsb.edu/products/CHIRPS-GEFS/v3/daily/global/2016/10/05/c3g_2016.10.05.tif,200.0,True,67923280.0,64.78,False
2016-10-06,https://data.chc.ucsb.edu/products/CHIRPS-GEFS/v3/daily/global/2016/10/06/c3g_2016.10.06.tif,200.0,True,66889052.0,63.79,False
2016-10-07,https://data.chc.ucsb.edu/products/CHIRPS-GEFS/v3/daily/global/2016/10/07/c3g_2016.10.07.tif,200.0,True,67518622.0,64.39,False
2016-10-08,https://data.chc.ucsb.edu/products/CHIRPS-GEFS/v3/daily/global/2016/10/08/c3g_2016.10.08.tif,200.0,True,66250160.0,63.18,False
2016-10-09,https://data.chc.ucsb.edu/products/CHIRPS-GEFS/v3/daily/global/2016/10/09/c3g_2016.10.09.tif,200.0,True,65805514.0,62.76,False
2016-10-10,https://data.chc.ucsb.edu/products/CHIRPS-GEFS/v3/daily/global/2016/10/10/c3g_2016.10.10.tif,200.0,True,64861864.0,61.86,False
2016-10-11,https://data.chc.ucsb.edu/products/CHIRPS-GEFS/v3/daily/global/2016/10/11/c3g_2016.10.11.tif,200.0,True,67037908.0,63.93,False
2016-10-12,https://data.chc.ucsb.edu/products/CHIRPS-GEFS/v3/daily/global/2016/10/12/c3g_2016.10.12.tif,200.0,True,64966814.0,61.96,False
2016-10-13,https://data.chc.ucsb.edu/products/CHIRPS-GEFS/v3/daily/global/2016/10/13/c3g_2016.10.13.tif,200.0,True,65167644.0,62.15,False
2016-10-14,https://data.chc.ucsb.edu/products/CHIRPS-GEFS/v3/daily/global/2016/10/14/c3g_2016.10.14.tif,200.0,True,65438788.0,62.41,False
2016-10-15,https://data.chc.ucsb.edu/products/CHIRPS-GEFS/v3/daily/global/2016/10/15/c3g_2016.10.15.tif,200.0,True,67034714.0,63.93,False
2016-10-16,https://data.chc.ucsb.edu/products/CHIRPS-GEFS/v3/daily/global/2016/10/16/c3g_2016.10.16.tif,200.0,True,76326048.0,72.79,False
2016-10-17,https://data.chc.ucsb.edu/products/CHIRPS-GEFS/v3/daily/global/2016/10/17/c3g_2016.10.17.tif,200.0,True,66987928.0,63.88,False
2016-10-18,https://data.chc.ucsb.edu/products/CHIRPS-GEFS/v3/daily/global/2016/10/18/c3g_2016.10.18.tif,200.0,True,77025106.0,73.46,False
2016-10-19,https://data.chc.ucsb.edu/products/CHIRPS-GEFS/v3/daily/global/2016/10/19/c3g_2016.10.19.tif,200.0,True,67169458.0,64.06,False
2016-10-20,https://data.chc.ucsb.edu/products/CHIRPS-GEFS/v3/daily/global/2016/10/20/c3g_2016.10.20.tif,200.0,True,67298466.0,64.18,False
2016-10-21,https://data.chc.ucsb.edu/products/CHIRPS-GEFS/v3/daily/global/2016/10/21/c3g_2016.10.21.tif,200.0,True,67691454.0,64.56,False
2016-10-22,https://data.chc.ucsb.edu/products/CHIRPS-GEFS/v3/daily/global/2016/10/22/c3g_2016.10.22.tif,200.0,True,76124044.0,72.6,False
2016-10-23,https://data.chc.ucsb.edu/products/CHIRPS-GEFS/v3/daily/global/2016/10/23/c3g_2016.10.23.tif,200.0,True,66981402.0,63.88,False
2016-10-24,https://data.chc.ucsb.edu/products/CHIRPS-GEFS/v3/daily/global/2016/10/24/c3g_2016.10.24.tif,200.0,True,66632112.0,63.55,False
2016-10-25,https://data.chc.ucsb.edu/products/CHIRPS-GEFS/v3/daily/global/2016/10/25/c3g_2016.10.25.tif,200.0,True,68136148.0,64.98,False
2016-10-26,https://data.chc.ucsb.edu/products/CHIRPS-GEFS/v3/daily/global/2016/10/26/c3g_2016.10.26.tif,200.0,True,67837700.0,64.7,False
2016-10-27,https://data.chc.ucsb.edu/products/CHIRPS-GEFS/v3/daily/global/2016/10/27/c3g_2016.10.27.tif,200.0,True,67531544.0,64.4,False
2016-10-28,https://data.chc.ucsb.edu/products/CHIRPS-GEFS/v3/daily/global/2016/10/28/c3g_2016.10.28.tif,200.0,True,67223584.0,64.11,False
2016-10-29,https://data.chc.ucsb.edu/products/CHIRPS-GEFS/v3/daily/global/2016/10/29/c3g_2016.10.29.tif,200.0,True,67524820.0,64.4,False
2016-10-30,https://data.chc.ucsb.edu/products/CHIRPS-GEFS/v3/daily/global/2016/10/30/c3g_2016.10.30.tif,200.0,True,67182204.0,64.07,False
2016-10-31,https://data.chc.ucsb.edu/products/CHIRPS-GEFS/v3/daily/global/2016/10/31/c3g_2016.10.31.tif,200.0,True,75417452.0,71.92,False
2016-11-01,https://data.chc.ucsb.edu/products/CHIRPS-GEFS/v3/daily/global/2016/11/01/c3g_2016.11.01.tif,200.0,True,66160078.0,63.1,False
2016-11-02,https://data.chc.ucsb.edu/products/CHIRPS-GEFS/v3/daily/global/2016/11/02/c3g_2016.11.02.tif,200.0,True,75002366.0,71.53,False
2016-11-03,https://data.chc.ucsb.edu/products/CHIRPS-GEFS/v3/daily/global/2016/11/03/c3g_2016.11.03.tif,200.0,True,67222572.0,64.11,False
2016-11-04,https://data.chc.ucsb.edu/products/CHIRPS-GEFS/v3/daily/global/2016/11/04/c3g_2016.11.04.tif,200.0,True,65008290.0,62.0,False
2016-11-05,https://data.chc.ucsb.edu/products/CHIRPS-GEFS/v3/daily/global/2016/11/05/c3g_2016.11.05.tif,200.0,True,63927608.0,60.97,False
2016-11-06,https://data.chc.ucsb.edu/products/CHIRPS-GEFS/v3/daily/global/2016/11/06/c3g_2016.11.06.tif,200.0,True,66153816.0,63.09,False
2016-11-07,https://data.chc.ucsb.edu/products/CHIRPS-GEFS/v3/daily/global/2016/11/07/c3g_2016.11.07.tif,200.0,True,75874062.0,72.36,False
2016-11-08,https://data.chc.ucsb.edu/products/CHIRPS-GEFS/v3/daily/global/2016/11/08/c3g_2016.11.08.tif,200.0,True,65028636.0,62.02,False
2016-11-09,https://data.chc.ucsb.edu/products/CHIRPS-GEFS/v3/daily/global/2016/11/09/c3g_2016.11.09.tif,200.0,True,66411122.0,63.33,False
2016-11-10,https://data.chc.ucsb.edu/products/CHIRPS-GEFS/v3/daily/global/2016/11/10/c3g_2016.11.10.tif,200.0,True,65943468.0,62.89,False
2016-11-11,https://data.chc.ucsb.edu/products/CHIRPS-GEFS/v3/daily/global/2016/11/11/c3g_2016.11.11.tif,200.0,True,65617732.0,62.58,False
2016-11-12,https://data.chc.ucsb.edu/products/CHIRPS-GEFS/v3/daily/global/2016/11/12/c3g_2016.11.12.tif,200.0,True,64390132.0,61.41,False
2016-11-13,https://data.chc.ucsb.edu/products/CHIRPS-GEFS/v3/daily/global/2016/11/13/c3g_2016.11.13.tif,200.0,True,64628208.0,61.63,False
2016-11-14,https://data.chc.ucsb.edu/products/CHIRPS-GEFS/v3/daily/global/2016/11/14/c3g_2016.11.14.tif,200.0,True,65716104.0,62.67,False
2016-11-15,https://data.chc.ucsb.edu/products/CHIRPS-GEFS/v3/daily/global/2016/11/15/c3g_2016.11.15.tif,200.0,True,66015956.0,62.96,False
2016-11-16,https://data.chc.ucsb.edu/products/CHIRPS-GEFS/v3/daily/global/2016/11/16/c3g_2016.11.16.tif,200.0,True,66557446.0,63.47,False
2016-11-17,https://data.chc.ucsb.edu/products/CHIRPS-GEFS/v3/daily/global/2016/11/17/c3g_2016.11.17.tif,200.0,True,65124668.0,62.11,False
2016-11-18,https://data.chc.ucsb.edu/products/CHIRPS-GEFS/v3/daily/global/2016/11/18/c3g_2016.11.18.tif,200.0,True,66267002.0,63.2,False
2016-11-19,https://data.chc.ucsb.edu/products/CHIRPS-GEFS/v3/daily/global/2016/11/19/c3g_2016.11.19.tif,200.0,True,65748880.0,62.7,False
2016-11-20,https://data.chc.ucsb.edu/products/CHIRPS-GEFS/v3/daily/global/2016/11/20/c3g_2016.11.20.tif,200.0,True,65764770.0,62.72,False
2016-11-21,https://data.chc.ucsb.edu/products/CHIRPS-GEFS/v3/daily/global/2016/11/21/c3g_2016.11.21.tif,200.0,True,64861322.0,61.86,False
2016-11-22,https://data.chc.ucsb.edu/products/CHIRPS-GEFS/v3/daily/global/2016/11/22/c3g_2016.11.22.tif,200.0,True,66575748.0,63.49,False
2016-11-23,https://data.chc.ucsb.edu/products/CHIRPS-GEFS/v3/daily/global/2016/11/23/c3g_2016.11.23.tif,200.0,True,66299870.0,63.23,False
2016-11-24,https://data.chc.ucsb.edu/products/CHIRPS-GEFS/v3/daily/global/2016/11/24/c3g_2016.11.24.tif,200.0,True,64770462.0,61.77,False
2016-11-25,https://data.chc.ucsb.edu/products/CHIRPS-GEFS/v3/daily/global/2016/11/25/c3g_2016.11.25.tif,200.0,True,76230190.0,72.7,False
2016-11-26,https://data.chc.ucsb.edu/products/CHIRPS-GEFS/v3/daily/global/2016/11/26/c3g_2016.11.26.tif,200.0,True,67602456.0,64.47,False
2016-11-27,https://data.chc.ucsb.edu/products/CHIRPS-GEFS/v3/daily/global/2016/11/27/c3g_2016.11.27.tif,200.0,True,66915208.0,63.82,False
2016-11-28,https://data.chc.ucsb.edu/products/CHIRPS-GEFS/v3/daily/global/2016/11/28/c3g_2016.11.28.tif,200.0,True,68775802.0,65.59,False
2016-11-29,https://data.chc.ucsb.edu/products/CHIRPS-GEFS/v3/daily/global/2016/11/29/c3g_2016.11.29.tif,200.0,True,76825852.0,73.27,False
2016-11-30,https://data.chc.ucsb.edu/products/CHIRPS-GEFS/v3/daily/global/2016/11/30/c3g_2016.11.30.tif,200.0,True,76404442.0,72.86,False
2016-12-01,https://data.chc.ucsb.edu/products/CHIRPS-GEFS/v3/daily/global/2016/12/01/c3g_2016.12.01.tif,200.0,True,66830210.0,63.73,False
2016-12-02,https://data.chc.ucsb.edu/products/CHIRPS-GEFS/v3/daily/global/2016/12/02/c3g_2016.12.02.tif,200.0,True,67165068.0,64.05,False
2016-12-03,https://data.chc.ucsb.edu/products/CHIRPS-GEFS/v3/daily/global/2016/12/03/c3g_2016.12.03.tif,200.0,True,76648400.0,73.1,False
2016-12-04,https://data.chc.ucsb.edu/products/CHIRPS-GEFS/v3/daily/global/2016/12/04/c3g_2016.12.04.tif,200.0,True,68212698.0,65.05,False
2016-12-05,https://data.chc.ucsb.edu/products/CHIRPS-GEFS/v3/daily/global/2016/12/05/c3g_2016.12.05.tif,200.0,True,67587720.0,64.46,False
2016-12-06,https://data.chc.ucsb.edu/products/CHIRPS-GEFS/v3/daily/global/2016/12/06/c3g_2016.12.06.tif,200.0,True,68420548.0,65.25,False
2016-12-07,https://data.chc.ucsb.edu/products/CHIRPS-GEFS/v3/daily/global/2016/12/07/c3g_2016.12.07.tif,200.0,True,67041544.0,63.94,False
2016-12-08,https://data.chc.ucsb.edu/products/CHIRPS-GEFS/v3/daily/global/2016/12/08/c3g_2016.12.08.tif,200.0,True,66313616.0,63.24,False
2016-12-09,https://data.chc.ucsb.edu/products/CHIRPS-GEFS/v3/daily/global/2016/12/09/c3g_2016.12.09.tif,200.0,True,76306852.0,72.77,False
2016-12-10,https://data.chc.ucsb.edu/products/CHIRPS-GEFS/v3/daily/global/2016/12/10/c3g_2016.12.10.tif,200.0,True,76530266.0,72.98,False
2016-12-11,https://data.chc.ucsb.edu/products/CHIRPS-GEFS/v3/daily/global/2016/12/11/c3g_2016.12.11.tif,200.0,True,68067420.0,64.91,False
2016-12-12,https://data.chc.ucsb.edu/products/CHIRPS-GEFS/v3/daily/global/2016/12/12/c3g_2016.12.12.tif,200.0,True,70151338.0,66.9,False
2016-12-13,https://data.chc.ucsb.edu/products/CHIRPS-GEFS/v3/daily/global/2016/12/13/c3g_2016.12.13.tif,200.0,True,69102980.0,65.9,False
2016-12-14,https://data.chc.ucsb.edu/products/CHIRPS-GEFS/v3/daily/global/2016/12/14/c3g_2016.12.14.tif,200.0,True,68451284.0,65.28,False
2016-12-15,https://data.chc.ucsb.edu/products/CHIRPS-GEFS/v3/daily/global/2016/12/15/c3g_2016.12.15.tif,200.0,True,64910578.0,61.9,False
2016-12-16,https://data.chc.ucsb.edu/products/CHIRPS-GEFS/v3/daily/global/2016/12/16/c3g_2016.12.16.tif,200.0,True,65338300.0,62.31,False
2016-12-17,https://data.chc.ucsb.edu/products/CHIRPS-GEFS/v3/daily/global/2016/12/17/c3g_2016.12.17.tif,200.0,True,67577120.0,64.45,False
2016-12-18,https://data.chc.ucsb.edu/products/CHIRPS-GEFS/v3/daily/global/2016/12/18/c3g_2016.12.18.tif,200.0,True,77113594.0,73.54,False
2016-12-19,https://data.chc.ucsb.edu/products/CHIRPS-GEFS/v3/daily/global/2016/12/19/c3g_2016.12.19.tif,200.0,True,68269408.0,65.11,False
2016-12-20,https://data.chc.ucsb.edu/products/CHIRPS-GEFS/v3/daily/global/2016/12/20/c3g_2016.12.20.tif,200.0,True,66426660.0,63.35,False
2016-12-21,https://data.chc.ucsb.edu/products/CHIRPS-GEFS/v3/daily/global/2016/12/21/c3g_2016.12.21.tif,200.0,True,66651950.0,63.56,False
2016-12-22,https://data.chc.ucsb.edu/products/CHIRPS-GEFS/v3/daily/global/2016/12/22/c3g_2016.12.22.tif,200.0,True,67999906.0,64.85,False
2016-12-23,https://data.chc.ucsb.edu/products/CHIRPS-GEFS/v3/daily/global/2016/12/23/c3g_2016.12.23.tif,200.0,True,67041846.0,63.94,False
2016-12-24,https://data.chc.ucsb.edu/products/CHIRPS-GEFS/v3/daily/global/2016/12/24/c3g_2016.12.24.tif,200.0,True,68592964.0,65.42,False
2016-12-25,https://data.chc.ucsb.edu/products/CHIRPS-GEFS/v3/daily/global/2016/12/25/c3g_2016.12.25.tif,200.0,True,68365992.0,65.2,False
2016-12-26,https://data.chc.ucsb.edu/products/CHIRPS-GEFS/v3/daily/global/2016/12/26/c3g_2016.12.26.tif,200.0,True,67335692.0,64.22,False
2016-12-27,https://data.chc.ucsb.edu/products/CHIRPS-GEFS/v3/daily/global/2016/12/27/c3g_2016.12.27.tif,200.0,True,68049592.0,64.9,False
2016-12-28,https://data.chc.ucsb.edu/products/CHIRPS-GEFS/v3/daily/global/2016/12/28/c3g_2016.12.28.tif,200.0,True,67289474.0,64.17,False
2016-12-29,https://data.chc.ucsb.edu/products/CHIRPS-GEFS/v3/daily/global/2016/12/29/c3g_2016.12.29.tif,200.0,True,66472726.0,63.39,False
2016-12-30,https://data.chc.ucsb.edu/products/CHIRPS-GEFS/v3/daily/global/2016/12/30/c3g_2016.12.30.tif,200.0,True,64418152.0,61.43,False
2016-12-31,https://data.chc.ucsb.edu/products/CHIRPS-GEFS/v3/daily/global/2016/12/31/c3g_2016.12.31.tif,200.0,True,67655520.0,64.52,False
2017-01-01,https://data.chc.ucsb.edu/products/CHIRPS-GEFS/v3/daily/global/2017/01/01/c3g_2017.01.01.tif,200.0,True,65804568.0,62.76,False
2017-01-02,https://data.chc.ucsb.edu/products/CHIRPS-GEFS/v3/daily/global/2017/01/02/c3g_2017.01.02.tif,200.0,True,67106220.0,64.0,False
2017-01-03,https://data.chc.ucsb.edu/products/CHIRPS-GEFS/v3/daily/global/2017/01/03/c3g_2017.01.03.tif,200.0,True,67789158.0,64.65,False
2017-01-04,https://data.chc.ucsb.edu/products/CHIRPS-GEFS/v3/daily/global/2017/01/04/c3g_2017.01.04.tif,200.0,True,75936104.0,72.42,False
2017-01-05,https://data.chc.ucsb.edu/products/CHIRPS-GEFS/v3/daily/global/2017/01/05/c3g_2017.01.05.tif,200.0,True,75734984.0,72.23,False
2017-01-06,https://data.chc.ucsb.edu/products/CHIRPS-GEFS/v3/daily/global/2017/01/06/c3g_2017.01.06.tif,200.0,True,66351090.0,63.28,False
2017-01-07,https://data.chc.ucsb.edu/products/CHIRPS-GEFS/v3/daily/global/2017/01/07/c3g_2017.01.07.tif,200.0,True,64464740.0,61.48,False
2017-01-08,https://data.chc.ucsb.edu/products/CHIRPS-GEFS/v3/daily/global/2017/01/08/c3g_2017.01.08.tif,200.0,True,64853528.0,61.85,False
2017-01-09,https://data.chc.ucsb.edu/products/CHIRPS-GEFS/v3/daily/global/2017/01/09/c3g_2017.01.09.tif,200.0,True,65387584.0,62.36,False
2017-01-10,https://data.chc.ucsb.edu/products/CHIRPS-GEFS/v3/daily/global/2017/01/10/c3g_2017.01.10.tif,200.0,True,67126472.0,64.02,False
2017-01-11,https://data.chc.ucsb.edu/products/CHIRPS-GEFS/v3/daily/global/2017/01/11/c3g_2017.01.11.tif,200.0,True,68433480.0,65.26,False
2017-01-12,https://data.chc.ucsb.edu/products/CHIRPS-GEFS/v3/daily/global/2017/01/12/c3g_2017.01.12.tif,200.0,True,67433934.0,64.31,False
2017-01-13,https://data.chc.ucsb.edu/products/CHIRPS-GEFS/v3/daily/global/2017/01/13/c3g_2017.01.13.tif,200.0,True,68130582.0,64.97,False
2017-01-14,https://data.chc.ucsb.edu/products/CHIRPS-GEFS/v3/daily/global/2017/01/14/c3g_2017.01.14.tif,200.0,True,68525898.0,65.35,False
2017-01-15,https://data.chc.ucsb.edu/products/CHIRPS-GEFS/v3/daily/global/2017/01/15/c3g_2017.01.15.tif,200.0,True,68040270.0,64.89,False
2017-01-16,https://data.chc.ucsb.edu/products/CHIRPS-GEFS/v3/daily/global/2017/01/16/c3g_2017.01.16.tif,200.0,True,75648098.0,72.14,False
2017-01-17,https://data.chc.ucsb.edu/products/CHIRPS-GEFS/v3/daily/global/2017/01/17/c3g_2017.01.17.tif,200.0,True,67361676.0,64.24,False
2017-01-18,https://data.chc.ucsb.edu/products/CHIRPS-GEFS/v3/daily/global/2017/01/18/c3g_2017.01.18.tif,200.0,True,66963662.0,63.86,False
2017-01-19,https://data.chc.ucsb.edu/products/CHIRPS-GEFS/v3/daily/global/2017/01/19/c3g_2017.01.19.tif,200.0,True,76395946.0,72.86,False
2017-01-20,https://data.chc.ucsb.edu/products/CHIRPS-GEFS/v3/daily/global/2017/01/20/c3g_2017.01.20.tif,200.0,True,69682554.0,66.45,False
2017-01-21,https://data.chc.ucsb.edu/products/CHIRPS-GEFS/v3/daily/global/2017/01/21/c3g_2017.01.21.tif,200.0,True,69630688.0,66.4,False
2017-01-22,https://data.chc.ucsb.edu/products/CHIRPS-GEFS/v3/daily/global/2017/01/22/c3g_2017.01.22.tif,200.0,True,68882260.0,65.69,False
2017-01-23,https://data.chc.ucsb.edu/products/CHIRPS-GEFS/v3/daily/global/2017/01/23/c3g_2017.01.23.tif,200.0,True,68989336.0,65.79,False
2017-01-24,https://data.chc.ucsb.edu/products/CHIRPS-GEFS/v3/daily/global/2017/01/24/c3g_2017.01.24.tif,200.0,True,68292892.0,65.13,False
2017-01-25,https://data.chc.ucsb.edu/products/CHIRPS-GEFS/v3/daily/global/2017/01/25/c3g_2017.01.25.tif,200.0,True,68749948.0,65.57,False
2017-01-26,https://data.chc.ucsb.edu/products/CHIRPS-GEFS/v3/daily/global/2017/01/26/c3g_2017.01.26.tif,200.0,True,65756848.0,62.71,False
2017-01-27,https://data.chc.ucsb.edu/products/CHIRPS-GEFS/v3/daily/global/2017/01/27/c3g_2017.01.27.tif,200.0,True,65197064.0,62.18,False
2017-01-28,https://data.chc.ucsb.edu/products/CHIRPS-GEFS/v3/daily/global/2017/01/28/c3g_2017.01.28.tif,200.0,True,64587004.0,61.59,False
2017-01-29,https://data.chc.ucsb.edu/products/CHIRPS-GEFS/v3/daily/global/2017/01/29/c3g_2017.01.29.tif,200.0,True,65887648.0,62.84,False
2017-01-30,https://data.chc.ucsb.edu/products/CHIRPS-GEFS/v3/daily/global/2017/01/30/c3g_2017.01.30.tif,200.0,True,74950094.0,71.48,False
2017-01-31,https://data.chc.ucsb.edu/products/CHIRPS-GEFS/v3/daily/global/2017/01/31/c3g_2017.01.31.tif,200.0,True,67302934.0,64.19,False
2017-02-01,https://data.chc.ucsb.edu/products/CHIRPS-GEFS/v3/daily/global/2017/02/01/c3g_2017.02.01.tif,200.0,True,66952414.0,63.85,False
2017-02-02,https://data.chc.ucsb.edu/products/CHIRPS-GEFS/v3/daily/global/2017/02/02/c3g_2017.02.02.tif,200.0,True,67113186.0,64.0,False
2017-02-03,https://data.chc.ucsb.edu/products/CHIRPS-GEFS/v3/daily/global/2017/02/03/c3g_2017.02.03.tif,200.0,True,67780278.0,64.64,False
2017-02-04,https://data.chc.ucsb.edu/products/CHIRPS-GEFS/v3/daily/global/2017/02/04/c3g_2017.02.04.tif,200.0,True,75889608.0,72.37,False
2017-02-05,https://data.chc.ucsb.edu/products/CHIRPS-GEFS/v3/daily/global/2017/02/05/c3g_2017.02.05.tif,200.0,True,76006416.0,72.49,False
2017-02-06,https://data.chc.ucsb.edu/products/CHIRPS-GEFS/v3/daily/global/2017/02/06/c3g_2017.02.06.tif,200.0,True,67229536.0,64.12,False
2017-02-07,https://data.chc.ucsb.edu/products/CHIRPS-GEFS/v3/daily/global/2017/02/07/c3g_2017.02.07.tif,200.0,True,65339830.0,62.31,False
2017-02-08,https://data.chc.ucsb.edu/products/CHIRPS-GEFS/v3/daily/global/2017/02/08/c3g_2017.02.08.tif,200.0,True,67322148.0,64.2,False
2017-02-09,https://data.chc.ucsb.edu/products/CHIRPS-GEFS/v3/daily/global/2017/02/09/c3g_2017.02.09.tif,200.0,True,76393732.0,72.85,False
2017-02-10,https://data.chc.ucsb.edu/products/CHIRPS-GEFS/v3/daily/global/2017/02/10/c3g_2017.02.10.tif,200.0,True,66248134.0,63.18,False
2017-02-11,https://data.chc.ucsb.edu/products/CHIRPS-GEFS/v3/daily/global/2017/02/11/c3g_2017.02.11.tif,200.0,True,66438702.0,63.36,False
2017-02-12,https://data.chc.ucsb.edu/products/CHIRPS-GEFS/v3/daily/global/2017/02/12/c3g_2017.02.12.tif,200.0,True,67996828.0,64.85,False
2017-02-13,https://data.chc.ucsb.edu/products/CHIRPS-GEFS/v3/daily/global/2017/02/13/c3g_2017.02.13.tif,200.0,True,68131976.0,64.98,False
2017-02-14,https://data.chc.ucsb.edu/products/CHIRPS-GEFS/v3/daily/global/2017/02/14/c3g_2017.02.14.tif,200.0,True,66149158.0,63.08,False
2017-02-15,https://data.chc.ucsb.edu/products/CHIRPS-GEFS/v3/daily/global/2017/02/15/c3g_2017.02.15.tif,200.0,True,76815734.0,73.26,False
2017-02-16,https://data.chc.ucsb.edu/products/CHIRPS-GEFS/v3/daily/global/2017/02/16/c3g_2017.02.16.tif,200.0,True,76748718.0,73.19,False
2017-02-17,https://data.chc.ucsb.edu/products/CHIRPS-GEFS/v3/daily/global/2017/02/17/c3g_2017.02.17.tif,200.0,True,67081078.0,63.97,False
2017-02-18,https://data.chc.ucsb.edu/products/CHIRPS-GEFS/v3/daily/global/2017/02/18/c3g_2017.02.18.tif,200.0,True,69343704.0,66.13,False
2017-02-19,https://data.chc.ucsb.edu/products/CHIRPS-GEFS/v3/daily/global/2017/02/19/c3g_2017.02.19.tif,200.0,True,68971626.0,65.78,False
2017-02-20,https://data.chc.ucsb.edu/products/CHIRPS-GEFS/v3/daily/global/2017/02/20/c3g_2017.02.20.tif,200.0,True,68865636.0,65.68,False
2017-02-21,https://data.chc.ucsb.edu/products/CHIRPS-GEFS/v3/daily/global/2017/02/21/c3g_2017.02.21.tif,200.0,True,69022624.0,65.83,False
2017-02-22,https://data.chc.ucsb.edu/products/CHIRPS-GEFS/v3/daily/global/2017/02/22/c3g_2017.02.22.tif,200.0,True,76754068.0,73.2,False
2017-02-23,https://data.chc.ucsb.edu/products/CHIRPS-GEFS/v3/daily/global/2017/02/23/c3g_2017.02.23.tif,200.0,True,68218556.0,65.06,False
2017-02-24,https://data.chc.ucsb.edu/products/CHIRPS-GEFS/v3/daily/global/2017/02/24/c3g_2017.02.24.tif,200.0,True,68826786.0,65.64,False
2017-02-25,https://data.chc.ucsb.edu/products/CHIRPS-GEFS/v3/daily/global/2017/02/25/c3g_2017.02.25.tif,200.0,True,75907708.0,72.39,False
2017-02-26,https://data.chc.ucsb.edu/products/CHIRPS-GEFS/v3/daily/global/2017/02/26/c3g_2017.02.26.tif,200.0,True,66843160.0,63.75,False
2017-02-27,https://data.chc.ucsb.edu/products/CHIRPS-GEFS/v3/daily/global/2017/02/27/c3g_2017.02.27.tif,200.0,True,68286950.0,65.12,False
2017-02-28,https://data.chc.ucsb.edu/products/CHIRPS-GEFS/v3/daily/global/2017/02/28/c3g_2017.02.28.tif,200.0,True,68692752.0,65.51,False
2017-03-01,https://data.chc.ucsb.edu/products/CHIRPS-GEFS/v3/daily/global/2017/03/01/c3g_2017.03.01.tif,200.0,True,75571056.0,72.07,False
2017-03-02,https://data.chc.ucsb.edu/products/CHIRPS-GEFS/v3/daily/global/2017/03/02/c3g_2017.03.02.tif,200.0,True,68153826.0,65.0,False
2017-03-03,https://data.chc.ucsb.edu/products/CHIRPS-GEFS/v3/daily/global/2017/03/03/c3g_2017.03.03.tif,200.0,True,68193780.0,65.03,False
2017-03-04,https://data.chc.ucsb.edu/products/CHIRPS-GEFS/v3/daily/global/2017/03/04/c3g_2017.03.04.tif,200.0,True,65531376.0,62.5,False
2017-03-05,https://data.chc.ucsb.edu/products/CHIRPS-GEFS/v3/daily/global/2017/03/05/c3g_2017.03.05.tif,200.0,True,74011810.0,70.58,False
2017-03-06,https://data.chc.ucsb.edu/products/CHIRPS-GEFS/v3/daily/global/2017/03/06/c3g_2017.03.06.tif,200.0,True,74895898.0,71.43,False
2017-03-07,https://data.chc.ucsb.edu/products/CHIRPS-GEFS/v3/daily/global/2017/03/07/c3g_2017.03.07.tif,200.0,True,75156766.0,71.68,False
2017-03-08,https://data.chc.ucsb.edu/products/CHIRPS-GEFS/v3/daily/global/2017/03/08/c3g_2017.03.08.tif,200.0,True,67251182.0,64.14,False
2017-03-09,https://data.chc.ucsb.edu/products/CHIRPS-GEFS/v3/daily/global/2017/03/09/c3g_2017.03.09.tif,200.0,True,66112232.0,63.05,False
2017-03-10,https://data.chc.ucsb.edu/products/CHIRPS-GEFS/v3/daily/global/2017/03/10/c3g_2017.03.10.tif,200.0,True,74361060.0,70.92,False
2017-03-11,https://data.chc.ucsb.edu/products/CHIRPS-GEFS/v3/daily/global/2017/03/11/c3g_2017.03.11.tif,200.0,True,67898442.0,64.75,False
2017-03-12,https://data.chc.ucsb.edu/products/CHIRPS-GEFS/v3/daily/global/2017/03/12/c3g_2017.03.12.tif,200.0,True,67435354.0,64.31,False
2017-03-13,https://data.chc.ucsb.edu/products/CHIRPS-GEFS/v3/daily/global/2017/03/13/c3g_2017.03.13.tif,200.0,True,66412420.0,63.34,False
2017-03-14,https://data.chc.ucsb.edu/products/CHIRPS-GEFS/v3/daily/global/2017/03/14/c3g_2017.03.14.tif,200.0,True,67522856.0,64.39,False
2017-03-15,https://data.chc.ucsb.edu/products/CHIRPS-GEFS/v3/daily/global/2017/03/15/c3g_2017.03.15.tif,200.0,True,67692750.0,64.56,False
2017-03-16,https://data.chc.ucsb.edu/products/CHIRPS-GEFS/v3/daily/global/2017/03/16/c3g_2017.03.16.tif,200.0,True,67090174.0,63.98,False
2017-03-17,https://data.chc.ucsb.edu/products/CHIRPS-GEFS/v3/daily/global/2017/03/17/c3g_2017.03.17.tif,200.0,True,67572314.0,64.44,False
2017-03-18,https://data.chc.ucsb.edu/products/CHIRPS-GEFS/v3/daily/global/2017/03/18/c3g_2017.03.18.tif,200.0,True,68001838.0,64.85,False
2017-03-19,https://data.chc.ucsb.edu/products/CHIRPS-GEFS/v3/daily/global/2017/03/19/c3g_2017.03.19.tif,200.0,True,67881812.0,64.74,False
2017-03-20,https://data.chc.ucsb.edu/products/CHIRPS-GEFS/v3/daily/global/2017/03/20/c3g_2017.03.20.tif,200.0,True,75525770.0,72.03,False
2017-03-21,https://data.chc.ucsb.edu/products/CHIRPS-GEFS/v3/daily/global/2017/03/21/c3g_2017.03.21.tif,200.0,True,68232512.0,65.07,False
2017-03-22,https://data.chc.ucsb.edu/products/CHIRPS-GEFS/v3/daily/global/2017/03/22/c3g_2017.03.22.tif,200.0,True,67993678.0,64.84,False
2017-03-23,https://data.chc.ucsb.edu/products/CHIRPS-GEFS/v3/daily/global/2017/03/23/c3g_2017.03.23.tif,200.0,True,69217934.0,66.01,False
2017-03-24,https://data.chc.ucsb.edu/products/CHIRPS-GEFS/v3/daily/global/2017/03/24/c3g_2017.03.24.tif,200.0,True,69008384.0,65.81,False
2017-03-25,https://data.chc.ucsb.edu/products/CHIRPS-GEFS/v3/daily/global/2017/03/25/c3g_2017.03.25.tif,200.0,True,69419748.0,66.2,False
2017-03-26,https://data.chc.ucsb.edu/products/CHIRPS-GEFS/v3/daily/global/2017/03/26/c3g_2017.03.26.tif,200.0,True,67719576.0,64.58,False
2017-03-27,https://data.chc.ucsb.edu/products/CHIRPS-GEFS/v3/daily/global/2017/03/27/c3g_2017.03.27.tif,200.0,True,67697832.0,64.56,False
2017-03-28,https://data.chc.ucsb.edu/products/CHIRPS-GEFS/v3/daily/global/2017/03/28/c3g_2017.03.28.tif,200.0,True,68377500.0,65.21,False
2017-03-29,https://data.chc.ucsb.edu/products/CHIRPS-GEFS/v3/daily/global/2017/03/29/c3g_2017.03.29.tif,200.0,True,67830772.0,64.69,False
2017-03-30,https://data.chc.ucsb.edu/products/CHIRPS-GEFS/v3/daily/global/2017/03/30/c3g_2017.03.30.tif,200.0,True,68389372.0,65.22,False
2017-03-31,https://data.chc.ucsb.edu/products/CHIRPS-GEFS/v3/daily/global/2017/03/31/c3g_2017.03.31.tif,200.0,True,67288592.0,64.17,False
2017-04-01,https://data.chc.ucsb.edu/products/CHIRPS-GEFS/v3/daily/global/2017/04/01/c3g_2017.04.01.tif,200.0,True,66776394.0,63.68,False
2017-04-02,https://data.chc.ucsb.edu/products/CHIRPS-GEFS/v3/daily/global/2017/04/02/c3g_2017.04.02.tif,200.0,True,66504512.0,63.42,False
2017-04-03,https://data.chc.ucsb.edu/products/CHIRPS-GEFS/v3/daily/global/2017/04/03/c3g_2017.04.03.tif,200.0,True,66954846.0,63.85,False
2017-04-04,https://data.chc.ucsb.edu/products/CHIRPS-GEFS/v3/daily/global/2017/04/04/c3g_2017.04.04.tif,200.0,True,67085762.0,63.98,False
2017-04-05,https://data.chc.ucsb.edu/products/CHIRPS-GEFS/v3/daily/global/2017/04/05/c3g_2017.04.05.tif,200.0,True,66361862.0,63.29,False
2017-04-06,https://data.chc.ucsb.edu/products/CHIRPS-GEFS/v3/daily/global/2017/04/06/c3g_2017.04.06.tif,200.0,True,67002972.0,63.9,False
2017-04-07,https://data.chc.ucsb.edu/products/CHIRPS-GEFS/v3/daily/global/2017/04/07/c3g_2017.04.07.tif,200.0,True,75605982.0,72.1,False
2017-04-08,https://data.chc.ucsb.edu/products/CHIRPS-GEFS/v3/daily/global/2017/04/08/c3g_2017.04.08.tif,200.0,True,68066494.0,64.91,False
2017-04-09,https://data.chc.ucsb.edu/products/CHIRPS-GEFS/v3/daily/global/2017/04/09/c3g_2017.04.09.tif,200.0,True,66082274.0,63.02,False
2017-04-10,https://data.chc.ucsb.edu/products/CHIRPS-GEFS/v3/daily/global/2017/04/10/c3g_2017.04.10.tif,200.0,True,75830380.0,72.32,False
2017-04-11,https://data.chc.ucsb.edu/products/CHIRPS-GEFS/v3/daily/global/2017/04/11/c3g_2017.04.11.tif,200.0,True,67803646.0,64.66,False
2017-04-12,https://data.chc.ucsb.edu/products/CHIRPS-GEFS/v3/daily/global/2017/04/12/c3g_2017.04.12.tif,200.0,True,68158312.0,65.0,False
2017-04-13,https://data.chc.ucsb.edu/products/CHIRPS-GEFS/v3/daily/global/2017/04/13/c3g_2017.04.13.tif,200.0,True,68219432.0,65.06,False
2017-04-14,https://data.chc.ucsb.edu/products/CHIRPS-GEFS/v3/daily/global/2017/04/14/c3g_2017.04.14.tif,200.0,True,68062142.0,64.91,False
2017-04-15,https://data.chc.ucsb.edu/products/CHIRPS-GEFS/v3/daily/global/2017/04/15/c3g_2017.04.15.tif,200.0,True,67067448.0,63.96,False
2017-04-16,https://data.chc.ucsb.edu/products/CHIRPS-GEFS/v3/daily/global/2017/04/16/c3g_2017.04.16.tif,200.0,True,67865690.0,64.72,False
2017-04-17,https://data.chc.ucsb.edu/products/CHIRPS-GEFS/v3/daily/global/2017/04/17/c3g_2017.04.17.tif,200.0,True,68357642.0,65.19,False
2017-04-18,https://data.chc.ucsb.edu/products/CHIRPS-GEFS/v3/daily/global/2017/04/18/c3g_2017.04.18.tif,200.0,True,69460730.0,66.24,False
2017-04-19,https://data.chc.ucsb.edu/products/CHIRPS-GEFS/v3/daily/global/2017/04/19/c3g_2017.04.19.tif,200.0,True,75744210.0,72.24,False
2017-04-20,https://data.chc.ucsb.edu/products/CHIRPS-GEFS/v3/daily/global/2017/04/20/c3g_2017.04.20.tif,200.0,True,68268910.0,65.11,False
2017-04-21,https://data.chc.ucsb.edu/products/CHIRPS-GEFS/v3/daily/global/2017/04/21/c3g_2017.04.21.tif,200.0,True,69362246.0,66.15,False
2017-04-22,https://data.chc.ucsb.edu/products/CHIRPS-GEFS/v3/daily/global/2017/04/22/c3g_2017.04.22.tif,200.0,True,68235780.0,65.07,False
2017-04-23,https://data.chc.ucsb.edu/products/CHIRPS-GEFS/v3/daily/global/2017/04/23/c3g_2017.04.23.tif,200.0,True,76452962.0,72.91,False
2017-04-24,https://data.chc.ucsb.edu/products/CHIRPS-GEFS/v3/daily/global/2017/04/24/c3g_2017.04.24.tif,200.0,True,69358166.0,66.15,False
2017-04-25,https://data.chc.ucsb.edu/products/CHIRPS-GEFS/v3/daily/global/2017/04/25/c3g_2017.04.25.tif,200.0,True,68733306.0,65.55,False
2017-04-26,https://data.chc.ucsb.edu/products/CHIRPS-GEFS/v3/daily/global/2017/04/26/c3g_2017.04.26.tif,200.0,True,68367458.0,65.2,False
2017-04-27,https://data.chc.ucsb.edu/products/CHIRPS-GEFS/v3/daily/global/2017/04/27/c3g_2017.04.27.tif,200.0,True,77143256.0,73.57,False
2017-04-28,https://data.chc.ucsb.edu/products/CHIRPS-GEFS/v3/daily/global/2017/04/28/c3g_2017.04.28.tif,200.0,True,68508192.0,65.33,False
2017-04-29,https://data.chc.ucsb.edu/products/CHIRPS-GEFS/v3/daily/global/2017/04/29/c3g_2017.04.29.tif,200.0,True,66900778.0,63.8,False
2017-04-30,https://data.chc.ucsb.edu/products/CHIRPS-GEFS/v3/daily/global/2017/04/30/c3g_2017.04.30.tif,200.0,True,67808550.0,64.67,False
2017-05-01,https://data.chc.ucsb.edu/products/CHIRPS-GEFS/v3/daily/global/2017/05/01/c3g_2017.05.01.tif,200.0,True,69188358.0,65.98,False
2017-05-02,https://data.chc.ucsb.edu/products/CHIRPS-GEFS/v3/daily/global/2017/05/02/c3g_2017.05.02.tif,200.0,True,77076734.0,73.51,False
2017-05-03,https://data.chc.ucsb.edu/products/CHIRPS-GEFS/v3/daily/global/2017/05/03/c3g_2017.05.03.tif,200.0,True,77685710.0,74.09,False
2017-05-04,https://data.chc.ucsb.edu/products/CHIRPS-GEFS/v3/daily/global/2017/05/04/c3g_2017.05.04.tif,200.0,True,77204132.0,73.63,False
2017-05-05,https://data.chc.ucsb.edu/products/CHIRPS-GEFS/v3/daily/global/2017/05/05/c3g_2017.05.05.tif,200.0,True,77049142.0,73.48,False
2017-05-06,https://data.chc.ucsb.edu/products/CHIRPS-GEFS/v3/daily/global/2017/05/06/c3g_2017.05.06.tif,200.0,True,69192998.0,65.99,False
2017-05-07,https://data.chc.ucsb.edu/products/CHIRPS-GEFS/v3/daily/global/2017/05/07/c3g_2017.05.07.tif,200.0,True,69205724.0,66.0,False
2017-05-08,https://data.chc.ucsb.edu/products/CHIRPS-GEFS/v3/daily/global/2017/05/08/c3g_2017.05.08.tif,200.0,True,69909038.0,66.67,False
2017-05-09,https://data.chc.ucsb.edu/products/CHIRPS-GEFS/v3/daily/global/2017/05/09/c3g_2017.05.09.tif,200.0,True,77745860.0,74.14,False
2017-05-10,https://data.chc.ucsb.edu/products/CHIRPS-GEFS/v3/daily/global/2017/05/10/c3g_2017.05.10.tif,200.0,True,69874330.0,66.64,False
2017-05-11,https://data.chc.ucsb.edu/products/CHIRPS-GEFS/v3/daily/global/2017/05/11/c3g_2017.05.11.tif,200.0,True,68984074.0,65.79,False
2017-05-12,https://data.chc.ucsb.edu/products/CHIRPS-GEFS/v3/daily/global/2017/05/12/c3g_2017.05.12.tif,200.0,True,70755194.0,67.48,False
2017-05-13,https://data.chc.ucsb.edu/products/CHIRPS-GEFS/v3/daily/global/2017/05/13/c3g_2017.05.13.tif,200.0,True,69432578.0,66.22,False
2017-05-14,https://data.chc.ucsb.edu/products/CHIRPS-GEFS/v3/daily/global/2017/05/14/c3g_2017.05.14.tif,200.0,True,69096212.0,65.9,False
2017-05-15,https://data.chc.ucsb.edu/products/CHIRPS-GEFS/v3/daily/global/2017/05/15/c3g_2017.05.15.tif,200.0,True,69605350.0,66.38,False
2017-05-16,https://data.chc.ucsb.edu/products/CHIRPS-GEFS/v3/daily/global/2017/05/16/c3g_2017.05.16.tif,200.0,True,69119054.0,65.92,False
2017-05-17,https://data.chc.ucsb.edu/products/CHIRPS-GEFS/v3/daily/global/2017/05/17/c3g_2017.05.17.tif,200.0,True,70472814.0,67.21,False
2017-05-18,https://data.chc.ucsb.edu/products/CHIRPS-GEFS/v3/daily/global/2017/05/18/c3g_2017.05.18.tif,200.0,True,76750940.0,73.2,False
2017-05-19,https://data.chc.ucsb.edu/products/CHIRPS-GEFS/v3/daily/global/2017/05/19/c3g_2017.05.19.tif,200.0,True,67666800.0,64.53,False
2017-05-20,https://data.chc.ucsb.edu/products/CHIRPS-GEFS/v3/daily/global/2017/05/20/c3g_2017.05.20.tif,200.0,True,76149396.0,72.62,False
2017-05-21,https://data.chc.ucsb.edu/products/CHIRPS-GEFS/v3/daily/global/2017/05/21/c3g_2017.05.21.tif,200.0,True,68708858.0,65.53,False
2017-05-22,https://data.chc.ucsb.edu/products/CHIRPS-GEFS/v3/daily/global/2017/05/22/c3g_2017.05.22.tif,200.0,True,68752798.0,65.57,False
2017-05-23,https://data.chc.ucsb.edu/products/CHIRPS-GEFS/v3/daily/global/2017/05/23/c3g_2017.05.23.tif,200.0,True,67282008.0,64.17,False
2017-05-24,https://data.chc.ucsb.edu/products/CHIRPS-GEFS/v3/daily/global/2017/05/24/c3g_2017.05.24.tif,200.0,True,76794312.0,73.24,False
2017-05-25,https://data.chc.ucsb.edu/products/CHIRPS-GEFS/v3/daily/global/2017/05/25/c3g_2017.05.25.tif,200.0,True,67218118.0,64.1,False
2017-05-26,https://data.chc.ucsb.edu/products/CHIRPS-GEFS/v3/daily/global/2017/05/26/c3g_2017.05.26.tif,200.0,True,66872442.0,63.77,False
2017-05-27,https://data.chc.ucsb.edu/products/CHIRPS-GEFS/v3/daily/global/2017/05/27/c3g_2017.05.27.tif,200.0,True,69253446.0,66.05,False
2017-05-28,https://data.chc.ucsb.edu/products/CHIRPS-GEFS/v3/daily/global/2017/05/28/c3g_2017.05.28.tif,200.0,True,70183484.0,66.93,False
2017-05-29,https://data.chc.ucsb.edu/products/CHIRPS-GEFS/v3/daily/global/2017/05/29/c3g_2017.05.29.tif,200.0,True,67682266.0,64.55,False
2017-05-30,https://data.chc.ucsb.edu/products/CHIRPS-GEFS/v3/daily/global/2017/05/30/c3g_2017.05.30.tif,200.0,True,68568724.0,65.39,False
2017-05-31,https://data.chc.ucsb.edu/products/CHIRPS-GEFS/v3/daily/global/2017/05/31/c3g_2017.05.31.tif,200.0,True,76290718.0,72.76,False
2017-06-01,https://data.chc.ucsb.edu/products/CHIRPS-GEFS/v3/daily/global/2017/06/01/c3g_2017.06.01.tif,200.0,True,69323586.0,66.11,False
2017-06-02,https://data.chc.ucsb.edu/products/CHIRPS-GEFS/v3/daily/global/2017/06/02/c3g_2017.06.02.tif,200.0,True,69567282.0,66.34,False
2017-06-03,https://data.chc.ucsb.edu/products/CHIRPS-GEFS/v3/daily/global/2017/06/03/c3g_2017.06.03.tif,200.0,True,70264612.0,67.01,False
2017-06-04,https://data.chc.ucsb.edu/products/CHIRPS-GEFS/v3/daily/global/2017/06/04/c3g_2017.06.04.tif,200.0,True,77268164.0,73.69,False
2017-06-05,https://data.chc.ucsb.edu/products/CHIRPS-GEFS/v3/daily/global/2017/06/05/c3g_2017.06.05.tif,200.0,True,69604794.0,66.38,False
2017-06-06,https://data.chc.ucsb.edu/products/CHIRPS-GEFS/v3/daily/global/2017/06/06/c3g_2017.06.06.tif,200.0,True,69451426.0,66.23,False
2017-06-07,https://data.chc.ucsb.edu/products/CHIRPS-GEFS/v3/daily/global/2017/06/07/c3g_2017.06.07.tif,200.0,True,69433938.0,66.22,False
2017-06-08,https://data.chc.ucsb.edu/products/CHIRPS-GEFS/v3/daily/global/2017/06/08/c3g_2017.06.08.tif,200.0,True,67721032.0,64.58,False
2017-06-09,https://data.chc.ucsb.edu/products/CHIRPS-GEFS/v3/daily/global/2017/06/09/c3g_2017.06.09.tif,200.0,True,69834814.0,66.6,False
2017-06-10,https://data.chc.ucsb.edu/products/CHIRPS-GEFS/v3/daily/global/2017/06/10/c3g_2017.06.10.tif,200.0,True,76936926.0,73.37,False
2017-06-11,https://data.chc.ucsb.edu/products/CHIRPS-GEFS/v3/daily/global/2017/06/11/c3g_2017.06.11.tif,200.0,True,67095546.0,63.99,False
2017-06-12,https://data.chc.ucsb.edu/products/CHIRPS-GEFS/v3/daily/global/2017/06/12/c3g_2017.06.12.tif,200.0,True,69513122.0,66.29,False
2017-06-13,https://data.chc.ucsb.edu/products/CHIRPS-GEFS/v3/daily/global/2017/06/13/c3g_2017.06.13.tif,200.0,True,69389502.0,66.17,False
2017-06-14,https://data.chc.ucsb.edu/products/CHIRPS-GEFS/v3/daily/global/2017/06/14/c3g_2017.06.14.tif,200.0,True,67806944.0,64.67,False
2017-06-15,https://data.chc.ucsb.edu/products/CHIRPS-GEFS/v3/daily/global/2017/06/15/c3g_2017.06.15.tif,200.0,True,77569624.0,73.98,False
2017-06-16,https://data.chc.ucsb.edu/products/CHIRPS-GEFS/v3/daily/global/2017/06/16/c3g_2017.06.16.tif,200.0,True,67989806.0,64.84,False
2017-06-17,https://data.chc.ucsb.edu/products/CHIRPS-GEFS/v3/daily/global/2017/06/17/c3g_2017.06.17.tif,200.0,True,68712244.0,65.53,False
2017-06-18,https://data.chc.ucsb.edu/products/CHIRPS-GEFS/v3/daily/global/2017/06/18/c3g_2017.06.18.tif,200.0,True,70375806.0,67.12,False
2017-06-19,https://data.chc.ucsb.edu/products/CHIRPS-GEFS/v3/daily/global/2017/06/19/c3g_2017.06.19.tif,200.0,True,70846734.0,67.56,False
2017-06-20,https://data.chc.ucsb.edu/products/CHIRPS-GEFS/v3/daily/global/2017/06/20/c3g_2017.06.20.tif,200.0,True,78080702.0,74.46,False
2017-06-21,https://data.chc.ucsb.edu/products/CHIRPS-GEFS/v3/daily/global/2017/06/21/c3g_2017.06.21.tif,200.0,True,70740616.0,67.46,False
2017-06-22,https://data.chc.ucsb.edu/products/CHIRPS-GEFS/v3/daily/global/2017/06/22/c3g_2017.06.22.tif,200.0,True,70290292.0,67.03,False
2017-06-23,https://data.chc.ucsb.edu/products/CHIRPS-GEFS/v3/daily/global/2017/06/23/c3g_2017.06.23.tif,200.0,True,70401902.0,67.14,False
2017-06-24,https://data.chc.ucsb.edu/products/CHIRPS-GEFS/v3/daily/global/2017/06/24/c3g_2017.06.24.tif,200.0,True,70350220.0,67.09,False
2017-06-25,https://data.chc.ucsb.edu/products/CHIRPS-GEFS/v3/daily/global/2017/06/25/c3g_2017.06.25.tif,200.0,True,67924066.0,64.78,False
2017-06-26,https://data.chc.ucsb.edu/products/CHIRPS-GEFS/v3/daily/global/2017/06/26/c3g_2017.06.26.tif,200.0,True,69672818.0,66.45,False
2017-06-27,https://data.chc.ucsb.edu/products/CHIRPS-GEFS/v3/daily/global/2017/06/27/c3g_2017.06.27.tif,200.0,True,70611552.0,67.34,False
2017-06-28,https://data.chc.ucsb.edu/products/CHIRPS-GEFS/v3/daily/global/2017/06/28/c3g_2017.06.28.tif,200.0,True,71438200.0,68.13,False
2017-06-29,https://data.chc.ucsb.edu/products/CHIRPS-GEFS/v3/daily/global/2017/06/29/c3g_2017.06.29.tif,200.0,True,70762390.0,67.48,False
2017-06-30,https://data.chc.ucsb.edu/products/CHIRPS-GEFS/v3/daily/global/2017/06/30/c3g_2017.06.30.tif,200.0,True,68017962.0,64.87,False
2017-07-01,https://data.chc.ucsb.edu/products/CHIRPS-GEFS/v3/daily/global/2017/07/01/c3g_2017.07.01.tif,200.0,True,69395142.0,66.18,False
2017-07-02,https://data.chc.ucsb.edu/products/CHIRPS-GEFS/v3/daily/global/2017/07/02/c3g_2017.07.02.tif,200.0,True,70353788.0,67.09,False
2017-07-03,https://data.chc.ucsb.edu/products/CHIRPS-GEFS/v3/daily/global/2017/07/03/c3g_2017.07.03.tif,200.0,True,70419696.0,67.16,False
2017-07-04,https://data.chc.ucsb.edu/products/CHIRPS-GEFS/v3/daily/global/2017/07/04/c3g_2017.07.04.tif,200.0,True,77704664.0,74.1,False
2017-07-05,https://data.chc.ucsb.edu/products/CHIRPS-GEFS/v3/daily/global/2017/07/05/c3g_2017.07.05.tif,200.0,True,69533436.0,66.31,False
2017-07-06,https://data.chc.ucsb.edu/products/CHIRPS-GEFS/v3/daily/global/2017/07/06/c3g_2017.07.06.tif,200.0,True,69542752.0,66.32,False
2017-07-07,https://data.chc.ucsb.edu/products/CHIRPS-GEFS/v3/daily/global/2017/07/07/c3g_2017.07.07.tif,200.0,True,68604620.0,65.43,False
2017-07-08,https://data.chc.ucsb.edu/products/CHIRPS-GEFS/v3/daily/global/2017/07/08/c3g_2017.07.08.tif,200.0,True,69642366.0,66.42,False
2017-07-09,https://data.chc.ucsb.edu/products/CHIRPS-GEFS/v3/daily/global/2017/07/09/c3g_2017.07.09.tif,200.0,True,70733848.0,67.46,False
2017-07-10,https://data.chc.ucsb.edu/products/CHIRPS-GEFS/v3/daily/global/2017/07/10/c3g_2017.07.10.tif,200.0,True,68792832.0,65.61,False
2017-07-11,https://data.chc.ucsb.edu/products/CHIRPS-GEFS/v3/daily/global/2017/07/11/c3g_2017.07.11.tif,200.0,True,69267866.0,66.06,False
2017-07-12,https://data.chc.ucsb.edu/products/CHIRPS-GEFS/v3/daily/global/2017/07/12/c3g_2017.07.12.tif,200.0,True,69725328.0,66.5,False
2017-07-13,https://data.chc.ucsb.edu/products/CHIRPS-GEFS/v3/daily/global/2017/07/13/c3g_2017.07.13.tif,200.0,True,69489588.0,66.27,False
2017-07-14,https://data.chc.ucsb.edu/products/CHIRPS-GEFS/v3/daily/global/2017/07/14/c3g_2017.07.14.tif,200.0,True,70399204.0,67.14,False
2017-07-15,https://data.chc.ucsb.edu/products/CHIRPS-GEFS/v3/daily/global/2017/07/15/c3g_2017.07.15.tif,200.0,True,70371852.0,67.11,False
2017-07-16,https://data.chc.ucsb.edu/products/CHIRPS-GEFS/v3/daily/global/2017/07/16/c3g_2017.07.16.tif,200.0,True,70081520.0,66.83,False
2017-07-17,https://data.chc.ucsb.edu/products/CHIRPS-GEFS/v3/daily/global/2017/07/17/c3g_2017.07.17.tif,200.0,True,70850060.0,67.57,False
2017-07-18,https://data.chc.ucsb.edu/products/CHIRPS-GEFS/v3/daily/global/2017/07/18/c3g_2017.07.18.tif,200.0,True,69548890.0,66.33,False
2017-07-19,https://data.chc.ucsb.edu/products/CHIRPS-GEFS/v3/daily/global/2017/07/19/c3g_2017.07.19.tif,200.0,True,69604564.0,66.38,False
2017-07-20,https://data.chc.ucsb.edu/products/CHIRPS-GEFS/v3/daily/global/2017/07/20/c3g_2017.07.20.tif,200.0,True,69505178.0,66.29,False
2017-07-21,https://data.chc.ucsb.edu/products/CHIRPS-GEFS/v3/daily/global/2017/07/21/c3g_2017.07.21.tif,200.0,True,69135754.0,65.93,False
2017-07-22,https://data.chc.ucsb.edu/products/CHIRPS-GEFS/v3/daily/global/2017/07/22/c3g_2017.07.22.tif,200.0,True,77282830.0,73.7,False
2017-07-23,https://data.chc.ucsb.edu/products/CHIRPS-GEFS/v3/daily/global/2017/07/23/c3g_2017.07.23.tif,200.0,True,68316082.0,65.15,False
2017-07-24,https://data.chc.ucsb.edu/products/CHIRPS-GEFS/v3/daily/global/2017/07/24/c3g_2017.07.24.tif,200.0,True,69280978.0,66.07,False
2017-07-25,https://data.chc.ucsb.edu/products/CHIRPS-GEFS/v3/daily/global/2017/07/25/c3g_2017.07.25.tif,200.0,True,67443258.0,64.32,False
2017-07-26,https://data.chc.ucsb.edu/products/CHIRPS-GEFS/v3/daily/global/2017/07/26/c3g_2017.07.26.tif,200.0,True,67466648.0,64.34,False
2017-07-27,https://data.chc.ucsb.edu/products/CHIRPS-GEFS/v3/daily/global/2017/07/27/c3g_2017.07.27.tif,200.0,True,77839802.0,74.23,False
2017-07-28,https://data.chc.ucsb.edu/products/CHIRPS-GEFS/v3/daily/global/2017/07/28/c3g_2017.07.28.tif,200.0,True,77856836.0,74.25,False
2017-07-29,https://data.chc.ucsb.edu/products/CHIRPS-GEFS/v3/daily/global/2017/07/29/c3g_2017.07.29.tif,200.0,True,67955396.0,64.81,False
2017-07-30,https://data.chc.ucsb.edu/products/CHIRPS-GEFS/v3/daily/global/2017/07/30/c3g_2017.07.30.tif,200.0,True,69741186.0,66.51,False
2017-07-31,https://data.chc.ucsb.edu/products/CHIRPS-GEFS/v3/daily/global/2017/07/31/c3g_2017.07.31.tif,200.0,True,69896936.0,66.66,False
2017-08-01,https://data.chc.ucsb.edu/products/CHIRPS-GEFS/v3/daily/global/2017/08/01/c3g_2017.08.01.tif,200.0,True,68783858.0,65.6,False
2017-08-02,https://data.chc.ucsb.edu/products/CHIRPS-GEFS/v3/daily/global/2017/08/02/c3g_2017.08.02.tif,200.0,True,69864906.0,66.63,False
2017-08-03,https://data.chc.ucsb.edu/products/CHIRPS-GEFS/v3/daily/global/2017/08/03/c3g_2017.08.03.tif,200.0,True,69285774.0,66.08,False
2017-08-04,https://data.chc.ucsb.edu/products/CHIRPS-GEFS/v3/daily/global/2017/08/04/c3g_2017.08.04.tif,200.0,True,67346326.0,64.23,False
2017-08-05,https://data.chc.ucsb.edu/products/CHIRPS-GEFS/v3/daily/global/2017/08/05/c3g_2017.08.05.tif,200.0,True,67781314.0,64.64,False
2017-08-06,https://data.chc.ucsb.edu/products/CHIRPS-GEFS/v3/daily/global/2017/08/06/c3g_2017.08.06.tif,200.0,True,68390212.0,65.22,False
2017-08-07,https://data.chc.ucsb.edu/products/CHIRPS-GEFS/v3/daily/global/2017/08/07/c3g_2017.08.07.tif,200.0,True,68156122.0,65.0,False
2017-08-08,https://data.chc.ucsb.edu/products/CHIRPS-GEFS/v3/daily/global/2017/08/08/c3g_2017.08.08.tif,200.0,True,68813802.0,65.63,False
2017-08-09,https://data.chc.ucsb.edu/products/CHIRPS-GEFS/v3/daily/global/2017/08/09/c3g_2017.08.09.tif,200.0,True,78345414.0,74.72,False
2017-08-10,https://data.chc.ucsb.edu/products/CHIRPS-GEFS/v3/daily/global/2017/08/10/c3g_2017.08.10.tif,200.0,True,78336010.0,74.71,False
2017-08-11,https://data.chc.ucsb.edu/products/CHIRPS-GEFS/v3/daily/global/2017/08/11/c3g_2017.08.11.tif,200.0,True,68107272.0,64.95,False
2017-08-12,https://data.chc.ucsb.edu/products/CHIRPS-GEFS/v3/daily/global/2017/08/12/c3g_2017.08.12.tif,200.0,True,78578602.0,74.94,False
2017-08-13,https://data.chc.ucsb.edu/products/CHIRPS-GEFS/v3/daily/global/2017/08/13/c3g_2017.08.13.tif,200.0,True,70576862.0,67.31,False
2017-08-14,https://data.chc.ucsb.edu/products/CHIRPS-GEFS/v3/daily/global/2017/08/14/c3g_2017.08.14.tif,200.0,True,70953652.0,67.67,False
2017-08-15,https://data.chc.ucsb.edu/products/CHIRPS-GEFS/v3/daily/global/2017/08/15/c3g_2017.08.15.tif,200.0,True,71257270.0,67.96,False
2017-08-16,https://data.chc.ucsb.edu/products/CHIRPS-GEFS/v3/daily/global/2017/08/16/c3g_2017.08.16.tif,200.0,True,70033360.0,66.79,False
2017-08-17,https://data.chc.ucsb.edu/products/CHIRPS-GEFS/v3/daily/global/2017/08/17/c3g_2017.08.17.tif,200.0,True,70303238.0,67.05,False
2017-08-18,https://data.chc.ucsb.edu/products/CHIRPS-GEFS/v3/daily/global/2017/08/18/c3g_2017.08.18.tif,200.0,True,68432690.0,65.26,False
2017-08-19,https://data.chc.ucsb.edu/products/CHIRPS-GEFS/v3/daily/global/2017/08/19/c3g_2017.08.19.tif,200.0,True,68862444.0,65.67,False
2017-08-20,https://data.chc.ucsb.edu/products/CHIRPS-GEFS/v3/daily/global/2017/08/20/c3g_2017.08.20.tif,200.0,True,70376470.0,67.12,False
2017-08-21,https://data.chc.ucsb.edu/products/CHIRPS-GEFS/v3/daily/global/2017/08/21/c3g_2017.08.21.tif,200.0,True,68071356.0,64.92,False
2017-08-22,https://data.chc.ucsb.edu/products/CHIRPS-GEFS/v3/daily/global/2017/08/22/c3g_2017.08.22.tif,200.0,True,77943688.0,74.33,False
2017-08-23,https://data.chc.ucsb.edu/products/CHIRPS-GEFS/v3/daily/global/2017/08/23/c3g_2017.08.23.tif,200.0,True,67725486.0,64.59,False
2017-08-24,https://data.chc.ucsb.edu/products/CHIRPS-GEFS/v3/daily/global/2017/08/24/c3g_2017.08.24.tif,200.0,True,70509040.0,67.24,False
2017-08-25,https://data.chc.ucsb.edu/products/CHIRPS-GEFS/v3/daily/global/2017/08/25/c3g_2017.08.25.tif,200.0,True,77874296.0,74.27,False
2017-08-26,https://data.chc.ucsb.edu/products/CHIRPS-GEFS/v3/daily/global/2017/08/26/c3g_2017.08.26.tif,200.0,True,77230396.0,73.65,False
2017-08-27,https://data.chc.ucsb.edu/products/CHIRPS-GEFS/v3/daily/global/2017/08/27/c3g_2017.08.27.tif,200.0,True,69181346.0,65.98,False
2017-08-28,https://data.chc.ucsb.edu/products/CHIRPS-GEFS/v3/daily/global/2017/08/28/c3g_2017.08.28.tif,200.0,True,69426930.0,66.21,False
2017-08-29,https://data.chc.ucsb.edu/products/CHIRPS-GEFS/v3/daily/global/2017/08/29/c3g_2017.08.29.tif,200.0,True,78049204.0,74.43,False
2017-08-30,https://data.chc.ucsb.edu/products/CHIRPS-GEFS/v3/daily/global/2017/08/30/c3g_2017.08.30.tif,200.0,True,77732700.0,74.13,False
2017-08-31,https://data.chc.ucsb.edu/products/CHIRPS-GEFS/v3/daily/global/2017/08/31/c3g_2017.08.31.tif,200.0,True,69985908.0,66.74,False
2017-09-01,https://data.chc.ucsb.edu/products/CHIRPS-GEFS/v3/daily/global/2017/09/01/c3g_2017.09.01.tif,200.0,True,77930748.0,74.32,False
2017-09-02,https://data.chc.ucsb.edu/products/CHIRPS-GEFS/v3/daily/global/2017/09/02/c3g_2017.09.02.tif,200.0,True,67428302.0,64.3,False
2017-09-03,https://data.chc.ucsb.edu/products/CHIRPS-GEFS/v3/daily/global/2017/09/03/c3g_2017.09.03.tif,200.0,True,67863142.0,64.72,False
2017-09-04,https://data.chc.ucsb.edu/products/CHIRPS-GEFS/v3/daily/global/2017/09/04/c3g_2017.09.04.tif,200.0,True,69634154.0,66.41,False
2017-09-05,https://data.chc.ucsb.edu/products/CHIRPS-GEFS/v3/daily/global/2017/09/05/c3g_2017.09.05.tif,200.0,True,68422560.0,65.25,False
2017-09-06,https://data.chc.ucsb.edu/products/CHIRPS-GEFS/v3/daily/global/2017/09/06/c3g_2017.09.06.tif,200.0,True,68846228.0,65.66,False
2017-09-07,https://data.chc.ucsb.edu/products/CHIRPS-GEFS/v3/daily/global/2017/09/07/c3g_2017.09.07.tif,200.0,True,67564924.0,64.43,False
2017-09-08,https://data.chc.ucsb.edu/products/CHIRPS-GEFS/v3/daily/global/2017/09/08/c3g_2017.09.08.tif,200.0,True,77751266.0,74.15,False
2017-09-09,https://data.chc.ucsb.edu/products/CHIRPS-GEFS/v3/daily/global/2017/09/09/c3g_2017.09.09.tif,200.0,True,69460074.0,66.24,False
2017-09-10,https://data.chc.ucsb.edu/products/CHIRPS-GEFS/v3/daily/global/2017/09/10/c3g_2017.09.10.tif,200.0,True,77701672.0,74.1,False
2017-09-11,https://data.chc.ucsb.edu/products/CHIRPS-GEFS/v3/daily/global/2017/09/11/c3g_2017.09.11.tif,200.0,True,68784824.0,65.6,False
2017-09-12,https://data.chc.ucsb.edu/products/CHIRPS-GEFS/v3/daily/global/2017/09/12/c3g_2017.09.12.tif,200.0,True,69070324.0,65.87,False
2017-09-13,https://data.chc.ucsb.edu/products/CHIRPS-GEFS/v3/daily/global/2017/09/13/c3g_2017.09.13.tif,200.0,True,69332792.0,66.12,False
2017-09-14,https://data.chc.ucsb.edu/products/CHIRPS-GEFS/v3/daily/global/2017/09/14/c3g_2017.09.14.tif,200.0,True,67094288.0,63.99,False
2017-09-15,https://data.chc.ucsb.edu/products/CHIRPS-GEFS/v3/daily/global/2017/09/15/c3g_2017.09.15.tif,200.0,True,77671236.0,74.07,False
2017-09-16,https://data.chc.ucsb.edu/products/CHIRPS-GEFS/v3/daily/global/2017/09/16/c3g_2017.09.16.tif,200.0,True,67491936.0,64.37,False
2017-09-17,https://data.chc.ucsb.edu/products/CHIRPS-GEFS/v3/daily/global/2017/09/17/c3g_2017.09.17.tif,200.0,True,65310008.0,62.28,False
2017-09-18,https://data.chc.ucsb.edu/products/CHIRPS-GEFS/v3/daily/global/2017/09/18/c3g_2017.09.18.tif,200.0,True,68238222.0,65.08,False
2017-09-19,https://data.chc.ucsb.edu/products/CHIRPS-GEFS/v3/daily/global/2017/09/19/c3g_2017.09.19.tif,200.0,True,66726070.0,63.63,False
2017-09-20,https://data.chc.ucsb.edu/products/CHIRPS-GEFS/v3/daily/global/2017/09/20/c3g_2017.09.20.tif,200.0,True,66965970.0,63.86,False
2017-09-21,https://data.chc.ucsb.edu/products/CHIRPS-GEFS/v3/daily/global/2017/09/21/c3g_2017.09.21.tif,200.0,True,67567366.0,64.44,False
2017-09-22,https://data.chc.ucsb.edu/products/CHIRPS-GEFS/v3/daily/global/2017/09/22/c3g_2017.09.22.tif,200.0,True,68753424.0,65.57,False
2017-09-23,https://data.chc.ucsb.edu/products/CHIRPS-GEFS/v3/daily/global/2017/09/23/c3g_2017.09.23.tif,200.0,True,77467460.0,73.88,False
2017-09-24,https://data.chc.ucsb.edu/products/CHIRPS-GEFS/v3/daily/global/2017/09/24/c3g_2017.09.24.tif,200.0,True,70156574.0,66.91,False
2017-09-25,https://data.chc.ucsb.edu/products/CHIRPS-GEFS/v3/daily/global/2017/09/25/c3g_2017.09.25.tif,200.0,True,70369434.0,67.11,False
2017-09-26,https://data.chc.ucsb.edu/products/CHIRPS-GEFS/v3/daily/global/2017/09/26/c3g_2017.09.26.tif,200.0,True,69564818.0,66.34,False
2017-09-27,https://data.chc.ucsb.edu/products/CHIRPS-GEFS/v3/daily/global/2017/09/27/c3g_2017.09.27.tif,200.0,True,68239482.0,65.08,False
2017-09-28,https://data.chc.ucsb.edu/products/CHIRPS-GEFS/v3/daily/global/2017/09/28/c3g_2017.09.28.tif,200.0,True,70344246.0,67.09,False
2017-09-29,https://data.chc.ucsb.edu/products/CHIRPS-GEFS/v3/daily/global/2017/09/29/c3g_2017.09.29.tif,200.0,True,68505182.0,65.33,False
2017-09-30,https://data.chc.ucsb.edu/products/CHIRPS-GEFS/v3/daily/global/2017/09/30/c3g_2017.09.30.tif,200.0,True,70919266.0,67.63,False
2017-10-01,https://data.chc.ucsb.edu/products/CHIRPS-GEFS/v3/daily/global/2017/10/01/c3g_2017.10.01.tif,200.0,True,70323650.0,67.07,False
2017-10-02,https://data.chc.ucsb.edu/products/CHIRPS-GEFS/v3/daily/global/2017/10/02/c3g_2017.10.02.tif,200.0,True,68690442.0,65.51,False
2017-10-03,https://data.chc.ucsb.edu/products/CHIRPS-GEFS/v3/daily/global/2017/10/03/c3g_2017.10.03.tif,200.0,True,70192890.0,66.94,False
2017-10-04,https://data.chc.ucsb.edu/products/CHIRPS-GEFS/v3/daily/global/2017/10/04/c3g_2017.10.04.tif,200.0,True,69948978.0,66.71,False
2017-10-05,https://data.chc.ucsb.edu/products/CHIRPS-GEFS/v3/daily/global/2017/10/05/c3g_2017.10.05.tif,200.0,True,69782512.0,66.55,False
2017-10-06,https://data.chc.ucsb.edu/products/CHIRPS-GEFS/v3/daily/global/2017/10/06/c3g_2017.10.06.tif,200.0,True,76007532.0,72.49,False
2017-10-07,https://data.chc.ucsb.edu/products/CHIRPS-GEFS/v3/daily/global/2017/10/07/c3g_2017.10.07.tif,200.0,True,68584274.0,65.41,False
2017-10-08,https://data.chc.ucsb.edu/products/CHIRPS-GEFS/v3/daily/global/2017/10/08/c3g_2017.10.08.tif,200.0,True,69747188.0,66.52,False
2017-10-09,https://data.chc.ucsb.edu/products/CHIRPS-GEFS/v3/daily/global/2017/10/09/c3g_2017.10.09.tif,200.0,True,76279990.0,72.75,False
2017-10-10,https://data.chc.ucsb.edu/products/CHIRPS-GEFS/v3/daily/global/2017/10/10/c3g_2017.10.10.tif,200.0,True,69661542.0,66.43,False
2017-10-11,https://data.chc.ucsb.edu/products/CHIRPS-GEFS/v3/daily/global/2017/10/11/c3g_2017.10.11.tif,200.0,True,69394996.0,66.18,False
2017-10-12,https://data.chc.ucsb.edu/products/CHIRPS-GEFS/v3/daily/global/2017/10/12/c3g_2017.10.12.tif,200.0,True,69043560.0,65.85,False
2017-10-13,https://data.chc.ucsb.edu/products/CHIRPS-GEFS/v3/daily/global/2017/10/13/c3g_2017.10.13.tif,200.0,True,75160756.0,71.68,False
2017-10-14,https://data.chc.ucsb.edu/products/CHIRPS-GEFS/v3/daily/global/2017/10/14/c3g_2017.10.14.tif,200.0,True,68847424.0,65.66,False
2017-10-15,https://data.chc.ucsb.edu/products/CHIRPS-GEFS/v3/daily/global/2017/10/15/c3g_2017.10.15.tif,200.0,True,67318954.0,64.2,False
2017-10-16,https://data.chc.ucsb.edu/products/CHIRPS-GEFS/v3/daily/global/2017/10/16/c3g_2017.10.16.tif,200.0,True,66598388.0,63.51,False
2017-10-17,https://data.chc.ucsb.edu/products/CHIRPS-GEFS/v3/daily/global/2017/10/17/c3g_2017.10.17.tif,200.0,True,66585762.0,63.5,False
2017-10-18,https://data.chc.ucsb.edu/products/CHIRPS-GEFS/v3/daily/global/2017/10/18/c3g_2017.10.18.tif,200.0,True,67189246.0,64.08,False
2017-10-19,https://data.chc.ucsb.edu/products/CHIRPS-GEFS/v3/daily/global/2017/10/19/c3g_2017.10.19.tif,200.0,True,67414442.0,64.29,False
2017-10-20,https://data.chc.ucsb.edu/products/CHIRPS-GEFS/v3/daily/global/2017/10/20/c3g_2017.10.20.tif,200.0,True,75325338.0,71.84,False
2017-10-21,https://data.chc.ucsb.edu/products/CHIRPS-GEFS/v3/daily/global/2017/10/21/c3g_2017.10.21.tif,200.0,True,67450460.0,64.33,False
2017-10-22,https://data.chc.ucsb.edu/products/CHIRPS-GEFS/v3/daily/global/2017/10/22/c3g_2017.10.22.tif,200.0,True,64906004.0,61.9,False
2017-10-23,https://data.chc.ucsb.edu/products/CHIRPS-GEFS/v3/daily/global/2017/10/23/c3g_2017.10.23.tif,200.0,True,66708786.0,63.62,False
2017-10-24,https://data.chc.ucsb.edu/products/CHIRPS-GEFS/v3/daily/global/2017/10/24/c3g_2017.10.24.tif,200.0,True,66344352.0,63.27,False
2017-10-25,https://data.chc.ucsb.edu/products/CHIRPS-GEFS/v3/daily/global/2017/10/25/c3g_2017.10.25.tif,200.0,True,75052674.0,71.58,False
2017-10-26,https://data.chc.ucsb.edu/products/CHIRPS-GEFS/v3/daily/global/2017/10/26/c3g_2017.10.26.tif,200.0,True,65789242.0,62.74,False
2017-10-27,https://data.chc.ucsb.edu/products/CHIRPS-GEFS/v3/daily/global/2017/10/27/c3g_2017.10.27.tif,200.0,True,75351252.0,71.86,False
2017-10-28,https://data.chc.ucsb.edu/products/CHIRPS-GEFS/v3/daily/global/2017/10/28/c3g_2017.10.28.tif,200.0,True,67422628.0,64.3,False
2017-10-29,https://data.chc.ucsb.edu/products/CHIRPS-GEFS/v3/daily/global/2017/10/29/c3g_2017.10.29.tif,200.0,True,75310844.0,71.82,False
2017-10-30,https://data.chc.ucsb.edu/products/CHIRPS-GEFS/v3/daily/global/2017/10/30/c3g_2017.10.30.tif,200.0,True,67475622.0,64.35,False
2017-10-31,https://data.chc.ucsb.edu/products/CHIRPS-GEFS/v3/daily/global/2017/10/31/c3g_2017.10.31.tif,200.0,True,75219080.0,71.73,False
2017-11-01,https://data.chc.ucsb.edu/products/CHIRPS-GEFS/v3/daily/global/2017/11/01/c3g_2017.11.01.tif,200.0,True,67453084.0,64.33,False
2017-11-02,https://data.chc.ucsb.edu/products/CHIRPS-GEFS/v3/daily/global/2017/11/02/c3g_2017.11.02.tif,200.0,True,75727324.0,72.22,False
2017-11-03,https://data.chc.ucsb.edu/products/CHIRPS-GEFS/v3/daily/global/2017/11/03/c3g_2017.11.03.tif,200.0,True,68361892.0,65.19,False
2017-11-04,https://data.chc.ucsb.edu/products/CHIRPS-GEFS/v3/daily/global/2017/11/04/c3g_2017.11.04.tif,200.0,True,69601678.0,66.38,False
2017-11-05,https://data.chc.ucsb.edu/products/CHIRPS-GEFS/v3/daily/global/2017/11/05/c3g_2017.11.05.tif,200.0,True,68684284.0,65.5,False
2017-11-06,https://data.chc.ucsb.edu/products/CHIRPS-GEFS/v3/daily/global/2017/11/06/c3g_2017.11.06.tif,200.0,True,65820100.0,62.77,False
2017-11-07,https://data.chc.ucsb.edu/products/CHIRPS-GEFS/v3/daily/global/2017/11/07/c3g_2017.11.07.tif,200.0,True,65616054.0,62.58,False
2017-11-08,https://data.chc.ucsb.edu/products/CHIRPS-GEFS/v3/daily/global/2017/11/08/c3g_2017.11.08.tif,200.0,True,76088568.0,72.56,False
2017-11-09,https://data.chc.ucsb.edu/products/CHIRPS-GEFS/v3/daily/global/2017/11/09/c3g_2017.11.09.tif,200.0,True,75856824.0,72.34,False
2017-11-10,https://data.chc.ucsb.edu/products/CHIRPS-GEFS/v3/daily/global/2017/11/10/c3g_2017.11.10.tif,200.0,True,69265074.0,66.06,False
2017-11-11,https://data.chc.ucsb.edu/products/CHIRPS-GEFS/v3/daily/global/2017/11/11/c3g_2017.11.11.tif,200.0,True,68145402.0,64.99,False
2017-11-12,https://data.chc.ucsb.edu/products/CHIRPS-GEFS/v3/daily/global/2017/11/12/c3g_2017.11.12.tif,200.0,True,66262310.0,63.19,False
2017-11-13,https://data.chc.ucsb.edu/products/CHIRPS-GEFS/v3/daily/global/2017/11/13/c3g_2017.11.13.tif,200.0,True,68741520.0,65.56,False
2017-11-14,https://data.chc.ucsb.edu/products/CHIRPS-GEFS/v3/daily/global/2017/11/14/c3g_2017.11.14.tif,200.0,True,68716654.0,65.53,False
2017-11-15,https://data.chc.ucsb.edu/products/CHIRPS-GEFS/v3/daily/global/2017/11/15/c3g_2017.11.15.tif,200.0,True,68515422.0,65.34,False
2017-11-16,https://data.chc.ucsb.edu/products/CHIRPS-GEFS/v3/daily/global/2017/11/16/c3g_2017.11.16.tif,200.0,True,67827082.0,64.68,False
2017-11-17,https://data.chc.ucsb.edu/products/CHIRPS-GEFS/v3/daily/global/2017/11/17/c3g_2017.11.17.tif,200.0,True,68428426.0,65.26,False
2017-11-18,https://data.chc.ucsb.edu/products/CHIRPS-GEFS/v3/daily/global/2017/11/18/c3g_2017.11.18.tif,200.0,True,68851250.0,65.66,False
2017-11-19,https://data.chc.ucsb.edu/products/CHIRPS-GEFS/v3/daily/global/2017/11/19/c3g_2017.11.19.tif,200.0,True,68453834.0,65.28,False
2017-11-20,https://data.chc.ucsb.edu/products/CHIRPS-GEFS/v3/daily/global/2017/11/20/c3g_2017.11.20.tif,200.0,True,67768568.0,64.63,False
2017-11-21,https://data.chc.ucsb.edu/products/CHIRPS-GEFS/v3/daily/global/2017/11/21/c3g_2017.11.21.tif,200.0,True,68533470.0,65.36,False
2017-11-22,https://data.chc.ucsb.edu/products/CHIRPS-GEFS/v3/daily/global/2017/11/22/c3g_2017.11.22.tif,200.0,True,67313588.0,64.2,False
2017-11-23,https://data.chc.ucsb.edu/products/CHIRPS-GEFS/v3/daily/global/2017/11/23/c3g_2017.11.23.tif,200.0,True,75540010.0,72.04,False
2017-11-24,https://data.chc.ucsb.edu/products/CHIRPS-GEFS/v3/daily/global/2017/11/24/c3g_2017.11.24.tif,200.0,True,65285722.0,62.26,False
2017-11-25,https://data.chc.ucsb.edu/products/CHIRPS-GEFS/v3/daily/global/2017/11/25/c3g_2017.11.25.tif,200.0,True,66775056.0,63.68,False
2017-11-26,https://data.chc.ucsb.edu/products/CHIRPS-GEFS/v3/daily/global/2017/11/26/c3g_2017.11.26.tif,200.0,True,74910972.0,71.44,False
2017-11-27,https://data.chc.ucsb.edu/products/CHIRPS-GEFS/v3/daily/global/2017/11/27/c3g_2017.11.27.tif,200.0,True,67859738.0,64.72,False
2017-11-28,https://data.chc.ucsb.edu/products/CHIRPS-GEFS/v3/daily/global/2017/11/28/c3g_2017.11.28.tif,200.0,True,66927766.0,63.83,False
2017-11-29,https://data.chc.ucsb.edu/products/CHIRPS-GEFS/v3/daily/global/2017/11/29/c3g_2017.11.29.tif,200.0,True,66376442.0,63.3,False
2017-11-30,https://data.chc.ucsb.edu/products/CHIRPS-GEFS/v3/daily/global/2017/11/30/c3g_2017.11.30.tif,200.0,True,65478820.0,62.45,False
2017-12-01,https://data.chc.ucsb.edu/products/CHIRPS-GEFS/v3/daily/global/2017/12/01/c3g_2017.12.01.tif,200.0,True,64714768.0,61.72,False
2017-12-02,https://data.chc.ucsb.edu/products/CHIRPS-GEFS/v3/daily/global/2017/12/02/c3g_2017.12.02.tif,200.0,True,64055632.0,61.09,False
2017-12-03,https://data.chc.ucsb.edu/products/CHIRPS-GEFS/v3/daily/global/2017/12/03/c3g_2017.12.03.tif,200.0,True,65797492.0,62.75,False
2017-12-04,https://data.chc.ucsb.edu/products/CHIRPS-GEFS/v3/daily/global/2017/12/04/c3g_2017.12.04.tif,200.0,True,75520022.0,72.02,False
2017-12-05,https://data.chc.ucsb.edu/products/CHIRPS-GEFS/v3/daily/global/2017/12/05/c3g_2017.12.05.tif,200.0,True,67686718.0,64.55,False
2017-12-06,https://data.chc.ucsb.edu/products/CHIRPS-GEFS/v3/daily/global/2017/12/06/c3g_2017.12.06.tif,200.0,True,68235130.0,65.07,False
2017-12-07,https://data.chc.ucsb.edu/products/CHIRPS-GEFS/v3/daily/global/2017/12/07/c3g_2017.12.07.tif,200.0,True,67582102.0,64.45,False
2017-12-08,https://data.chc.ucsb.edu/products/CHIRPS-GEFS/v3/daily/global/2017/12/08/c3g_2017.12.08.tif,200.0,True,66868178.0,63.77,False
2017-12-09,https://data.chc.ucsb.edu/products/CHIRPS-GEFS/v3/daily/global/2017/12/09/c3g_2017.12.09.tif,200.0,True,65021678.0,62.01,False
2017-12-10,https://data.chc.ucsb.edu/products/CHIRPS-GEFS/v3/daily/global/2017/12/10/c3g_2017.12.10.tif,200.0,True,75147838.0,71.67,False
2017-12-11,https://data.chc.ucsb.edu/products/CHIRPS-GEFS/v3/daily/global/2017/12/11/c3g_2017.12.11.tif,200.0,True,74969192.0,71.5,False
2017-12-12,https://data.chc.ucsb.edu/products/CHIRPS-GEFS/v3/daily/global/2017/12/12/c3g_2017.12.12.tif,200.0,True,66935224.0,63.83,False
2017-12-13,https://data.chc.ucsb.edu/products/CHIRPS-GEFS/v3/daily/global/2017/12/13/c3g_2017.12.13.tif,200.0,True,66907700.0,63.81,False
2017-12-14,https://data.chc.ucsb.edu/products/CHIRPS-GEFS/v3/daily/global/2017/12/14/c3g_2017.12.14.tif,200.0,True,75954666.0,72.44,False
2017-12-15,https://data.chc.ucsb.edu/products/CHIRPS-GEFS/v3/daily/global/2017/12/15/c3g_2017.12.15.tif,200.0,True,75020834.0,71.55,False
2017-12-16,https://data.chc.ucsb.edu/products/CHIRPS-GEFS/v3/daily/global/2017/12/16/c3g_2017.12.16.tif,200.0,True,65644468.0,62.6,False
2017-12-17,https://data.chc.ucsb.edu/products/CHIRPS-GEFS/v3/daily/global/2017/12/17/c3g_2017.12.17.tif,200.0,True,75561356.0,72.06,False
2017-12-18,https://data.chc.ucsb.edu/products/CHIRPS-GEFS/v3/daily/global/2017/12/18/c3g_2017.12.18.tif,200.0,True,67605192.0,64.47,False
2017-12-19,https://data.chc.ucsb.edu/products/CHIRPS-GEFS/v3/daily/global/2017/12/19/c3g_2017.12.19.tif,200.0,True,68130920.0,64.97,False
2017-12-20,https://data.chc.ucsb.edu/products/CHIRPS-GEFS/v3/daily/global/2017/12/20/c3g_2017.12.20.tif,200.0,True,65759912.0,62.71,False
2017-12-21,https://data.chc.ucsb.edu/products/CHIRPS-GEFS/v3/daily/global/2017/12/21/c3g_2017.12.21.tif,200.0,True,75559644.0,72.06,False
2017-12-22,https://data.chc.ucsb.edu/products/CHIRPS-GEFS/v3/daily/global/2017/12/22/c3g_2017.12.22.tif,200.0,True,65786270.0,62.74,False
2017-12-23,https://data.chc.ucsb.edu/products/CHIRPS-GEFS/v3/daily/global/2017/12/23/c3g_2017.12.23.tif,200.0,True,65614206.0,62.57,False
2017-12-24,https://data.chc.ucsb.edu/products/CHIRPS-GEFS/v3/daily/global/2017/12/24/c3g_2017.12.24.tif,200.0,True,65237232.0,62.22,False
2017-12-25,https://data.chc.ucsb.edu/products/CHIRPS-GEFS/v3/daily/global/2017/12/25/c3g_2017.12.25.tif,200.0,True,67055770.0,63.95,False
2017-12-26,https://data.chc.ucsb.edu/products/CHIRPS-GEFS/v3/daily/global/2017/12/26/c3g_2017.12.26.tif,200.0,True,66997426.0,63.89,False
2017-12-27,https://data.chc.ucsb.edu/products/CHIRPS-GEFS/v3/daily/global/2017/12/27/c3g_2017.12.27.tif,200.0,True,67180386.0,64.07,False
2017-12-28,https://data.chc.ucsb.edu/products/CHIRPS-GEFS/v3/daily/global/2017/12/28/c3g_2017.12.28.tif,200.0,True,67374606.0,64.25,False
2017-12-29,https://data.chc.ucsb.edu/products/CHIRPS-GEFS/v3/daily/global/2017/12/29/c3g_2017.12.29.tif,200.0,True,66822560.0,63.73,False
2017-12-30,https://data.chc.ucsb.edu/products/CHIRPS-GEFS/v3/daily/global/2017/12/30/c3g_2017.12.30.tif,200.0,True,67091250.0,63.98,False
2017-12-31,https://data.chc.ucsb.edu/products/CHIRPS-GEFS/v3/daily/global/2017/12/31/c3g_2017.12.31.tif,200.0,True,74637880.0,71.18,False
2018-01-01,https://data.chc.ucsb.edu/products/CHIRPS-GEFS/v3/daily/global/2018/01/01/c3g_2018.01.01.tif,200.0,True,66969296.0,63.87,False
2018-01-02,https://data.chc.ucsb.edu/products/CHIRPS-GEFS/v3/daily/global/2018/01/02/c3g_2018.01.02.tif,200.0,True,65080100.0,62.07,False
2018-01-03,https://data.chc.ucsb.edu/products/CHIRPS-GEFS/v3/daily/global/2018/01/03/c3g_2018.01.03.tif,200.0,True,67548276.0,64.42,False
2018-01-04,https://data.chc.ucsb.edu/products/CHIRPS-GEFS/v3/daily/global/2018/01/04/c3g_2018.01.04.tif,200.0,True,66583100.0,63.5,False
2018-01-05,https://data.chc.ucsb.edu/products/CHIRPS-GEFS/v3/daily/global/2018/01/05/c3g_2018.01.05.tif,200.0,True,75062320.0,71.59,False
2018-01-06,https://data.chc.ucsb.edu/products/CHIRPS-GEFS/v3/daily/global/2018/01/06/c3g_2018.01.06.tif,200.0,True,67976288.0,64.83,False
2018-01-07,https://data.chc.ucsb.edu/products/CHIRPS-GEFS/v3/daily/global/2018/01/07/c3g_2018.01.07.tif,200.0,True,70259266.0,67.0,False
2018-01-08,https://data.chc.ucsb.edu/products/CHIRPS-GEFS/v3/daily/global/2018/01/08/c3g_2018.01.08.tif,200.0,True,66570950.0,63.49,False
2018-01-09,https://data.chc.ucsb.edu/products/CHIRPS-GEFS/v3/daily/global/2018/01/09/c3g_2018.01.09.tif,200.0,True,67344994.0,64.23,False
2018-01-10,https://data.chc.ucsb.edu/products/CHIRPS-GEFS/v3/daily/global/2018/01/10/c3g_2018.01.10.tif,200.0,True,68115102.0,64.96,False
2018-01-11,https://data.chc.ucsb.edu/products/CHIRPS-GEFS/v3/daily/global/2018/01/11/c3g_2018.01.11.tif,200.0,True,65916458.0,62.86,False
2018-01-12,https://data.chc.ucsb.edu/products/CHIRPS-GEFS/v3/daily/global/2018/01/12/c3g_2018.01.12.tif,200.0,True,65070512.0,62.06,False
2018-01-13,https://data.chc.ucsb.edu/products/CHIRPS-GEFS/v3/daily/global/2018/01/13/c3g_2018.01.13.tif,200.0,True,67713168.0,64.58,False
2018-01-14,https://data.chc.ucsb.edu/products/CHIRPS-GEFS/v3/daily/global/2018/01/14/c3g_2018.01.14.tif,200.0,True,65101520.0,62.09,False
2018-01-15,https://data.chc.ucsb.edu/products/CHIRPS-GEFS/v3/daily/global/2018/01/15/c3g_2018.01.15.tif,200.0,True,65030444.0,62.02,False
2018-01-16,https://data.chc.ucsb.edu/products/CHIRPS-GEFS/v3/daily/global/2018/01/16/c3g_2018.01.16.tif,200.0,True,66584318.0,63.5,False
2018-01-17,https://data.chc.ucsb.edu/products/CHIRPS-GEFS/v3/daily/global/2018/01/17/c3g_2018.01.17.tif,200.0,True,67603762.0,64.47,False
2018-01-18,https://data.chc.ucsb.edu/products/CHIRPS-GEFS/v3/daily/global/2018/01/18/c3g_2018.01.18.tif,200.0,True,67296644.0,64.18,False
2018-01-19,https://data.chc.ucsb.edu/products/CHIRPS-GEFS/v3/daily/global/2018/01/19/c3g_2018.01.19.tif,200.0,True,66661992.0,63.57,False
2018-01-20,https://data.chc.ucsb.edu/products/CHIRPS-GEFS/v3/daily/global/2018/01/20/c3g_2018.01.20.tif,200.0,True,67491304.0,64.36,False
2018-01-21,https://data.chc.ucsb.edu/products/CHIRPS-GEFS/v3/daily/global/2018/01/21/c3g_2018.01.21.tif,200.0,True,75226032.0,71.74,False
2018-01-22,https://data.chc.ucsb.edu/products/CHIRPS-GEFS/v3/daily/global/2018/01/22/c3g_2018.01.22.tif,200.0,True,67243562.0,64.13,False
2018-01-23,https://data.chc.ucsb.edu/products/CHIRPS-GEFS/v3/daily/global/2018/01/23/c3g_2018.01.23.tif,200.0,True,67305148.0,64.19,False
2018-01-24,https://data.chc.ucsb.edu/products/CHIRPS-GEFS/v3/daily/global/2018/01/24/c3g_2018.01.24.tif,200.0,True,68057544.0,64.9,False
2018-01-25,https://data.chc.ucsb.edu/products/CHIRPS-GEFS/v3/daily/global/2018/01/25/c3g_2018.01.25.tif,200.0,True,67158290.0,64.05,False
2018-01-26,https://data.chc.ucsb.edu/products/CHIRPS-GEFS/v3/daily/global/2018/01/26/c3g_2018.01.26.tif,200.0,True,68243900.0,65.08,False
2018-01-27,https://data.chc.ucsb.edu/products/CHIRPS-GEFS/v3/daily/global/2018/01/27/c3g_2018.01.27.tif,200.0,True,66671670.0,63.58,False
2018-01-28,https://data.chc.ucsb.edu/products/CHIRPS-GEFS/v3/daily/global/2018/01/28/c3g_2018.01.28.tif,200.0,True,68971556.0,65.78,False
2018-01-29,https://data.chc.ucsb.edu/products/CHIRPS-GEFS/v3/daily/global/2018/01/29/c3g_2018.01.29.tif,200.0,True,76833408.0,73.27,False
2018-01-30,https://data.chc.ucsb.edu/products/CHIRPS-GEFS/v3/daily/global/2018/01/30/c3g_2018.01.30.tif,200.0,True,67821152.0,64.68,False
2018-01-31,https://data.chc.ucsb.edu/products/CHIRPS-GEFS/v3/daily/global/2018/01/31/c3g_2018.01.31.tif,200.0,True,75537418.0,72.04,False
2018-02-01,https://data.chc.ucsb.edu/products/CHIRPS-GEFS/v3/daily/global/2018/02/01/c3g_2018.02.01.tif,200.0,True,68382690.0,65.21,False
2018-02-02,https://data.chc.ucsb.edu/products/CHIRPS-GEFS/v3/daily/global/2018/02/02/c3g_2018.02.02.tif,200.0,True,68599506.0,65.42,False
2018-02-03,https://data.chc.ucsb.edu/products/CHIRPS-GEFS/v3/daily/global/2018/02/03/c3g_2018.02.03.tif,200.0,True,68589298.0,65.41,False
2018-02-04,https://data.chc.ucsb.edu/products/CHIRPS-GEFS/v3/daily/global/2018/02/04/c3g_2018.02.04.tif,200.0,True,64639352.0,61.64,False
2018-02-05,https://data.chc.ucsb.edu/products/CHIRPS-GEFS/v3/daily/global/2018/02/05/c3g_2018.02.05.tif,200.0,True,66814200.0,63.72,False
2018-02-06,https://data.chc.ucsb.edu/products/CHIRPS-GEFS/v3/daily/global/2018/02/06/c3g_2018.02.06.tif,200.0,True,68284610.0,65.12,False
2018-02-07,https://data.chc.ucsb.edu/products/CHIRPS-GEFS/v3/daily/global/2018/02/07/c3g_2018.02.07.tif,200.0,True,65955580.0,62.9,False
2018-02-08,https://data.chc.ucsb.edu/products/CHIRPS-GEFS/v3/daily/global/2018/02/08/c3g_2018.02.08.tif,200.0,True,76330420.0,72.79,False
2018-02-09,https://data.chc.ucsb.edu/products/CHIRPS-GEFS/v3/daily/global/2018/02/09/c3g_2018.02.09.tif,200.0,True,67514176.0,64.39,False
2018-02-10,https://data.chc.ucsb.edu/products/CHIRPS-GEFS/v3/daily/global/2018/02/10/c3g_2018.02.10.tif,200.0,True,70249902.0,67.0,False
2018-02-11,https://data.chc.ucsb.edu/products/CHIRPS-GEFS/v3/daily/global/2018/02/11/c3g_2018.02.11.tif,200.0,True,65668710.0,62.63,False
2018-02-12,https://data.chc.ucsb.edu/products/CHIRPS-GEFS/v3/daily/global/2018/02/12/c3g_2018.02.12.tif,200.0,True,70109046.0,66.86,False
2018-02-13,https://data.chc.ucsb.edu/products/CHIRPS-GEFS/v3/daily/global/2018/02/13/c3g_2018.02.13.tif,200.0,True,70484124.0,67.22,False
2018-02-14,https://data.chc.ucsb.edu/products/CHIRPS-GEFS/v3/daily/global/2018/02/14/c3g_2018.02.14.tif,200.0,True,67093082.0,63.98,False
2018-02-15,https://data.chc.ucsb.edu/products/CHIRPS-GEFS/v3/daily/global/2018/02/15/c3g_2018.02.15.tif,200.0,True,70176250.0,66.93,False
2018-02-16,https://data.chc.ucsb.edu/products/CHIRPS-GEFS/v3/daily/global/2018/02/16/c3g_2018.02.16.tif,200.0,True,71535210.0,68.22,False
2018-02-17,https://data.chc.ucsb.edu/products/CHIRPS-GEFS/v3/daily/global/2018/02/17/c3g_2018.02.17.tif,200.0,True,72027016.0,68.69,False
2018-02-18,https://data.chc.ucsb.edu/products/CHIRPS-GEFS/v3/daily/global/2018/02/18/c3g_2018.02.18.tif,200.0,True,72592316.0,69.23,False
2018-02-19,https://data.chc.ucsb.edu/products/CHIRPS-GEFS/v3/daily/global/2018/02/19/c3g_2018.02.19.tif,200.0,True,69123190.0,65.92,False
2018-02-20,https://data.chc.ucsb.edu/products/CHIRPS-GEFS/v3/daily/global/2018/02/20/c3g_2018.02.20.tif,200.0,True,73532674.0,70.13,False
2018-02-21,https://data.chc.ucsb.edu/products/CHIRPS-GEFS/v3/daily/global/2018/02/21/c3g_2018.02.21.tif,200.0,True,72275812.0,68.93,False
2018-02-22,https://data.chc.ucsb.edu/products/CHIRPS-GEFS/v3/daily/global/2018/02/22/c3g_2018.02.22.tif,200.0,True,77595728.0,74.0,False
2018-02-23,https://data.chc.ucsb.edu/products/CHIRPS-GEFS/v3/daily/global/2018/02/23/c3g_2018.02.23.tif,200.0,True,77682570.0,74.08,False
2018-02-24,https://data.chc.ucsb.edu/products/CHIRPS-GEFS/v3/daily/global/2018/02/24/c3g_2018.02.24.tif,200.0,True,73910664.0,70.49,False
2018-02-25,https://data.chc.ucsb.edu/products/CHIRPS-GEFS/v3/daily/global/2018/02/25/c3g_2018.02.25.tif,200.0,True,73402146.0,70.0,False
2018-02-26,https://data.chc.ucsb.edu/products/CHIRPS-GEFS/v3/daily/global/2018/02/26/c3g_2018.02.26.tif,200.0,True,71754198.0,68.43,False
2018-02-27,https://data.chc.ucsb.edu/products/CHIRPS-GEFS/v3/daily/global/2018/02/27/c3g_2018.02.27.tif,200.0,True,72857724.0,69.48,False
2018-02-28,https://data.chc.ucsb.edu/products/CHIRPS-GEFS/v3/daily/global/2018/02/28/c3g_2018.02.28.tif,200.0,True,72732346.0,69.36,False
2018-03-01,https://data.chc.ucsb.edu/products/CHIRPS-GEFS/v3/daily/global/2018/03/01/c3g_2018.03.01.tif,200.0,True,75505042.0,72.01,False
2018-03-02,https://data.chc.ucsb.edu/products/CHIRPS-GEFS/v3/daily/global/2018/03/02/c3g_2018.03.02.tif,200.0,True,70620296.0,67.35,False
2018-03-03,https://data.chc.ucsb.edu/products/CHIRPS-GEFS/v3/daily/global/2018/03/03/c3g_2018.03.03.tif,200.0,True,70125950.0,66.88,False
2018-03-04,https://data.chc.ucsb.edu/products/CHIRPS-GEFS/v3/daily/global/2018/03/04/c3g_2018.03.04.tif,200.0,True,70700094.0,67.42,False
2018-03-05,https://data.chc.ucsb.edu/products/CHIRPS-GEFS/v3/daily/global/2018/03/05/c3g_2018.03.05.tif,200.0,True,70503680.0,67.24,False
2018-03-06,https://data.chc.ucsb.edu/products/CHIRPS-GEFS/v3/daily/global/2018/03/06/c3g_2018.03.06.tif,200.0,True,66612204.0,63.53,False
2018-03-07,https://data.chc.ucsb.edu/products/CHIRPS-GEFS/v3/daily/global/2018/03/07/c3g_2018.03.07.tif,200.0,True,70034338.0,66.79,False
2018-03-08,https://data.chc.ucsb.edu/products/CHIRPS-GEFS/v3/daily/global/2018/03/08/c3g_2018.03.08.tif,200.0,True,67313716.0,64.2,False
2018-03-09,https://data.chc.ucsb.edu/products/CHIRPS-GEFS/v3/daily/global/2018/03/09/c3g_2018.03.09.tif,200.0,True,69188036.0,65.98,False
2018-03-10,https://data.chc.ucsb.edu/products/CHIRPS-GEFS/v3/daily/global/2018/03/10/c3g_2018.03.10.tif,200.0,True,66332870.0,63.26,False
2018-03-11,https://data.chc.ucsb.edu/products/CHIRPS-GEFS/v3/daily/global/2018/03/11/c3g_2018.03.11.tif,200.0,True,68926588.0,65.73,False
2018-03-12,https://data.chc.ucsb.edu/products/CHIRPS-GEFS/v3/daily/global/2018/03/12/c3g_2018.03.12.tif,200.0,True,74542852.0,71.09,False
2018-03-13,https://data.chc.ucsb.edu/products/CHIRPS-GEFS/v3/daily/global/2018/03/13/c3g_2018.03.13.tif,200.0,True,69057626.0,65.86,False
2018-03-14,https://data.chc.ucsb.edu/products/CHIRPS-GEFS/v3/daily/global/2018/03/14/c3g_2018.03.14.tif,200.0,True,75374918.0,71.88,False
2018-03-15,https://data.chc.ucsb.edu/products/CHIRPS-GEFS/v3/daily/global/2018/03/15/c3g_2018.03.15.tif,200.0,True,70475948.0,67.21,False
2018-03-16,https://data.chc.ucsb.edu/products/CHIRPS-GEFS/v3/daily/global/2018/03/16/c3g_2018.03.16.tif,200.0,True,69619102.0,66.39,False
2018-03-17,https://data.chc.ucsb.edu/products/CHIRPS-GEFS/v3/daily/global/2018/03/17/c3g_2018.03.17.tif,200.0,True,74957552.0,71.49,False
2018-03-18,https://data.chc.ucsb.edu/products/CHIRPS-GEFS/v3/daily/global/2018/03/18/c3g_2018.03.18.tif,200.0,True,70748060.0,67.47,False
2018-03-19,https://data.chc.ucsb.edu/products/CHIRPS-GEFS/v3/daily/global/2018/03/19/c3g_2018.03.19.tif,200.0,True,70255880.0,67.0,False
2018-03-20,https://data.chc.ucsb.edu/products/CHIRPS-GEFS/v3/daily/global/2018/03/20/c3g_2018.03.20.tif,200.0,True,70623964.0,67.35,False
2018-03-21,https://data.chc.ucsb.edu/products/CHIRPS-GEFS/v3/daily/global/2018/03/21/c3g_2018.03.21.tif,200.0,True,70856200.0,67.57,False
2018-03-22,https://data.chc.ucsb.edu/products/CHIRPS-GEFS/v3/daily/global/2018/03/22/c3g_2018.03.22.tif,200.0,True,70917970.0,67.63,False
2018-03-23,https://data.chc.ucsb.edu/products/CHIRPS-GEFS/v3/daily/global/2018/03/23/c3g_2018.03.23.tif,200.0,True,75803252.0,72.29,False
2018-03-24,https://data.chc.ucsb.edu/products/CHIRPS-GEFS/v3/daily/global/2018/03/24/c3g_2018.03.24.tif,200.0,True,68809144.0,65.62,False
2018-03-25,https://data.chc.ucsb.edu/products/CHIRPS-GEFS/v3/daily/global/2018/03/25/c3g_2018.03.25.tif,200.0,True,70821630.0,67.54,False
2018-03-26,https://data.chc.ucsb.edu/products/CHIRPS-GEFS/v3/daily/global/2018/03/26/c3g_2018.03.26.tif,200.0,True,69846212.0,66.61,False
2018-03-27,https://data.chc.ucsb.edu/products/CHIRPS-GEFS/v3/daily/global/2018/03/27/c3g_2018.03.27.tif,200.0,True,69802960.0,66.57,False
2018-03-28,https://data.chc.ucsb.edu/products/CHIRPS-GEFS/v3/daily/global/2018/03/28/c3g_2018.03.28.tif,200.0,True,67326734.0,64.21,False
2018-03-29,https://data.chc.ucsb.edu/products/CHIRPS-GEFS/v3/daily/global/2018/03/29/c3g_2018.03.29.tif,200.0,True,75436982.0,71.94,False
2018-03-30,https://data.chc.ucsb.edu/products/CHIRPS-GEFS/v3/daily/global/2018/03/30/c3g_2018.03.30.tif,200.0,True,69934730.0,66.69,False
2018-03-31,https://data.chc.ucsb.edu/products/CHIRPS-GEFS/v3/daily/global/2018/03/31/c3g_2018.03.31.tif,200.0,True,66221486.0,63.15,False
2018-04-01,https://data.chc.ucsb.edu/products/CHIRPS-GEFS/v3/daily/global/2018/04/01/c3g_2018.04.01.tif,200.0,True,74547392.0,71.09,False
2018-04-02,https://data.chc.ucsb.edu/products/CHIRPS-GEFS/v3/daily/global/2018/04/02/c3g_2018.04.02.tif,200.0,True,74785592.0,71.32,False
2018-04-03,https://data.chc.ucsb.edu/products/CHIRPS-GEFS/v3/daily/global/2018/04/03/c3g_2018.04.03.tif,200.0,True,67036202.0,63.93,False
2018-04-04,https://data.chc.ucsb.edu/products/CHIRPS-GEFS/v3/daily/global/2018/04/04/c3g_2018.04.04.tif,200.0,True,68796894.0,65.61,False
2018-04-05,https://data.chc.ucsb.edu/products/CHIRPS-GEFS/v3/daily/global/2018/04/05/c3g_2018.04.05.tif,200.0,True,69621456.0,66.4,False
2018-04-06,https://data.chc.ucsb.edu/products/CHIRPS-GEFS/v3/daily/global/2018/04/06/c3g_2018.04.06.tif,200.0,True,70347930.0,67.09,False
2018-04-07,https://data.chc.ucsb.edu/products/CHIRPS-GEFS/v3/daily/global/2018/04/07/c3g_2018.04.07.tif,200.0,True,71180506.0,67.88,False
2018-04-08,https://data.chc.ucsb.edu/products/CHIRPS-GEFS/v3/daily/global/2018/04/08/c3g_2018.04.08.tif,200.0,True,69065820.0,65.87,False
2018-04-09,https://data.chc.ucsb.edu/products/CHIRPS-GEFS/v3/daily/global/2018/04/09/c3g_2018.04.09.tif,200.0,True,71571514.0,68.26,False
2018-04-10,https://data.chc.ucsb.edu/products/CHIRPS-GEFS/v3/daily/global/2018/04/10/c3g_2018.04.10.tif,200.0,True,70910554.0,67.63,False
2018-04-11,https://data.chc.ucsb.edu/products/CHIRPS-GEFS/v3/daily/global/2018/04/11/c3g_2018.04.11.tif,200.0,True,68441046.0,65.27,False
2018-04-12,https://data.chc.ucsb.edu/products/CHIRPS-GEFS/v3/daily/global/2018/04/12/c3g_2018.04.12.tif,200.0,True,71621602.0,68.3,False
2018-04-13,https://data.chc.ucsb.edu/products/CHIRPS-GEFS/v3/daily/global/2018/04/13/c3g_2018.04.13.tif,200.0,True,70364098.0,67.1,False
2018-04-14,https://data.chc.ucsb.edu/products/CHIRPS-GEFS/v3/daily/global/2018/04/14/c3g_2018.04.14.tif,200.0,True,71567996.0,68.25,False
2018-04-15,https://data.chc.ucsb.edu/products/CHIRPS-GEFS/v3/daily/global/2018/04/15/c3g_2018.04.15.tif,200.0,True,75474440.0,71.98,False
2018-04-16,https://data.chc.ucsb.edu/products/CHIRPS-GEFS/v3/daily/global/2018/04/16/c3g_2018.04.16.tif,200.0,True,75126244.0,71.65,False
2018-04-17,https://data.chc.ucsb.edu/products/CHIRPS-GEFS/v3/daily/global/2018/04/17/c3g_2018.04.17.tif,200.0,True,69825568.0,66.59,False
2018-04-18,https://data.chc.ucsb.edu/products/CHIRPS-GEFS/v3/daily/global/2018/04/18/c3g_2018.04.18.tif,200.0,True,70130474.0,66.88,False
2018-04-19,https://data.chc.ucsb.edu/products/CHIRPS-GEFS/v3/daily/global/2018/04/19/c3g_2018.04.19.tif,200.0,True,75927430.0,72.41,False
2018-04-20,https://data.chc.ucsb.edu/products/CHIRPS-GEFS/v3/daily/global/2018/04/20/c3g_2018.04.20.tif,200.0,True,70787356.0,67.51,False
2018-04-21,https://data.chc.ucsb.edu/products/CHIRPS-GEFS/v3/daily/global/2018/04/21/c3g_2018.04.21.tif,200.0,True,66740602.0,63.65,False
2018-04-22,https://data.chc.ucsb.edu/products/CHIRPS-GEFS/v3/daily/global/2018/04/22/c3g_2018.04.22.tif,200.0,True,70331032.0,67.07,False
2018-04-23,https://data.chc.ucsb.edu/products/CHIRPS-GEFS/v3/daily/global/2018/04/23/c3g_2018.04.23.tif,200.0,True,75372040.0,71.88,False
2018-04-24,https://data.chc.ucsb.edu/products/CHIRPS-GEFS/v3/daily/global/2018/04/24/c3g_2018.04.24.tif,200.0,True,66450466.0,63.37,False
2018-04-25,https://data.chc.ucsb.edu/products/CHIRPS-GEFS/v3/daily/global/2018/04/25/c3g_2018.04.25.tif,200.0,True,69989702.0,66.75,False
2018-04-26,https://data.chc.ucsb.edu/products/CHIRPS-GEFS/v3/daily/global/2018/04/26/c3g_2018.04.26.tif,200.0,True,69898224.0,66.66,False
2018-04-27,https://data.chc.ucsb.edu/products/CHIRPS-GEFS/v3/daily/global/2018/04/27/c3g_2018.04.27.tif,200.0,True,69765488.0,66.53,False
2018-04-28,https://data.chc.ucsb.edu/products/CHIRPS-GEFS/v3/daily/global/2018/04/28/c3g_2018.04.28.tif,200.0,True,70216414.0,66.96,False
2018-04-29,https://data.chc.ucsb.edu/products/CHIRPS-GEFS/v3/daily/global/2018/04/29/c3g_2018.04.29.tif,200.0,True,70190290.0,66.94,False
2018-04-30,https://data.chc.ucsb.edu/products/CHIRPS-GEFS/v3/daily/global/2018/04/30/c3g_2018.04.30.tif,200.0,True,70015378.0,66.77,False
2018-05-01,https://data.chc.ucsb.edu/products/CHIRPS-GEFS/v3/daily/global/2018/05/01/c3g_2018.05.01.tif,200.0,True,70286346.0,67.03,False
2018-05-02,https://data.chc.ucsb.edu/products/CHIRPS-GEFS/v3/daily/global/2018/05/02/c3g_2018.05.02.tif,200.0,True,68653624.0,65.47,False
2018-05-03,https://data.chc.ucsb.edu/products/CHIRPS-GEFS/v3/daily/global/2018/05/03/c3g_2018.05.03.tif,200.0,True,70872428.0,67.59,False
2018-05-04,https://data.chc.ucsb.edu/products/CHIRPS-GEFS/v3/daily/global/2018/05/04/c3g_2018.05.04.tif,200.0,True,69885476.0,66.65,False
2018-05-05,https://data.chc.ucsb.edu/products/CHIRPS-GEFS/v3/daily/global/2018/05/05/c3g_2018.05.05.tif,200.0,True,70201962.0,66.95,False
2018-05-06,https://data.chc.ucsb.edu/products/CHIRPS-GEFS/v3/daily/global/2018/05/06/c3g_2018.05.06.tif,200.0,True,70257630.0,67.0,False
2018-05-07,https://data.chc.ucsb.edu/products/CHIRPS-GEFS/v3/daily/global/2018/05/07/c3g_2018.05.07.tif,200.0,True,70449148.0,67.19,False
2018-05-08,https://data.chc.ucsb.edu/products/CHIRPS-GEFS/v3/daily/global/2018/05/08/c3g_2018.05.08.tif,200.0,True,67819056.0,64.68,False
2018-05-09,https://data.chc.ucsb.edu/products/CHIRPS-GEFS/v3/daily/global/2018/05/09/c3g_2018.05.09.tif,200.0,True,71790064.0,68.46,False
2018-05-10,https://data.chc.ucsb.edu/products/CHIRPS-GEFS/v3/daily/global/2018/05/10/c3g_2018.05.10.tif,200.0,True,71145340.0,67.85,False
2018-05-11,https://data.chc.ucsb.edu/products/CHIRPS-GEFS/v3/daily/global/2018/05/11/c3g_2018.05.11.tif,200.0,True,70516890.0,67.25,False
2018-05-12,https://data.chc.ucsb.edu/products/CHIRPS-GEFS/v3/daily/global/2018/05/12/c3g_2018.05.12.tif,200.0,True,70401236.0,67.14,False
2018-05-13,https://data.chc.ucsb.edu/products/CHIRPS-GEFS/v3/daily/global/2018/05/13/c3g_2018.05.13.tif,200.0,True,68542368.0,65.37,False
2018-05-14,https://data.chc.ucsb.edu/products/CHIRPS-GEFS/v3/daily/global/2018/05/14/c3g_2018.05.14.tif,200.0,True,71775590.0,68.45,False
2018-05-15,https://data.chc.ucsb.edu/products/CHIRPS-GEFS/v3/daily/global/2018/05/15/c3g_2018.05.15.tif,200.0,True,71543108.0,68.23,False
2018-05-16,https://data.chc.ucsb.edu/products/CHIRPS-GEFS/v3/daily/global/2018/05/16/c3g_2018.05.16.tif,200.0,True,70426404.0,67.16,False
2018-05-17,https://data.chc.ucsb.edu/products/CHIRPS-GEFS/v3/daily/global/2018/05/17/c3g_2018.05.17.tif,200.0,True,71150132.0,67.85,False
2018-05-18,https://data.chc.ucsb.edu/products/CHIRPS-GEFS/v3/daily/global/2018/05/18/c3g_2018.05.18.tif,200.0,True,71200040.0,67.9,False
2018-05-19,https://data.chc.ucsb.edu/products/CHIRPS-GEFS/v3/daily/global/2018/05/19/c3g_2018.05.19.tif,200.0,True,70893084.0,67.61,False
2018-05-20,https://data.chc.ucsb.edu/products/CHIRPS-GEFS/v3/daily/global/2018/05/20/c3g_2018.05.20.tif,200.0,True,68603112.0,65.43,False
2018-05-21,https://data.chc.ucsb.edu/products/CHIRPS-GEFS/v3/daily/global/2018/05/21/c3g_2018.05.21.tif,200.0,True,75135640.0,71.65,False
2018-05-22,https://data.chc.ucsb.edu/products/CHIRPS-GEFS/v3/daily/global/2018/05/22/c3g_2018.05.22.tif,200.0,True,65705964.0,62.66,False
2018-05-23,https://data.chc.ucsb.edu/products/CHIRPS-GEFS/v3/daily/global/2018/05/23/c3g_2018.05.23.tif,200.0,True,68803290.0,65.62,False
2018-05-24,https://data.chc.ucsb.edu/products/CHIRPS-GEFS/v3/daily/global/2018/05/24/c3g_2018.05.24.tif,200.0,True,74798460.0,71.33,False
2018-05-25,https://data.chc.ucsb.edu/products/CHIRPS-GEFS/v3/daily/global/2018/05/25/c3g_2018.05.25.tif,200.0,True,69523812.0,66.3,False
2018-05-26,https://data.chc.ucsb.edu/products/CHIRPS-GEFS/v3/daily/global/2018/05/26/c3g_2018.05.26.tif,200.0,True,66306412.0,63.23,False
2018-05-27,https://data.chc.ucsb.edu/products/CHIRPS-GEFS/v3/daily/global/2018/05/27/c3g_2018.05.27.tif,200.0,True,66090376.0,63.03,False
2018-05-28,https://data.chc.ucsb.edu/products/CHIRPS-GEFS/v3/daily/global/2018/05/28/c3g_2018.05.28.tif,200.0,True,66440484.0,63.36,False
2018-05-29,https://data.chc.ucsb.edu/products/CHIRPS-GEFS/v3/daily/global/2018/05/29/c3g_2018.05.29.tif,200.0,True,75254916.0,71.77,False
2018-05-30,https://data.chc.ucsb.edu/products/CHIRPS-GEFS/v3/daily/global/2018/05/30/c3g_2018.05.30.tif,200.0,True,67765084.0,64.63,False
2018-05-31,https://data.chc.ucsb.edu/products/CHIRPS-GEFS/v3/daily/global/2018/05/31/c3g_2018.05.31.tif,200.0,True,67728272.0,64.59,False
2018-06-01,https://data.chc.ucsb.edu/products/CHIRPS-GEFS/v3/daily/global/2018/06/01/c3g_2018.06.01.tif,200.0,True,74809246.0,71.34,False
2018-06-02,https://data.chc.ucsb.edu/products/CHIRPS-GEFS/v3/daily/global/2018/06/02/c3g_2018.06.02.tif,200.0,True,68939370.0,65.75,False
2018-06-03,https://data.chc.ucsb.edu/products/CHIRPS-GEFS/v3/daily/global/2018/06/03/c3g_2018.06.03.tif,200.0,True,69671394.0,66.44,False
2018-06-04,https://data.chc.ucsb.edu/products/CHIRPS-GEFS/v3/daily/global/2018/06/04/c3g_2018.06.04.tif,200.0,True,69359098.0,66.15,False
2018-06-05,https://data.chc.ucsb.edu/products/CHIRPS-GEFS/v3/daily/global/2018/06/05/c3g_2018.06.05.tif,200.0,True,69486236.0,66.27,False
2018-06-06,https://data.chc.ucsb.edu/products/CHIRPS-GEFS/v3/daily/global/2018/06/06/c3g_2018.06.06.tif,200.0,True,78676966.0,75.03,False
2018-06-07,https://data.chc.ucsb.edu/products/CHIRPS-GEFS/v3/daily/global/2018/06/07/c3g_2018.06.07.tif,200.0,True,75338700.0,71.85,False
2018-06-08,https://data.chc.ucsb.edu/products/CHIRPS-GEFS/v3/daily/global/2018/06/08/c3g_2018.06.08.tif,200.0,True,66931998.0,63.83,False
2018-06-09,https://data.chc.ucsb.edu/products/CHIRPS-GEFS/v3/daily/global/2018/06/09/c3g_2018.06.09.tif,200.0,True,66924208.0,63.82,False
2018-06-10,https://data.chc.ucsb.edu/products/CHIRPS-GEFS/v3/daily/global/2018/06/10/c3g_2018.06.10.tif,200.0,True,67051032.0,63.94,False
2018-06-11,https://data.chc.ucsb.edu/products/CHIRPS-GEFS/v3/daily/global/2018/06/11/c3g_2018.06.11.tif,200.0,True,70954106.0,67.67,False
2018-06-12,https://data.chc.ucsb.edu/products/CHIRPS-GEFS/v3/daily/global/2018/06/12/c3g_2018.06.12.tif,200.0,True,70801954.0,67.52,False
2018-06-13,https://data.chc.ucsb.edu/products/CHIRPS-GEFS/v3/daily/global/2018/06/13/c3g_2018.06.13.tif,200.0,True,71288394.0,67.99,False
2018-06-14,https://data.chc.ucsb.edu/products/CHIRPS-GEFS/v3/daily/global/2018/06/14/c3g_2018.06.14.tif,200.0,True,67780266.0,64.64,False
2018-06-15,https://data.chc.ucsb.edu/products/CHIRPS-GEFS/v3/daily/global/2018/06/15/c3g_2018.06.15.tif,200.0,True,68156806.0,65.0,False
2018-06-16,https://data.chc.ucsb.edu/products/CHIRPS-GEFS/v3/daily/global/2018/06/16/c3g_2018.06.16.tif,200.0,True,67307164.0,64.19,False
2018-06-17,https://data.chc.ucsb.edu/products/CHIRPS-GEFS/v3/daily/global/2018/06/17/c3g_2018.06.17.tif,200.0,True,67566146.0,64.44,False
2018-06-18,https://data.chc.ucsb.edu/products/CHIRPS-GEFS/v3/daily/global/2018/06/18/c3g_2018.06.18.tif,200.0,True,76085594.0,72.56,False
2018-06-19,https://data.chc.ucsb.edu/products/CHIRPS-GEFS/v3/daily/global/2018/06/19/c3g_2018.06.19.tif,200.0,True,70540750.0,67.27,False
2018-06-20,https://data.chc.ucsb.edu/products/CHIRPS-GEFS/v3/daily/global/2018/06/20/c3g_2018.06.20.tif,200.0,True,71067298.0,67.78,False
2018-06-21,https://data.chc.ucsb.edu/products/CHIRPS-GEFS/v3/daily/global/2018/06/21/c3g_2018.06.21.tif,200.0,True,72001406.0,68.67,False
2018-06-22,https://data.chc.ucsb.edu/products/CHIRPS-GEFS/v3/daily/global/2018/06/22/c3g_2018.06.22.tif,200.0,True,72393692.0,69.04,False
2018-06-23,https://data.chc.ucsb.edu/products/CHIRPS-GEFS/v3/daily/global/2018/06/23/c3g_2018.06.23.tif,200.0,True,71302496.0,68.0,False
2018-06-24,https://data.chc.ucsb.edu/products/CHIRPS-GEFS/v3/daily/global/2018/06/24/c3g_2018.06.24.tif,200.0,True,71438898.0,68.13,False
2018-06-25,https://data.chc.ucsb.edu/products/CHIRPS-GEFS/v3/daily/global/2018/06/25/c3g_2018.06.25.tif,200.0,True,70947754.0,67.66,False
2018-06-26,https://data.chc.ucsb.edu/products/CHIRPS-GEFS/v3/daily/global/2018/06/26/c3g_2018.06.26.tif,200.0,True,67658938.0,64.52,False
2018-06-27,https://data.chc.ucsb.edu/products/CHIRPS-GEFS/v3/daily/global/2018/06/27/c3g_2018.06.27.tif,200.0,True,71101460.0,67.81,False
2018-06-28,https://data.chc.ucsb.edu/products/CHIRPS-GEFS/v3/daily/global/2018/06/28/c3g_2018.06.28.tif,200.0,True,70399720.0,67.14,False
2018-06-29,https://data.chc.ucsb.edu/products/CHIRPS-GEFS/v3/daily/global/2018/06/29/c3g_2018.06.29.tif,200.0,True,70963834.0,67.68,False
2018-06-30,https://data.chc.ucsb.edu/products/CHIRPS-GEFS/v3/daily/global/2018/06/30/c3g_2018.06.30.tif,200.0,True,71907422.0,68.58,False
2018-07-01,https://data.chc.ucsb.edu/products/CHIRPS-GEFS/v3/daily/global/2018/07/01/c3g_2018.07.01.tif,200.0,True,71005374.0,67.72,False
2018-07-02,https://data.chc.ucsb.edu/products/CHIRPS-GEFS/v3/daily/global/2018/07/02/c3g_2018.07.02.tif,200.0,True,76131232.0,72.6,False
2018-07-03,https://data.chc.ucsb.edu/products/CHIRPS-GEFS/v3/daily/global/2018/07/03/c3g_2018.07.03.tif,200.0,True,71270020.0,67.97,False
2018-07-04,https://data.chc.ucsb.edu/products/CHIRPS-GEFS/v3/daily/global/2018/07/04/c3g_2018.07.04.tif,200.0,True,70903764.0,67.62,False
2018-07-05,https://data.chc.ucsb.edu/products/CHIRPS-GEFS/v3/daily/global/2018/07/05/c3g_2018.07.05.tif,200.0,True,70929318.0,67.64,False
2018-07-06,https://data.chc.ucsb.edu/products/CHIRPS-GEFS/v3/daily/global/2018/07/06/c3g_2018.07.06.tif,200.0,True,70705764.0,67.43,False
2018-07-07,https://data.chc.ucsb.edu/products/CHIRPS-GEFS/v3/daily/global/2018/07/07/c3g_2018.07.07.tif,200.0,True,75526932.0,72.03,False
2018-07-08,https://data.chc.ucsb.edu/products/CHIRPS-GEFS/v3/daily/global/2018/07/08/c3g_2018.07.08.tif,200.0,True,70122640.0,66.87,False
2018-07-09,https://data.chc.ucsb.edu/products/CHIRPS-GEFS/v3/daily/global/2018/07/09/c3g_2018.07.09.tif,200.0,True,70449570.0,67.19,False
2018-07-10,https://data.chc.ucsb.edu/products/CHIRPS-GEFS/v3/daily/global/2018/07/10/c3g_2018.07.10.tif,200.0,True,69891460.0,66.65,False
2018-07-11,https://data.chc.ucsb.edu/products/CHIRPS-GEFS/v3/daily/global/2018/07/11/c3g_2018.07.11.tif,200.0,True,67920760.0,64.77,False
2018-07-12,https://data.chc.ucsb.edu/products/CHIRPS-GEFS/v3/daily/global/2018/07/12/c3g_2018.07.12.tif,200.0,True,76346144.0,72.81,False
2018-07-13,https://data.chc.ucsb.edu/products/CHIRPS-GEFS/v3/daily/global/2018/07/13/c3g_2018.07.13.tif,200.0,True,70928800.0,67.64,False
2018-07-14,https://data.chc.ucsb.edu/products/CHIRPS-GEFS/v3/daily/global/2018/07/14/c3g_2018.07.14.tif,200.0,True,67466744.0,64.34,False
2018-07-15,https://data.chc.ucsb.edu/products/CHIRPS-GEFS/v3/daily/global/2018/07/15/c3g_2018.07.15.tif,200.0,True,68156544.0,65.0,False
2018-07-16,https://data.chc.ucsb.edu/products/CHIRPS-GEFS/v3/daily/global/2018/07/16/c3g_2018.07.16.tif,200.0,True,75876920.0,72.36,False
2018-07-17,https://data.chc.ucsb.edu/products/CHIRPS-GEFS/v3/daily/global/2018/07/17/c3g_2018.07.17.tif,200.0,True,71458774.0,68.15,False
2018-07-18,https://data.chc.ucsb.edu/products/CHIRPS-GEFS/v3/daily/global/2018/07/18/c3g_2018.07.18.tif,200.0,True,68925336.0,65.73,False
2018-07-19,https://data.chc.ucsb.edu/products/CHIRPS-GEFS/v3/daily/global/2018/07/19/c3g_2018.07.19.tif,200.0,True,68230262.0,65.07,False
2018-07-20,https://data.chc.ucsb.edu/products/CHIRPS-GEFS/v3/daily/global/2018/07/20/c3g_2018.07.20.tif,200.0,True,70864046.0,67.58,False
2018-07-21,https://data.chc.ucsb.edu/products/CHIRPS-GEFS/v3/daily/global/2018/07/21/c3g_2018.07.21.tif,200.0,True,70368302.0,67.11,False
2018-07-22,https://data.chc.ucsb.edu/products/CHIRPS-GEFS/v3/daily/global/2018/07/22/c3g_2018.07.22.tif,200.0,True,67443640.0,64.32,False
2018-07-23,https://data.chc.ucsb.edu/products/CHIRPS-GEFS/v3/daily/global/2018/07/23/c3g_2018.07.23.tif,200.0,True,70176962.0,66.93,False
2018-07-24,https://data.chc.ucsb.edu/products/CHIRPS-GEFS/v3/daily/global/2018/07/24/c3g_2018.07.24.tif,200.0,True,70730008.0,67.45,False
2018-07-25,https://data.chc.ucsb.edu/products/CHIRPS-GEFS/v3/daily/global/2018/07/25/c3g_2018.07.25.tif,200.0,True,71293540.0,67.99,False
2018-07-26,https://data.chc.ucsb.edu/products/CHIRPS-GEFS/v3/daily/global/2018/07/26/c3g_2018.07.26.tif,200.0,True,76150770.0,72.62,False
2018-07-27,https://data.chc.ucsb.edu/products/CHIRPS-GEFS/v3/daily/global/2018/07/27/c3g_2018.07.27.tif,200.0,True,71319864.0,68.02,False
2018-07-28,https://data.chc.ucsb.edu/products/CHIRPS-GEFS/v3/daily/global/2018/07/28/c3g_2018.07.28.tif,200.0,True,72017482.0,68.68,False
2018-07-29,https://data.chc.ucsb.edu/products/CHIRPS-GEFS/v3/daily/global/2018/07/29/c3g_2018.07.29.tif,200.0,True,72220496.0,68.87,False
2018-07-30,https://data.chc.ucsb.edu/products/CHIRPS-GEFS/v3/daily/global/2018/07/30/c3g_2018.07.30.tif,200.0,True,72820576.0,69.45,False
2018-07-31,https://data.chc.ucsb.edu/products/CHIRPS-GEFS/v3/daily/global/2018/07/31/c3g_2018.07.31.tif,200.0,True,76669172.0,73.12,False
2018-08-01,https://data.chc.ucsb.edu/products/CHIRPS-GEFS/v3/daily/global/2018/08/01/c3g_2018.08.01.tif,200.0,True,72541136.0,69.18,False
2018-08-02,https://data.chc.ucsb.edu/products/CHIRPS-GEFS/v3/daily/global/2018/08/02/c3g_2018.08.02.tif,200.0,True,71990762.0,68.66,False
2018-08-03,https://data.chc.ucsb.edu/products/CHIRPS-GEFS/v3/daily/global/2018/08/03/c3g_2018.08.03.tif,200.0,True,77619008.0,74.02,False
2018-08-04,https://data.chc.ucsb.edu/products/CHIRPS-GEFS/v3/daily/global/2018/08/04/c3g_2018.08.04.tif,200.0,True,77602736.0,74.01,False
2018-08-05,https://data.chc.ucsb.edu/products/CHIRPS-GEFS/v3/daily/global/2018/08/05/c3g_2018.08.05.tif,200.0,True,72054828.0,68.72,False
2018-08-06,https://data.chc.ucsb.edu/products/CHIRPS-GEFS/v3/daily/global/2018/08/06/c3g_2018.08.06.tif,200.0,True,71372648.0,68.07,False
2018-08-07,https://data.chc.ucsb.edu/products/CHIRPS-GEFS/v3/daily/global/2018/08/07/c3g_2018.08.07.tif,200.0,True,67959976.0,64.81,False
2018-08-08,https://data.chc.ucsb.edu/products/CHIRPS-GEFS/v3/daily/global/2018/08/08/c3g_2018.08.08.tif,200.0,True,71946876.0,68.61,False
2018-08-09,https://data.chc.ucsb.edu/products/CHIRPS-GEFS/v3/daily/global/2018/08/09/c3g_2018.08.09.tif,200.0,True,68871100.0,65.68,False
2018-08-10,https://data.chc.ucsb.edu/products/CHIRPS-GEFS/v3/daily/global/2018/08/10/c3g_2018.08.10.tif,200.0,True,71617182.0,68.3,False
2018-08-11,https://data.chc.ucsb.edu/products/CHIRPS-GEFS/v3/daily/global/2018/08/11/c3g_2018.08.11.tif,200.0,True,67627544.0,64.49,False
2018-08-12,https://data.chc.ucsb.edu/products/CHIRPS-GEFS/v3/daily/global/2018/08/12/c3g_2018.08.12.tif,200.0,True,77003306.0,73.44,False
2018-08-13,https://data.chc.ucsb.edu/products/CHIRPS-GEFS/v3/daily/global/2018/08/13/c3g_2018.08.13.tif,200.0,True,71331290.0,68.03,False
2018-08-14,https://data.chc.ucsb.edu/products/CHIRPS-GEFS/v3/daily/global/2018/08/14/c3g_2018.08.14.tif,200.0,True,77136112.0,73.56,False
2018-08-15,https://data.chc.ucsb.edu/products/CHIRPS-GEFS/v3/daily/global/2018/08/15/c3g_2018.08.15.tif,200.0,True,67323366.0,64.2,False
2018-08-16,https://data.chc.ucsb.edu/products/CHIRPS-GEFS/v3/daily/global/2018/08/16/c3g_2018.08.16.tif,200.0,True,66878612.0,63.78,False
2018-08-17,https://data.chc.ucsb.edu/products/CHIRPS-GEFS/v3/daily/global/2018/08/17/c3g_2018.08.17.tif,200.0,True,71903078.0,68.57,False
2018-08-18,https://data.chc.ucsb.edu/products/CHIRPS-GEFS/v3/daily/global/2018/08/18/c3g_2018.08.18.tif,200.0,True,71756920.0,68.43,False
2018-08-19,https://data.chc.ucsb.edu/products/CHIRPS-GEFS/v3/daily/global/2018/08/19/c3g_2018.08.19.tif,200.0,True,77262642.0,73.68,False
2018-08-20,https://data.chc.ucsb.edu/products/CHIRPS-GEFS/v3/daily/global/2018/08/20/c3g_2018.08.20.tif,200.0,True,77371146.0,73.79,False
2018-08-21,https://data.chc.ucsb.edu/products/CHIRPS-GEFS/v3/daily/global/2018/08/21/c3g_2018.08.21.tif,200.0,True,67436524.0,64.31,False
2018-08-22,https://data.chc.ucsb.edu/products/CHIRPS-GEFS/v3/daily/global/2018/08/22/c3g_2018.08.22.tif,200.0,True,76803160.0,73.25,False
2018-08-23,https://data.chc.ucsb.edu/products/CHIRPS-GEFS/v3/daily/global/2018/08/23/c3g_2018.08.23.tif,200.0,True,67289058.0,64.17,False
2018-08-24,https://data.chc.ucsb.edu/products/CHIRPS-GEFS/v3/daily/global/2018/08/24/c3g_2018.08.24.tif,200.0,True,71680552.0,68.36,False
2018-08-25,https://data.chc.ucsb.edu/products/CHIRPS-GEFS/v3/daily/global/2018/08/25/c3g_2018.08.25.tif,200.0,True,77318396.0,73.74,False
2018-08-26,https://data.chc.ucsb.edu/products/CHIRPS-GEFS/v3/daily/global/2018/08/26/c3g_2018.08.26.tif,200.0,True,72587692.0,69.23,False
2018-08-27,https://data.chc.ucsb.edu/products/CHIRPS-GEFS/v3/daily/global/2018/08/27/c3g_2018.08.27.tif,200.0,True,72364098.0,69.01,False
2018-08-28,https://data.chc.ucsb.edu/products/CHIRPS-GEFS/v3/daily/global/2018/08/28/c3g_2018.08.28.tif,200.0,True,77491746.0,73.9,False
2018-08-29,https://data.chc.ucsb.edu/products/CHIRPS-GEFS/v3/daily/global/2018/08/29/c3g_2018.08.29.tif,200.0,True,72905166.0,69.53,False
2018-08-30,https://data.chc.ucsb.edu/products/CHIRPS-GEFS/v3/daily/global/2018/08/30/c3g_2018.08.30.tif,200.0,True,72625828.0,69.26,False
2018-08-31,https://data.chc.ucsb.edu/products/CHIRPS-GEFS/v3/daily/global/2018/08/31/c3g_2018.08.31.tif,200.0,True,68228822.0,65.07,False
2018-09-01,https://data.chc.ucsb.edu/products/CHIRPS-GEFS/v3/daily/global/2018/09/01/c3g_2018.09.01.tif,200.0,True,67863784.0,64.72,False
2018-09-02,https://data.chc.ucsb.edu/products/CHIRPS-GEFS/v3/daily/global/2018/09/02/c3g_2018.09.02.tif,200.0,True,71723948.0,68.4,False
2018-09-03,https://data.chc.ucsb.edu/products/CHIRPS-GEFS/v3/daily/global/2018/09/03/c3g_2018.09.03.tif,200.0,True,71503550.0,68.19,False
2018-09-04,https://data.chc.ucsb.edu/products/CHIRPS-GEFS/v3/daily/global/2018/09/04/c3g_2018.09.04.tif,200.0,True,77226308.0,73.65,False
2018-09-05,https://data.chc.ucsb.edu/products/CHIRPS-GEFS/v3/daily/global/2018/09/05/c3g_2018.09.05.tif,200.0,True,68289284.0,65.13,False
2018-09-06,https://data.chc.ucsb.edu/products/CHIRPS-GEFS/v3/daily/global/2018/09/06/c3g_2018.09.06.tif,200.0,True,71581998.0,68.27,False
2018-09-07,https://data.chc.ucsb.edu/products/CHIRPS-GEFS/v3/daily/global/2018/09/07/c3g_2018.09.07.tif,200.0,True,77232888.0,73.66,False
2018-09-08,https://data.chc.ucsb.edu/products/CHIRPS-GEFS/v3/daily/global/2018/09/08/c3g_2018.09.08.tif,200.0,True,76968876.0,73.4,False
2018-09-09,https://data.chc.ucsb.edu/products/CHIRPS-GEFS/v3/daily/global/2018/09/09/c3g_2018.09.09.tif,200.0,True,70572900.0,67.3,False
2018-09-10,https://data.chc.ucsb.edu/products/CHIRPS-GEFS/v3/daily/global/2018/09/10/c3g_2018.09.10.tif,200.0,True,67039226.0,63.93,False
2018-09-11,https://data.chc.ucsb.edu/products/CHIRPS-GEFS/v3/daily/global/2018/09/11/c3g_2018.09.11.tif,200.0,True,70983850.0,67.7,False
2018-09-12,https://data.chc.ucsb.edu/products/CHIRPS-GEFS/v3/daily/global/2018/09/12/c3g_2018.09.12.tif,200.0,True,71756974.0,68.43,False
2018-09-13,https://data.chc.ucsb.edu/products/CHIRPS-GEFS/v3/daily/global/2018/09/13/c3g_2018.09.13.tif,200.0,True,71077160.0,67.78,False
2018-09-14,https://data.chc.ucsb.edu/products/CHIRPS-GEFS/v3/daily/global/2018/09/14/c3g_2018.09.14.tif,200.0,True,67035812.0,63.93,False
2018-09-15,https://data.chc.ucsb.edu/products/CHIRPS-GEFS/v3/daily/global/2018/09/15/c3g_2018.09.15.tif,200.0,True,66974536.0,63.87,False
2018-09-16,https://data.chc.ucsb.edu/products/CHIRPS-GEFS/v3/daily/global/2018/09/16/c3g_2018.09.16.tif,200.0,True,68795462.0,65.61,False
2018-09-17,https://data.chc.ucsb.edu/products/CHIRPS-GEFS/v3/daily/global/2018/09/17/c3g_2018.09.17.tif,200.0,True,77414260.0,73.83,False
2018-09-18,https://data.chc.ucsb.edu/products/CHIRPS-GEFS/v3/daily/global/2018/09/18/c3g_2018.09.18.tif,200.0,True,72426196.0,69.07,False
2018-09-19,https://data.chc.ucsb.edu/products/CHIRPS-GEFS/v3/daily/global/2018/09/19/c3g_2018.09.19.tif,200.0,True,72270350.0,68.92,False
2018-09-20,https://data.chc.ucsb.edu/products/CHIRPS-GEFS/v3/daily/global/2018/09/20/c3g_2018.09.20.tif,200.0,True,71862952.0,68.53,False
2018-09-21,https://data.chc.ucsb.edu/products/CHIRPS-GEFS/v3/daily/global/2018/09/21/c3g_2018.09.21.tif,200.0,True,68668434.0,65.49,False
2018-09-22,https://data.chc.ucsb.edu/products/CHIRPS-GEFS/v3/daily/global/2018/09/22/c3g_2018.09.22.tif,200.0,True,70809344.0,67.53,False
2018-09-23,https://data.chc.ucsb.edu/products/CHIRPS-GEFS/v3/daily/global/2018/09/23/c3g_2018.09.23.tif,200.0,True,70898466.0,67.61,False
2018-09-24,https://data.chc.ucsb.edu/products/CHIRPS-GEFS/v3/daily/global/2018/09/24/c3g_2018.09.24.tif,200.0,True,71487942.0,68.18,False
2018-09-25,https://data.chc.ucsb.edu/products/CHIRPS-GEFS/v3/daily/global/2018/09/25/c3g_2018.09.25.tif,200.0,True,70632278.0,67.36,False
2018-09-26,https://data.chc.ucsb.edu/products/CHIRPS-GEFS/v3/daily/global/2018/09/26/c3g_2018.09.26.tif,200.0,True,67080784.0,63.97,False
2018-09-27,https://data.chc.ucsb.edu/products/CHIRPS-GEFS/v3/daily/global/2018/09/27/c3g_2018.09.27.tif,200.0,True,66701598.0,63.61,False
2018-09-28,https://data.chc.ucsb.edu/products/CHIRPS-GEFS/v3/daily/global/2018/09/28/c3g_2018.09.28.tif,200.0,True,67392282.0,64.27,False
2018-09-29,https://data.chc.ucsb.edu/products/CHIRPS-GEFS/v3/daily/global/2018/09/29/c3g_2018.09.29.tif,200.0,True,67676660.0,64.54,False
2018-09-30,https://data.chc.ucsb.edu/products/CHIRPS-GEFS/v3/daily/global/2018/09/30/c3g_2018.09.30.tif,200.0,True,68049656.0,64.9,False
2018-10-01,https://data.chc.ucsb.edu/products/CHIRPS-GEFS/v3/daily/global/2018/10/01/c3g_2018.10.01.tif,200.0,True,71059106.0,67.77,False
2018-10-02,https://data.chc.ucsb.edu/products/CHIRPS-GEFS/v3/daily/global/2018/10/02/c3g_2018.10.02.tif,200.0,True,70879312.0,67.6,False
2018-10-03,https://data.chc.ucsb.edu/products/CHIRPS-GEFS/v3/daily/global/2018/10/03/c3g_2018.10.03.tif,200.0,True,71795712.0,68.47,False
2018-10-04,https://data.chc.ucsb.edu/products/CHIRPS-GEFS/v3/daily/global/2018/10/04/c3g_2018.10.04.tif,200.0,True,66619352.0,63.53,False
2018-10-05,https://data.chc.ucsb.edu/products/CHIRPS-GEFS/v3/daily/global/2018/10/05/c3g_2018.10.05.tif,200.0,True,69890890.0,66.65,False
2018-10-06,https://data.chc.ucsb.edu/products/CHIRPS-GEFS/v3/daily/global/2018/10/06/c3g_2018.10.06.tif,200.0,True,76291780.0,72.76,False
2018-10-07,https://data.chc.ucsb.edu/products/CHIRPS-GEFS/v3/daily/global/2018/10/07/c3g_2018.10.07.tif,200.0,True,70947618.0,67.66,False
2018-10-08,https://data.chc.ucsb.edu/products/CHIRPS-GEFS/v3/daily/global/2018/10/08/c3g_2018.10.08.tif,200.0,True,77414666.0,73.83,False
2018-10-09,https://data.chc.ucsb.edu/products/CHIRPS-GEFS/v3/daily/global/2018/10/09/c3g_2018.10.09.tif,200.0,True,72074294.0,68.74,False
2018-10-10,https://data.chc.ucsb.edu/products/CHIRPS-GEFS/v3/daily/global/2018/10/10/c3g_2018.10.10.tif,200.0,True,70991648.0,67.7,False
2018-10-11,https://data.chc.ucsb.edu/products/CHIRPS-GEFS/v3/daily/global/2018/10/11/c3g_2018.10.11.tif,200.0,True,76087746.0,72.56,False
2018-10-12,https://data.chc.ucsb.edu/products/CHIRPS-GEFS/v3/daily/global/2018/10/12/c3g_2018.10.12.tif,200.0,True,67798952.0,64.66,False
2018-10-13,https://data.chc.ucsb.edu/products/CHIRPS-GEFS/v3/daily/global/2018/10/13/c3g_2018.10.13.tif,200.0,True,70858518.0,67.58,False
2018-10-14,https://data.chc.ucsb.edu/products/CHIRPS-GEFS/v3/daily/global/2018/10/14/c3g_2018.10.14.tif,200.0,True,76401124.0,72.86,False
2018-10-15,https://data.chc.ucsb.edu/products/CHIRPS-GEFS/v3/daily/global/2018/10/15/c3g_2018.10.15.tif,200.0,True,70399880.0,67.14,False
2018-10-16,https://data.chc.ucsb.edu/products/CHIRPS-GEFS/v3/daily/global/2018/10/16/c3g_2018.10.16.tif,200.0,True,69194006.0,65.99,False
2018-10-17,https://data.chc.ucsb.edu/products/CHIRPS-GEFS/v3/daily/global/2018/10/17/c3g_2018.10.17.tif,200.0,True,75002518.0,71.53,False
2018-10-18,https://data.chc.ucsb.edu/products/CHIRPS-GEFS/v3/daily/global/2018/10/18/c3g_2018.10.18.tif,200.0,True,69552418.0,66.33,False
2018-10-19,https://data.chc.ucsb.edu/products/CHIRPS-GEFS/v3/daily/global/2018/10/19/c3g_2018.10.19.tif,200.0,True,67570742.0,64.44,False
2018-10-20,https://data.chc.ucsb.edu/products/CHIRPS-GEFS/v3/daily/global/2018/10/20/c3g_2018.10.20.tif,200.0,True,70840264.0,67.56,False
2018-10-21,https://data.chc.ucsb.edu/products/CHIRPS-GEFS/v3/daily/global/2018/10/21/c3g_2018.10.21.tif,200.0,True,70256432.0,67.0,False
2018-10-22,https://data.chc.ucsb.edu/products/CHIRPS-GEFS/v3/daily/global/2018/10/22/c3g_2018.10.22.tif,200.0,True,76644984.0,73.09,False
2018-10-23,https://data.chc.ucsb.edu/products/CHIRPS-GEFS/v3/daily/global/2018/10/23/c3g_2018.10.23.tif,200.0,True,66636296.0,63.55,False
2018-10-24,https://data.chc.ucsb.edu/products/CHIRPS-GEFS/v3/daily/global/2018/10/24/c3g_2018.10.24.tif,200.0,True,70625244.0,67.35,False
2018-10-25,https://data.chc.ucsb.edu/products/CHIRPS-GEFS/v3/daily/global/2018/10/25/c3g_2018.10.25.tif,200.0,True,70864068.0,67.58,False
2018-10-26,https://data.chc.ucsb.edu/products/CHIRPS-GEFS/v3/daily/global/2018/10/26/c3g_2018.10.26.tif,200.0,True,69896048.0,66.66,False
2018-10-27,https://data.chc.ucsb.edu/products/CHIRPS-GEFS/v3/daily/global/2018/10/27/c3g_2018.10.27.tif,200.0,True,71268286.0,67.97,False
2018-10-28,https://data.chc.ucsb.edu/products/CHIRPS-GEFS/v3/daily/global/2018/10/28/c3g_2018.10.28.tif,200.0,True,70452472.0,67.19,False
2018-10-29,https://data.chc.ucsb.edu/products/CHIRPS-GEFS/v3/daily/global/2018/10/29/c3g_2018.10.29.tif,200.0,True,70399562.0,67.14,False
2018-10-30,https://data.chc.ucsb.edu/products/CHIRPS-GEFS/v3/daily/global/2018/10/30/c3g_2018.10.30.tif,200.0,True,70216930.0,66.96,False
2018-10-31,https://data.chc.ucsb.edu/products/CHIRPS-GEFS/v3/daily/global/2018/10/31/c3g_2018.10.31.tif,200.0,True,66147322.0,63.08,False
2018-11-01,https://data.chc.ucsb.edu/products/CHIRPS-GEFS/v3/daily/global/2018/11/01/c3g_2018.11.01.tif,200.0,True,75477288.0,71.98,False
2018-11-02,https://data.chc.ucsb.edu/products/CHIRPS-GEFS/v3/daily/global/2018/11/02/c3g_2018.11.02.tif,200.0,True,70461644.0,67.2,False
2018-11-03,https://data.chc.ucsb.edu/products/CHIRPS-GEFS/v3/daily/global/2018/11/03/c3g_2018.11.03.tif,200.0,True,67355344.0,64.24,False
2018-11-04,https://data.chc.ucsb.edu/products/CHIRPS-GEFS/v3/daily/global/2018/11/04/c3g_2018.11.04.tif,200.0,True,67046898.0,63.94,False
2018-11-05,https://data.chc.ucsb.edu/products/CHIRPS-GEFS/v3/daily/global/2018/11/05/c3g_2018.11.05.tif,200.0,True,70188668.0,66.94,False
2018-11-06,https://data.chc.ucsb.edu/products/CHIRPS-GEFS/v3/daily/global/2018/11/06/c3g_2018.11.06.tif,200.0,True,74972438.0,71.5,False
2018-11-07,https://data.chc.ucsb.edu/products/CHIRPS-GEFS/v3/daily/global/2018/11/07/c3g_2018.11.07.tif,200.0,True,69306666.0,66.1,False
2018-11-08,https://data.chc.ucsb.edu/products/CHIRPS-GEFS/v3/daily/global/2018/11/08/c3g_2018.11.08.tif,200.0,True,65020296.0,62.01,False
2018-11-09,https://data.chc.ucsb.edu/products/CHIRPS-GEFS/v3/daily/global/2018/11/09/c3g_2018.11.09.tif,200.0,True,74891672.0,71.42,False
2018-11-10,https://data.chc.ucsb.edu/products/CHIRPS-GEFS/v3/daily/global/2018/11/10/c3g_2018.11.10.tif,200.0,True,69834810.0,66.6,False
2018-11-11,https://data.chc.ucsb.edu/products/CHIRPS-GEFS/v3/daily/global/2018/11/11/c3g_2018.11.11.tif,200.0,True,75132698.0,71.65,False
2018-11-12,https://data.chc.ucsb.edu/products/CHIRPS-GEFS/v3/daily/global/2018/11/12/c3g_2018.11.12.tif,200.0,True,69905420.0,66.67,False
2018-11-13,https://data.chc.ucsb.edu/products/CHIRPS-GEFS/v3/daily/global/2018/11/13/c3g_2018.11.13.tif,200.0,True,65737980.0,62.69,False
2018-11-14,https://data.chc.ucsb.edu/products/CHIRPS-GEFS/v3/daily/global/2018/11/14/c3g_2018.11.14.tif,200.0,True,68690284.0,65.51,False
2018-11-15,https://data.chc.ucsb.edu/products/CHIRPS-GEFS/v3/daily/global/2018/11/15/c3g_2018.11.15.tif,200.0,True,74582036.0,71.13,False
2018-11-16,https://data.chc.ucsb.edu/products/CHIRPS-GEFS/v3/daily/global/2018/11/16/c3g_2018.11.16.tif,200.0,True,65511282.0,62.48,False
2018-11-17,https://data.chc.ucsb.edu/products/CHIRPS-GEFS/v3/daily/global/2018/11/17/c3g_2018.11.17.tif,200.0,True,74510232.0,71.06,False
2018-11-18,https://data.chc.ucsb.edu/products/CHIRPS-GEFS/v3/daily/global/2018/11/18/c3g_2018.11.18.tif,200.0,True,74763884.0,71.3,False
2018-11-19,https://data.chc.ucsb.edu/products/CHIRPS-GEFS/v3/daily/global/2018/11/19/c3g_2018.11.19.tif,200.0,True,66464012.0,63.39,False
2018-11-20,https://data.chc.ucsb.edu/products/CHIRPS-GEFS/v3/daily/global/2018/11/20/c3g_2018.11.20.tif,200.0,True,75755608.0,72.25,False
2018-11-21,https://data.chc.ucsb.edu/products/CHIRPS-GEFS/v3/daily/global/2018/11/21/c3g_2018.11.21.tif,200.0,True,66164388.0,63.1,False
2018-11-22,https://data.chc.ucsb.edu/products/CHIRPS-GEFS/v3/daily/global/2018/11/22/c3g_2018.11.22.tif,200.0,True,66918118.0,63.82,False
2018-11-23,https://data.chc.ucsb.edu/products/CHIRPS-GEFS/v3/daily/global/2018/11/23/c3g_2018.11.23.tif,200.0,True,66608840.0,63.52,False
2018-11-24,https://data.chc.ucsb.edu/products/CHIRPS-GEFS/v3/daily/global/2018/11/24/c3g_2018.11.24.tif,200.0,True,67108594.0,64.0,False
2018-11-25,https://data.chc.ucsb.edu/products/CHIRPS-GEFS/v3/daily/global/2018/11/25/c3g_2018.11.25.tif,200.0,True,75093402.0,71.61,False
2018-11-26,https://data.chc.ucsb.edu/products/CHIRPS-GEFS/v3/daily/global/2018/11/26/c3g_2018.11.26.tif,200.0,True,70336854.0,67.08,False
2018-11-27,https://data.chc.ucsb.edu/products/CHIRPS-GEFS/v3/daily/global/2018/11/27/c3g_2018.11.27.tif,200.0,True,69217762.0,66.01,False
2018-11-28,https://data.chc.ucsb.edu/products/CHIRPS-GEFS/v3/daily/global/2018/11/28/c3g_2018.11.28.tif,200.0,True,68942320.0,65.75,False
2018-11-29,https://data.chc.ucsb.edu/products/CHIRPS-GEFS/v3/daily/global/2018/11/29/c3g_2018.11.29.tif,200.0,True,69364214.0,66.15,False
2018-11-30,https://data.chc.ucsb.edu/products/CHIRPS-GEFS/v3/daily/global/2018/11/30/c3g_2018.11.30.tif,200.0,True,66379642.0,63.3,False
2018-12-01,https://data.chc.ucsb.edu/products/CHIRPS-GEFS/v3/daily/global/2018/12/01/c3g_2018.12.01.tif,200.0,True,69514834.0,66.29,False
2018-12-02,https://data.chc.ucsb.edu/products/CHIRPS-GEFS/v3/daily/global/2018/12/02/c3g_2018.12.02.tif,200.0,True,72990410.0,69.61,False
2018-12-03,https://data.chc.ucsb.edu/products/CHIRPS-GEFS/v3/daily/global/2018/12/03/c3g_2018.12.03.tif,200.0,True,64164004.0,61.19,False
2018-12-04,https://data.chc.ucsb.edu/products/CHIRPS-GEFS/v3/daily/global/2018/12/04/c3g_2018.12.04.tif,200.0,True,68850892.0,65.66,False
2018-12-05,https://data.chc.ucsb.edu/products/CHIRPS-GEFS/v3/daily/global/2018/12/05/c3g_2018.12.05.tif,200.0,True,68519562.0,65.35,False
2018-12-06,https://data.chc.ucsb.edu/products/CHIRPS-GEFS/v3/daily/global/2018/12/06/c3g_2018.12.06.tif,200.0,True,68039308.0,64.89,False
2018-12-07,https://data.chc.ucsb.edu/products/CHIRPS-GEFS/v3/daily/global/2018/12/07/c3g_2018.12.07.tif,200.0,True,68886600.0,65.7,False
2018-12-08,https://data.chc.ucsb.edu/products/CHIRPS-GEFS/v3/daily/global/2018/12/08/c3g_2018.12.08.tif,200.0,True,68672244.0,65.49,False
2018-12-09,https://data.chc.ucsb.edu/products/CHIRPS-GEFS/v3/daily/global/2018/12/09/c3g_2018.12.09.tif,200.0,True,68464814.0,65.29,False
2018-12-10,https://data.chc.ucsb.edu/products/CHIRPS-GEFS/v3/daily/global/2018/12/10/c3g_2018.12.10.tif,200.0,True,67459068.0,64.33,False
2018-12-11,https://data.chc.ucsb.edu/products/CHIRPS-GEFS/v3/daily/global/2018/12/11/c3g_2018.12.11.tif,200.0,True,68322298.0,65.16,False
2018-12-12,https://data.chc.ucsb.edu/products/CHIRPS-GEFS/v3/daily/global/2018/12/12/c3g_2018.12.12.tif,200.0,True,69337994.0,66.13,False
2018-12-13,https://data.chc.ucsb.edu/products/CHIRPS-GEFS/v3/daily/global/2018/12/13/c3g_2018.12.13.tif,200.0,True,66236338.0,63.17,False
2018-12-14,https://data.chc.ucsb.edu/products/CHIRPS-GEFS/v3/daily/global/2018/12/14/c3g_2018.12.14.tif,200.0,True,74032464.0,70.6,False
2018-12-15,https://data.chc.ucsb.edu/products/CHIRPS-GEFS/v3/daily/global/2018/12/15/c3g_2018.12.15.tif,200.0,True,65802664.0,62.75,False
2018-12-16,https://data.chc.ucsb.edu/products/CHIRPS-GEFS/v3/daily/global/2018/12/16/c3g_2018.12.16.tif,200.0,True,68167850.0,65.01,False
2018-12-17,https://data.chc.ucsb.edu/products/CHIRPS-GEFS/v3/daily/global/2018/12/17/c3g_2018.12.17.tif,200.0,True,67109988.0,64.0,False
2018-12-18,https://data.chc.ucsb.edu/products/CHIRPS-GEFS/v3/daily/global/2018/12/18/c3g_2018.12.18.tif,200.0,True,67915208.0,64.77,False
2018-12-19,https://data.chc.ucsb.edu/products/CHIRPS-GEFS/v3/daily/global/2018/12/19/c3g_2018.12.19.tif,200.0,True,68506960.0,65.33,False
2018-12-20,https://data.chc.ucsb.edu/products/CHIRPS-GEFS/v3/daily/global/2018/12/20/c3g_2018.12.20.tif,200.0,True,68163954.0,65.01,False
2018-12-21,https://data.chc.ucsb.edu/products/CHIRPS-GEFS/v3/daily/global/2018/12/21/c3g_2018.12.21.tif,200.0,True,74376020.0,70.93,False
2018-12-22,https://data.chc.ucsb.edu/products/CHIRPS-GEFS/v3/daily/global/2018/12/22/c3g_2018.12.22.tif,200.0,True,67395930.0,64.27,False
2018-12-23,https://data.chc.ucsb.edu/products/CHIRPS-GEFS/v3/daily/global/2018/12/23/c3g_2018.12.23.tif,200.0,True,66206244.0,63.14,False
2018-12-24,https://data.chc.ucsb.edu/products/CHIRPS-GEFS/v3/daily/global/2018/12/24/c3g_2018.12.24.tif,200.0,True,62283016.0,59.4,False
2018-12-25,https://data.chc.ucsb.edu/products/CHIRPS-GEFS/v3/daily/global/2018/12/25/c3g_2018.12.25.tif,200.0,True,66200022.0,63.13,False
2018-12-26,https://data.chc.ucsb.edu/products/CHIRPS-GEFS/v3/daily/global/2018/12/26/c3g_2018.12.26.tif,200.0,True,66533126.0,63.45,False
2018-12-27,https://data.chc.ucsb.edu/products/CHIRPS-GEFS/v3/daily/global/2018/12/27/c3g_2018.12.27.tif,200.0,True,68209070.0,65.05,False
2018-12-28,https://data.chc.ucsb.edu/products/CHIRPS-GEFS/v3/daily/global/2018/12/28/c3g_2018.12.28.tif,200.0,True,75267140.0,71.78,False
2018-12-29,https://data.chc.ucsb.edu/products/CHIRPS-GEFS/v3/daily/global/2018/12/29/c3g_2018.12.29.tif,200.0,True,67800148.0,64.66,False
2018-12-30,https://data.chc.ucsb.edu/products/CHIRPS-GEFS/v3/daily/global/2018/12/30/c3g_2018.12.30.tif,200.0,True,64505844.0,61.52,False
2018-12-31,https://data.chc.ucsb.edu/products/CHIRPS-GEFS/v3/daily/global/2018/12/31/c3g_2018.12.31.tif,200.0,True,64555440.0,61.56,False
2019-01-01,https://data.chc.ucsb.edu/products/CHIRPS-GEFS/v3/daily/global/2019/01/01/c3g_2019.01.01.tif,200.0,True,64983416.0,61.97,False
2019-01-02,https://data.chc.ucsb.edu/products/CHIRPS-GEFS/v3/daily/global/2019/01/02/c3g_2019.01.02.tif,200.0,True,68016814.0,64.87,False
2019-01-03,https://data.chc.ucsb.edu/products/CHIRPS-GEFS/v3/daily/global/2019/01/03/c3g_2019.01.03.tif,200.0,True,75213982.0,71.73,False
2019-01-04,https://data.chc.ucsb.edu/products/CHIRPS-GEFS/v3/daily/global/2019/01/04/c3g_2019.01.04.tif,200.0,True,64804530.0,61.8,False
2019-01-05,https://data.chc.ucsb.edu/products/CHIRPS-GEFS/v3/daily/global/2019/01/05/c3g_2019.01.05.tif,200.0,True,65235750.0,62.21,False
2019-01-06,https://data.chc.ucsb.edu/products/CHIRPS-GEFS/v3/daily/global/2019/01/06/c3g_2019.01.06.tif,200.0,True,75260798.0,71.77,False
2019-01-07,https://data.chc.ucsb.edu/products/CHIRPS-GEFS/v3/daily/global/2019/01/07/c3g_2019.01.07.tif,200.0,True,69551154.0,66.33,False
2019-01-08,https://data.chc.ucsb.edu/products/CHIRPS-GEFS/v3/daily/global/2019/01/08/c3g_2019.01.08.tif,200.0,True,70799410.0,67.52,False
2019-01-09,https://data.chc.ucsb.edu/products/CHIRPS-GEFS/v3/daily/global/2019/01/09/c3g_2019.01.09.tif,200.0,True,69179684.0,65.97,False
2019-01-10,https://data.chc.ucsb.edu/products/CHIRPS-GEFS/v3/daily/global/2019/01/10/c3g_2019.01.10.tif,200.0,True,68940520.0,65.75,False
2019-01-11,https://data.chc.ucsb.edu/products/CHIRPS-GEFS/v3/daily/global/2019/01/11/c3g_2019.01.11.tif,200.0,True,68460690.0,65.29,False
2019-01-12,https://data.chc.ucsb.edu/products/CHIRPS-GEFS/v3/daily/global/2019/01/12/c3g_2019.01.12.tif,200.0,True,69028206.0,65.83,False
2019-01-13,https://data.chc.ucsb.edu/products/CHIRPS-GEFS/v3/daily/global/2019/01/13/c3g_2019.01.13.tif,200.0,True,69410570.0,66.2,False
2019-01-14,https://data.chc.ucsb.edu/products/CHIRPS-GEFS/v3/daily/global/2019/01/14/c3g_2019.01.14.tif,200.0,True,69398748.0,66.18,False
2019-01-15,https://data.chc.ucsb.edu/products/CHIRPS-GEFS/v3/daily/global/2019/01/15/c3g_2019.01.15.tif,200.0,True,69660802.0,66.43,False
2019-01-16,https://data.chc.ucsb.edu/products/CHIRPS-GEFS/v3/daily/global/2019/01/16/c3g_2019.01.16.tif,200.0,True,70887866.0,67.6,False
2019-01-17,https://data.chc.ucsb.edu/products/CHIRPS-GEFS/v3/daily/global/2019/01/17/c3g_2019.01.17.tif,200.0,True,70697358.0,67.42,False
2019-01-18,https://data.chc.ucsb.edu/products/CHIRPS-GEFS/v3/daily/global/2019/01/18/c3g_2019.01.18.tif,200.0,True,69852226.0,66.62,False
2019-01-19,https://data.chc.ucsb.edu/products/CHIRPS-GEFS/v3/daily/global/2019/01/19/c3g_2019.01.19.tif,200.0,True,76216530.0,72.69,False
2019-01-20,https://data.chc.ucsb.edu/products/CHIRPS-GEFS/v3/daily/global/2019/01/20/c3g_2019.01.20.tif,200.0,True,65896056.0,62.84,False
2019-01-21,https://data.chc.ucsb.edu/products/CHIRPS-GEFS/v3/daily/global/2019/01/21/c3g_2019.01.21.tif,200.0,True,76325716.0,72.79,False
2019-01-22,https://data.chc.ucsb.edu/products/CHIRPS-GEFS/v3/daily/global/2019/01/22/c3g_2019.01.22.tif,200.0,True,69304076.0,66.09,False
2019-01-23,https://data.chc.ucsb.edu/products/CHIRPS-GEFS/v3/daily/global/2019/01/23/c3g_2019.01.23.tif,200.0,True,77242146.0,73.66,False
2019-01-24,https://data.chc.ucsb.edu/products/CHIRPS-GEFS/v3/daily/global/2019/01/24/c3g_2019.01.24.tif,200.0,True,76693526.0,73.14,False
2019-01-25,https://data.chc.ucsb.edu/products/CHIRPS-GEFS/v3/daily/global/2019/01/25/c3g_2019.01.25.tif,200.0,True,66918852.0,63.82,False
2019-01-26,https://data.chc.ucsb.edu/products/CHIRPS-GEFS/v3/daily/global/2019/01/26/c3g_2019.01.26.tif,200.0,True,65814930.0,62.77,False
2019-01-27,https://data.chc.ucsb.edu/products/CHIRPS-GEFS/v3/daily/global/2019/01/27/c3g_2019.01.27.tif,200.0,True,65931374.0,62.88,False
2019-01-28,https://data.chc.ucsb.edu/products/CHIRPS-GEFS/v3/daily/global/2019/01/28/c3g_2019.01.28.tif,200.0,True,69625928.0,66.4,False
2019-01-29,https://data.chc.ucsb.edu/products/CHIRPS-GEFS/v3/daily/global/2019/01/29/c3g_2019.01.29.tif,200.0,True,69603948.0,66.38,False
2019-01-30,https://data.chc.ucsb.edu/products/CHIRPS-GEFS/v3/daily/global/2019/01/30/c3g_2019.01.30.tif,200.0,True,70139142.0,66.89,False
2019-01-31,https://data.chc.ucsb.edu/products/CHIRPS-GEFS/v3/daily/global/2019/01/31/c3g_2019.01.31.tif,200.0,True,69269356.0,66.06,False
2019-02-01,https://data.chc.ucsb.edu/products/CHIRPS-GEFS/v3/daily/global/2019/02/01/c3g_2019.02.01.tif,200.0,True,69161592.0,65.96,False
2019-02-02,https://data.chc.ucsb.edu/products/CHIRPS-GEFS/v3/daily/global/2019/02/02/c3g_2019.02.02.tif,200.0,True,66682246.0,63.59,False
2019-02-03,https://data.chc.ucsb.edu/products/CHIRPS-GEFS/v3/daily/global/2019/02/03/c3g_2019.02.03.tif,200.0,True,66658012.0,63.57,False
2019-02-04,https://data.chc.ucsb.edu/products/CHIRPS-GEFS/v3/daily/global/2019/02/04/c3g_2019.02.04.tif,200.0,True,68967002.0,65.77,False
2019-02-05,https://data.chc.ucsb.edu/products/CHIRPS-GEFS/v3/daily/global/2019/02/05/c3g_2019.02.05.tif,200.0,True,68684378.0,65.5,False
2019-02-06,https://data.chc.ucsb.edu/products/CHIRPS-GEFS/v3/daily/global/2019/02/06/c3g_2019.02.06.tif,200.0,True,69046454.0,65.85,False
2019-02-07,https://data.chc.ucsb.edu/products/CHIRPS-GEFS/v3/daily/global/2019/02/07/c3g_2019.02.07.tif,200.0,True,66287772.0,63.22,False
2019-02-08,https://data.chc.ucsb.edu/products/CHIRPS-GEFS/v3/daily/global/2019/02/08/c3g_2019.02.08.tif,200.0,True,65202242.0,62.18,False
2019-02-09,https://data.chc.ucsb.edu/products/CHIRPS-GEFS/v3/daily/global/2019/02/09/c3g_2019.02.09.tif,200.0,True,68638244.0,65.46,False
2019-02-10,https://data.chc.ucsb.edu/products/CHIRPS-GEFS/v3/daily/global/2019/02/10/c3g_2019.02.10.tif,200.0,True,66500900.0,63.42,False
2019-02-11,https://data.chc.ucsb.edu/products/CHIRPS-GEFS/v3/daily/global/2019/02/11/c3g_2019.02.11.tif,200.0,True,74937712.0,71.47,False
2019-02-12,https://data.chc.ucsb.edu/products/CHIRPS-GEFS/v3/daily/global/2019/02/12/c3g_2019.02.12.tif,200.0,True,63578226.0,60.63,False
2019-02-13,https://data.chc.ucsb.edu/products/CHIRPS-GEFS/v3/daily/global/2019/02/13/c3g_2019.02.13.tif,200.0,True,63471754.0,60.53,False
2019-02-14,https://data.chc.ucsb.edu/products/CHIRPS-GEFS/v3/daily/global/2019/02/14/c3g_2019.02.14.tif,200.0,True,64568516.0,61.58,False
2019-02-15,https://data.chc.ucsb.edu/products/CHIRPS-GEFS/v3/daily/global/2019/02/15/c3g_2019.02.15.tif,200.0,True,74293446.0,70.85,False
2019-02-16,https://data.chc.ucsb.edu/products/CHIRPS-GEFS/v3/daily/global/2019/02/16/c3g_2019.02.16.tif,200.0,True,68741808.0,65.56,False
2019-02-17,https://data.chc.ucsb.edu/products/CHIRPS-GEFS/v3/daily/global/2019/02/17/c3g_2019.02.17.tif,200.0,True,68515568.0,65.34,False
2019-02-18,https://data.chc.ucsb.edu/products/CHIRPS-GEFS/v3/daily/global/2019/02/18/c3g_2019.02.18.tif,200.0,True,67641584.0,64.51,False
2019-02-19,https://data.chc.ucsb.edu/products/CHIRPS-GEFS/v3/daily/global/2019/02/19/c3g_2019.02.19.tif,200.0,True,65741488.0,62.7,False
2019-02-20,https://data.chc.ucsb.edu/products/CHIRPS-GEFS/v3/daily/global/2019/02/20/c3g_2019.02.20.tif,200.0,True,65674712.0,62.63,False
2019-02-21,https://data.chc.ucsb.edu/products/CHIRPS-GEFS/v3/daily/global/2019/02/21/c3g_2019.02.21.tif,200.0,True,67508440.0,64.38,False
2019-02-22,https://data.chc.ucsb.edu/products/CHIRPS-GEFS/v3/daily/global/2019/02/22/c3g_2019.02.22.tif,200.0,True,67787896.0,64.65,False
2019-02-23,https://data.chc.ucsb.edu/products/CHIRPS-GEFS/v3/daily/global/2019/02/23/c3g_2019.02.23.tif,200.0,True,67491906.0,64.37,False
2019-02-24,https://data.chc.ucsb.edu/products/CHIRPS-GEFS/v3/daily/global/2019/02/24/c3g_2019.02.24.tif,200.0,True,74807618.0,71.34,False
2019-02-25,https://data.chc.ucsb.edu/products/CHIRPS-GEFS/v3/daily/global/2019/02/25/c3g_2019.02.25.tif,200.0,True,74055550.0,70.62,False
2019-02-26,https://data.chc.ucsb.edu/products/CHIRPS-GEFS/v3/daily/global/2019/02/26/c3g_2019.02.26.tif,200.0,True,66987290.0,63.88,False
2019-02-27,https://data.chc.ucsb.edu/products/CHIRPS-GEFS/v3/daily/global/2019/02/27/c3g_2019.02.27.tif,200.0,True,65000254.0,61.99,False
2019-02-28,https://data.chc.ucsb.edu/products/CHIRPS-GEFS/v3/daily/global/2019/02/28/c3g_2019.02.28.tif,200.0,True,66291012.0,63.22,False
2019-03-01,https://data.chc.ucsb.edu/products/CHIRPS-GEFS/v3/daily/global/2019/03/01/c3g_2019.03.01.tif,200.0,True,65835980.0,62.79,False
2019-03-02,https://data.chc.ucsb.edu/products/CHIRPS-GEFS/v3/daily/global/2019/03/02/c3g_2019.03.02.tif,200.0,True,69190370.0,65.99,False
2019-03-03,https://data.chc.ucsb.edu/products/CHIRPS-GEFS/v3/daily/global/2019/03/03/c3g_2019.03.03.tif,200.0,True,66857436.0,63.76,False
2019-03-04,https://data.chc.ucsb.edu/products/CHIRPS-GEFS/v3/daily/global/2019/03/04/c3g_2019.03.04.tif,200.0,True,68465208.0,65.29,False
2019-03-05,https://data.chc.ucsb.edu/products/CHIRPS-GEFS/v3/daily/global/2019/03/05/c3g_2019.03.05.tif,200.0,True,74194508.0,70.76,False
2019-03-06,https://data.chc.ucsb.edu/products/CHIRPS-GEFS/v3/daily/global/2019/03/06/c3g_2019.03.06.tif,200.0,True,66415606.0,63.34,False
2019-03-07,https://data.chc.ucsb.edu/products/CHIRPS-GEFS/v3/daily/global/2019/03/07/c3g_2019.03.07.tif,200.0,True,74153712.0,70.72,False
2019-03-08,https://data.chc.ucsb.edu/products/CHIRPS-GEFS/v3/daily/global/2019/03/08/c3g_2019.03.08.tif,200.0,True,69035072.0,65.84,False
2019-03-09,https://data.chc.ucsb.edu/products/CHIRPS-GEFS/v3/daily/global/2019/03/09/c3g_2019.03.09.tif,200.0,True,74449842.0,71.0,False
2019-03-10,https://data.chc.ucsb.edu/products/CHIRPS-GEFS/v3/daily/global/2019/03/10/c3g_2019.03.10.tif,200.0,True,73293988.0,69.9,False
2019-03-11,https://data.chc.ucsb.edu/products/CHIRPS-GEFS/v3/daily/global/2019/03/11/c3g_2019.03.11.tif,200.0,True,67072624.0,63.97,False
2019-03-12,https://data.chc.ucsb.edu/products/CHIRPS-GEFS/v3/daily/global/2019/03/12/c3g_2019.03.12.tif,200.0,True,68386174.0,65.22,False
2019-03-13,https://data.chc.ucsb.edu/products/CHIRPS-GEFS/v3/daily/global/2019/03/13/c3g_2019.03.13.tif,200.0,True,69011868.0,65.81,False
2019-03-14,https://data.chc.ucsb.edu/products/CHIRPS-GEFS/v3/daily/global/2019/03/14/c3g_2019.03.14.tif,200.0,True,65828080.0,62.78,False
2019-03-15,https://data.chc.ucsb.edu/products/CHIRPS-GEFS/v3/daily/global/2019/03/15/c3g_2019.03.15.tif,200.0,True,68490034.0,65.32,False
2019-03-16,https://data.chc.ucsb.edu/products/CHIRPS-GEFS/v3/daily/global/2019/03/16/c3g_2019.03.16.tif,200.0,True,65054634.0,62.04,False
2019-03-17,https://data.chc.ucsb.edu/products/CHIRPS-GEFS/v3/daily/global/2019/03/17/c3g_2019.03.17.tif,200.0,True,65871610.0,62.82,False
2019-03-18,https://data.chc.ucsb.edu/products/CHIRPS-GEFS/v3/daily/global/2019/03/18/c3g_2019.03.18.tif,200.0,True,68438042.0,65.27,False
2019-03-19,https://data.chc.ucsb.edu/products/CHIRPS-GEFS/v3/daily/global/2019/03/19/c3g_2019.03.19.tif,200.0,True,68841928.0,65.65,False
2019-03-20,https://data.chc.ucsb.edu/products/CHIRPS-GEFS/v3/daily/global/2019/03/20/c3g_2019.03.20.tif,200.0,True,75651516.0,72.15,False
2019-03-21,https://data.chc.ucsb.edu/products/CHIRPS-GEFS/v3/daily/global/2019/03/21/c3g_2019.03.21.tif,200.0,True,67776496.0,64.64,False
2019-03-22,https://data.chc.ucsb.edu/products/CHIRPS-GEFS/v3/daily/global/2019/03/22/c3g_2019.03.22.tif,200.0,True,74979224.0,71.51,False
2019-03-23,https://data.chc.ucsb.edu/products/CHIRPS-GEFS/v3/daily/global/2019/03/23/c3g_2019.03.23.tif,200.0,True,75669350.0,72.16,False
2019-03-24,https://data.chc.ucsb.edu/products/CHIRPS-GEFS/v3/daily/global/2019/03/24/c3g_2019.03.24.tif,200.0,True,67943906.0,64.8,False
2019-03-25,https://data.chc.ucsb.edu/products/CHIRPS-GEFS/v3/daily/global/2019/03/25/c3g_2019.03.25.tif,200.0,True,75028868.0,71.55,False
2019-03-26,https://data.chc.ucsb.edu/products/CHIRPS-GEFS/v3/daily/global/2019/03/26/c3g_2019.03.26.tif,200.0,True,74437812.0,70.99,False
2019-03-27,https://data.chc.ucsb.edu/products/CHIRPS-GEFS/v3/daily/global/2019/03/27/c3g_2019.03.27.tif,200.0,True,65779740.0,62.73,False
2019-03-28,https://data.chc.ucsb.edu/products/CHIRPS-GEFS/v3/daily/global/2019/03/28/c3g_2019.03.28.tif,200.0,True,75644972.0,72.14,False
2019-03-29,https://data.chc.ucsb.edu/products/CHIRPS-GEFS/v3/daily/global/2019/03/29/c3g_2019.03.29.tif,200.0,True,75330398.0,71.84,False
2019-03-30,https://data.chc.ucsb.edu/products/CHIRPS-GEFS/v3/daily/global/2019/03/30/c3g_2019.03.30.tif,200.0,True,75836520.0,72.32,False
2019-03-31,https://data.chc.ucsb.edu/products/CHIRPS-GEFS/v3/daily/global/2019/03/31/c3g_2019.03.31.tif,200.0,True,68798544.0,65.61,False
2019-04-01,https://data.chc.ucsb.edu/products/CHIRPS-GEFS/v3/daily/global/2019/04/01/c3g_2019.04.01.tif,200.0,True,65633200.0,62.59,False
2019-04-02,https://data.chc.ucsb.edu/products/CHIRPS-GEFS/v3/daily/global/2019/04/02/c3g_2019.04.02.tif,200.0,True,76472322.0,72.93,False
2019-04-03,https://data.chc.ucsb.edu/products/CHIRPS-GEFS/v3/daily/global/2019/04/03/c3g_2019.04.03.tif,200.0,True,70677134.0,67.4,False
2019-04-04,https://data.chc.ucsb.edu/products/CHIRPS-GEFS/v3/daily/global/2019/04/04/c3g_2019.04.04.tif,200.0,True,68954520.0,65.76,False
2019-04-05,https://data.chc.ucsb.edu/products/CHIRPS-GEFS/v3/daily/global/2019/04/05/c3g_2019.04.05.tif,200.0,True,70539454.0,67.27,False
2019-04-06,https://data.chc.ucsb.edu/products/CHIRPS-GEFS/v3/daily/global/2019/04/06/c3g_2019.04.06.tif,200.0,True,68496310.0,65.32,False
2019-04-07,https://data.chc.ucsb.edu/products/CHIRPS-GEFS/v3/daily/global/2019/04/07/c3g_2019.04.07.tif,200.0,True,76116668.0,72.59,False
2019-04-08,https://data.chc.ucsb.edu/products/CHIRPS-GEFS/v3/daily/global/2019/04/08/c3g_2019.04.08.tif,200.0,True,69525414.0,66.3,False
2019-04-09,https://data.chc.ucsb.edu/products/CHIRPS-GEFS/v3/daily/global/2019/04/09/c3g_2019.04.09.tif,200.0,True,76016628.0,72.5,False
2019-04-10,https://data.chc.ucsb.edu/products/CHIRPS-GEFS/v3/daily/global/2019/04/10/c3g_2019.04.10.tif,200.0,True,70506510.0,67.24,False
2019-04-11,https://data.chc.ucsb.edu/products/CHIRPS-GEFS/v3/daily/global/2019/04/11/c3g_2019.04.11.tif,200.0,True,76522934.0,72.98,False
2019-04-12,https://data.chc.ucsb.edu/products/CHIRPS-GEFS/v3/daily/global/2019/04/12/c3g_2019.04.12.tif,200.0,True,70157020.0,66.91,False
2019-04-13,https://data.chc.ucsb.edu/products/CHIRPS-GEFS/v3/daily/global/2019/04/13/c3g_2019.04.13.tif,200.0,True,71030218.0,67.74,False
2019-04-14,https://data.chc.ucsb.edu/products/CHIRPS-GEFS/v3/daily/global/2019/04/14/c3g_2019.04.14.tif,200.0,True,71556314.0,68.24,False
2019-04-15,https://data.chc.ucsb.edu/products/CHIRPS-GEFS/v3/daily/global/2019/04/15/c3g_2019.04.15.tif,200.0,True,70261298.0,67.01,False
2019-04-16,https://data.chc.ucsb.edu/products/CHIRPS-GEFS/v3/daily/global/2019/04/16/c3g_2019.04.16.tif,200.0,True,70452682.0,67.19,False
2019-04-17,https://data.chc.ucsb.edu/products/CHIRPS-GEFS/v3/daily/global/2019/04/17/c3g_2019.04.17.tif,200.0,True,68870490.0,65.68,False
2019-04-18,https://data.chc.ucsb.edu/products/CHIRPS-GEFS/v3/daily/global/2019/04/18/c3g_2019.04.18.tif,200.0,True,67761506.0,64.62,False
2019-04-19,https://data.chc.ucsb.edu/products/CHIRPS-GEFS/v3/daily/global/2019/04/19/c3g_2019.04.19.tif,200.0,True,70354406.0,67.1,False
2019-04-20,https://data.chc.ucsb.edu/products/CHIRPS-GEFS/v3/daily/global/2019/04/20/c3g_2019.04.20.tif,200.0,True,75791874.0,72.28,False
2019-04-21,https://data.chc.ucsb.edu/products/CHIRPS-GEFS/v3/daily/global/2019/04/21/c3g_2019.04.21.tif,200.0,True,70016414.0,66.77,False
2019-04-22,https://data.chc.ucsb.edu/products/CHIRPS-GEFS/v3/daily/global/2019/04/22/c3g_2019.04.22.tif,200.0,True,70036776.0,66.79,False
2019-04-23,https://data.chc.ucsb.edu/products/CHIRPS-GEFS/v3/daily/global/2019/04/23/c3g_2019.04.23.tif,200.0,True,67186454.0,64.07,False
2019-04-24,https://data.chc.ucsb.edu/products/CHIRPS-GEFS/v3/daily/global/2019/04/24/c3g_2019.04.24.tif,200.0,True,69723428.0,66.49,False
2019-04-25,https://data.chc.ucsb.edu/products/CHIRPS-GEFS/v3/daily/global/2019/04/25/c3g_2019.04.25.tif,200.0,True,65958922.0,62.9,False
2019-04-26,https://data.chc.ucsb.edu/products/CHIRPS-GEFS/v3/daily/global/2019/04/26/c3g_2019.04.26.tif,200.0,True,65820082.0,62.77,False
2019-04-27,https://data.chc.ucsb.edu/products/CHIRPS-GEFS/v3/daily/global/2019/04/27/c3g_2019.04.27.tif,200.0,True,65925482.0,62.87,False
2019-04-28,https://data.chc.ucsb.edu/products/CHIRPS-GEFS/v3/daily/global/2019/04/28/c3g_2019.04.28.tif,200.0,True,66029488.0,62.97,False
2019-04-29,https://data.chc.ucsb.edu/products/CHIRPS-GEFS/v3/daily/global/2019/04/29/c3g_2019.04.29.tif,200.0,True,65963406.0,62.91,False
2019-04-30,https://data.chc.ucsb.edu/products/CHIRPS-GEFS/v3/daily/global/2019/04/30/c3g_2019.04.30.tif,200.0,True,66388968.0,63.31,False
2019-05-01,https://data.chc.ucsb.edu/products/CHIRPS-GEFS/v3/daily/global/2019/05/01/c3g_2019.05.01.tif,200.0,True,76067412.0,72.54,False
2019-05-02,https://data.chc.ucsb.edu/products/CHIRPS-GEFS/v3/daily/global/2019/05/02/c3g_2019.05.02.tif,200.0,True,69381814.0,66.17,False
2019-05-03,https://data.chc.ucsb.edu/products/CHIRPS-GEFS/v3/daily/global/2019/05/03/c3g_2019.05.03.tif,200.0,True,70052004.0,66.81,False
2019-05-04,https://data.chc.ucsb.edu/products/CHIRPS-GEFS/v3/daily/global/2019/05/04/c3g_2019.05.04.tif,200.0,True,69662524.0,66.44,False
2019-05-05,https://data.chc.ucsb.edu/products/CHIRPS-GEFS/v3/daily/global/2019/05/05/c3g_2019.05.05.tif,200.0,True,69046204.0,65.85,False
2019-05-06,https://data.chc.ucsb.edu/products/CHIRPS-GEFS/v3/daily/global/2019/05/06/c3g_2019.05.06.tif,200.0,True,75386756.0,71.89,False
2019-05-07,https://data.chc.ucsb.edu/products/CHIRPS-GEFS/v3/daily/global/2019/05/07/c3g_2019.05.07.tif,200.0,True,69700212.0,66.47,False
2019-05-08,https://data.chc.ucsb.edu/products/CHIRPS-GEFS/v3/daily/global/2019/05/08/c3g_2019.05.08.tif,200.0,True,69834508.0,66.6,False
2019-05-09,https://data.chc.ucsb.edu/products/CHIRPS-GEFS/v3/daily/global/2019/05/09/c3g_2019.05.09.tif,200.0,True,76657912.0,73.11,False
2019-05-10,https://data.chc.ucsb.edu/products/CHIRPS-GEFS/v3/daily/global/2019/05/10/c3g_2019.05.10.tif,200.0,True,66597854.0,63.51,False
2019-05-11,https://data.chc.ucsb.edu/products/CHIRPS-GEFS/v3/daily/global/2019/05/11/c3g_2019.05.11.tif,200.0,True,76044078.0,72.52,False
2019-05-12,https://data.chc.ucsb.edu/products/CHIRPS-GEFS/v3/daily/global/2019/05/12/c3g_2019.05.12.tif,200.0,True,69103924.0,65.9,False
2019-05-13,https://data.chc.ucsb.edu/products/CHIRPS-GEFS/v3/daily/global/2019/05/13/c3g_2019.05.13.tif,200.0,True,66319154.0,63.25,False
2019-05-14,https://data.chc.ucsb.edu/products/CHIRPS-GEFS/v3/daily/global/2019/05/14/c3g_2019.05.14.tif,200.0,True,69247226.0,66.04,False
2019-05-15,https://data.chc.ucsb.edu/products/CHIRPS-GEFS/v3/daily/global/2019/05/15/c3g_2019.05.15.tif,200.0,True,77097812.0,73.53,False
2019-05-16,https://data.chc.ucsb.edu/products/CHIRPS-GEFS/v3/daily/global/2019/05/16/c3g_2019.05.16.tif,200.0,True,68291726.0,65.13,False
2019-05-17,https://data.chc.ucsb.edu/products/CHIRPS-GEFS/v3/daily/global/2019/05/17/c3g_2019.05.17.tif,200.0,True,71264486.0,67.96,False
2019-05-18,https://data.chc.ucsb.edu/products/CHIRPS-GEFS/v3/daily/global/2019/05/18/c3g_2019.05.18.tif,200.0,True,77649784.0,74.05,False
2019-05-19,https://data.chc.ucsb.edu/products/CHIRPS-GEFS/v3/daily/global/2019/05/19/c3g_2019.05.19.tif,200.0,True,69655000.0,66.43,False
2019-05-20,https://data.chc.ucsb.edu/products/CHIRPS-GEFS/v3/daily/global/2019/05/20/c3g_2019.05.20.tif,200.0,True,71451662.0,68.14,False
2019-05-21,https://data.chc.ucsb.edu/products/CHIRPS-GEFS/v3/daily/global/2019/05/21/c3g_2019.05.21.tif,200.0,True,70860874.0,67.58,False
2019-05-22,https://data.chc.ucsb.edu/products/CHIRPS-GEFS/v3/daily/global/2019/05/22/c3g_2019.05.22.tif,200.0,True,70362600.0,67.1,False
2019-05-23,https://data.chc.ucsb.edu/products/CHIRPS-GEFS/v3/daily/global/2019/05/23/c3g_2019.05.23.tif,200.0,True,68322888.0,65.16,False
2019-05-24,https://data.chc.ucsb.edu/products/CHIRPS-GEFS/v3/daily/global/2019/05/24/c3g_2019.05.24.tif,200.0,True,70693710.0,67.42,False
2019-05-25,https://data.chc.ucsb.edu/products/CHIRPS-GEFS/v3/daily/global/2019/05/25/c3g_2019.05.25.tif,200.0,True,70491702.0,67.23,False
2019-05-26,https://data.chc.ucsb.edu/products/CHIRPS-GEFS/v3/daily/global/2019/05/26/c3g_2019.05.26.tif,200.0,True,66380326.0,63.31,False
2019-05-27,https://data.chc.ucsb.edu/products/CHIRPS-GEFS/v3/daily/global/2019/05/27/c3g_2019.05.27.tif,200.0,True,70472322.0,67.21,False
2019-05-28,https://data.chc.ucsb.edu/products/CHIRPS-GEFS/v3/daily/global/2019/05/28/c3g_2019.05.28.tif,200.0,True,70806030.0,67.53,False
2019-05-29,https://data.chc.ucsb.edu/products/CHIRPS-GEFS/v3/daily/global/2019/05/29/c3g_2019.05.29.tif,200.0,True,70948370.0,67.66,False
2019-05-30,https://data.chc.ucsb.edu/products/CHIRPS-GEFS/v3/daily/global/2019/05/30/c3g_2019.05.30.tif,200.0,True,70656020.0,67.38,False
2019-05-31,https://data.chc.ucsb.edu/products/CHIRPS-GEFS/v3/daily/global/2019/05/31/c3g_2019.05.31.tif,200.0,True,70328562.0,67.07,False
2019-06-01,https://data.chc.ucsb.edu/products/CHIRPS-GEFS/v3/daily/global/2019/06/01/c3g_2019.06.01.tif,200.0,True,70852554.0,67.57,False
2019-06-02,https://data.chc.ucsb.edu/products/CHIRPS-GEFS/v3/daily/global/2019/06/02/c3g_2019.06.02.tif,200.0,True,70778988.0,67.5,False
2019-06-03,https://data.chc.ucsb.edu/products/CHIRPS-GEFS/v3/daily/global/2019/06/03/c3g_2019.06.03.tif,200.0,True,69804634.0,66.57,False
2019-06-04,https://data.chc.ucsb.edu/products/CHIRPS-GEFS/v3/daily/global/2019/06/04/c3g_2019.06.04.tif,200.0,True,69211158.0,66.0,False
2019-06-05,https://data.chc.ucsb.edu/products/CHIRPS-GEFS/v3/daily/global/2019/06/05/c3g_2019.06.05.tif,200.0,True,66977008.0,63.87,False
2019-06-06,https://data.chc.ucsb.edu/products/CHIRPS-GEFS/v3/daily/global/2019/06/06/c3g_2019.06.06.tif,200.0,True,69312530.0,66.1,False
2019-06-07,https://data.chc.ucsb.edu/products/CHIRPS-GEFS/v3/daily/global/2019/06/07/c3g_2019.06.07.tif,200.0,True,68266790.0,65.1,False
2019-06-08,https://data.chc.ucsb.edu/products/CHIRPS-GEFS/v3/daily/global/2019/06/08/c3g_2019.06.08.tif,200.0,True,71150936.0,67.85,False
2019-06-09,https://data.chc.ucsb.edu/products/CHIRPS-GEFS/v3/daily/global/2019/06/09/c3g_2019.06.09.tif,200.0,True,68128724.0,64.97,False
2019-06-10,https://data.chc.ucsb.edu/products/CHIRPS-GEFS/v3/daily/global/2019/06/10/c3g_2019.06.10.tif,200.0,True,66993912.0,63.89,False
2019-06-11,https://data.chc.ucsb.edu/products/CHIRPS-GEFS/v3/daily/global/2019/06/11/c3g_2019.06.11.tif,200.0,True,75983360.0,72.46,False
2019-06-12,https://data.chc.ucsb.edu/products/CHIRPS-GEFS/v3/daily/global/2019/06/12/c3g_2019.06.12.tif,200.0,True,67456668.0,64.33,False
2019-06-13,https://data.chc.ucsb.edu/products/CHIRPS-GEFS/v3/daily/global/2019/06/13/c3g_2019.06.13.tif,200.0,True,75768868.0,72.26,False
2019-06-14,https://data.chc.ucsb.edu/products/CHIRPS-GEFS/v3/daily/global/2019/06/14/c3g_2019.06.14.tif,200.0,True,75919550.0,72.4,False
2019-06-15,https://data.chc.ucsb.edu/products/CHIRPS-GEFS/v3/daily/global/2019/06/15/c3g_2019.06.15.tif,200.0,True,69578910.0,66.36,False
2019-06-16,https://data.chc.ucsb.edu/products/CHIRPS-GEFS/v3/daily/global/2019/06/16/c3g_2019.06.16.tif,200.0,True,68880508.0,65.69,False
2019-06-17,https://data.chc.ucsb.edu/products/CHIRPS-GEFS/v3/daily/global/2019/06/17/c3g_2019.06.17.tif,200.0,True,69156980.0,65.95,False
2019-06-18,https://data.chc.ucsb.edu/products/CHIRPS-GEFS/v3/daily/global/2019/06/18/c3g_2019.06.18.tif,200.0,True,68992484.0,65.8,False
2019-06-19,https://data.chc.ucsb.edu/products/CHIRPS-GEFS/v3/daily/global/2019/06/19/c3g_2019.06.19.tif,200.0,True,69174036.0,65.97,False
2019-06-20,https://data.chc.ucsb.edu/products/CHIRPS-GEFS/v3/daily/global/2019/06/20/c3g_2019.06.20.tif,200.0,True,69624090.0,66.4,False
2019-06-21,https://data.chc.ucsb.edu/products/CHIRPS-GEFS/v3/daily/global/2019/06/21/c3g_2019.06.21.tif,200.0,True,67258536.0,64.14,False
2019-06-22,https://data.chc.ucsb.edu/products/CHIRPS-GEFS/v3/daily/global/2019/06/22/c3g_2019.06.22.tif,200.0,True,70713452.0,67.44,False
2019-06-23,https://data.chc.ucsb.edu/products/CHIRPS-GEFS/v3/daily/global/2019/06/23/c3g_2019.06.23.tif,200.0,True,67367528.0,64.25,False
2019-06-24,https://data.chc.ucsb.edu/products/CHIRPS-GEFS/v3/daily/global/2019/06/24/c3g_2019.06.24.tif,200.0,True,69863784.0,66.63,False
2019-06-25,https://data.chc.ucsb.edu/products/CHIRPS-GEFS/v3/daily/global/2019/06/25/c3g_2019.06.25.tif,200.0,True,70698746.0,67.42,False
2019-06-26,https://data.chc.ucsb.edu/products/CHIRPS-GEFS/v3/daily/global/2019/06/26/c3g_2019.06.26.tif,200.0,True,71235704.0,67.94,False
2019-06-27,https://data.chc.ucsb.edu/products/CHIRPS-GEFS/v3/daily/global/2019/06/27/c3g_2019.06.27.tif,200.0,True,71707492.0,68.39,False
2019-06-28,https://data.chc.ucsb.edu/products/CHIRPS-GEFS/v3/daily/global/2019/06/28/c3g_2019.06.28.tif,200.0,True,69196800.0,65.99,False
2019-06-29,https://data.chc.ucsb.edu/products/CHIRPS-GEFS/v3/daily/global/2019/06/29/c3g_2019.06.29.tif,200.0,True,67101172.0,63.99,False
2019-06-30,https://data.chc.ucsb.edu/products/CHIRPS-GEFS/v3/daily/global/2019/06/30/c3g_2019.06.30.tif,200.0,True,76442934.0,72.9,False
2019-07-01,https://data.chc.ucsb.edu/products/CHIRPS-GEFS/v3/daily/global/2019/07/01/c3g_2019.07.01.tif,200.0,True,67549994.0,64.42,False
2019-07-02,https://data.chc.ucsb.edu/products/CHIRPS-GEFS/v3/daily/global/2019/07/02/c3g_2019.07.02.tif,200.0,True,72303748.0,68.95,False
2019-07-03,https://data.chc.ucsb.edu/products/CHIRPS-GEFS/v3/daily/global/2019/07/03/c3g_2019.07.03.tif,200.0,True,77264544.0,73.69,False
2019-07-04,https://data.chc.ucsb.edu/products/CHIRPS-GEFS/v3/daily/global/2019/07/04/c3g_2019.07.04.tif,200.0,True,70600050.0,67.33,False
2019-07-05,https://data.chc.ucsb.edu/products/CHIRPS-GEFS/v3/daily/global/2019/07/05/c3g_2019.07.05.tif,200.0,True,70127954.0,66.88,False
2019-07-06,https://data.chc.ucsb.edu/products/CHIRPS-GEFS/v3/daily/global/2019/07/06/c3g_2019.07.06.tif,200.0,True,70428024.0,67.17,False
2019-07-07,https://data.chc.ucsb.edu/products/CHIRPS-GEFS/v3/daily/global/2019/07/07/c3g_2019.07.07.tif,200.0,True,70811852.0,67.53,False
2019-07-08,https://data.chc.ucsb.edu/products/CHIRPS-GEFS/v3/daily/global/2019/07/08/c3g_2019.07.08.tif,200.0,True,70311238.0,67.05,False
2019-07-09,https://data.chc.ucsb.edu/products/CHIRPS-GEFS/v3/daily/global/2019/07/09/c3g_2019.07.09.tif,200.0,True,67180872.0,64.07,False
2019-07-10,https://data.chc.ucsb.edu/products/CHIRPS-GEFS/v3/daily/global/2019/07/10/c3g_2019.07.10.tif,200.0,True,70268246.0,67.01,False
2019-07-11,https://data.chc.ucsb.edu/products/CHIRPS-GEFS/v3/daily/global/2019/07/11/c3g_2019.07.11.tif,200.0,True,77320280.0,73.74,False
2019-07-12,https://data.chc.ucsb.edu/products/CHIRPS-GEFS/v3/daily/global/2019/07/12/c3g_2019.07.12.tif,200.0,True,71824936.0,68.5,False
2019-07-13,https://data.chc.ucsb.edu/products/CHIRPS-GEFS/v3/daily/global/2019/07/13/c3g_2019.07.13.tif,200.0,True,73648130.0,70.24,False
2019-07-14,https://data.chc.ucsb.edu/products/CHIRPS-GEFS/v3/daily/global/2019/07/14/c3g_2019.07.14.tif,200.0,True,71611158.0,68.29,False
2019-07-15,https://data.chc.ucsb.edu/products/CHIRPS-GEFS/v3/daily/global/2019/07/15/c3g_2019.07.15.tif,200.0,True,67940570.0,64.79,False
2019-07-16,https://data.chc.ucsb.edu/products/CHIRPS-GEFS/v3/daily/global/2019/07/16/c3g_2019.07.16.tif,200.0,True,70230306.0,66.98,False
2019-07-17,https://data.chc.ucsb.edu/products/CHIRPS-GEFS/v3/daily/global/2019/07/17/c3g_2019.07.17.tif,200.0,True,68124482.0,64.97,False
2019-07-18,https://data.chc.ucsb.edu/products/CHIRPS-GEFS/v3/daily/global/2019/07/18/c3g_2019.07.18.tif,200.0,True,77696314.0,74.1,False
2019-07-19,https://data.chc.ucsb.edu/products/CHIRPS-GEFS/v3/daily/global/2019/07/19/c3g_2019.07.19.tif,200.0,True,71218732.0,67.92,False
2019-07-20,https://data.chc.ucsb.edu/products/CHIRPS-GEFS/v3/daily/global/2019/07/20/c3g_2019.07.20.tif,200.0,True,71130344.0,67.84,False
2019-07-21,https://data.chc.ucsb.edu/products/CHIRPS-GEFS/v3/daily/global/2019/07/21/c3g_2019.07.21.tif,200.0,True,77335724.0,73.75,False
2019-07-22,https://data.chc.ucsb.edu/products/CHIRPS-GEFS/v3/daily/global/2019/07/22/c3g_2019.07.22.tif,200.0,True,71408260.0,68.1,False
2019-07-23,https://data.chc.ucsb.edu/products/CHIRPS-GEFS/v3/daily/global/2019/07/23/c3g_2019.07.23.tif,200.0,True,68990664.0,65.79,False
2019-07-24,https://data.chc.ucsb.edu/products/CHIRPS-GEFS/v3/daily/global/2019/07/24/c3g_2019.07.24.tif,200.0,True,68551776.0,65.38,False
2019-07-25,https://data.chc.ucsb.edu/products/CHIRPS-GEFS/v3/daily/global/2019/07/25/c3g_2019.07.25.tif,200.0,True,70136762.0,66.89,False
2019-07-26,https://data.chc.ucsb.edu/products/CHIRPS-GEFS/v3/daily/global/2019/07/26/c3g_2019.07.26.tif,200.0,True,69493422.0,66.27,False
2019-07-27,https://data.chc.ucsb.edu/products/CHIRPS-GEFS/v3/daily/global/2019/07/27/c3g_2019.07.27.tif,200.0,True,69921826.0,66.68,False
2019-07-28,https://data.chc.ucsb.edu/products/CHIRPS-GEFS/v3/daily/global/2019/07/28/c3g_2019.07.28.tif,200.0,True,67051308.0,63.95,False
2019-07-29,https://data.chc.ucsb.edu/products/CHIRPS-GEFS/v3/daily/global/2019/07/29/c3g_2019.07.29.tif,200.0,True,67224106.0,64.11,False
2019-07-30,https://data.chc.ucsb.edu/products/CHIRPS-GEFS/v3/daily/global/2019/07/30/c3g_2019.07.30.tif,200.0,True,68145890.0,64.99,False
2019-07-31,https://data.chc.ucsb.edu/products/CHIRPS-GEFS/v3/daily/global/2019/07/31/c3g_2019.07.31.tif,200.0,True,77248182.0,73.67,False
2019-08-01,https://data.chc.ucsb.edu/products/CHIRPS-GEFS/v3/daily/global/2019/08/01/c3g_2019.08.01.tif,200.0,True,68096534.0,64.94,False
2019-08-02,https://data.chc.ucsb.edu/products/CHIRPS-GEFS/v3/daily/global/2019/08/02/c3g_2019.08.02.tif,200.0,True,70783284.0,67.5,False
2019-08-03,https://data.chc.ucsb.edu/products/CHIRPS-GEFS/v3/daily/global/2019/08/03/c3g_2019.08.03.tif,200.0,True,70744782.0,67.47,False
2019-08-04,https://data.chc.ucsb.edu/products/CHIRPS-GEFS/v3/daily/global/2019/08/04/c3g_2019.08.04.tif,200.0,True,77147616.0,73.57,False
2019-08-05,https://data.chc.ucsb.edu/products/CHIRPS-GEFS/v3/daily/global/2019/08/05/c3g_2019.08.05.tif,200.0,True,67466566.0,64.34,False
2019-08-06,https://data.chc.ucsb.edu/products/CHIRPS-GEFS/v3/daily/global/2019/08/06/c3g_2019.08.06.tif,200.0,True,68675374.0,65.49,False
2019-08-07,https://data.chc.ucsb.edu/products/CHIRPS-GEFS/v3/daily/global/2019/08/07/c3g_2019.08.07.tif,200.0,True,77490194.0,73.9,False
2019-08-08,https://data.chc.ucsb.edu/products/CHIRPS-GEFS/v3/daily/global/2019/08/08/c3g_2019.08.08.tif,200.0,True,70924422.0,67.64,False
2019-08-09,https://data.chc.ucsb.edu/products/CHIRPS-GEFS/v3/daily/global/2019/08/09/c3g_2019.08.09.tif,200.0,True,70779006.0,67.5,False
2019-08-10,https://data.chc.ucsb.edu/products/CHIRPS-GEFS/v3/daily/global/2019/08/10/c3g_2019.08.10.tif,200.0,True,70350672.0,67.09,False
2019-08-11,https://data.chc.ucsb.edu/products/CHIRPS-GEFS/v3/daily/global/2019/08/11/c3g_2019.08.11.tif,200.0,True,70416238.0,67.15,False
2019-08-12,https://data.chc.ucsb.edu/products/CHIRPS-GEFS/v3/daily/global/2019/08/12/c3g_2019.08.12.tif,200.0,True,76290008.0,72.76,False
2019-08-13,https://data.chc.ucsb.edu/products/CHIRPS-GEFS/v3/daily/global/2019/08/13/c3g_2019.08.13.tif,200.0,True,69673798.0,66.45,False
2019-08-14,https://data.chc.ucsb.edu/products/CHIRPS-GEFS/v3/daily/global/2019/08/14/c3g_2019.08.14.tif,200.0,True,69987376.0,66.75,False
2019-08-15,https://data.chc.ucsb.edu/products/CHIRPS-GEFS/v3/daily/global/2019/08/15/c3g_2019.08.15.tif,200.0,True,67362246.0,64.24,False
2019-08-16,https://data.chc.ucsb.edu/products/CHIRPS-GEFS/v3/daily/global/2019/08/16/c3g_2019.08.16.tif,200.0,True,70219300.0,66.97,False
2019-08-17,https://data.chc.ucsb.edu/products/CHIRPS-GEFS/v3/daily/global/2019/08/17/c3g_2019.08.17.tif,200.0,True,68822028.0,65.63,False
2019-08-18,https://data.chc.ucsb.edu/products/CHIRPS-GEFS/v3/daily/global/2019/08/18/c3g_2019.08.18.tif,200.0,True,69578644.0,66.36,False
2019-08-19,https://data.chc.ucsb.edu/products/CHIRPS-GEFS/v3/daily/global/2019/08/19/c3g_2019.08.19.tif,200.0,True,77417608.0,73.83,False
2019-08-20,https://data.chc.ucsb.edu/products/CHIRPS-GEFS/v3/daily/global/2019/08/20/c3g_2019.08.20.tif,200.0,True,69769964.0,66.54,False
2019-08-21,https://data.chc.ucsb.edu/products/CHIRPS-GEFS/v3/daily/global/2019/08/21/c3g_2019.08.21.tif,200.0,True,70098938.0,66.85,False
2019-08-22,https://data.chc.ucsb.edu/products/CHIRPS-GEFS/v3/daily/global/2019/08/22/c3g_2019.08.22.tif,200.0,True,77498612.0,73.91,False
2019-08-23,https://data.chc.ucsb.edu/products/CHIRPS-GEFS/v3/daily/global/2019/08/23/c3g_2019.08.23.tif,200.0,True,66906728.0,63.81,False
2019-08-24,https://data.chc.ucsb.edu/products/CHIRPS-GEFS/v3/daily/global/2019/08/24/c3g_2019.08.24.tif,200.0,True,67399484.0,64.28,False
2019-08-25,https://data.chc.ucsb.edu/products/CHIRPS-GEFS/v3/daily/global/2019/08/25/c3g_2019.08.25.tif,200.0,True,70648826.0,67.38,False
2019-08-26,https://data.chc.ucsb.edu/products/CHIRPS-GEFS/v3/daily/global/2019/08/26/c3g_2019.08.26.tif,200.0,True,68005394.0,64.85,False
2019-08-27,https://data.chc.ucsb.edu/products/CHIRPS-GEFS/v3/daily/global/2019/08/27/c3g_2019.08.27.tif,200.0,True,67119394.0,64.01,False
2019-08-28,https://data.chc.ucsb.edu/products/CHIRPS-GEFS/v3/daily/global/2019/08/28/c3g_2019.08.28.tif,200.0,True,70594778.0,67.32,False
2019-08-29,https://data.chc.ucsb.edu/products/CHIRPS-GEFS/v3/daily/global/2019/08/29/c3g_2019.08.29.tif,200.0,True,77681398.0,74.08,False
2019-08-30,https://data.chc.ucsb.edu/products/CHIRPS-GEFS/v3/daily/global/2019/08/30/c3g_2019.08.30.tif,200.0,True,71100780.0,67.81,False
2019-08-31,https://data.chc.ucsb.edu/products/CHIRPS-GEFS/v3/daily/global/2019/08/31/c3g_2019.08.31.tif,200.0,True,71120822.0,67.83,False
2019-09-01,https://data.chc.ucsb.edu/products/CHIRPS-GEFS/v3/daily/global/2019/09/01/c3g_2019.09.01.tif,200.0,True,71162406.0,67.87,False
2019-09-02,https://data.chc.ucsb.edu/products/CHIRPS-GEFS/v3/daily/global/2019/09/02/c3g_2019.09.02.tif,200.0,True,70683286.0,67.41,False
2019-09-03,https://data.chc.ucsb.edu/products/CHIRPS-GEFS/v3/daily/global/2019/09/03/c3g_2019.09.03.tif,200.0,True,70603088.0,67.33,False
2019-09-04,https://data.chc.ucsb.edu/products/CHIRPS-GEFS/v3/daily/global/2019/09/04/c3g_2019.09.04.tif,200.0,True,67698552.0,64.56,True
2019-09-05,https://data.chc.ucsb.edu/products/CHIRPS-GEFS/v3/daily/global/2019/09/05/c3g_2019.09.05.tif,200.0,True,68075652.0,64.92,False
2019-09-06,https://data.chc.ucsb.edu/products/CHIRPS-GEFS/v3/daily/global/2019/09/06/c3g_2019.09.06.tif,200.0,True,69712456.0,66.48,False
2019-09-07,https://data.chc.ucsb.edu/products/CHIRPS-GEFS/v3/daily/global/2019/09/07/c3g_2019.09.07.tif,200.0,True,72108828.0,68.77,False
2019-09-08,https://data.chc.ucsb.edu/products/CHIRPS-GEFS/v3/daily/global/2019/09/08/c3g_2019.09.08.tif,200.0,True,68731530.0,65.55,False
2019-09-09,https://data.chc.ucsb.edu/products/CHIRPS-GEFS/v3/daily/global/2019/09/09/c3g_2019.09.09.tif,200.0,True,79234522.0,75.56,False
2019-09-10,https://data.chc.ucsb.edu/products/CHIRPS-GEFS/v3/daily/global/2019/09/10/c3g_2019.09.10.tif,200.0,True,79156090.0,75.49,False
2019-09-11,https://data.chc.ucsb.edu/products/CHIRPS-GEFS/v3/daily/global/2019/09/11/c3g_2019.09.11.tif,200.0,True,79093416.0,75.43,False
2019-09-12,https://data.chc.ucsb.edu/products/CHIRPS-GEFS/v3/daily/global/2019/09/12/c3g_2019.09.12.tif,200.0,True,76493922.0,72.95,False
2019-09-13,https://data.chc.ucsb.edu/products/CHIRPS-GEFS/v3/daily/global/2019/09/13/c3g_2019.09.13.tif,200.0,True,76760532.0,73.2,False
2019-09-14,https://data.chc.ucsb.edu/products/CHIRPS-GEFS/v3/daily/global/2019/09/14/c3g_2019.09.14.tif,200.0,True,65882276.0,62.83,False
2019-09-15,https://data.chc.ucsb.edu/products/CHIRPS-GEFS/v3/daily/global/2019/09/15/c3g_2019.09.15.tif,200.0,True,69338250.0,66.13,False
2019-09-16,https://data.chc.ucsb.edu/products/CHIRPS-GEFS/v3/daily/global/2019/09/16/c3g_2019.09.16.tif,200.0,True,69498114.0,66.28,False
2019-09-17,https://data.chc.ucsb.edu/products/CHIRPS-GEFS/v3/daily/global/2019/09/17/c3g_2019.09.17.tif,200.0,True,77097780.0,73.53,False
2019-09-18,https://data.chc.ucsb.edu/products/CHIRPS-GEFS/v3/daily/global/2019/09/18/c3g_2019.09.18.tif,200.0,True,79288554.0,75.62,False
2019-09-19,https://data.chc.ucsb.edu/products/CHIRPS-GEFS/v3/daily/global/2019/09/19/c3g_2019.09.19.tif,200.0,True,66242386.0,63.17,False
2019-09-20,https://data.chc.ucsb.edu/products/CHIRPS-GEFS/v3/daily/global/2019/09/20/c3g_2019.09.20.tif,200.0,True,70582490.0,67.31,False
2019-09-21,https://data.chc.ucsb.edu/products/CHIRPS-GEFS/v3/daily/global/2019/09/21/c3g_2019.09.21.tif,200.0,True,67115878.0,64.01,False
2019-09-22,https://data.chc.ucsb.edu/products/CHIRPS-GEFS/v3/daily/global/2019/09/22/c3g_2019.09.22.tif,200.0,True,69263318.0,66.05,False
2019-09-23,https://data.chc.ucsb.edu/products/CHIRPS-GEFS/v3/daily/global/2019/09/23/c3g_2019.09.23.tif,200.0,True,69436442.0,66.22,False
2019-09-24,https://data.chc.ucsb.edu/products/CHIRPS-GEFS/v3/daily/global/2019/09/24/c3g_2019.09.24.tif,200.0,True,69677154.0,66.45,False
2019-09-25,https://data.chc.ucsb.edu/products/CHIRPS-GEFS/v3/daily/global/2019/09/25/c3g_2019.09.25.tif,200.0,True,66434476.0,63.36,False
2019-09-26,https://data.chc.ucsb.edu/products/CHIRPS-GEFS/v3/daily/global/2019/09/26/c3g_2019.09.26.tif,200.0,True,69683196.0,66.46,False
2019-09-27,https://data.chc.ucsb.edu/products/CHIRPS-GEFS/v3/daily/global/2019/09/27/c3g_2019.09.27.tif,200.0,True,70690706.0,67.42,False
2019-09-28,https://data.chc.ucsb.edu/products/CHIRPS-GEFS/v3/daily/global/2019/09/28/c3g_2019.09.28.tif,200.0,True,70685746.0,67.41,False
2019-09-29,https://data.chc.ucsb.edu/products/CHIRPS-GEFS/v3/daily/global/2019/09/29/c3g_2019.09.29.tif,200.0,True,77929720.0,74.32,False
2019-09-30,https://data.chc.ucsb.edu/products/CHIRPS-GEFS/v3/daily/global/2019/09/30/c3g_2019.09.30.tif,200.0,True,79408570.0,75.73,False
2019-10-01,https://data.chc.ucsb.edu/products/CHIRPS-GEFS/v3/daily/global/2019/10/01/c3g_2019.10.01.tif,200.0,True,77334828.0,73.75,False
2019-10-02,https://data.chc.ucsb.edu/products/CHIRPS-GEFS/v3/daily/global/2019/10/02/c3g_2019.10.02.tif,200.0,True,72234338.0,68.89,False
2019-10-03,https://data.chc.ucsb.edu/products/CHIRPS-GEFS/v3/daily/global/2019/10/03/c3g_2019.10.03.tif,200.0,True,76920570.0,73.36,False
2019-10-04,https://data.chc.ucsb.edu/products/CHIRPS-GEFS/v3/daily/global/2019/10/04/c3g_2019.10.04.tif,200.0,True,79268478.0,75.6,False
2019-10-05,https://data.chc.ucsb.edu/products/CHIRPS-GEFS/v3/daily/global/2019/10/05/c3g_2019.10.05.tif,200.0,True,68844724.0,65.66,False
2019-10-06,https://data.chc.ucsb.edu/products/CHIRPS-GEFS/v3/daily/global/2019/10/06/c3g_2019.10.06.tif,200.0,True,67417268.0,64.29,False
2019-10-07,https://data.chc.ucsb.edu/products/CHIRPS-GEFS/v3/daily/global/2019/10/07/c3g_2019.10.07.tif,200.0,True,69997606.0,66.75,False
2019-10-08,https://data.chc.ucsb.edu/products/CHIRPS-GEFS/v3/daily/global/2019/10/08/c3g_2019.10.08.tif,200.0,True,69397560.0,66.18,False
2019-10-09,https://data.chc.ucsb.edu/products/CHIRPS-GEFS/v3/daily/global/2019/10/09/c3g_2019.10.09.tif,200.0,True,69530632.0,66.31,False
2019-10-10,https://data.chc.ucsb.edu/products/CHIRPS-GEFS/v3/daily/global/2019/10/10/c3g_2019.10.10.tif,200.0,True,69123674.0,65.92,False
2019-10-11,https://data.chc.ucsb.edu/products/CHIRPS-GEFS/v3/daily/global/2019/10/11/c3g_2019.10.11.tif,200.0,True,68603336.0,65.43,False
2019-10-12,https://data.chc.ucsb.edu/products/CHIRPS-GEFS/v3/daily/global/2019/10/12/c3g_2019.10.12.tif,200.0,True,69037620.0,65.84,False
2019-10-13,https://data.chc.ucsb.edu/products/CHIRPS-GEFS/v3/daily/global/2019/10/13/c3g_2019.10.13.tif,200.0,True,69924512.0,66.69,False
2019-10-14,https://data.chc.ucsb.edu/products/CHIRPS-GEFS/v3/daily/global/2019/10/14/c3g_2019.10.14.tif,200.0,True,79184112.0,75.52,False
2019-10-15,https://data.chc.ucsb.edu/products/CHIRPS-GEFS/v3/daily/global/2019/10/15/c3g_2019.10.15.tif,200.0,True,79188864.0,75.52,False
2019-10-16,https://data.chc.ucsb.edu/products/CHIRPS-GEFS/v3/daily/global/2019/10/16/c3g_2019.10.16.tif,200.0,True,78748678.0,75.1,False
2019-10-17,https://data.chc.ucsb.edu/products/CHIRPS-GEFS/v3/daily/global/2019/10/17/c3g_2019.10.17.tif,200.0,True,79108218.0,75.44,False
2019-10-18,https://data.chc.ucsb.edu/products/CHIRPS-GEFS/v3/daily/global/2019/10/18/c3g_2019.10.18.tif,200.0,True,75589890.0,72.09,False
2019-10-19,https://data.chc.ucsb.edu/products/CHIRPS-GEFS/v3/daily/global/2019/10/19/c3g_2019.10.19.tif,200.0,True,69275766.0,66.07,False
2019-10-20,https://data.chc.ucsb.edu/products/CHIRPS-GEFS/v3/daily/global/2019/10/20/c3g_2019.10.20.tif,200.0,True,79034888.0,75.37,False
2019-10-21,https://data.chc.ucsb.edu/products/CHIRPS-GEFS/v3/daily/global/2019/10/21/c3g_2019.10.21.tif,200.0,True,76107598.0,72.58,False
2019-10-22,https://data.chc.ucsb.edu/products/CHIRPS-GEFS/v3/daily/global/2019/10/22/c3g_2019.10.22.tif,200.0,True,69118812.0,65.92,False
2019-10-23,https://data.chc.ucsb.edu/products/CHIRPS-GEFS/v3/daily/global/2019/10/23/c3g_2019.10.23.tif,200.0,True,69774318.0,66.54,False
2019-10-24,https://data.chc.ucsb.edu/products/CHIRPS-GEFS/v3/daily/global/2019/10/24/c3g_2019.10.24.tif,200.0,True,70493182.0,67.23,False
2019-10-25,https://data.chc.ucsb.edu/products/CHIRPS-GEFS/v3/daily/global/2019/10/25/c3g_2019.10.25.tif,200.0,True,75936034.0,72.42,False
2019-10-26,https://data.chc.ucsb.edu/products/CHIRPS-GEFS/v3/daily/global/2019/10/26/c3g_2019.10.26.tif,200.0,True,69346490.0,66.13,False
2019-10-27,https://data.chc.ucsb.edu/products/CHIRPS-GEFS/v3/daily/global/2019/10/27/c3g_2019.10.27.tif,200.0,True,68691398.0,65.51,False
2019-10-28,https://data.chc.ucsb.edu/products/CHIRPS-GEFS/v3/daily/global/2019/10/28/c3g_2019.10.28.tif,200.0,True,69510594.0,66.29,False
2019-10-29,https://data.chc.ucsb.edu/products/CHIRPS-GEFS/v3/daily/global/2019/10/29/c3g_2019.10.29.tif,200.0,True,69174886.0,65.97,False
2019-10-30,https://data.chc.ucsb.edu/products/CHIRPS-GEFS/v3/daily/global/2019/10/30/c3g_2019.10.30.tif,200.0,True,64955522.0,61.95,False
2019-10-31,https://data.chc.ucsb.edu/products/CHIRPS-GEFS/v3/daily/global/2019/10/31/c3g_2019.10.31.tif,200.0,True,75507672.0,72.01,False
2019-11-01,https://data.chc.ucsb.edu/products/CHIRPS-GEFS/v3/daily/global/2019/11/01/c3g_2019.11.01.tif,200.0,True,69123070.0,65.92,False
2019-11-02,https://data.chc.ucsb.edu/products/CHIRPS-GEFS/v3/daily/global/2019/11/02/c3g_2019.11.02.tif,200.0,True,69239742.0,66.03,False
2019-11-03,https://data.chc.ucsb.edu/products/CHIRPS-GEFS/v3/daily/global/2019/11/03/c3g_2019.11.03.tif,200.0,True,75499478.0,72.0,False
2019-11-04,https://data.chc.ucsb.edu/products/CHIRPS-GEFS/v3/daily/global/2019/11/04/c3g_2019.11.04.tif,200.0,True,68763362.0,65.58,False
2019-11-05,https://data.chc.ucsb.edu/products/CHIRPS-GEFS/v3/daily/global/2019/11/05/c3g_2019.11.05.tif,200.0,True,68157988.0,65.0,False
2019-11-06,https://data.chc.ucsb.edu/products/CHIRPS-GEFS/v3/daily/global/2019/11/06/c3g_2019.11.06.tif,200.0,True,74949834.0,71.48,False
2019-11-07,https://data.chc.ucsb.edu/products/CHIRPS-GEFS/v3/daily/global/2019/11/07/c3g_2019.11.07.tif,200.0,True,74871110.0,71.4,False
2019-11-08,https://data.chc.ucsb.edu/products/CHIRPS-GEFS/v3/daily/global/2019/11/08/c3g_2019.11.08.tif,200.0,True,74914806.0,71.44,False
2019-11-09,https://data.chc.ucsb.edu/products/CHIRPS-GEFS/v3/daily/global/2019/11/09/c3g_2019.11.09.tif,200.0,True,67821310.0,64.68,False
2019-11-10,https://data.chc.ucsb.edu/products/CHIRPS-GEFS/v3/daily/global/2019/11/10/c3g_2019.11.10.tif,200.0,True,64686186.0,61.69,False
2019-11-11,https://data.chc.ucsb.edu/products/CHIRPS-GEFS/v3/daily/global/2019/11/11/c3g_2019.11.11.tif,200.0,True,67809286.0,64.67,False
2019-11-12,https://data.chc.ucsb.edu/products/CHIRPS-GEFS/v3/daily/global/2019/11/12/c3g_2019.11.12.tif,200.0,True,75998638.0,72.48,False
2019-11-13,https://data.chc.ucsb.edu/products/CHIRPS-GEFS/v3/daily/global/2019/11/13/c3g_2019.11.13.tif,200.0,True,68937142.0,65.74,False
2019-11-14,https://data.chc.ucsb.edu/products/CHIRPS-GEFS/v3/daily/global/2019/11/14/c3g_2019.11.14.tif,200.0,True,75266630.0,71.78,False
2019-11-15,https://data.chc.ucsb.edu/products/CHIRPS-GEFS/v3/daily/global/2019/11/15/c3g_2019.11.15.tif,200.0,True,68134866.0,64.98,False
2019-11-16,https://data.chc.ucsb.edu/products/CHIRPS-GEFS/v3/daily/global/2019/11/16/c3g_2019.11.16.tif,200.0,True,67325724.0,64.21,False
2019-11-17,https://data.chc.ucsb.edu/products/CHIRPS-GEFS/v3/daily/global/2019/11/17/c3g_2019.11.17.tif,200.0,True,75496926.0,72.0,False
2019-11-18,https://data.chc.ucsb.edu/products/CHIRPS-GEFS/v3/daily/global/2019/11/18/c3g_2019.11.18.tif,200.0,True,64878012.0,61.87,False
2019-11-19,https://data.chc.ucsb.edu/products/CHIRPS-GEFS/v3/daily/global/2019/11/19/c3g_2019.11.19.tif,200.0,True,68320238.0,65.16,False
2019-11-20,https://data.chc.ucsb.edu/products/CHIRPS-GEFS/v3/daily/global/2019/11/20/c3g_2019.11.20.tif,200.0,True,68828636.0,65.64,False
2019-11-21,https://data.chc.ucsb.edu/products/CHIRPS-GEFS/v3/daily/global/2019/11/21/c3g_2019.11.21.tif,200.0,True,75256862.0,71.77,False
2019-11-22,https://data.chc.ucsb.edu/products/CHIRPS-GEFS/v3/daily/global/2019/11/22/c3g_2019.11.22.tif,200.0,True,75572146.0,72.07,False
2019-11-23,https://data.chc.ucsb.edu/products/CHIRPS-GEFS/v3/daily/global/2019/11/23/c3g_2019.11.23.tif,200.0,True,68909564.0,65.72,False
2019-11-24,https://data.chc.ucsb.edu/products/CHIRPS-GEFS/v3/daily/global/2019/11/24/c3g_2019.11.24.tif,200.0,True,68661918.0,65.48,False
2019-11-25,https://data.chc.ucsb.edu/products/CHIRPS-GEFS/v3/daily/global/2019/11/25/c3g_2019.11.25.tif,200.0,True,74499648.0,71.05,False
2019-11-26,https://data.chc.ucsb.edu/products/CHIRPS-GEFS/v3/daily/global/2019/11/26/c3g_2019.11.26.tif,200.0,True,68682332.0,65.5,False
2019-11-27,https://data.chc.ucsb.edu/products/CHIRPS-GEFS/v3/daily/global/2019/11/27/c3g_2019.11.27.tif,200.0,True,68578946.0,65.4,False
2019-11-28,https://data.chc.ucsb.edu/products/CHIRPS-GEFS/v3/daily/global/2019/11/28/c3g_2019.11.28.tif,200.0,True,65978670.0,62.92,False
2019-11-29,https://data.chc.ucsb.edu/products/CHIRPS-GEFS/v3/daily/global/2019/11/29/c3g_2019.11.29.tif,200.0,True,66396086.0,63.32,False
2019-11-30,https://data.chc.ucsb.edu/products/CHIRPS-GEFS/v3/daily/global/2019/11/30/c3g_2019.11.30.tif,200.0,True,65262638.0,62.24,False
2019-12-01,https://data.chc.ucsb.edu/products/CHIRPS-GEFS/v3/daily/global/2019/12/01/c3g_2019.12.01.tif,200.0,True,64971486.0,61.96,False
2019-12-02,https://data.chc.ucsb.edu/products/CHIRPS-GEFS/v3/daily/global/2019/12/02/c3g_2019.12.02.tif,200.0,True,64597780.0,61.61,False
2019-12-03,https://data.chc.ucsb.edu/products/CHIRPS-GEFS/v3/daily/global/2019/12/03/c3g_2019.12.03.tif,200.0,True,64391278.0,61.41,False
2019-12-04,https://data.chc.ucsb.edu/products/CHIRPS-GEFS/v3/daily/global/2019/12/04/c3g_2019.12.04.tif,200.0,True,67707264.0,64.57,False
2019-12-05,https://data.chc.ucsb.edu/products/CHIRPS-GEFS/v3/daily/global/2019/12/05/c3g_2019.12.05.tif,200.0,True,64640108.0,61.65,False
2019-12-06,https://data.chc.ucsb.edu/products/CHIRPS-GEFS/v3/daily/global/2019/12/06/c3g_2019.12.06.tif,200.0,True,67108316.0,64.0,False
2019-12-07,https://data.chc.ucsb.edu/products/CHIRPS-GEFS/v3/daily/global/2019/12/07/c3g_2019.12.07.tif,200.0,True,64415138.0,61.43,False
2019-12-08,https://data.chc.ucsb.edu/products/CHIRPS-GEFS/v3/daily/global/2019/12/08/c3g_2019.12.08.tif,200.0,True,69181160.0,65.98,False
2019-12-09,https://data.chc.ucsb.edu/products/CHIRPS-GEFS/v3/daily/global/2019/12/09/c3g_2019.12.09.tif,200.0,True,67236246.0,64.12,False
2019-12-10,https://data.chc.ucsb.edu/products/CHIRPS-GEFS/v3/daily/global/2019/12/10/c3g_2019.12.10.tif,200.0,True,68100054.0,64.95,False
2019-12-11,https://data.chc.ucsb.edu/products/CHIRPS-GEFS/v3/daily/global/2019/12/11/c3g_2019.12.11.tif,200.0,True,70736002.0,67.46,False
2019-12-12,https://data.chc.ucsb.edu/products/CHIRPS-GEFS/v3/daily/global/2019/12/12/c3g_2019.12.12.tif,200.0,True,69829036.0,66.59,False
2019-12-13,https://data.chc.ucsb.edu/products/CHIRPS-GEFS/v3/daily/global/2019/12/13/c3g_2019.12.13.tif,200.0,True,69023042.0,65.83,False
2019-12-14,https://data.chc.ucsb.edu/products/CHIRPS-GEFS/v3/daily/global/2019/12/14/c3g_2019.12.14.tif,200.0,True,69151692.0,65.95,False
2019-12-15,https://data.chc.ucsb.edu/products/CHIRPS-GEFS/v3/daily/global/2019/12/15/c3g_2019.12.15.tif,200.0,True,70556294.0,67.29,False
2019-12-16,https://data.chc.ucsb.edu/products/CHIRPS-GEFS/v3/daily/global/2019/12/16/c3g_2019.12.16.tif,200.0,True,68243906.0,65.08,False
2019-12-17,https://data.chc.ucsb.edu/products/CHIRPS-GEFS/v3/daily/global/2019/12/17/c3g_2019.12.17.tif,200.0,True,69012308.0,65.82,False
2019-12-18,https://data.chc.ucsb.edu/products/CHIRPS-GEFS/v3/daily/global/2019/12/18/c3g_2019.12.18.tif,200.0,True,68842070.0,65.65,False
2019-12-19,https://data.chc.ucsb.edu/products/CHIRPS-GEFS/v3/daily/global/2019/12/19/c3g_2019.12.19.tif,200.0,True,68767122.0,65.58,False
2019-12-20,https://data.chc.ucsb.edu/products/CHIRPS-GEFS/v3/daily/global/2019/12/20/c3g_2019.12.20.tif,200.0,True,75627636.0,72.12,False
2019-12-21,https://data.chc.ucsb.edu/products/CHIRPS-GEFS/v3/daily/global/2019/12/21/c3g_2019.12.21.tif,200.0,True,65158028.0,62.14,False
2019-12-22,https://data.chc.ucsb.edu/products/CHIRPS-GEFS/v3/daily/global/2019/12/22/c3g_2019.12.22.tif,200.0,True,79196692.0,75.53,False
2019-12-23,https://data.chc.ucsb.edu/products/CHIRPS-GEFS/v3/daily/global/2019/12/23/c3g_2019.12.23.tif,200.0,True,79180218.0,75.51,False
2019-12-24,https://data.chc.ucsb.edu/products/CHIRPS-GEFS/v3/daily/global/2019/12/24/c3g_2019.12.24.tif,200.0,True,79215720.0,75.55,False
2019-12-25,https://data.chc.ucsb.edu/products/CHIRPS-GEFS/v3/daily/global/2019/12/25/c3g_2019.12.25.tif,200.0,True,64304642.0,61.33,False
2019-12-26,https://data.chc.ucsb.edu/products/CHIRPS-GEFS/v3/daily/global/2019/12/26/c3g_2019.12.26.tif,200.0,True,67207148.0,64.09,False
2019-12-27,https://data.chc.ucsb.edu/products/CHIRPS-GEFS/v3/daily/global/2019/12/27/c3g_2019.12.27.tif,200.0,True,63956422.0,60.99,False
2019-12-28,https://data.chc.ucsb.edu/products/CHIRPS-GEFS/v3/daily/global/2019/12/28/c3g_2019.12.28.tif,200.0,True,74633552.0,71.18,False
2019-12-29,https://data.chc.ucsb.edu/products/CHIRPS-GEFS/v3/daily/global/2019/12/29/c3g_2019.12.29.tif,200.0,True,64559772.0,61.57,False
2019-12-30,https://data.chc.ucsb.edu/products/CHIRPS-GEFS/v3/daily/global/2019/12/30/c3g_2019.12.30.tif,200.0,True,64986880.0,61.98,False
2019-12-31,https://data.chc.ucsb.edu/products/CHIRPS-GEFS/v3/daily/global/2019/12/31/c3g_2019.12.31.tif,200.0,True,74063340.0,70.63,False
2021-01-01,https://data.chc.ucsb.edu/products/CHIRPS-GEFS/v3/daily/global/2021/01/01/c3g_2021.01.01.tif,200.0,True,64419540.0,61.44,False
2021-01-02,https://data.chc.ucsb.edu/products/CHIRPS-GEFS/v3/daily/global/2021/01/02/c3g_2021.01.02.tif,200.0,True,62098536.0,59.22,False
2021-01-03,https://data.chc.ucsb.edu/products/CHIRPS-GEFS/v3/daily/global/2021/01/03/c3g_2021.01.03.tif,200.0,True,62552072.0,59.65,False
2021-01-04,https://data.chc.ucsb.edu/products/CHIRPS-GEFS/v3/daily/global/2021/01/04/c3g_2021.01.04.tif,200.0,True,62688814.0,59.78,False
2021-01-05,https://data.chc.ucsb.edu/products/CHIRPS-GEFS/v3/daily/global/2021/01/05/c3g_2021.01.05.tif,200.0,True,62185362.0,59.3,False
2021-01-06,https://data.chc.ucsb.edu/products/CHIRPS-GEFS/v3/daily/global/2021/01/06/c3g_2021.01.06.tif,200.0,True,61911892.0,59.04,False
2021-01-07,https://data.chc.ucsb.edu/products/CHIRPS-GEFS/v3/daily/global/2021/01/07/c3g_2021.01.07.tif,200.0,True,62153600.0,59.27,False
2021-01-08,https://data.chc.ucsb.edu/products/CHIRPS-GEFS/v3/daily/global/2021/01/08/c3g_2021.01.08.tif,200.0,True,62829802.0,59.92,False
2021-01-09,https://data.chc.ucsb.edu/products/CHIRPS-GEFS/v3/daily/global/2021/01/09/c3g_2021.01.09.tif,200.0,True,63214922.0,60.29,False
2021-01-10,https://data.chc.ucsb.edu/products/CHIRPS-GEFS/v3/daily/global/2021/01/10/c3g_2021.01.10.tif,200.0,True,63069238.0,60.15,False
2021-01-11,https://data.chc.ucsb.edu/products/CHIRPS-GEFS/v3/daily/global/2021/01/11/c3g_2021.01.11.tif,200.0,True,63021328.0,60.1,False
2021-01-12,https://data.chc.ucsb.edu/products/CHIRPS-GEFS/v3/daily/global/2021/01/12/c3g_2021.01.12.tif,200.0,True,63007414.0,60.09,False
2021-01-13,https://data.chc.ucsb.edu/products/CHIRPS-GEFS/v3/daily/global/2021/01/13/c3g_2021.01.13.tif,200.0,True,62174622.0,59.29,False
2021-01-14,https://data.chc.ucsb.edu/products/CHIRPS-GEFS/v3/daily/global/2021/01/14/c3g_2021.01.14.tif,200.0,True,62503338.0,59.61,False
2021-01-15,https://data.chc.ucsb.edu/products/CHIRPS-GEFS/v3/daily/global/2021/01/15/c3g_2021.01.15.tif,200.0,True,62968016.0,60.05,False
2021-01-16,https://data.chc.ucsb.edu/products/CHIRPS-GEFS/v3/daily/global/2021/01/16/c3g_2021.01.16.tif,200.0,True,62743342.0,59.84,False
2021-01-17,https://data.chc.ucsb.edu/products/CHIRPS-GEFS/v3/daily/global/2021/01/17/c3g_2021.01.17.tif,200.0,True,62568804.0,59.67,False
2021-01-18,https://data.chc.ucsb.edu/products/CHIRPS-GEFS/v3/daily/global/2021/01/18/c3g_2021.01.18.tif,200.0,True,61753972.0,58.89,False
2021-01-19,https://data.chc.ucsb.edu/products/CHIRPS-GEFS/v3/daily/global/2021/01/19/c3g_2021.01.19.tif,200.0,True,61813588.0,58.95,False
2021-01-20,https://data.chc.ucsb.edu/products/CHIRPS-GEFS/v3/daily/global/2021/01/20/c3g_2021.01.20.tif,200.0,True,62078056.0,59.2,False
2021-01-21,https://data.chc.ucsb.edu/products/CHIRPS-GEFS/v3/daily/global/2021/01/21/c3g_2021.01.21.tif,200.0,True,62489616.0,59.59,False
2021-01-22,https://data.chc.ucsb.edu/products/CHIRPS-GEFS/v3/daily/global/2021/01/22/c3g_2021.01.22.tif,200.0,True,62906944.0,59.99,False
2021-01-23,https://data.chc.ucsb.edu/products/CHIRPS-GEFS/v3/daily/global/2021/01/23/c3g_2021.01.23.tif,200.0,True,62941122.0,60.03,False
2021-01-24,https://data.chc.ucsb.edu/products/CHIRPS-GEFS/v3/daily/global/2021/01/24/c3g_2021.01.24.tif,200.0,True,63814522.0,60.86,False
2021-01-25,https://data.chc.ucsb.edu/products/CHIRPS-GEFS/v3/daily/global/2021/01/25/c3g_2021.01.25.tif,200.0,True,64052810.0,61.09,False
2021-01-26,https://data.chc.ucsb.edu/products/CHIRPS-GEFS/v3/daily/global/2021/01/26/c3g_2021.01.26.tif,200.0,True,63985306.0,61.02,False
2021-01-27,https://data.chc.ucsb.edu/products/CHIRPS-GEFS/v3/daily/global/2021/01/27/c3g_2021.01.27.tif,200.0,True,63782390.0,60.83,False
2021-01-28,https://data.chc.ucsb.edu/products/CHIRPS-GEFS/v3/daily/global/2021/01/28/c3g_2021.01.28.tif,200.0,True,64220418.0,61.25,False
2021-01-29,https://data.chc.ucsb.edu/products/CHIRPS-GEFS/v3/daily/global/2021/01/29/c3g_2021.01.29.tif,200.0,True,64253644.0,61.28,False
2021-01-30,https://data.chc.ucsb.edu/products/CHIRPS-GEFS/v3/daily/global/2021/01/30/c3g_2021.01.30.tif,200.0,True,63488416.0,60.55,False
2021-01-31,https://data.chc.ucsb.edu/products/CHIRPS-GEFS/v3/daily/global/2021/01/31/c3g_2021.01.31.tif,200.0,True,62315336.0,59.43,False
2021-02-01,https://data.chc.ucsb.edu/products/CHIRPS-GEFS/v3/daily/global/2021/02/01/c3g_2021.02.01.tif,200.0,True,62390550.0,59.5,False
2021-02-02,https://data.chc.ucsb.edu/products/CHIRPS-GEFS/v3/daily/global/2021/02/02/c3g_2021.02.02.tif,200.0,True,62595156.0,59.7,False
2021-02-03,https://data.chc.ucsb.edu/products/CHIRPS-GEFS/v3/daily/global/2021/02/03/c3g_2021.02.03.tif,200.0,True,62767032.0,59.86,False
2021-02-04,https://data.chc.ucsb.edu/products/CHIRPS-GEFS/v3/daily/global/2021/02/04/c3g_2021.02.04.tif,200.0,True,63174898.0,60.25,False
2021-02-05,https://data.chc.ucsb.edu/products/CHIRPS-GEFS/v3/daily/global/2021/02/05/c3g_2021.02.05.tif,200.0,True,63086246.0,60.16,False
2021-02-06,https://data.chc.ucsb.edu/products/CHIRPS-GEFS/v3/daily/global/2021/02/06/c3g_2021.02.06.tif,200.0,True,63632632.0,60.68,False
2021-02-07,https://data.chc.ucsb.edu/products/CHIRPS-GEFS/v3/daily/global/2021/02/07/c3g_2021.02.07.tif,200.0,True,62990252.0,60.07,False
2021-02-08,https://data.chc.ucsb.edu/products/CHIRPS-GEFS/v3/daily/global/2021/02/08/c3g_2021.02.08.tif,200.0,True,62367222.0,59.48,False
2021-02-09,https://data.chc.ucsb.edu/products/CHIRPS-GEFS/v3/daily/global/2021/02/09/c3g_2021.02.09.tif,200.0,True,62622394.0,59.72,False
2021-02-10,https://data.chc.ucsb.edu/products/CHIRPS-GEFS/v3/daily/global/2021/02/10/c3g_2021.02.10.tif,200.0,True,62881044.0,59.97,False
2021-02-11,https://data.chc.ucsb.edu/products/CHIRPS-GEFS/v3/daily/global/2021/02/11/c3g_2021.02.11.tif,200.0,True,63302478.0,60.37,False
2021-02-12,https://data.chc.ucsb.edu/products/CHIRPS-GEFS/v3/daily/global/2021/02/12/c3g_2021.02.12.tif,200.0,True,63405346.0,60.47,False
2021-02-13,https://data.chc.ucsb.edu/products/CHIRPS-GEFS/v3/daily/global/2021/02/13/c3g_2021.02.13.tif,200.0,True,63490502.0,60.55,False
2021-02-14,https://data.chc.ucsb.edu/products/CHIRPS-GEFS/v3/daily/global/2021/02/14/c3g_2021.02.14.tif,200.0,True,63440454.0,60.5,False
2021-02-15,https://data.chc.ucsb.edu/products/CHIRPS-GEFS/v3/daily/global/2021/02/15/c3g_2021.02.15.tif,200.0,True,62889698.0,59.98,False
2021-02-16,https://data.chc.ucsb.edu/products/CHIRPS-GEFS/v3/daily/global/2021/02/16/c3g_2021.02.16.tif,200.0,True,63403476.0,60.47,False
2021-02-17,https://data.chc.ucsb.edu/products/CHIRPS-GEFS/v3/daily/global/2021/02/17/c3g_2021.02.17.tif,200.0,True,63773216.0,60.82,False
2021-02-18,https://data.chc.ucsb.edu/products/CHIRPS-GEFS/v3/daily/global/2021/02/18/c3g_2021.02.18.tif,200.0,True,63903602.0,60.94,False
2021-02-19,https://data.chc.ucsb.edu/products/CHIRPS-GEFS/v3/daily/global/2021/02/19/c3g_2021.02.19.tif,200.0,True,63158254.0,60.23,False
2021-02-20,https://data.chc.ucsb.edu/products/CHIRPS-GEFS/v3/daily/global/2021/02/20/c3g_2021.02.20.tif,200.0,True,62977360.0,60.06,False
2021-02-21,https://data.chc.ucsb.edu/products/CHIRPS-GEFS/v3/daily/global/2021/02/21/c3g_2021.02.21.tif,200.0,True,63645182.0,60.7,False
2021-02-22,https://data.chc.ucsb.edu/products/CHIRPS-GEFS/v3/daily/global/2021/02/22/c3g_2021.02.22.tif,200.0,True,63363702.0,60.43,False
2021-02-23,https://data.chc.ucsb.edu/products/CHIRPS-GEFS/v3/daily/global/2021/02/23/c3g_2021.02.23.tif,200.0,True,63237620.0,60.31,False
2021-02-24,https://data.chc.ucsb.edu/products/CHIRPS-GEFS/v3/daily/global/2021/02/24/c3g_2021.02.24.tif,200.0,True,63102922.0,60.18,False
2021-02-25,https://data.chc.ucsb.edu/products/CHIRPS-GEFS/v3/daily/global/2021/02/25/c3g_2021.02.25.tif,200.0,True,63312970.0,60.38,False
2021-02-26,https://data.chc.ucsb.edu/products/CHIRPS-GEFS/v3/daily/global/2021/02/26/c3g_2021.02.26.tif,200.0,True,62544146.0,59.65,False
2021-02-27,https://data.chc.ucsb.edu/products/CHIRPS-GEFS/v3/daily/global/2021/02/27/c3g_2021.02.27.tif,200.0,True,62972626.0,60.06,False
2021-02-28,https://data.chc.ucsb.edu/products/CHIRPS-GEFS/v3/daily/global/2021/02/28/c3g_2021.02.28.tif,200.0,True,63118752.0,60.19,False
2021-03-01,https://data.chc.ucsb.edu/products/CHIRPS-GEFS/v3/daily/global/2021/03/01/c3g_2021.03.01.tif,200.0,True,62335112.0,59.45,False
2021-03-02,https://data.chc.ucsb.edu/products/CHIRPS-GEFS/v3/daily/global/2021/03/02/c3g_2021.03.02.tif,200.0,True,62684650.0,59.78,False
2021-03-03,https://data.chc.ucsb.edu/products/CHIRPS-GEFS/v3/daily/global/2021/03/03/c3g_2021.03.03.tif,200.0,True,63117424.0,60.19,False
2021-03-04,https://data.chc.ucsb.edu/products/CHIRPS-GEFS/v3/daily/global/2021/03/04/c3g_2021.03.04.tif,200.0,True,63860614.0,60.9,False
2021-03-05,https://data.chc.ucsb.edu/products/CHIRPS-GEFS/v3/daily/global/2021/03/05/c3g_2021.03.05.tif,200.0,True,62924084.0,60.01,False
2021-03-06,https://data.chc.ucsb.edu/products/CHIRPS-GEFS/v3/daily/global/2021/03/06/c3g_2021.03.06.tif,200.0,True,62799472.0,59.89,False
2021-03-07,https://data.chc.ucsb.edu/products/CHIRPS-GEFS/v3/daily/global/2021/03/07/c3g_2021.03.07.tif,200.0,True,63378828.0,60.44,False
2021-03-08,https://data.chc.ucsb.edu/products/CHIRPS-GEFS/v3/daily/global/2021/03/08/c3g_2021.03.08.tif,200.0,True,63298216.0,60.37,False
2021-03-09,https://data.chc.ucsb.edu/products/CHIRPS-GEFS/v3/daily/global/2021/03/09/c3g_2021.03.09.tif,200.0,True,62497846.0,59.6,False
2021-03-10,https://data.chc.ucsb.edu/products/CHIRPS-GEFS/v3/daily/global/2021/03/10/c3g_2021.03.10.tif,200.0,True,62641444.0,59.74,False
2021-03-11,https://data.chc.ucsb.edu/products/CHIRPS-GEFS/v3/daily/global/2021/03/11/c3g_2021.03.11.tif,200.0,True,63668804.0,60.72,False
2021-03-12,https://data.chc.ucsb.edu/products/CHIRPS-GEFS/v3/daily/global/2021/03/12/c3g_2021.03.12.tif,200.0,True,63996904.0,61.03,False
2021-03-13,https://data.chc.ucsb.edu/products/CHIRPS-GEFS/v3/daily/global/2021/03/13/c3g_2021.03.13.tif,200.0,True,63501880.0,60.56,False
2021-03-14,https://data.chc.ucsb.edu/products/CHIRPS-GEFS/v3/daily/global/2021/03/14/c3g_2021.03.14.tif,200.0,True,64159082.0,61.19,False
2021-03-15,https://data.chc.ucsb.edu/products/CHIRPS-GEFS/v3/daily/global/2021/03/15/c3g_2021.03.15.tif,200.0,True,65030496.0,62.02,False
2021-03-16,https://data.chc.ucsb.edu/products/CHIRPS-GEFS/v3/daily/global/2021/03/16/c3g_2021.03.16.tif,200.0,True,64275802.0,61.3,False
2021-03-17,https://data.chc.ucsb.edu/products/CHIRPS-GEFS/v3/daily/global/2021/03/17/c3g_2021.03.17.tif,200.0,True,65127962.0,62.11,False
2021-03-18,https://data.chc.ucsb.edu/products/CHIRPS-GEFS/v3/daily/global/2021/03/18/c3g_2021.03.18.tif,200.0,True,64974964.0,61.96,False
2021-03-19,https://data.chc.ucsb.edu/products/CHIRPS-GEFS/v3/daily/global/2021/03/19/c3g_2021.03.19.tif,200.0,True,67796166.0,64.66,False
2021-03-20,https://data.chc.ucsb.edu/products/CHIRPS-GEFS/v3/daily/global/2021/03/20/c3g_2021.03.20.tif,200.0,True,65610684.0,62.57,False
2021-03-21,https://data.chc.ucsb.edu/products/CHIRPS-GEFS/v3/daily/global/2021/03/21/c3g_2021.03.21.tif,200.0,True,64716202.0,61.72,False
2021-03-22,https://data.chc.ucsb.edu/products/CHIRPS-GEFS/v3/daily/global/2021/03/22/c3g_2021.03.22.tif,200.0,True,65019870.0,62.01,False
2021-03-23,https://data.chc.ucsb.edu/products/CHIRPS-GEFS/v3/daily/global/2021/03/23/c3g_2021.03.23.tif,200.0,True,64335450.0,61.36,False
2021-03-24,https://data.chc.ucsb.edu/products/CHIRPS-GEFS/v3/daily/global/2021/03/24/c3g_2021.03.24.tif,200.0,True,62820562.0,59.91,False
2021-03-25,https://data.chc.ucsb.edu/products/CHIRPS-GEFS/v3/daily/global/2021/03/25/c3g_2021.03.25.tif,200.0,True,67279058.0,64.16,False
2021-03-26,https://data.chc.ucsb.edu/products/CHIRPS-GEFS/v3/daily/global/2021/03/26/c3g_2021.03.26.tif,200.0,True,63082974.0,60.16,False
2021-03-27,https://data.chc.ucsb.edu/products/CHIRPS-GEFS/v3/daily/global/2021/03/27/c3g_2021.03.27.tif,200.0,True,65028788.0,62.02,False
2021-03-28,https://data.chc.ucsb.edu/products/CHIRPS-GEFS/v3/daily/global/2021/03/28/c3g_2021.03.28.tif,200.0,True,62468824.0,59.57,False
2021-03-29,https://data.chc.ucsb.edu/products/CHIRPS-GEFS/v3/daily/global/2021/03/29/c3g_2021.03.29.tif,200.0,True,61687944.0,58.83,False
2021-03-30,https://data.chc.ucsb.edu/products/CHIRPS-GEFS/v3/daily/global/2021/03/30/c3g_2021.03.30.tif,200.0,True,63925014.0,60.96,False
2021-03-31,https://data.chc.ucsb.edu/products/CHIRPS-GEFS/v3/daily/global/2021/03/31/c3g_2021.03.31.tif,200.0,True,60882700.0,58.06,False
2021-04-01,https://data.chc.ucsb.edu/products/CHIRPS-GEFS/v3/daily/global/2021/04/01/c3g_2021.04.01.tif,200.0,True,63205946.0,60.28,False
2021-04-02,https://data.chc.ucsb.edu/products/CHIRPS-GEFS/v3/daily/global/2021/04/02/c3g_2021.04.02.tif,200.0,True,60369898.0,57.57,False
2021-04-03,https://data.chc.ucsb.edu/products/CHIRPS-GEFS/v3/daily/global/2021/04/03/c3g_2021.04.03.tif,200.0,True,61285610.0,58.45,False
2021-04-04,https://data.chc.ucsb.edu/products/CHIRPS-GEFS/v3/daily/global/2021/04/04/c3g_2021.04.04.tif,200.0,True,60890868.0,58.07,False
2021-04-05,https://data.chc.ucsb.edu/products/CHIRPS-GEFS/v3/daily/global/2021/04/05/c3g_2021.04.05.tif,200.0,True,61477876.0,58.63,False
2021-04-06,https://data.chc.ucsb.edu/products/CHIRPS-GEFS/v3/daily/global/2021/04/06/c3g_2021.04.06.tif,200.0,True,65167256.0,62.15,False
2021-04-07,https://data.chc.ucsb.edu/products/CHIRPS-GEFS/v3/daily/global/2021/04/07/c3g_2021.04.07.tif,200.0,True,61373046.0,58.53,False
2021-04-08,https://data.chc.ucsb.edu/products/CHIRPS-GEFS/v3/daily/global/2021/04/08/c3g_2021.04.08.tif,200.0,True,61579986.0,58.73,False
2021-04-09,https://data.chc.ucsb.edu/products/CHIRPS-GEFS/v3/daily/global/2021/04/09/c3g_2021.04.09.tif,200.0,True,61719114.0,58.86,False
2021-04-10,https://data.chc.ucsb.edu/products/CHIRPS-GEFS/v3/daily/global/2021/04/10/c3g_2021.04.10.tif,200.0,True,63759792.0,60.81,False
2021-04-11,https://data.chc.ucsb.edu/products/CHIRPS-GEFS/v3/daily/global/2021/04/11/c3g_2021.04.11.tif,200.0,True,64329524.0,61.35,False
2021-04-12,https://data.chc.ucsb.edu/products/CHIRPS-GEFS/v3/daily/global/2021/04/12/c3g_2021.04.12.tif,200.0,True,64598058.0,61.61,False
2021-04-13,https://data.chc.ucsb.edu/products/CHIRPS-GEFS/v3/daily/global/2021/04/13/c3g_2021.04.13.tif,200.0,True,65242946.0,62.22,False
2021-04-14,https://data.chc.ucsb.edu/products/CHIRPS-GEFS/v3/daily/global/2021/04/14/c3g_2021.04.14.tif,200.0,True,60189708.0,57.4,False
2021-04-15,https://data.chc.ucsb.edu/products/CHIRPS-GEFS/v3/daily/global/2021/04/15/c3g_2021.04.15.tif,200.0,True,60906044.0,58.08,False
2021-04-16,https://data.chc.ucsb.edu/products/CHIRPS-GEFS/v3/daily/global/2021/04/16/c3g_2021.04.16.tif,200.0,True,60979576.0,58.15,False
2021-04-17,https://data.chc.ucsb.edu/products/CHIRPS-GEFS/v3/daily/global/2021/04/17/c3g_2021.04.17.tif,200.0,True,61637850.0,58.78,False
2021-04-18,https://data.chc.ucsb.edu/products/CHIRPS-GEFS/v3/daily/global/2021/04/18/c3g_2021.04.18.tif,200.0,True,62078814.0,59.2,False
2021-04-19,https://data.chc.ucsb.edu/products/CHIRPS-GEFS/v3/daily/global/2021/04/19/c3g_2021.04.19.tif,200.0,True,61843400.0,58.98,False
2021-04-20,https://data.chc.ucsb.edu/products/CHIRPS-GEFS/v3/daily/global/2021/04/20/c3g_2021.04.20.tif,200.0,True,61346944.0,58.51,False
2021-04-21,https://data.chc.ucsb.edu/products/CHIRPS-GEFS/v3/daily/global/2021/04/21/c3g_2021.04.21.tif,200.0,True,62506896.0,59.61,False
2021-04-22,https://data.chc.ucsb.edu/products/CHIRPS-GEFS/v3/daily/global/2021/04/22/c3g_2021.04.22.tif,200.0,True,62951548.0,60.04,False
2021-04-23,https://data.chc.ucsb.edu/products/CHIRPS-GEFS/v3/daily/global/2021/04/23/c3g_2021.04.23.tif,200.0,True,62529408.0,59.63,False
2021-04-24,https://data.chc.ucsb.edu/products/CHIRPS-GEFS/v3/daily/global/2021/04/24/c3g_2021.04.24.tif,200.0,True,62199046.0,59.32,False
2021-04-25,https://data.chc.ucsb.edu/products/CHIRPS-GEFS/v3/daily/global/2021/04/25/c3g_2021.04.25.tif,200.0,True,62491956.0,59.6,False
2021-04-26,https://data.chc.ucsb.edu/products/CHIRPS-GEFS/v3/daily/global/2021/04/26/c3g_2021.04.26.tif,200.0,True,65185326.0,62.17,False
2021-04-27,https://data.chc.ucsb.edu/products/CHIRPS-GEFS/v3/daily/global/2021/04/27/c3g_2021.04.27.tif,200.0,True,63335708.0,60.4,False
2021-04-28,https://data.chc.ucsb.edu/products/CHIRPS-GEFS/v3/daily/global/2021/04/28/c3g_2021.04.28.tif,200.0,True,63761094.0,60.81,False
2021-04-29,https://data.chc.ucsb.edu/products/CHIRPS-GEFS/v3/daily/global/2021/04/29/c3g_2021.04.29.tif,200.0,True,64590242.0,61.6,False
2021-04-30,https://data.chc.ucsb.edu/products/CHIRPS-GEFS/v3/daily/global/2021/04/30/c3g_2021.04.30.tif,200.0,True,64453860.0,61.47,False
2021-05-01,https://data.chc.ucsb.edu/products/CHIRPS-GEFS/v3/daily/global/2021/05/01/c3g_2021.05.01.tif,200.0,True,65303342.0,62.28,False
2021-05-02,https://data.chc.ucsb.edu/products/CHIRPS-GEFS/v3/daily/global/2021/05/02/c3g_2021.05.02.tif,200.0,True,66091276.0,63.03,False
2021-05-03,https://data.chc.ucsb.edu/products/CHIRPS-GEFS/v3/daily/global/2021/05/03/c3g_2021.05.03.tif,200.0,True,68242180.0,65.08,False
2021-05-04,https://data.chc.ucsb.edu/products/CHIRPS-GEFS/v3/daily/global/2021/05/04/c3g_2021.05.04.tif,200.0,True,64809256.0,61.81,False
2021-05-05,https://data.chc.ucsb.edu/products/CHIRPS-GEFS/v3/daily/global/2021/05/05/c3g_2021.05.05.tif,200.0,True,68163592.0,65.01,False
2021-05-06,https://data.chc.ucsb.edu/products/CHIRPS-GEFS/v3/daily/global/2021/05/06/c3g_2021.05.06.tif,200.0,True,67065422.0,63.96,False
2021-05-07,https://data.chc.ucsb.edu/products/CHIRPS-GEFS/v3/daily/global/2021/05/07/c3g_2021.05.07.tif,200.0,True,64711804.0,61.71,False
2021-05-08,https://data.chc.ucsb.edu/products/CHIRPS-GEFS/v3/daily/global/2021/05/08/c3g_2021.05.08.tif,200.0,True,64387890.0,61.41,False
2021-05-09,https://data.chc.ucsb.edu/products/CHIRPS-GEFS/v3/daily/global/2021/05/09/c3g_2021.05.09.tif,200.0,True,64321460.0,61.34,False
2021-05-10,https://data.chc.ucsb.edu/products/CHIRPS-GEFS/v3/daily/global/2021/05/10/c3g_2021.05.10.tif,200.0,True,63185414.0,60.26,False
2021-05-11,https://data.chc.ucsb.edu/products/CHIRPS-GEFS/v3/daily/global/2021/05/11/c3g_2021.05.11.tif,200.0,True,61459322.0,58.61,False
2021-05-12,https://data.chc.ucsb.edu/products/CHIRPS-GEFS/v3/daily/global/2021/05/12/c3g_2021.05.12.tif,200.0,True,61993214.0,59.12,False
2021-05-13,https://data.chc.ucsb.edu/products/CHIRPS-GEFS/v3/daily/global/2021/05/13/c3g_2021.05.13.tif,200.0,True,61946310.0,59.08,False
2021-05-14,https://data.chc.ucsb.edu/products/CHIRPS-GEFS/v3/daily/global/2021/05/14/c3g_2021.05.14.tif,200.0,True,61743790.0,58.88,False
2021-05-15,https://data.chc.ucsb.edu/products/CHIRPS-GEFS/v3/daily/global/2021/05/15/c3g_2021.05.15.tif,200.0,True,61397476.0,58.55,False
2021-05-16,https://data.chc.ucsb.edu/products/CHIRPS-GEFS/v3/daily/global/2021/05/16/c3g_2021.05.16.tif,200.0,True,61521204.0,58.67,False
2021-05-17,https://data.chc.ucsb.edu/products/CHIRPS-GEFS/v3/daily/global/2021/05/17/c3g_2021.05.17.tif,200.0,True,62176994.0,59.3,False
2021-05-18,https://data.chc.ucsb.edu/products/CHIRPS-GEFS/v3/daily/global/2021/05/18/c3g_2021.05.18.tif,200.0,True,66498982.0,63.42,False
2021-05-19,https://data.chc.ucsb.edu/products/CHIRPS-GEFS/v3/daily/global/2021/05/19/c3g_2021.05.19.tif,200.0,True,63125618.0,60.2,False
2021-05-20,https://data.chc.ucsb.edu/products/CHIRPS-GEFS/v3/daily/global/2021/05/20/c3g_2021.05.20.tif,200.0,True,62330512.0,59.44,False
2021-05-21,https://data.chc.ucsb.edu/products/CHIRPS-GEFS/v3/daily/global/2021/05/21/c3g_2021.05.21.tif,200.0,True,62478934.0,59.58,False
2021-05-22,https://data.chc.ucsb.edu/products/CHIRPS-GEFS/v3/daily/global/2021/05/22/c3g_2021.05.22.tif,200.0,True,63655470.0,60.71,False
2021-05-23,https://data.chc.ucsb.edu/products/CHIRPS-GEFS/v3/daily/global/2021/05/23/c3g_2021.05.23.tif,200.0,True,63725900.0,60.77,False
2021-05-24,https://data.chc.ucsb.edu/products/CHIRPS-GEFS/v3/daily/global/2021/05/24/c3g_2021.05.24.tif,200.0,True,63826122.0,60.87,False
2021-05-25,https://data.chc.ucsb.edu/products/CHIRPS-GEFS/v3/daily/global/2021/05/25/c3g_2021.05.25.tif,200.0,True,63601918.0,60.66,False
2021-05-26,https://data.chc.ucsb.edu/products/CHIRPS-GEFS/v3/daily/global/2021/05/26/c3g_2021.05.26.tif,200.0,True,62832604.0,59.92,False
2021-05-27,https://data.chc.ucsb.edu/products/CHIRPS-GEFS/v3/daily/global/2021/05/27/c3g_2021.05.27.tif,200.0,True,62537960.0,59.64,False
2021-05-28,https://data.chc.ucsb.edu/products/CHIRPS-GEFS/v3/daily/global/2021/05/28/c3g_2021.05.28.tif,200.0,True,62532224.0,59.64,False
2021-05-29,https://data.chc.ucsb.edu/products/CHIRPS-GEFS/v3/daily/global/2021/05/29/c3g_2021.05.29.tif,200.0,True,63080302.0,60.16,False
2021-05-30,https://data.chc.ucsb.edu/products/CHIRPS-GEFS/v3/daily/global/2021/05/30/c3g_2021.05.30.tif,200.0,True,62988990.0,60.07,False
2021-05-31,https://data.chc.ucsb.edu/products/CHIRPS-GEFS/v3/daily/global/2021/05/31/c3g_2021.05.31.tif,200.0,True,63783748.0,60.83,False
2021-06-01,https://data.chc.ucsb.edu/products/CHIRPS-GEFS/v3/daily/global/2021/06/01/c3g_2021.06.01.tif,200.0,True,63789836.0,60.83,False
2021-06-02,https://data.chc.ucsb.edu/products/CHIRPS-GEFS/v3/daily/global/2021/06/02/c3g_2021.06.02.tif,200.0,True,65554428.0,62.52,False
2021-06-03,https://data.chc.ucsb.edu/products/CHIRPS-GEFS/v3/daily/global/2021/06/03/c3g_2021.06.03.tif,200.0,True,67920130.0,64.77,False
2021-06-04,https://data.chc.ucsb.edu/products/CHIRPS-GEFS/v3/daily/global/2021/06/04/c3g_2021.06.04.tif,200.0,True,66890430.0,63.79,False
2021-06-05,https://data.chc.ucsb.edu/products/CHIRPS-GEFS/v3/daily/global/2021/06/05/c3g_2021.06.05.tif,200.0,True,63643300.0,60.69,False
2021-06-06,https://data.chc.ucsb.edu/products/CHIRPS-GEFS/v3/daily/global/2021/06/06/c3g_2021.06.06.tif,200.0,True,63755804.0,60.8,False
2021-06-07,https://data.chc.ucsb.edu/products/CHIRPS-GEFS/v3/daily/global/2021/06/07/c3g_2021.06.07.tif,200.0,True,64333450.0,61.35,False
2021-06-08,https://data.chc.ucsb.edu/products/CHIRPS-GEFS/v3/daily/global/2021/06/08/c3g_2021.06.08.tif,200.0,True,67002814.0,63.9,False
2021-06-09,https://data.chc.ucsb.edu/products/CHIRPS-GEFS/v3/daily/global/2021/06/09/c3g_2021.06.09.tif,200.0,True,63919940.0,60.96,False
2021-06-10,https://data.chc.ucsb.edu/products/CHIRPS-GEFS/v3/daily/global/2021/06/10/c3g_2021.06.10.tif,200.0,True,64198826.0,61.22,False
2021-06-11,https://data.chc.ucsb.edu/products/CHIRPS-GEFS/v3/daily/global/2021/06/11/c3g_2021.06.11.tif,200.0,True,64153280.0,61.18,False
2021-06-12,https://data.chc.ucsb.edu/products/CHIRPS-GEFS/v3/daily/global/2021/06/12/c3g_2021.06.12.tif,200.0,True,63871576.0,60.91,False
2021-06-13,https://data.chc.ucsb.edu/products/CHIRPS-GEFS/v3/daily/global/2021/06/13/c3g_2021.06.13.tif,200.0,True,63124594.0,60.2,False
2021-06-14,https://data.chc.ucsb.edu/products/CHIRPS-GEFS/v3/daily/global/2021/06/14/c3g_2021.06.14.tif,200.0,True,66478702.0,63.4,False
2021-06-15,https://data.chc.ucsb.edu/products/CHIRPS-GEFS/v3/daily/global/2021/06/15/c3g_2021.06.15.tif,200.0,True,63835174.0,60.88,False
2021-06-16,https://data.chc.ucsb.edu/products/CHIRPS-GEFS/v3/daily/global/2021/06/16/c3g_2021.06.16.tif,200.0,True,64357460.0,61.38,False
2021-06-17,https://data.chc.ucsb.edu/products/CHIRPS-GEFS/v3/daily/global/2021/06/17/c3g_2021.06.17.tif,200.0,True,66566918.0,63.48,False
2021-06-18,https://data.chc.ucsb.edu/products/CHIRPS-GEFS/v3/daily/global/2021/06/18/c3g_2021.06.18.tif,200.0,True,66948776.0,63.85,False
2021-06-19,https://data.chc.ucsb.edu/products/CHIRPS-GEFS/v3/daily/global/2021/06/19/c3g_2021.06.19.tif,200.0,True,67438648.0,64.31,False
2021-06-20,https://data.chc.ucsb.edu/products/CHIRPS-GEFS/v3/daily/global/2021/06/20/c3g_2021.06.20.tif,200.0,True,64939634.0,61.93,False
2021-06-21,https://data.chc.ucsb.edu/products/CHIRPS-GEFS/v3/daily/global/2021/06/21/c3g_2021.06.21.tif,200.0,True,64813284.0,61.81,False
2021-06-22,https://data.chc.ucsb.edu/products/CHIRPS-GEFS/v3/daily/global/2021/06/22/c3g_2021.06.22.tif,200.0,True,65374902.0,62.35,False
2021-06-23,https://data.chc.ucsb.edu/products/CHIRPS-GEFS/v3/daily/global/2021/06/23/c3g_2021.06.23.tif,200.0,True,66287420.0,63.22,False
2021-06-24,https://data.chc.ucsb.edu/products/CHIRPS-GEFS/v3/daily/global/2021/06/24/c3g_2021.06.24.tif,200.0,True,65150294.0,62.13,False
2021-06-25,https://data.chc.ucsb.edu/products/CHIRPS-GEFS/v3/daily/global/2021/06/25/c3g_2021.06.25.tif,200.0,True,64981174.0,61.97,False
2021-06-26,https://data.chc.ucsb.edu/products/CHIRPS-GEFS/v3/daily/global/2021/06/26/c3g_2021.06.26.tif,200.0,True,64916444.0,61.91,False
2021-06-27,https://data.chc.ucsb.edu/products/CHIRPS-GEFS/v3/daily/global/2021/06/27/c3g_2021.06.27.tif,200.0,True,64222118.0,61.25,False
2021-06-28,https://data.chc.ucsb.edu/products/CHIRPS-GEFS/v3/daily/global/2021/06/28/c3g_2021.06.28.tif,200.0,True,63095540.0,60.17,False
2021-06-29,https://data.chc.ucsb.edu/products/CHIRPS-GEFS/v3/daily/global/2021/06/29/c3g_2021.06.29.tif,200.0,True,65644120.0,62.6,False
2021-06-30,https://data.chc.ucsb.edu/products/CHIRPS-GEFS/v3/daily/global/2021/06/30/c3g_2021.06.30.tif,200.0,True,65943164.0,62.89,False
2021-07-01,https://data.chc.ucsb.edu/products/CHIRPS-GEFS/v3/daily/global/2021/07/01/c3g_2021.07.01.tif,200.0,True,63996512.0,61.03,False
2021-07-02,https://data.chc.ucsb.edu/products/CHIRPS-GEFS/v3/daily/global/2021/07/02/c3g_2021.07.02.tif,200.0,True,64640946.0,61.65,False
2021-07-03,https://data.chc.ucsb.edu/products/CHIRPS-GEFS/v3/daily/global/2021/07/03/c3g_2021.07.03.tif,200.0,True,66355370.0,63.28,False
2021-07-04,https://data.chc.ucsb.edu/products/CHIRPS-GEFS/v3/daily/global/2021/07/04/c3g_2021.07.04.tif,200.0,True,63906788.0,60.95,False
2021-07-05,https://data.chc.ucsb.edu/products/CHIRPS-GEFS/v3/daily/global/2021/07/05/c3g_2021.07.05.tif,200.0,True,66332708.0,63.26,False
2021-07-06,https://data.chc.ucsb.edu/products/CHIRPS-GEFS/v3/daily/global/2021/07/06/c3g_2021.07.06.tif,200.0,True,64319252.0,61.34,False
2021-07-07,https://data.chc.ucsb.edu/products/CHIRPS-GEFS/v3/daily/global/2021/07/07/c3g_2021.07.07.tif,200.0,True,66559686.0,63.48,False
2021-07-08,https://data.chc.ucsb.edu/products/CHIRPS-GEFS/v3/daily/global/2021/07/08/c3g_2021.07.08.tif,200.0,True,68469796.0,65.3,False
2021-07-09,https://data.chc.ucsb.edu/products/CHIRPS-GEFS/v3/daily/global/2021/07/09/c3g_2021.07.09.tif,200.0,True,69215872.0,66.01,False
2021-07-10,https://data.chc.ucsb.edu/products/CHIRPS-GEFS/v3/daily/global/2021/07/10/c3g_2021.07.10.tif,200.0,True,64853042.0,61.85,False
2021-07-11,https://data.chc.ucsb.edu/products/CHIRPS-GEFS/v3/daily/global/2021/07/11/c3g_2021.07.11.tif,200.0,True,64563058.0,61.57,False
2021-07-12,https://data.chc.ucsb.edu/products/CHIRPS-GEFS/v3/daily/global/2021/07/12/c3g_2021.07.12.tif,200.0,True,65272516.0,62.25,False
2021-07-13,https://data.chc.ucsb.edu/products/CHIRPS-GEFS/v3/daily/global/2021/07/13/c3g_2021.07.13.tif,200.0,True,65618796.0,62.58,False
2021-07-14,https://data.chc.ucsb.edu/products/CHIRPS-GEFS/v3/daily/global/2021/07/14/c3g_2021.07.14.tif,200.0,True,65817890.0,62.77,False
2021-07-15,https://data.chc.ucsb.edu/products/CHIRPS-GEFS/v3/daily/global/2021/07/15/c3g_2021.07.15.tif,200.0,True,65790726.0,62.74,False
2021-07-16,https://data.chc.ucsb.edu/products/CHIRPS-GEFS/v3/daily/global/2021/07/16/c3g_2021.07.16.tif,200.0,True,64988380.0,61.98,False
2021-07-17,https://data.chc.ucsb.edu/products/CHIRPS-GEFS/v3/daily/global/2021/07/17/c3g_2021.07.17.tif,200.0,True,64736374.0,61.74,False
2021-07-18,https://data.chc.ucsb.edu/products/CHIRPS-GEFS/v3/daily/global/2021/07/18/c3g_2021.07.18.tif,200.0,True,64419834.0,61.44,False
2021-07-19,https://data.chc.ucsb.edu/products/CHIRPS-GEFS/v3/daily/global/2021/07/19/c3g_2021.07.19.tif,200.0,True,64884880.0,61.88,False
2021-07-20,https://data.chc.ucsb.edu/products/CHIRPS-GEFS/v3/daily/global/2021/07/20/c3g_2021.07.20.tif,200.0,True,64225668.0,61.25,False
2021-07-21,https://data.chc.ucsb.edu/products/CHIRPS-GEFS/v3/daily/global/2021/07/21/c3g_2021.07.21.tif,200.0,True,63881786.0,60.92,False
2021-07-22,https://data.chc.ucsb.edu/products/CHIRPS-GEFS/v3/daily/global/2021/07/22/c3g_2021.07.22.tif,200.0,True,64236090.0,61.26,False
2021-07-23,https://data.chc.ucsb.edu/products/CHIRPS-GEFS/v3/daily/global/2021/07/23/c3g_2021.07.23.tif,200.0,True,63804730.0,60.85,False
2021-07-24,https://data.chc.ucsb.edu/products/CHIRPS-GEFS/v3/daily/global/2021/07/24/c3g_2021.07.24.tif,200.0,True,62936934.0,60.02,False
2021-07-25,https://data.chc.ucsb.edu/products/CHIRPS-GEFS/v3/daily/global/2021/07/25/c3g_2021.07.25.tif,200.0,True,65649800.0,62.61,False
2021-07-26,https://data.chc.ucsb.edu/products/CHIRPS-GEFS/v3/daily/global/2021/07/26/c3g_2021.07.26.tif,200.0,True,66487704.0,63.41,False
2021-07-27,https://data.chc.ucsb.edu/products/CHIRPS-GEFS/v3/daily/global/2021/07/27/c3g_2021.07.27.tif,200.0,True,65531808.0,62.5,False
2021-07-28,https://data.chc.ucsb.edu/products/CHIRPS-GEFS/v3/daily/global/2021/07/28/c3g_2021.07.28.tif,200.0,True,65749576.0,62.7,False
2021-07-29,https://data.chc.ucsb.edu/products/CHIRPS-GEFS/v3/daily/global/2021/07/29/c3g_2021.07.29.tif,200.0,True,64840392.0,61.84,False
2021-07-30,https://data.chc.ucsb.edu/products/CHIRPS-GEFS/v3/daily/global/2021/07/30/c3g_2021.07.30.tif,200.0,True,65004876.0,61.99,False
2021-07-31,https://data.chc.ucsb.edu/products/CHIRPS-GEFS/v3/daily/global/2021/07/31/c3g_2021.07.31.tif,200.0,True,64249534.0,61.27,False
2021-08-01,https://data.chc.ucsb.edu/products/CHIRPS-GEFS/v3/daily/global/2021/08/01/c3g_2021.08.01.tif,200.0,True,64278650.0,61.3,False
2021-08-02,https://data.chc.ucsb.edu/products/CHIRPS-GEFS/v3/daily/global/2021/08/02/c3g_2021.08.02.tif,200.0,True,64050324.0,61.08,False
2021-08-03,https://data.chc.ucsb.edu/products/CHIRPS-GEFS/v3/daily/global/2021/08/03/c3g_2021.08.03.tif,200.0,True,66196368.0,63.13,False
2021-08-04,https://data.chc.ucsb.edu/products/CHIRPS-GEFS/v3/daily/global/2021/08/04/c3g_2021.08.04.tif,200.0,True,64044412.0,61.08,False
2021-08-05,https://data.chc.ucsb.edu/products/CHIRPS-GEFS/v3/daily/global/2021/08/05/c3g_2021.08.05.tif,200.0,True,63495596.0,60.55,False
2021-08-06,https://data.chc.ucsb.edu/products/CHIRPS-GEFS/v3/daily/global/2021/08/06/c3g_2021.08.06.tif,200.0,True,64176188.0,61.2,False
2021-08-07,https://data.chc.ucsb.edu/products/CHIRPS-GEFS/v3/daily/global/2021/08/07/c3g_2021.08.07.tif,200.0,True,65852048.0,62.8,False
2021-08-08,https://data.chc.ucsb.edu/products/CHIRPS-GEFS/v3/daily/global/2021/08/08/c3g_2021.08.08.tif,200.0,True,65662566.0,62.62,False
2021-08-09,https://data.chc.ucsb.edu/products/CHIRPS-GEFS/v3/daily/global/2021/08/09/c3g_2021.08.09.tif,200.0,True,65924998.0,62.87,False
2021-08-10,https://data.chc.ucsb.edu/products/CHIRPS-GEFS/v3/daily/global/2021/08/10/c3g_2021.08.10.tif,200.0,True,65403592.0,62.37,False
2021-08-11,https://data.chc.ucsb.edu/products/CHIRPS-GEFS/v3/daily/global/2021/08/11/c3g_2021.08.11.tif,200.0,True,65298470.0,62.27,False
2021-08-12,https://data.chc.ucsb.edu/products/CHIRPS-GEFS/v3/daily/global/2021/08/12/c3g_2021.08.12.tif,200.0,True,63784810.0,60.83,False
2021-08-13,https://data.chc.ucsb.edu/products/CHIRPS-GEFS/v3/daily/global/2021/08/13/c3g_2021.08.13.tif,200.0,True,63668954.0,60.72,False
2021-08-14,https://data.chc.ucsb.edu/products/CHIRPS-GEFS/v3/daily/global/2021/08/14/c3g_2021.08.14.tif,200.0,True,63594772.0,60.65,False
2021-08-15,https://data.chc.ucsb.edu/products/CHIRPS-GEFS/v3/daily/global/2021/08/15/c3g_2021.08.15.tif,200.0,True,63488118.0,60.55,False
2021-08-16,https://data.chc.ucsb.edu/products/CHIRPS-GEFS/v3/daily/global/2021/08/16/c3g_2021.08.16.tif,200.0,True,62991672.0,60.07,False
2021-08-17,https://data.chc.ucsb.edu/products/CHIRPS-GEFS/v3/daily/global/2021/08/17/c3g_2021.08.17.tif,200.0,True,64132736.0,61.16,False
2021-08-18,https://data.chc.ucsb.edu/products/CHIRPS-GEFS/v3/daily/global/2021/08/18/c3g_2021.08.18.tif,200.0,True,64602740.0,61.61,False
2021-08-19,https://data.chc.ucsb.edu/products/CHIRPS-GEFS/v3/daily/global/2021/08/19/c3g_2021.08.19.tif,200.0,True,65029920.0,62.02,False
2021-08-20,https://data.chc.ucsb.edu/products/CHIRPS-GEFS/v3/daily/global/2021/08/20/c3g_2021.08.20.tif,200.0,True,65752406.0,62.71,False
2021-08-21,https://data.chc.ucsb.edu/products/CHIRPS-GEFS/v3/daily/global/2021/08/21/c3g_2021.08.21.tif,200.0,True,65444342.0,62.41,False
2021-08-22,https://data.chc.ucsb.edu/products/CHIRPS-GEFS/v3/daily/global/2021/08/22/c3g_2021.08.22.tif,200.0,True,65640028.0,62.6,False
2021-08-23,https://data.chc.ucsb.edu/products/CHIRPS-GEFS/v3/daily/global/2021/08/23/c3g_2021.08.23.tif,200.0,True,64588438.0,61.6,False
2021-08-24,https://data.chc.ucsb.edu/products/CHIRPS-GEFS/v3/daily/global/2021/08/24/c3g_2021.08.24.tif,200.0,True,68374682.0,65.21,False
2021-08-25,https://data.chc.ucsb.edu/products/CHIRPS-GEFS/v3/daily/global/2021/08/25/c3g_2021.08.25.tif,200.0,True,64469488.0,61.48,False
2021-08-26,https://data.chc.ucsb.edu/products/CHIRPS-GEFS/v3/daily/global/2021/08/26/c3g_2021.08.26.tif,200.0,True,67237826.0,64.12,False
2021-08-27,https://data.chc.ucsb.edu/products/CHIRPS-GEFS/v3/daily/global/2021/08/27/c3g_2021.08.27.tif,200.0,True,65425346.0,62.39,False
2021-08-28,https://data.chc.ucsb.edu/products/CHIRPS-GEFS/v3/daily/global/2021/08/28/c3g_2021.08.28.tif,200.0,True,64965880.0,61.96,False
2021-08-29,https://data.chc.ucsb.edu/products/CHIRPS-GEFS/v3/daily/global/2021/08/29/c3g_2021.08.29.tif,200.0,True,64297664.0,61.32,False
2021-08-30,https://data.chc.ucsb.edu/products/CHIRPS-GEFS/v3/daily/global/2021/08/30/c3g_2021.08.30.tif,200.0,True,63557318.0,60.61,False
2021-08-31,https://data.chc.ucsb.edu/products/CHIRPS-GEFS/v3/daily/global/2021/08/31/c3g_2021.08.31.tif,200.0,True,65292672.0,62.27,False
2021-09-01,https://data.chc.ucsb.edu/products/CHIRPS-GEFS/v3/daily/global/2021/09/01/c3g_2021.09.01.tif,200.0,True,67789034.0,64.65,False
2021-09-02,https://data.chc.ucsb.edu/products/CHIRPS-GEFS/v3/daily/global/2021/09/02/c3g_2021.09.02.tif,200.0,True,65668226.0,62.63,False
2021-09-03,https://data.chc.ucsb.edu/products/CHIRPS-GEFS/v3/daily/global/2021/09/03/c3g_2021.09.03.tif,200.0,True,67942214.0,64.79,False
2021-09-04,https://data.chc.ucsb.edu/products/CHIRPS-GEFS/v3/daily/global/2021/09/04/c3g_2021.09.04.tif,200.0,True,68503642.0,65.33,False
2021-09-05,https://data.chc.ucsb.edu/products/CHIRPS-GEFS/v3/daily/global/2021/09/05/c3g_2021.09.05.tif,200.0,True,65223478.0,62.2,False
2021-09-06,https://data.chc.ucsb.edu/products/CHIRPS-GEFS/v3/daily/global/2021/09/06/c3g_2021.09.06.tif,200.0,True,68477912.0,65.31,False
2021-09-07,https://data.chc.ucsb.edu/products/CHIRPS-GEFS/v3/daily/global/2021/09/07/c3g_2021.09.07.tif,200.0,True,64221070.0,61.25,False
2021-09-08,https://data.chc.ucsb.edu/products/CHIRPS-GEFS/v3/daily/global/2021/09/08/c3g_2021.09.08.tif,200.0,True,64873568.0,61.87,False
2021-09-09,https://data.chc.ucsb.edu/products/CHIRPS-GEFS/v3/daily/global/2021/09/09/c3g_2021.09.09.tif,200.0,True,64462752.0,61.48,False
2021-09-10,https://data.chc.ucsb.edu/products/CHIRPS-GEFS/v3/daily/global/2021/09/10/c3g_2021.09.10.tif,200.0,True,64948132.0,61.94,False
2021-09-11,https://data.chc.ucsb.edu/products/CHIRPS-GEFS/v3/daily/global/2021/09/11/c3g_2021.09.11.tif,200.0,True,64793304.0,61.79,False
2021-09-12,https://data.chc.ucsb.edu/products/CHIRPS-GEFS/v3/daily/global/2021/09/12/c3g_2021.09.12.tif,200.0,True,65503524.0,62.47,False
2021-09-13,https://data.chc.ucsb.edu/products/CHIRPS-GEFS/v3/daily/global/2021/09/13/c3g_2021.09.13.tif,200.0,True,66126502.0,63.06,False
2021-09-14,https://data.chc.ucsb.edu/products/CHIRPS-GEFS/v3/daily/global/2021/09/14/c3g_2021.09.14.tif,200.0,True,65521652.0,62.49,False
2021-09-15,https://data.chc.ucsb.edu/products/CHIRPS-GEFS/v3/daily/global/2021/09/15/c3g_2021.09.15.tif,200.0,True,65600586.0,62.56,False
2021-09-16,https://data.chc.ucsb.edu/products/CHIRPS-GEFS/v3/daily/global/2021/09/16/c3g_2021.09.16.tif,200.0,True,66206006.0,63.14,False
2021-09-17,https://data.chc.ucsb.edu/products/CHIRPS-GEFS/v3/daily/global/2021/09/17/c3g_2021.09.17.tif,200.0,True,65749698.0,62.7,False
2021-09-18,https://data.chc.ucsb.edu/products/CHIRPS-GEFS/v3/daily/global/2021/09/18/c3g_2021.09.18.tif,200.0,True,65622466.0,62.58,False
2021-09-19,https://data.chc.ucsb.edu/products/CHIRPS-GEFS/v3/daily/global/2021/09/19/c3g_2021.09.19.tif,200.0,True,64906948.0,61.9,False
2021-09-20,https://data.chc.ucsb.edu/products/CHIRPS-GEFS/v3/daily/global/2021/09/20/c3g_2021.09.20.tif,200.0,True,65095620.0,62.08,False
2021-09-21,https://data.chc.ucsb.edu/products/CHIRPS-GEFS/v3/daily/global/2021/09/21/c3g_2021.09.21.tif,200.0,True,63720668.0,60.77,False
2021-09-22,https://data.chc.ucsb.edu/products/CHIRPS-GEFS/v3/daily/global/2021/09/22/c3g_2021.09.22.tif,200.0,True,66918398.0,63.82,False
2021-09-23,https://data.chc.ucsb.edu/products/CHIRPS-GEFS/v3/daily/global/2021/09/23/c3g_2021.09.23.tif,200.0,True,63411222.0,60.47,False
2021-09-24,https://data.chc.ucsb.edu/products/CHIRPS-GEFS/v3/daily/global/2021/09/24/c3g_2021.09.24.tif,200.0,True,63144522.0,60.22,False
2021-09-25,https://data.chc.ucsb.edu/products/CHIRPS-GEFS/v3/daily/global/2021/09/25/c3g_2021.09.25.tif,200.0,True,63420876.0,60.48,False
2021-09-26,https://data.chc.ucsb.edu/products/CHIRPS-GEFS/v3/daily/global/2021/09/26/c3g_2021.09.26.tif,200.0,True,64186314.0,61.21,False
2021-09-27,https://data.chc.ucsb.edu/products/CHIRPS-GEFS/v3/daily/global/2021/09/27/c3g_2021.09.27.tif,200.0,True,64072156.0,61.1,False
2021-09-28,https://data.chc.ucsb.edu/products/CHIRPS-GEFS/v3/daily/global/2021/09/28/c3g_2021.09.28.tif,200.0,True,67231968.0,64.12,False
2021-09-29,https://data.chc.ucsb.edu/products/CHIRPS-GEFS/v3/daily/global/2021/09/29/c3g_2021.09.29.tif,200.0,True,65158372.0,62.14,False
2021-09-30,https://data.chc.ucsb.edu/products/CHIRPS-GEFS/v3/daily/global/2021/09/30/c3g_2021.09.30.tif,200.0,True,65341922.0,62.31,False
2021-10-01,https://data.chc.ucsb.edu/products/CHIRPS-GEFS/v3/daily/global/2021/10/01/c3g_2021.10.01.tif,200.0,True,65090630.0,62.08,False
2021-10-02,https://data.chc.ucsb.edu/products/CHIRPS-GEFS/v3/daily/global/2021/10/02/c3g_2021.10.02.tif,200.0,True,65580826.0,62.54,False
2021-10-03,https://data.chc.ucsb.edu/products/CHIRPS-GEFS/v3/daily/global/2021/10/03/c3g_2021.10.03.tif,200.0,True,64979356.0,61.97,False
2021-10-04,https://data.chc.ucsb.edu/products/CHIRPS-GEFS/v3/daily/global/2021/10/04/c3g_2021.10.04.tif,200.0,True,65940882.0,62.89,False
2021-10-05,https://data.chc.ucsb.edu/products/CHIRPS-GEFS/v3/daily/global/2021/10/05/c3g_2021.10.05.tif,200.0,True,62263524.0,59.38,False
2021-10-06,https://data.chc.ucsb.edu/products/CHIRPS-GEFS/v3/daily/global/2021/10/06/c3g_2021.10.06.tif,200.0,True,65456486.0,62.42,False
2021-10-07,https://data.chc.ucsb.edu/products/CHIRPS-GEFS/v3/daily/global/2021/10/07/c3g_2021.10.07.tif,200.0,True,62485896.0,59.59,False
2021-10-08,https://data.chc.ucsb.edu/products/CHIRPS-GEFS/v3/daily/global/2021/10/08/c3g_2021.10.08.tif,200.0,True,62169556.0,59.29,False
2021-10-09,https://data.chc.ucsb.edu/products/CHIRPS-GEFS/v3/daily/global/2021/10/09/c3g_2021.10.09.tif,200.0,True,62693490.0,59.79,False
2021-10-10,https://data.chc.ucsb.edu/products/CHIRPS-GEFS/v3/daily/global/2021/10/10/c3g_2021.10.10.tif,200.0,True,62327028.0,59.44,False
2021-10-11,https://data.chc.ucsb.edu/products/CHIRPS-GEFS/v3/daily/global/2021/10/11/c3g_2021.10.11.tif,200.0,True,64839216.0,61.84,False
2021-10-12,https://data.chc.ucsb.edu/products/CHIRPS-GEFS/v3/daily/global/2021/10/12/c3g_2021.10.12.tif,200.0,True,61684384.0,58.83,False
2021-10-13,https://data.chc.ucsb.edu/products/CHIRPS-GEFS/v3/daily/global/2021/10/13/c3g_2021.10.13.tif,200.0,True,62777440.0,59.87,False
2021-10-14,https://data.chc.ucsb.edu/products/CHIRPS-GEFS/v3/daily/global/2021/10/14/c3g_2021.10.14.tif,200.0,True,63845974.0,60.89,False
2021-10-15,https://data.chc.ucsb.edu/products/CHIRPS-GEFS/v3/daily/global/2021/10/15/c3g_2021.10.15.tif,200.0,True,62586018.0,59.69,False
2021-10-16,https://data.chc.ucsb.edu/products/CHIRPS-GEFS/v3/daily/global/2021/10/16/c3g_2021.10.16.tif,200.0,True,61809670.0,58.95,False
2021-10-17,https://data.chc.ucsb.edu/products/CHIRPS-GEFS/v3/daily/global/2021/10/17/c3g_2021.10.17.tif,200.0,True,62196072.0,59.31,False
2021-10-18,https://data.chc.ucsb.edu/products/CHIRPS-GEFS/v3/daily/global/2021/10/18/c3g_2021.10.18.tif,200.0,True,62956214.0,60.04,False
2021-10-19,https://data.chc.ucsb.edu/products/CHIRPS-GEFS/v3/daily/global/2021/10/19/c3g_2021.10.19.tif,200.0,True,67158068.0,64.05,False
2021-10-20,https://data.chc.ucsb.edu/products/CHIRPS-GEFS/v3/daily/global/2021/10/20/c3g_2021.10.20.tif,200.0,True,62846758.0,59.94,False
2021-10-21,https://data.chc.ucsb.edu/products/CHIRPS-GEFS/v3/daily/global/2021/10/21/c3g_2021.10.21.tif,200.0,True,63221254.0,60.29,False
2021-10-22,https://data.chc.ucsb.edu/products/CHIRPS-GEFS/v3/daily/global/2021/10/22/c3g_2021.10.22.tif,200.0,True,62836798.0,59.93,False
2021-10-23,https://data.chc.ucsb.edu/products/CHIRPS-GEFS/v3/daily/global/2021/10/23/c3g_2021.10.23.tif,200.0,True,62973640.0,60.06,False
2021-10-24,https://data.chc.ucsb.edu/products/CHIRPS-GEFS/v3/daily/global/2021/10/24/c3g_2021.10.24.tif,200.0,True,63232836.0,60.3,False
2021-10-25,https://data.chc.ucsb.edu/products/CHIRPS-GEFS/v3/daily/global/2021/10/25/c3g_2021.10.25.tif,200.0,True,62708756.0,59.8,False
2021-10-26,https://data.chc.ucsb.edu/products/CHIRPS-GEFS/v3/daily/global/2021/10/26/c3g_2021.10.26.tif,200.0,True,62409778.0,59.52,False
2021-10-27,https://data.chc.ucsb.edu/products/CHIRPS-GEFS/v3/daily/global/2021/10/27/c3g_2021.10.27.tif,200.0,True,62760382.0,59.85,False
2021-10-28,https://data.chc.ucsb.edu/products/CHIRPS-GEFS/v3/daily/global/2021/10/28/c3g_2021.10.28.tif,200.0,True,62844798.0,59.93,False
2021-10-29,https://data.chc.ucsb.edu/products/CHIRPS-GEFS/v3/daily/global/2021/10/29/c3g_2021.10.29.tif,200.0,True,62171212.0,59.29,False
2021-10-30,https://data.chc.ucsb.edu/products/CHIRPS-GEFS/v3/daily/global/2021/10/30/c3g_2021.10.30.tif,200.0,True,64783282.0,61.78,False
2021-10-31,https://data.chc.ucsb.edu/products/CHIRPS-GEFS/v3/daily/global/2021/10/31/c3g_2021.10.31.tif,200.0,True,61514256.0,58.66,False
2021-11-01,https://data.chc.ucsb.edu/products/CHIRPS-GEFS/v3/daily/global/2021/11/01/c3g_2021.11.01.tif,200.0,True,62257996.0,59.37,False
2021-11-02,https://data.chc.ucsb.edu/products/CHIRPS-GEFS/v3/daily/global/2021/11/02/c3g_2021.11.02.tif,200.0,True,67705068.0,64.57,False
2021-11-03,https://data.chc.ucsb.edu/products/CHIRPS-GEFS/v3/daily/global/2021/11/03/c3g_2021.11.03.tif,200.0,True,62730030.0,59.82,False
2021-11-04,https://data.chc.ucsb.edu/products/CHIRPS-GEFS/v3/daily/global/2021/11/04/c3g_2021.11.04.tif,200.0,True,63116138.0,60.19,False
2021-11-05,https://data.chc.ucsb.edu/products/CHIRPS-GEFS/v3/daily/global/2021/11/05/c3g_2021.11.05.tif,200.0,True,62947070.0,60.03,False
2021-11-06,https://data.chc.ucsb.edu/products/CHIRPS-GEFS/v3/daily/global/2021/11/06/c3g_2021.11.06.tif,200.0,True,62730110.0,59.82,False
2021-11-07,https://data.chc.ucsb.edu/products/CHIRPS-GEFS/v3/daily/global/2021/11/07/c3g_2021.11.07.tif,200.0,True,61565964.0,58.71,False
2021-11-08,https://data.chc.ucsb.edu/products/CHIRPS-GEFS/v3/daily/global/2021/11/08/c3g_2021.11.08.tif,200.0,True,61461018.0,58.61,False
2021-11-09,https://data.chc.ucsb.edu/products/CHIRPS-GEFS/v3/daily/global/2021/11/09/c3g_2021.11.09.tif,200.0,True,62476772.0,59.58,False
2021-11-10,https://data.chc.ucsb.edu/products/CHIRPS-GEFS/v3/daily/global/2021/11/10/c3g_2021.11.10.tif,200.0,True,62985774.0,60.07,False
2021-11-11,https://data.chc.ucsb.edu/products/CHIRPS-GEFS/v3/daily/global/2021/11/11/c3g_2021.11.11.tif,200.0,True,62288818.0,59.4,False
2021-11-12,https://data.chc.ucsb.edu/products/CHIRPS-GEFS/v3/daily/global/2021/11/12/c3g_2021.11.12.tif,200.0,True,62429448.0,59.54,False
2021-11-13,https://data.chc.ucsb.edu/products/CHIRPS-GEFS/v3/daily/global/2021/11/13/c3g_2021.11.13.tif,200.0,True,66548118.0,63.47,False
2021-11-14,https://data.chc.ucsb.edu/products/CHIRPS-GEFS/v3/daily/global/2021/11/14/c3g_2021.11.14.tif,200.0,True,62875080.0,59.96,False
2021-11-15,https://data.chc.ucsb.edu/products/CHIRPS-GEFS/v3/daily/global/2021/11/15/c3g_2021.11.15.tif,200.0,True,62306900.0,59.42,False
2021-11-16,https://data.chc.ucsb.edu/products/CHIRPS-GEFS/v3/daily/global/2021/11/16/c3g_2021.11.16.tif,200.0,True,62191580.0,59.31,False
2021-11-17,https://data.chc.ucsb.edu/products/CHIRPS-GEFS/v3/daily/global/2021/11/17/c3g_2021.11.17.tif,200.0,True,62578954.0,59.68,False
2021-11-18,https://data.chc.ucsb.edu/products/CHIRPS-GEFS/v3/daily/global/2021/11/18/c3g_2021.11.18.tif,200.0,True,66096496.0,63.03,False
2021-11-19,https://data.chc.ucsb.edu/products/CHIRPS-GEFS/v3/daily/global/2021/11/19/c3g_2021.11.19.tif,200.0,True,63676690.0,60.73,False
2021-11-20,https://data.chc.ucsb.edu/products/CHIRPS-GEFS/v3/daily/global/2021/11/20/c3g_2021.11.20.tif,200.0,True,65824638.0,62.78,False
2021-11-21,https://data.chc.ucsb.edu/products/CHIRPS-GEFS/v3/daily/global/2021/11/21/c3g_2021.11.21.tif,200.0,True,63991878.0,61.03,False
2021-11-22,https://data.chc.ucsb.edu/products/CHIRPS-GEFS/v3/daily/global/2021/11/22/c3g_2021.11.22.tif,200.0,True,64218284.0,61.24,False
2021-11-23,https://data.chc.ucsb.edu/products/CHIRPS-GEFS/v3/daily/global/2021/11/23/c3g_2021.11.23.tif,200.0,True,63082354.0,60.16,False
2021-11-24,https://data.chc.ucsb.edu/products/CHIRPS-GEFS/v3/daily/global/2021/11/24/c3g_2021.11.24.tif,200.0,True,62279366.0,59.39,False
2021-11-25,https://data.chc.ucsb.edu/products/CHIRPS-GEFS/v3/daily/global/2021/11/25/c3g_2021.11.25.tif,200.0,True,62248950.0,59.37,False
2021-11-26,https://data.chc.ucsb.edu/products/CHIRPS-GEFS/v3/daily/global/2021/11/26/c3g_2021.11.26.tif,200.0,True,62159456.0,59.28,False
2021-11-27,https://data.chc.ucsb.edu/products/CHIRPS-GEFS/v3/daily/global/2021/11/27/c3g_2021.11.27.tif,200.0,True,65341430.0,62.31,False
2021-11-28,https://data.chc.ucsb.edu/products/CHIRPS-GEFS/v3/daily/global/2021/11/28/c3g_2021.11.28.tif,200.0,True,62053718.0,59.18,False
2021-11-29,https://data.chc.ucsb.edu/products/CHIRPS-GEFS/v3/daily/global/2021/11/29/c3g_2021.11.29.tif,200.0,True,63423772.0,60.49,False
2021-11-30,https://data.chc.ucsb.edu/products/CHIRPS-GEFS/v3/daily/global/2021/11/30/c3g_2021.11.30.tif,200.0,True,62396544.0,59.51,False
2021-12-01,https://data.chc.ucsb.edu/products/CHIRPS-GEFS/v3/daily/global/2021/12/01/c3g_2021.12.01.tif,200.0,True,64682510.0,61.69,False
2021-12-02,https://data.chc.ucsb.edu/products/CHIRPS-GEFS/v3/daily/global/2021/12/02/c3g_2021.12.02.tif,200.0,True,63730472.0,60.78,False
2021-12-03,https://data.chc.ucsb.edu/products/CHIRPS-GEFS/v3/daily/global/2021/12/03/c3g_2021.12.03.tif,200.0,True,63309358.0,60.38,False
2021-12-04,https://data.chc.ucsb.edu/products/CHIRPS-GEFS/v3/daily/global/2021/12/04/c3g_2021.12.04.tif,200.0,True,62940588.0,60.02,False
2021-12-05,https://data.chc.ucsb.edu/products/CHIRPS-GEFS/v3/daily/global/2021/12/05/c3g_2021.12.05.tif,200.0,True,67098492.0,63.99,False
2021-12-06,https://data.chc.ucsb.edu/products/CHIRPS-GEFS/v3/daily/global/2021/12/06/c3g_2021.12.06.tif,200.0,True,63527102.0,60.58,False
2021-12-07,https://data.chc.ucsb.edu/products/CHIRPS-GEFS/v3/daily/global/2021/12/07/c3g_2021.12.07.tif,200.0,True,65870228.0,62.82,False
2021-12-08,https://data.chc.ucsb.edu/products/CHIRPS-GEFS/v3/daily/global/2021/12/08/c3g_2021.12.08.tif,200.0,True,63082740.0,60.16,False
2021-12-09,https://data.chc.ucsb.edu/products/CHIRPS-GEFS/v3/daily/global/2021/12/09/c3g_2021.12.09.tif,200.0,True,63443760.0,60.5,False
2021-12-10,https://data.chc.ucsb.edu/products/CHIRPS-GEFS/v3/daily/global/2021/12/10/c3g_2021.12.10.tif,200.0,True,63569228.0,60.62,False
2021-12-11,https://data.chc.ucsb.edu/products/CHIRPS-GEFS/v3/daily/global/2021/12/11/c3g_2021.12.11.tif,200.0,True,64907120.0,61.9,False
2021-12-12,https://data.chc.ucsb.edu/products/CHIRPS-GEFS/v3/daily/global/2021/12/12/c3g_2021.12.12.tif,200.0,True,63332062.0,60.4,False
2021-12-13,https://data.chc.ucsb.edu/products/CHIRPS-GEFS/v3/daily/global/2021/12/13/c3g_2021.12.13.tif,200.0,True,63048470.0,60.13,False
2021-12-14,https://data.chc.ucsb.edu/products/CHIRPS-GEFS/v3/daily/global/2021/12/14/c3g_2021.12.14.tif,200.0,True,63212118.0,60.28,False
2021-12-15,https://data.chc.ucsb.edu/products/CHIRPS-GEFS/v3/daily/global/2021/12/15/c3g_2021.12.15.tif,200.0,True,66801840.0,63.71,False
2021-12-16,https://data.chc.ucsb.edu/products/CHIRPS-GEFS/v3/daily/global/2021/12/16/c3g_2021.12.16.tif,200.0,True,63468304.0,60.53,False
2021-12-17,https://data.chc.ucsb.edu/products/CHIRPS-GEFS/v3/daily/global/2021/12/17/c3g_2021.12.17.tif,200.0,True,63307552.0,60.37,False
2021-12-18,https://data.chc.ucsb.edu/products/CHIRPS-GEFS/v3/daily/global/2021/12/18/c3g_2021.12.18.tif,200.0,True,63096608.0,60.17,False
2021-12-19,https://data.chc.ucsb.edu/products/CHIRPS-GEFS/v3/daily/global/2021/12/19/c3g_2021.12.19.tif,200.0,True,63257510.0,60.33,False
2021-12-20,https://data.chc.ucsb.edu/products/CHIRPS-GEFS/v3/daily/global/2021/12/20/c3g_2021.12.20.tif,200.0,True,61519902.0,58.67,False
2021-12-21,https://data.chc.ucsb.edu/products/CHIRPS-GEFS/v3/daily/global/2021/12/21/c3g_2021.12.21.tif,200.0,True,61313210.0,58.47,False
2021-12-22,https://data.chc.ucsb.edu/products/CHIRPS-GEFS/v3/daily/global/2021/12/22/c3g_2021.12.22.tif,200.0,True,60883548.0,58.06,False
2021-12-23,https://data.chc.ucsb.edu/products/CHIRPS-GEFS/v3/daily/global/2021/12/23/c3g_2021.12.23.tif,200.0,True,61090208.0,58.26,False
2021-12-24,https://data.chc.ucsb.edu/products/CHIRPS-GEFS/v3/daily/global/2021/12/24/c3g_2021.12.24.tif,200.0,True,61656760.0,58.8,False
2021-12-25,https://data.chc.ucsb.edu/products/CHIRPS-GEFS/v3/daily/global/2021/12/25/c3g_2021.12.25.tif,200.0,True,61309542.0,58.47,False
2021-12-26,https://data.chc.ucsb.edu/products/CHIRPS-GEFS/v3/daily/global/2021/12/26/c3g_2021.12.26.tif,200.0,True,60201592.0,57.41,False
2021-12-27,https://data.chc.ucsb.edu/products/CHIRPS-GEFS/v3/daily/global/2021/12/27/c3g_2021.12.27.tif,200.0,True,62015044.0,59.14,False
2021-12-28,https://data.chc.ucsb.edu/products/CHIRPS-GEFS/v3/daily/global/2021/12/28/c3g_2021.12.28.tif,200.0,True,62564198.0,59.67,False
2021-12-29,https://data.chc.ucsb.edu/products/CHIRPS-GEFS/v3/daily/global/2021/12/29/c3g_2021.12.29.tif,200.0,True,62249944.0,59.37,False
2021-12-30,https://data.chc.ucsb.edu/products/CHIRPS-GEFS/v3/daily/global/2021/12/30/c3g_2021.12.30.tif,200.0,True,62714590.0,59.81,False
2021-12-31,https://data.chc.ucsb.edu/products/CHIRPS-GEFS/v3/daily/global/2021/12/31/c3g_2021.12.31.tif,200.0,True,62280966.0,59.4,False
2022-01-01,https://data.chc.ucsb.edu/products/CHIRPS-GEFS/v3/daily/global/2022/01/01/c3g_2022.01.01.tif,200.0,True,65817340.0,62.77,False
2022-01-02,https://data.chc.ucsb.edu/products/CHIRPS-GEFS/v3/daily/global/2022/01/02/c3g_2022.01.02.tif,200.0,True,61639502.0,58.78,False
2022-01-03,https://data.chc.ucsb.edu/products/CHIRPS-GEFS/v3/daily/global/2022/01/03/c3g_2022.01.03.tif,200.0,True,60964680.0,58.14,False
2022-01-04,https://data.chc.ucsb.edu/products/CHIRPS-GEFS/v3/daily/global/2022/01/04/c3g_2022.01.04.tif,200.0,True,61767706.0,58.91,False
2022-01-05,https://data.chc.ucsb.edu/products/CHIRPS-GEFS/v3/daily/global/2022/01/05/c3g_2022.01.05.tif,200.0,True,61404550.0,58.56,False
2022-01-06,https://data.chc.ucsb.edu/products/CHIRPS-GEFS/v3/daily/global/2022/01/06/c3g_2022.01.06.tif,200.0,True,62468626.0,59.57,False
2022-01-07,https://data.chc.ucsb.edu/products/CHIRPS-GEFS/v3/daily/global/2022/01/07/c3g_2022.01.07.tif,200.0,True,67740320.0,64.6,False
2022-01-08,https://data.chc.ucsb.edu/products/CHIRPS-GEFS/v3/daily/global/2022/01/08/c3g_2022.01.08.tif,200.0,True,63106690.0,60.18,False
2022-01-09,https://data.chc.ucsb.edu/products/CHIRPS-GEFS/v3/daily/global/2022/01/09/c3g_2022.01.09.tif,200.0,True,62740608.0,59.83,False
2022-01-10,https://data.chc.ucsb.edu/products/CHIRPS-GEFS/v3/daily/global/2022/01/10/c3g_2022.01.10.tif,200.0,True,65627984.0,62.59,False
2022-01-11,https://data.chc.ucsb.edu/products/CHIRPS-GEFS/v3/daily/global/2022/01/11/c3g_2022.01.11.tif,200.0,True,64318676.0,61.34,False
2022-01-12,https://data.chc.ucsb.edu/products/CHIRPS-GEFS/v3/daily/global/2022/01/12/c3g_2022.01.12.tif,200.0,True,60984650.0,58.16,False
2022-01-13,https://data.chc.ucsb.edu/products/CHIRPS-GEFS/v3/daily/global/2022/01/13/c3g_2022.01.13.tif,200.0,True,61999378.0,59.13,False
2022-01-14,https://data.chc.ucsb.edu/products/CHIRPS-GEFS/v3/daily/global/2022/01/14/c3g_2022.01.14.tif,200.0,True,63117698.0,60.19,False
2022-01-15,https://data.chc.ucsb.edu/products/CHIRPS-GEFS/v3/daily/global/2022/01/15/c3g_2022.01.15.tif,200.0,True,66671082.0,63.58,False
2022-01-16,https://data.chc.ucsb.edu/products/CHIRPS-GEFS/v3/daily/global/2022/01/16/c3g_2022.01.16.tif,200.0,True,66482316.0,63.4,False
2022-01-17,https://data.chc.ucsb.edu/products/CHIRPS-GEFS/v3/daily/global/2022/01/17/c3g_2022.01.17.tif,200.0,True,63372564.0,60.44,False
2022-01-18,https://data.chc.ucsb.edu/products/CHIRPS-GEFS/v3/daily/global/2022/01/18/c3g_2022.01.18.tif,200.0,True,65142580.0,62.12,False
2022-01-19,https://data.chc.ucsb.edu/products/CHIRPS-GEFS/v3/daily/global/2022/01/19/c3g_2022.01.19.tif,200.0,True,62727176.0,59.82,False
2022-01-20,https://data.chc.ucsb.edu/products/CHIRPS-GEFS/v3/daily/global/2022/01/20/c3g_2022.01.20.tif,200.0,True,62942328.0,60.03,False
2022-01-21,https://data.chc.ucsb.edu/products/CHIRPS-GEFS/v3/daily/global/2022/01/21/c3g_2022.01.21.tif,200.0,True,62589802.0,59.69,False
2022-01-22,https://data.chc.ucsb.edu/products/CHIRPS-GEFS/v3/daily/global/2022/01/22/c3g_2022.01.22.tif,200.0,True,64892842.0,61.89,False
2022-01-23,https://data.chc.ucsb.edu/products/CHIRPS-GEFS/v3/daily/global/2022/01/23/c3g_2022.01.23.tif,200.0,True,63692766.0,60.74,False
2022-01-24,https://data.chc.ucsb.edu/products/CHIRPS-GEFS/v3/daily/global/2022/01/24/c3g_2022.01.24.tif,200.0,True,61856640.0,58.99,False
2022-01-25,https://data.chc.ucsb.edu/products/CHIRPS-GEFS/v3/daily/global/2022/01/25/c3g_2022.01.25.tif,200.0,True,65083698.0,62.07,False
2022-01-26,https://data.chc.ucsb.edu/products/CHIRPS-GEFS/v3/daily/global/2022/01/26/c3g_2022.01.26.tif,200.0,True,62660706.0,59.76,False
2022-01-27,https://data.chc.ucsb.edu/products/CHIRPS-GEFS/v3/daily/global/2022/01/27/c3g_2022.01.27.tif,200.0,True,63023286.0,60.1,False
2022-01-28,https://data.chc.ucsb.edu/products/CHIRPS-GEFS/v3/daily/global/2022/01/28/c3g_2022.01.28.tif,200.0,True,62439696.0,59.55,False
2022-01-29,https://data.chc.ucsb.edu/products/CHIRPS-GEFS/v3/daily/global/2022/01/29/c3g_2022.01.29.tif,200.0,True,63707726.0,60.76,False
2022-01-30,https://data.chc.ucsb.edu/products/CHIRPS-GEFS/v3/daily/global/2022/01/30/c3g_2022.01.30.tif,200.0,True,62108258.0,59.23,False
2022-01-31,https://data.chc.ucsb.edu/products/CHIRPS-GEFS/v3/daily/global/2022/01/31/c3g_2022.01.31.tif,200.0,True,62681802.0,59.78,False
2022-02-01,https://data.chc.ucsb.edu/products/CHIRPS-GEFS/v3/daily/global/2022/02/01/c3g_2022.02.01.tif,200.0,True,62008190.0,59.14,False
2022-02-02,https://data.chc.ucsb.edu/products/CHIRPS-GEFS/v3/daily/global/2022/02/02/c3g_2022.02.02.tif,200.0,True,61710588.0,58.85,False
2022-02-03,https://data.chc.ucsb.edu/products/CHIRPS-GEFS/v3/daily/global/2022/02/03/c3g_2022.02.03.tif,200.0,True,62104126.0,59.23,False
2022-02-04,https://data.chc.ucsb.edu/products/CHIRPS-GEFS/v3/daily/global/2022/02/04/c3g_2022.02.04.tif,200.0,True,62422634.0,59.53,False
2022-02-05,https://data.chc.ucsb.edu/products/CHIRPS-GEFS/v3/daily/global/2022/02/05/c3g_2022.02.05.tif,200.0,True,62322064.0,59.43,False
2022-02-06,https://data.chc.ucsb.edu/products/CHIRPS-GEFS/v3/daily/global/2022/02/06/c3g_2022.02.06.tif,200.0,True,61673178.0,58.82,False
2022-02-07,https://data.chc.ucsb.edu/products/CHIRPS-GEFS/v3/daily/global/2022/02/07/c3g_2022.02.07.tif,200.0,True,61835654.0,58.97,False
2022-02-08,https://data.chc.ucsb.edu/products/CHIRPS-GEFS/v3/daily/global/2022/02/08/c3g_2022.02.08.tif,200.0,True,64025752.0,61.06,False
2022-02-09,https://data.chc.ucsb.edu/products/CHIRPS-GEFS/v3/daily/global/2022/02/09/c3g_2022.02.09.tif,200.0,True,61652356.0,58.8,False
2022-02-10,https://data.chc.ucsb.edu/products/CHIRPS-GEFS/v3/daily/global/2022/02/10/c3g_2022.02.10.tif,200.0,True,61595570.0,58.74,False
2022-02-11,https://data.chc.ucsb.edu/products/CHIRPS-GEFS/v3/daily/global/2022/02/11/c3g_2022.02.11.tif,200.0,True,64495684.0,61.51,False
2022-02-12,https://data.chc.ucsb.edu/products/CHIRPS-GEFS/v3/daily/global/2022/02/12/c3g_2022.02.12.tif,200.0,True,67189414.0,64.08,False
2022-02-13,https://data.chc.ucsb.edu/products/CHIRPS-GEFS/v3/daily/global/2022/02/13/c3g_2022.02.13.tif,200.0,True,63485126.0,60.54,False
2022-02-14,https://data.chc.ucsb.edu/products/CHIRPS-GEFS/v3/daily/global/2022/02/14/c3g_2022.02.14.tif,200.0,True,61626470.0,58.77,False
2022-02-15,https://data.chc.ucsb.edu/products/CHIRPS-GEFS/v3/daily/global/2022/02/15/c3g_2022.02.15.tif,200.0,True,62288684.0,59.4,False
2022-02-16,https://data.chc.ucsb.edu/products/CHIRPS-GEFS/v3/daily/global/2022/02/16/c3g_2022.02.16.tif,200.0,True,63976684.0,61.01,False
2022-02-17,https://data.chc.ucsb.edu/products/CHIRPS-GEFS/v3/daily/global/2022/02/17/c3g_2022.02.17.tif,200.0,True,63405498.0,60.47,False
2022-02-18,https://data.chc.ucsb.edu/products/CHIRPS-GEFS/v3/daily/global/2022/02/18/c3g_2022.02.18.tif,200.0,True,62146606.0,59.27,False
2022-02-19,https://data.chc.ucsb.edu/products/CHIRPS-GEFS/v3/daily/global/2022/02/19/c3g_2022.02.19.tif,200.0,True,62775930.0,59.87,False
2022-02-20,https://data.chc.ucsb.edu/products/CHIRPS-GEFS/v3/daily/global/2022/02/20/c3g_2022.02.20.tif,200.0,True,65354276.0,62.33,False
2022-02-21,https://data.chc.ucsb.edu/products/CHIRPS-GEFS/v3/daily/global/2022/02/21/c3g_2022.02.21.tif,200.0,True,62858900.0,59.95,False
2022-02-22,https://data.chc.ucsb.edu/products/CHIRPS-GEFS/v3/daily/global/2022/02/22/c3g_2022.02.22.tif,200.0,True,64118446.0,61.15,False
2022-02-23,https://data.chc.ucsb.edu/products/CHIRPS-GEFS/v3/daily/global/2022/02/23/c3g_2022.02.23.tif,200.0,True,64506474.0,61.52,False
2022-02-24,https://data.chc.ucsb.edu/products/CHIRPS-GEFS/v3/daily/global/2022/02/24/c3g_2022.02.24.tif,200.0,True,63394704.0,60.46,False
2022-02-25,https://data.chc.ucsb.edu/products/CHIRPS-GEFS/v3/daily/global/2022/02/25/c3g_2022.02.25.tif,200.0,True,63060906.0,60.14,False
2022-02-26,https://data.chc.ucsb.edu/products/CHIRPS-GEFS/v3/daily/global/2022/02/26/c3g_2022.02.26.tif,200.0,True,64032814.0,61.07,False
2022-02-27,https://data.chc.ucsb.edu/products/CHIRPS-GEFS/v3/daily/global/2022/02/27/c3g_2022.02.27.tif,200.0,True,64433722.0,61.45,False
2022-02-28,https://data.chc.ucsb.edu/products/CHIRPS-GEFS/v3/daily/global/2022/02/28/c3g_2022.02.28.tif,200.0,True,64001366.0,61.04,False
2022-03-01,https://data.chc.ucsb.edu/products/CHIRPS-GEFS/v3/daily/global/2022/03/01/c3g_2022.03.01.tif,200.0,True,64160238.0,61.19,False
2022-03-02,https://data.chc.ucsb.edu/products/CHIRPS-GEFS/v3/daily/global/2022/03/02/c3g_2022.03.02.tif,200.0,True,66213212.0,63.15,False
2022-03-03,https://data.chc.ucsb.edu/products/CHIRPS-GEFS/v3/daily/global/2022/03/03/c3g_2022.03.03.tif,200.0,True,63585444.0,60.64,False
2022-03-04,https://data.chc.ucsb.edu/products/CHIRPS-GEFS/v3/daily/global/2022/03/04/c3g_2022.03.04.tif,200.0,True,64502652.0,61.51,False
2022-03-05,https://data.chc.ucsb.edu/products/CHIRPS-GEFS/v3/daily/global/2022/03/05/c3g_2022.03.05.tif,200.0,True,63021072.0,60.1,False
2022-03-06,https://data.chc.ucsb.edu/products/CHIRPS-GEFS/v3/daily/global/2022/03/06/c3g_2022.03.06.tif,200.0,True,63348696.0,60.41,False
2022-03-07,https://data.chc.ucsb.edu/products/CHIRPS-GEFS/v3/daily/global/2022/03/07/c3g_2022.03.07.tif,200.0,True,62924902.0,60.01,False
2022-03-08,https://data.chc.ucsb.edu/products/CHIRPS-GEFS/v3/daily/global/2022/03/08/c3g_2022.03.08.tif,200.0,True,62365290.0,59.48,False
2022-03-09,https://data.chc.ucsb.edu/products/CHIRPS-GEFS/v3/daily/global/2022/03/09/c3g_2022.03.09.tif,200.0,True,60990022.0,58.16,False
2022-03-10,https://data.chc.ucsb.edu/products/CHIRPS-GEFS/v3/daily/global/2022/03/10/c3g_2022.03.10.tif,200.0,True,61462220.0,58.61,False
2022-03-11,https://data.chc.ucsb.edu/products/CHIRPS-GEFS/v3/daily/global/2022/03/11/c3g_2022.03.11.tif,200.0,True,62511436.0,59.62,False
2022-03-12,https://data.chc.ucsb.edu/products/CHIRPS-GEFS/v3/daily/global/2022/03/12/c3g_2022.03.12.tif,200.0,True,67044838.0,63.94,False
2022-03-13,https://data.chc.ucsb.edu/products/CHIRPS-GEFS/v3/daily/global/2022/03/13/c3g_2022.03.13.tif,200.0,True,64362238.0,61.38,False
2022-03-14,https://data.chc.ucsb.edu/products/CHIRPS-GEFS/v3/daily/global/2022/03/14/c3g_2022.03.14.tif,200.0,True,64348460.0,61.37,False
2022-03-15,https://data.chc.ucsb.edu/products/CHIRPS-GEFS/v3/daily/global/2022/03/15/c3g_2022.03.15.tif,200.0,True,64202042.0,61.23,False
2022-03-16,https://data.chc.ucsb.edu/products/CHIRPS-GEFS/v3/daily/global/2022/03/16/c3g_2022.03.16.tif,200.0,True,64883610.0,61.88,False
2022-03-17,https://data.chc.ucsb.edu/products/CHIRPS-GEFS/v3/daily/global/2022/03/17/c3g_2022.03.17.tif,200.0,True,64030572.0,61.06,False
2022-03-18,https://data.chc.ucsb.edu/products/CHIRPS-GEFS/v3/daily/global/2022/03/18/c3g_2022.03.18.tif,200.0,True,63137684.0,60.21,False
2022-03-19,https://data.chc.ucsb.edu/products/CHIRPS-GEFS/v3/daily/global/2022/03/19/c3g_2022.03.19.tif,200.0,True,62567728.0,59.67,False
2022-03-20,https://data.chc.ucsb.edu/products/CHIRPS-GEFS/v3/daily/global/2022/03/20/c3g_2022.03.20.tif,200.0,True,65706982.0,62.66,False
2022-03-21,https://data.chc.ucsb.edu/products/CHIRPS-GEFS/v3/daily/global/2022/03/21/c3g_2022.03.21.tif,200.0,True,63674408.0,60.72,False
2022-03-22,https://data.chc.ucsb.edu/products/CHIRPS-GEFS/v3/daily/global/2022/03/22/c3g_2022.03.22.tif,200.0,True,63698026.0,60.75,False
2022-03-23,https://data.chc.ucsb.edu/products/CHIRPS-GEFS/v3/daily/global/2022/03/23/c3g_2022.03.23.tif,200.0,True,62740392.0,59.83,False
2022-03-24,https://data.chc.ucsb.edu/products/CHIRPS-GEFS/v3/daily/global/2022/03/24/c3g_2022.03.24.tif,200.0,True,62812696.0,59.9,False
2022-03-25,https://data.chc.ucsb.edu/products/CHIRPS-GEFS/v3/daily/global/2022/03/25/c3g_2022.03.25.tif,200.0,True,62523502.0,59.63,False
2022-03-26,https://data.chc.ucsb.edu/products/CHIRPS-GEFS/v3/daily/global/2022/03/26/c3g_2022.03.26.tif,200.0,True,61876530.0,59.01,False
2022-03-27,https://data.chc.ucsb.edu/products/CHIRPS-GEFS/v3/daily/global/2022/03/27/c3g_2022.03.27.tif,200.0,True,63858290.0,60.9,False
2022-03-28,https://data.chc.ucsb.edu/products/CHIRPS-GEFS/v3/daily/global/2022/03/28/c3g_2022.03.28.tif,200.0,True,61835638.0,58.97,False
2022-03-29,https://data.chc.ucsb.edu/products/CHIRPS-GEFS/v3/daily/global/2022/03/29/c3g_2022.03.29.tif,200.0,True,64465258.0,61.48,False
2022-03-30,https://data.chc.ucsb.edu/products/CHIRPS-GEFS/v3/daily/global/2022/03/30/c3g_2022.03.30.tif,200.0,True,64836438.0,61.83,False
2022-03-31,https://data.chc.ucsb.edu/products/CHIRPS-GEFS/v3/daily/global/2022/03/31/c3g_2022.03.31.tif,200.0,True,63541486.0,60.6,False
2022-04-01,https://data.chc.ucsb.edu/products/CHIRPS-GEFS/v3/daily/global/2022/04/01/c3g_2022.04.01.tif,200.0,True,62763724.0,59.86,False
2022-04-02,https://data.chc.ucsb.edu/products/CHIRPS-GEFS/v3/daily/global/2022/04/02/c3g_2022.04.02.tif,200.0,True,62622640.0,59.72,False
2022-04-03,https://data.chc.ucsb.edu/products/CHIRPS-GEFS/v3/daily/global/2022/04/03/c3g_2022.04.03.tif,200.0,True,65299166.0,62.27,False
2022-04-04,https://data.chc.ucsb.edu/products/CHIRPS-GEFS/v3/daily/global/2022/04/04/c3g_2022.04.04.tif,200.0,True,65551314.0,62.51,False
2022-04-05,https://data.chc.ucsb.edu/products/CHIRPS-GEFS/v3/daily/global/2022/04/05/c3g_2022.04.05.tif,200.0,True,62589462.0,59.69,False
2022-04-06,https://data.chc.ucsb.edu/products/CHIRPS-GEFS/v3/daily/global/2022/04/06/c3g_2022.04.06.tif,200.0,True,62525180.0,59.63,False
2022-04-07,https://data.chc.ucsb.edu/products/CHIRPS-GEFS/v3/daily/global/2022/04/07/c3g_2022.04.07.tif,200.0,True,62799850.0,59.89,False
2022-04-08,https://data.chc.ucsb.edu/products/CHIRPS-GEFS/v3/daily/global/2022/04/08/c3g_2022.04.08.tif,200.0,True,63644372.0,60.7,False
2022-04-09,https://data.chc.ucsb.edu/products/CHIRPS-GEFS/v3/daily/global/2022/04/09/c3g_2022.04.09.tif,200.0,True,63882548.0,60.92,False
2022-04-10,https://data.chc.ucsb.edu/products/CHIRPS-GEFS/v3/daily/global/2022/04/10/c3g_2022.04.10.tif,200.0,True,63559272.0,60.61,False
2022-04-11,https://data.chc.ucsb.edu/products/CHIRPS-GEFS/v3/daily/global/2022/04/11/c3g_2022.04.11.tif,200.0,True,63535312.0,60.59,False
2022-04-12,https://data.chc.ucsb.edu/products/CHIRPS-GEFS/v3/daily/global/2022/04/12/c3g_2022.04.12.tif,200.0,True,64528974.0,61.54,False
2022-04-13,https://data.chc.ucsb.edu/products/CHIRPS-GEFS/v3/daily/global/2022/04/13/c3g_2022.04.13.tif,200.0,True,64038270.0,61.07,False
2022-04-14,https://data.chc.ucsb.edu/products/CHIRPS-GEFS/v3/daily/global/2022/04/14/c3g_2022.04.14.tif,200.0,True,63414362.0,60.48,False
2022-04-15,https://data.chc.ucsb.edu/products/CHIRPS-GEFS/v3/daily/global/2022/04/15/c3g_2022.04.15.tif,200.0,True,63693916.0,60.74,False
2022-04-16,https://data.chc.ucsb.edu/products/CHIRPS-GEFS/v3/daily/global/2022/04/16/c3g_2022.04.16.tif,200.0,True,63065750.0,60.14,False
2022-04-17,https://data.chc.ucsb.edu/products/CHIRPS-GEFS/v3/daily/global/2022/04/17/c3g_2022.04.17.tif,200.0,True,63702854.0,60.75,False
2022-04-18,https://data.chc.ucsb.edu/products/CHIRPS-GEFS/v3/daily/global/2022/04/18/c3g_2022.04.18.tif,200.0,True,63426408.0,60.49,False
2022-04-19,https://data.chc.ucsb.edu/products/CHIRPS-GEFS/v3/daily/global/2022/04/19/c3g_2022.04.19.tif,200.0,True,63868738.0,60.91,False
2022-04-20,https://data.chc.ucsb.edu/products/CHIRPS-GEFS/v3/daily/global/2022/04/20/c3g_2022.04.20.tif,200.0,True,66635700.0,63.55,False
2022-04-21,https://data.chc.ucsb.edu/products/CHIRPS-GEFS/v3/daily/global/2022/04/21/c3g_2022.04.21.tif,200.0,True,64228512.0,61.25,False
2022-04-22,https://data.chc.ucsb.edu/products/CHIRPS-GEFS/v3/daily/global/2022/04/22/c3g_2022.04.22.tif,200.0,True,64935544.0,61.93,False
2022-04-23,https://data.chc.ucsb.edu/products/CHIRPS-GEFS/v3/daily/global/2022/04/23/c3g_2022.04.23.tif,200.0,True,69576752.0,66.35,False
2022-04-24,https://data.chc.ucsb.edu/products/CHIRPS-GEFS/v3/daily/global/2022/04/24/c3g_2022.04.24.tif,200.0,True,67978430.0,64.83,False
2022-04-25,https://data.chc.ucsb.edu/products/CHIRPS-GEFS/v3/daily/global/2022/04/25/c3g_2022.04.25.tif,200.0,True,64575374.0,61.58,False
2022-04-26,https://data.chc.ucsb.edu/products/CHIRPS-GEFS/v3/daily/global/2022/04/26/c3g_2022.04.26.tif,200.0,True,64192388.0,61.22,False
2022-04-27,https://data.chc.ucsb.edu/products/CHIRPS-GEFS/v3/daily/global/2022/04/27/c3g_2022.04.27.tif,200.0,True,65908920.0,62.86,False
2022-04-28,https://data.chc.ucsb.edu/products/CHIRPS-GEFS/v3/daily/global/2022/04/28/c3g_2022.04.28.tif,200.0,True,64279880.0,61.3,False
2022-04-29,https://data.chc.ucsb.edu/products/CHIRPS-GEFS/v3/daily/global/2022/04/29/c3g_2022.04.29.tif,200.0,True,63458260.0,60.52,False
2022-04-30,https://data.chc.ucsb.edu/products/CHIRPS-GEFS/v3/daily/global/2022/04/30/c3g_2022.04.30.tif,200.0,True,65277498.0,62.25,False
2022-05-01,https://data.chc.ucsb.edu/products/CHIRPS-GEFS/v3/daily/global/2022/05/01/c3g_2022.05.01.tif,200.0,True,63165016.0,60.24,False
2022-05-02,https://data.chc.ucsb.edu/products/CHIRPS-GEFS/v3/daily/global/2022/05/02/c3g_2022.05.02.tif,200.0,True,65719238.0,62.67,False
2022-05-03,https://data.chc.ucsb.edu/products/CHIRPS-GEFS/v3/daily/global/2022/05/03/c3g_2022.05.03.tif,200.0,True,63678586.0,60.73,False
2022-05-04,https://data.chc.ucsb.edu/products/CHIRPS-GEFS/v3/daily/global/2022/05/04/c3g_2022.05.04.tif,200.0,True,62687620.0,59.78,False
2022-05-05,https://data.chc.ucsb.edu/products/CHIRPS-GEFS/v3/daily/global/2022/05/05/c3g_2022.05.05.tif,200.0,True,62406920.0,59.52,False
2022-05-06,https://data.chc.ucsb.edu/products/CHIRPS-GEFS/v3/daily/global/2022/05/06/c3g_2022.05.06.tif,200.0,True,62186802.0,59.31,False
2022-05-07,https://data.chc.ucsb.edu/products/CHIRPS-GEFS/v3/daily/global/2022/05/07/c3g_2022.05.07.tif,200.0,True,62331196.0,59.44,False
2022-05-08,https://data.chc.ucsb.edu/products/CHIRPS-GEFS/v3/daily/global/2022/05/08/c3g_2022.05.08.tif,200.0,True,61294508.0,58.45,False
2022-05-09,https://data.chc.ucsb.edu/products/CHIRPS-GEFS/v3/daily/global/2022/05/09/c3g_2022.05.09.tif,200.0,True,61049018.0,58.22,False
2022-05-10,https://data.chc.ucsb.edu/products/CHIRPS-GEFS/v3/daily/global/2022/05/10/c3g_2022.05.10.tif,200.0,True,61630148.0,58.78,False
2022-05-11,https://data.chc.ucsb.edu/products/CHIRPS-GEFS/v3/daily/global/2022/05/11/c3g_2022.05.11.tif,200.0,True,64092228.0,61.12,False
2022-05-12,https://data.chc.ucsb.edu/products/CHIRPS-GEFS/v3/daily/global/2022/05/12/c3g_2022.05.12.tif,200.0,True,62807582.0,59.9,False
2022-05-13,https://data.chc.ucsb.edu/products/CHIRPS-GEFS/v3/daily/global/2022/05/13/c3g_2022.05.13.tif,200.0,True,62689872.0,59.79,False
2022-05-14,https://data.chc.ucsb.edu/products/CHIRPS-GEFS/v3/daily/global/2022/05/14/c3g_2022.05.14.tif,200.0,True,62765116.0,59.86,False
2022-05-15,https://data.chc.ucsb.edu/products/CHIRPS-GEFS/v3/daily/global/2022/05/15/c3g_2022.05.15.tif,200.0,True,61575464.0,58.72,False
2022-05-16,https://data.chc.ucsb.edu/products/CHIRPS-GEFS/v3/daily/global/2022/05/16/c3g_2022.05.16.tif,200.0,True,64293480.0,61.32,False
2022-05-17,https://data.chc.ucsb.edu/products/CHIRPS-GEFS/v3/daily/global/2022/05/17/c3g_2022.05.17.tif,200.0,True,61491752.0,58.64,False
2022-05-18,https://data.chc.ucsb.edu/products/CHIRPS-GEFS/v3/daily/global/2022/05/18/c3g_2022.05.18.tif,200.0,True,62033510.0,59.16,False
2022-05-19,https://data.chc.ucsb.edu/products/CHIRPS-GEFS/v3/daily/global/2022/05/19/c3g_2022.05.19.tif,200.0,True,62427568.0,59.54,False
2022-05-20,https://data.chc.ucsb.edu/products/CHIRPS-GEFS/v3/daily/global/2022/05/20/c3g_2022.05.20.tif,200.0,True,62813552.0,59.9,False
2022-05-21,https://data.chc.ucsb.edu/products/CHIRPS-GEFS/v3/daily/global/2022/05/21/c3g_2022.05.21.tif,200.0,True,62957344.0,60.04,False
2022-05-22,https://data.chc.ucsb.edu/products/CHIRPS-GEFS/v3/daily/global/2022/05/22/c3g_2022.05.22.tif,200.0,True,63173540.0,60.25,False
2022-05-23,https://data.chc.ucsb.edu/products/CHIRPS-GEFS/v3/daily/global/2022/05/23/c3g_2022.05.23.tif,200.0,True,67542152.0,64.41,False
2022-05-24,https://data.chc.ucsb.edu/products/CHIRPS-GEFS/v3/daily/global/2022/05/24/c3g_2022.05.24.tif,200.0,True,63363250.0,60.43,False
2022-05-25,https://data.chc.ucsb.edu/products/CHIRPS-GEFS/v3/daily/global/2022/05/25/c3g_2022.05.25.tif,200.0,True,63259422.0,60.33,False
2022-05-26,https://data.chc.ucsb.edu/products/CHIRPS-GEFS/v3/daily/global/2022/05/26/c3g_2022.05.26.tif,200.0,True,65723952.0,62.68,False
2022-05-27,https://data.chc.ucsb.edu/products/CHIRPS-GEFS/v3/daily/global/2022/05/27/c3g_2022.05.27.tif,200.0,True,64302404.0,61.32,False
2022-05-28,https://data.chc.ucsb.edu/products/CHIRPS-GEFS/v3/daily/global/2022/05/28/c3g_2022.05.28.tif,200.0,True,64542506.0,61.55,False
2022-05-29,https://data.chc.ucsb.edu/products/CHIRPS-GEFS/v3/daily/global/2022/05/29/c3g_2022.05.29.tif,200.0,True,64643322.0,61.65,False
2022-05-30,https://data.chc.ucsb.edu/products/CHIRPS-GEFS/v3/daily/global/2022/05/30/c3g_2022.05.30.tif,200.0,True,64499140.0,61.51,False
2022-05-31,https://data.chc.ucsb.edu/products/CHIRPS-GEFS/v3/daily/global/2022/05/31/c3g_2022.05.31.tif,200.0,True,63622382.0,60.68,False
2022-06-01,https://data.chc.ucsb.edu/products/CHIRPS-GEFS/v3/daily/global/2022/06/01/c3g_2022.06.01.tif,200.0,True,62775180.0,59.87,False
2022-06-02,https://data.chc.ucsb.edu/products/CHIRPS-GEFS/v3/daily/global/2022/06/02/c3g_2022.06.02.tif,200.0,True,63171580.0,60.25,False
2022-06-03,https://data.chc.ucsb.edu/products/CHIRPS-GEFS/v3/daily/global/2022/06/03/c3g_2022.06.03.tif,200.0,True,62036918.0,59.16,False
2022-06-04,https://data.chc.ucsb.edu/products/CHIRPS-GEFS/v3/daily/global/2022/06/04/c3g_2022.06.04.tif,200.0,True,64170736.0,61.2,False
2022-06-05,https://data.chc.ucsb.edu/products/CHIRPS-GEFS/v3/daily/global/2022/06/05/c3g_2022.06.05.tif,200.0,True,61574482.0,58.72,False
2022-06-06,https://data.chc.ucsb.edu/products/CHIRPS-GEFS/v3/daily/global/2022/06/06/c3g_2022.06.06.tif,200.0,True,62143302.0,59.26,False
2022-06-07,https://data.chc.ucsb.edu/products/CHIRPS-GEFS/v3/daily/global/2022/06/07/c3g_2022.06.07.tif,200.0,True,63091192.0,60.17,False
2022-06-08,https://data.chc.ucsb.edu/products/CHIRPS-GEFS/v3/daily/global/2022/06/08/c3g_2022.06.08.tif,200.0,True,66582326.0,63.5,False
2022-06-09,https://data.chc.ucsb.edu/products/CHIRPS-GEFS/v3/daily/global/2022/06/09/c3g_2022.06.09.tif,200.0,True,66805304.0,63.71,False
2022-06-10,https://data.chc.ucsb.edu/products/CHIRPS-GEFS/v3/daily/global/2022/06/10/c3g_2022.06.10.tif,200.0,True,63291990.0,60.36,False
2022-06-11,https://data.chc.ucsb.edu/products/CHIRPS-GEFS/v3/daily/global/2022/06/11/c3g_2022.06.11.tif,200.0,True,62778148.0,59.87,False
2022-06-12,https://data.chc.ucsb.edu/products/CHIRPS-GEFS/v3/daily/global/2022/06/12/c3g_2022.06.12.tif,200.0,True,62677062.0,59.77,False
2022-06-13,https://data.chc.ucsb.edu/products/CHIRPS-GEFS/v3/daily/global/2022/06/13/c3g_2022.06.13.tif,200.0,True,64883436.0,61.88,False
2022-06-14,https://data.chc.ucsb.edu/products/CHIRPS-GEFS/v3/daily/global/2022/06/14/c3g_2022.06.14.tif,200.0,True,65082562.0,62.07,False
2022-06-15,https://data.chc.ucsb.edu/products/CHIRPS-GEFS/v3/daily/global/2022/06/15/c3g_2022.06.15.tif,200.0,True,65006466.0,61.99,False
2022-06-16,https://data.chc.ucsb.edu/products/CHIRPS-GEFS/v3/daily/global/2022/06/16/c3g_2022.06.16.tif,200.0,True,65286062.0,62.26,False
2022-06-17,https://data.chc.ucsb.edu/products/CHIRPS-GEFS/v3/daily/global/2022/06/17/c3g_2022.06.17.tif,200.0,True,66141192.0,63.08,False
2022-06-18,https://data.chc.ucsb.edu/products/CHIRPS-GEFS/v3/daily/global/2022/06/18/c3g_2022.06.18.tif,200.0,True,66915630.0,63.82,False
2022-06-19,https://data.chc.ucsb.edu/products/CHIRPS-GEFS/v3/daily/global/2022/06/19/c3g_2022.06.19.tif,200.0,True,68958434.0,65.76,False
2022-06-20,https://data.chc.ucsb.edu/products/CHIRPS-GEFS/v3/daily/global/2022/06/20/c3g_2022.06.20.tif,200.0,True,68340382.0,65.17,False
2022-06-21,https://data.chc.ucsb.edu/products/CHIRPS-GEFS/v3/daily/global/2022/06/21/c3g_2022.06.21.tif,200.0,True,65888518.0,62.84,False
2022-06-22,https://data.chc.ucsb.edu/products/CHIRPS-GEFS/v3/daily/global/2022/06/22/c3g_2022.06.22.tif,200.0,True,64939790.0,61.93,False
2022-06-23,https://data.chc.ucsb.edu/products/CHIRPS-GEFS/v3/daily/global/2022/06/23/c3g_2022.06.23.tif,200.0,True,65278902.0,62.25,False
2022-06-24,https://data.chc.ucsb.edu/products/CHIRPS-GEFS/v3/daily/global/2022/06/24/c3g_2022.06.24.tif,200.0,True,64708516.0,61.71,False
2022-06-25,https://data.chc.ucsb.edu/products/CHIRPS-GEFS/v3/daily/global/2022/06/25/c3g_2022.06.25.tif,200.0,True,65162570.0,62.14,False
2022-06-26,https://data.chc.ucsb.edu/products/CHIRPS-GEFS/v3/daily/global/2022/06/26/c3g_2022.06.26.tif,200.0,True,64992598.0,61.98,False
2022-06-27,https://data.chc.ucsb.edu/products/CHIRPS-GEFS/v3/daily/global/2022/06/27/c3g_2022.06.27.tif,200.0,True,64812928.0,61.81,False
2022-06-28,https://data.chc.ucsb.edu/products/CHIRPS-GEFS/v3/daily/global/2022/06/28/c3g_2022.06.28.tif,200.0,True,64948516.0,61.94,False
2022-06-29,https://data.chc.ucsb.edu/products/CHIRPS-GEFS/v3/daily/global/2022/06/29/c3g_2022.06.29.tif,200.0,True,67316244.0,64.2,False
2022-06-30,https://data.chc.ucsb.edu/products/CHIRPS-GEFS/v3/daily/global/2022/06/30/c3g_2022.06.30.tif,200.0,True,65199118.0,62.18,False
2022-07-01,https://data.chc.ucsb.edu/products/CHIRPS-GEFS/v3/daily/global/2022/07/01/c3g_2022.07.01.tif,200.0,True,65620052.0,62.58,False
2022-07-02,https://data.chc.ucsb.edu/products/CHIRPS-GEFS/v3/daily/global/2022/07/02/c3g_2022.07.02.tif,200.0,True,66129246.0,63.07,False
2022-07-03,https://data.chc.ucsb.edu/products/CHIRPS-GEFS/v3/daily/global/2022/07/03/c3g_2022.07.03.tif,200.0,True,66200568.0,63.13,False
2022-07-04,https://data.chc.ucsb.edu/products/CHIRPS-GEFS/v3/daily/global/2022/07/04/c3g_2022.07.04.tif,200.0,True,66147240.0,63.08,False
2022-07-05,https://data.chc.ucsb.edu/products/CHIRPS-GEFS/v3/daily/global/2022/07/05/c3g_2022.07.05.tif,200.0,True,65399638.0,62.37,False
2022-07-06,https://data.chc.ucsb.edu/products/CHIRPS-GEFS/v3/daily/global/2022/07/06/c3g_2022.07.06.tif,200.0,True,65414130.0,62.38,False
2022-07-07,https://data.chc.ucsb.edu/products/CHIRPS-GEFS/v3/daily/global/2022/07/07/c3g_2022.07.07.tif,200.0,True,67309926.0,64.19,False
2022-07-08,https://data.chc.ucsb.edu/products/CHIRPS-GEFS/v3/daily/global/2022/07/08/c3g_2022.07.08.tif,200.0,True,65339230.0,62.31,False
2022-07-09,https://data.chc.ucsb.edu/products/CHIRPS-GEFS/v3/daily/global/2022/07/09/c3g_2022.07.09.tif,200.0,True,68204534.0,65.04,False
2022-07-10,https://data.chc.ucsb.edu/products/CHIRPS-GEFS/v3/daily/global/2022/07/10/c3g_2022.07.10.tif,200.0,True,65616230.0,62.58,False
2022-07-11,https://data.chc.ucsb.edu/products/CHIRPS-GEFS/v3/daily/global/2022/07/11/c3g_2022.07.11.tif,200.0,True,67355122.0,64.23,False
2022-07-12,https://data.chc.ucsb.edu/products/CHIRPS-GEFS/v3/daily/global/2022/07/12/c3g_2022.07.12.tif,200.0,True,65081886.0,62.07,False
2022-07-13,https://data.chc.ucsb.edu/products/CHIRPS-GEFS/v3/daily/global/2022/07/13/c3g_2022.07.13.tif,200.0,True,64848266.0,61.84,False
2022-07-14,https://data.chc.ucsb.edu/products/CHIRPS-GEFS/v3/daily/global/2022/07/14/c3g_2022.07.14.tif,200.0,True,65725680.0,62.68,False
2022-07-15,https://data.chc.ucsb.edu/products/CHIRPS-GEFS/v3/daily/global/2022/07/15/c3g_2022.07.15.tif,200.0,True,65816532.0,62.77,False
2022-07-16,https://data.chc.ucsb.edu/products/CHIRPS-GEFS/v3/daily/global/2022/07/16/c3g_2022.07.16.tif,200.0,True,68762680.0,65.58,False
2022-07-17,https://data.chc.ucsb.edu/products/CHIRPS-GEFS/v3/daily/global/2022/07/17/c3g_2022.07.17.tif,200.0,True,65428406.0,62.4,False
2022-07-18,https://data.chc.ucsb.edu/products/CHIRPS-GEFS/v3/daily/global/2022/07/18/c3g_2022.07.18.tif,200.0,True,65774264.0,62.73,False
2022-07-19,https://data.chc.ucsb.edu/products/CHIRPS-GEFS/v3/daily/global/2022/07/19/c3g_2022.07.19.tif,200.0,True,68548746.0,65.37,False
2022-07-20,https://data.chc.ucsb.edu/products/CHIRPS-GEFS/v3/daily/global/2022/07/20/c3g_2022.07.20.tif,200.0,True,66248348.0,63.18,False
2022-07-21,https://data.chc.ucsb.edu/products/CHIRPS-GEFS/v3/daily/global/2022/07/21/c3g_2022.07.21.tif,200.0,True,65272036.0,62.25,False
2022-07-22,https://data.chc.ucsb.edu/products/CHIRPS-GEFS/v3/daily/global/2022/07/22/c3g_2022.07.22.tif,200.0,True,68379724.0,65.21,False
2022-07-23,https://data.chc.ucsb.edu/products/CHIRPS-GEFS/v3/daily/global/2022/07/23/c3g_2022.07.23.tif,200.0,True,66399094.0,63.32,False
2022-07-24,https://data.chc.ucsb.edu/products/CHIRPS-GEFS/v3/daily/global/2022/07/24/c3g_2022.07.24.tif,200.0,True,66324448.0,63.25,False
2022-07-25,https://data.chc.ucsb.edu/products/CHIRPS-GEFS/v3/daily/global/2022/07/25/c3g_2022.07.25.tif,200.0,True,66241810.0,63.17,False
2022-07-26,https://data.chc.ucsb.edu/products/CHIRPS-GEFS/v3/daily/global/2022/07/26/c3g_2022.07.26.tif,200.0,True,65478886.0,62.45,False
2022-07-27,https://data.chc.ucsb.edu/products/CHIRPS-GEFS/v3/daily/global/2022/07/27/c3g_2022.07.27.tif,200.0,True,68047646.0,64.9,False
2022-07-28,https://data.chc.ucsb.edu/products/CHIRPS-GEFS/v3/daily/global/2022/07/28/c3g_2022.07.28.tif,200.0,True,66307000.0,63.24,False
2022-07-29,https://data.chc.ucsb.edu/products/CHIRPS-GEFS/v3/daily/global/2022/07/29/c3g_2022.07.29.tif,200.0,True,67263286.0,64.15,False
2022-07-30,https://data.chc.ucsb.edu/products/CHIRPS-GEFS/v3/daily/global/2022/07/30/c3g_2022.07.30.tif,200.0,True,67435356.0,64.31,False
2022-07-31,https://data.chc.ucsb.edu/products/CHIRPS-GEFS/v3/daily/global/2022/07/31/c3g_2022.07.31.tif,200.0,True,67548604.0,64.42,False
2022-08-01,https://data.chc.ucsb.edu/products/CHIRPS-GEFS/v3/daily/global/2022/08/01/c3g_2022.08.01.tif,200.0,True,70687392.0,67.41,False
2022-08-02,https://data.chc.ucsb.edu/products/CHIRPS-GEFS/v3/daily/global/2022/08/02/c3g_2022.08.02.tif,200.0,True,67184042.0,64.07,False
2022-08-03,https://data.chc.ucsb.edu/products/CHIRPS-GEFS/v3/daily/global/2022/08/03/c3g_2022.08.03.tif,200.0,True,66688458.0,63.6,False
2022-08-04,https://data.chc.ucsb.edu/products/CHIRPS-GEFS/v3/daily/global/2022/08/04/c3g_2022.08.04.tif,200.0,True,66007310.0,62.95,False
2022-08-05,https://data.chc.ucsb.edu/products/CHIRPS-GEFS/v3/daily/global/2022/08/05/c3g_2022.08.05.tif,200.0,True,65631038.0,62.59,False
2022-08-06,https://data.chc.ucsb.edu/products/CHIRPS-GEFS/v3/daily/global/2022/08/06/c3g_2022.08.06.tif,200.0,True,66091626.0,63.03,False
2022-08-07,https://data.chc.ucsb.edu/products/CHIRPS-GEFS/v3/daily/global/2022/08/07/c3g_2022.08.07.tif,200.0,True,65874654.0,62.82,False
2022-08-08,https://data.chc.ucsb.edu/products/CHIRPS-GEFS/v3/daily/global/2022/08/08/c3g_2022.08.08.tif,200.0,True,65558206.0,62.52,False
2022-08-09,https://data.chc.ucsb.edu/products/CHIRPS-GEFS/v3/daily/global/2022/08/09/c3g_2022.08.09.tif,200.0,True,65677766.0,62.64,False
2022-08-10,https://data.chc.ucsb.edu/products/CHIRPS-GEFS/v3/daily/global/2022/08/10/c3g_2022.08.10.tif,200.0,True,64936706.0,61.93,False
2022-08-11,https://data.chc.ucsb.edu/products/CHIRPS-GEFS/v3/daily/global/2022/08/11/c3g_2022.08.11.tif,200.0,True,64660516.0,61.67,False
2022-08-12,https://data.chc.ucsb.edu/products/CHIRPS-GEFS/v3/daily/global/2022/08/12/c3g_2022.08.12.tif,200.0,True,68167250.0,65.01,False
2022-08-13,https://data.chc.ucsb.edu/products/CHIRPS-GEFS/v3/daily/global/2022/08/13/c3g_2022.08.13.tif,200.0,True,68263100.0,65.1,False
2022-08-14,https://data.chc.ucsb.edu/products/CHIRPS-GEFS/v3/daily/global/2022/08/14/c3g_2022.08.14.tif,200.0,True,67961506.0,64.81,False
2022-08-15,https://data.chc.ucsb.edu/products/CHIRPS-GEFS/v3/daily/global/2022/08/15/c3g_2022.08.15.tif,200.0,True,66098284.0,63.04,False
2022-08-16,https://data.chc.ucsb.edu/products/CHIRPS-GEFS/v3/daily/global/2022/08/16/c3g_2022.08.16.tif,200.0,True,66784232.0,63.69,False
2022-08-17,https://data.chc.ucsb.edu/products/CHIRPS-GEFS/v3/daily/global/2022/08/17/c3g_2022.08.17.tif,200.0,True,66862630.0,63.77,False
2022-08-18,https://data.chc.ucsb.edu/products/CHIRPS-GEFS/v3/daily/global/2022/08/18/c3g_2022.08.18.tif,200.0,True,66177858.0,63.11,False
2022-08-19,https://data.chc.ucsb.edu/products/CHIRPS-GEFS/v3/daily/global/2022/08/19/c3g_2022.08.19.tif,200.0,True,65531868.0,62.5,False
2022-08-20,https://data.chc.ucsb.edu/products/CHIRPS-GEFS/v3/daily/global/2022/08/20/c3g_2022.08.20.tif,200.0,True,64754214.0,61.75,False
2022-08-21,https://data.chc.ucsb.edu/products/CHIRPS-GEFS/v3/daily/global/2022/08/21/c3g_2022.08.21.tif,200.0,True,66764020.0,63.67,False
2022-08-22,https://data.chc.ucsb.edu/products/CHIRPS-GEFS/v3/daily/global/2022/08/22/c3g_2022.08.22.tif,200.0,True,64873430.0,61.87,False
2022-08-23,https://data.chc.ucsb.edu/products/CHIRPS-GEFS/v3/daily/global/2022/08/23/c3g_2022.08.23.tif,200.0,True,64608168.0,61.62,False
2022-08-24,https://data.chc.ucsb.edu/products/CHIRPS-GEFS/v3/daily/global/2022/08/24/c3g_2022.08.24.tif,200.0,True,64421050.0,61.44,False
2022-08-25,https://data.chc.ucsb.edu/products/CHIRPS-GEFS/v3/daily/global/2022/08/25/c3g_2022.08.25.tif,200.0,True,65154028.0,62.14,False
2022-08-26,https://data.chc.ucsb.edu/products/CHIRPS-GEFS/v3/daily/global/2022/08/26/c3g_2022.08.26.tif,200.0,True,65960134.0,62.9,False
2022-08-27,https://data.chc.ucsb.edu/products/CHIRPS-GEFS/v3/daily/global/2022/08/27/c3g_2022.08.27.tif,200.0,True,67378242.0,64.26,False
2022-08-28,https://data.chc.ucsb.edu/products/CHIRPS-GEFS/v3/daily/global/2022/08/28/c3g_2022.08.28.tif,200.0,True,69170914.0,65.97,False
2022-08-29,https://data.chc.ucsb.edu/products/CHIRPS-GEFS/v3/daily/global/2022/08/29/c3g_2022.08.29.tif,200.0,True,66434250.0,63.36,False
2022-08-30,https://data.chc.ucsb.edu/products/CHIRPS-GEFS/v3/daily/global/2022/08/30/c3g_2022.08.30.tif,200.0,True,64930490.0,61.92,False
2022-08-31,https://data.chc.ucsb.edu/products/CHIRPS-GEFS/v3/daily/global/2022/08/31/c3g_2022.08.31.tif,200.0,True,64486926.0,61.5,False
2022-09-01,https://data.chc.ucsb.edu/products/CHIRPS-GEFS/v3/daily/global/2022/09/01/c3g_2022.09.01.tif,200.0,True,65229082.0,62.21,False
2022-09-02,https://data.chc.ucsb.edu/products/CHIRPS-GEFS/v3/daily/global/2022/09/02/c3g_2022.09.02.tif,200.0,True,65528442.0,62.49,False
2022-09-03,https://data.chc.ucsb.edu/products/CHIRPS-GEFS/v3/daily/global/2022/09/03/c3g_2022.09.03.tif,200.0,True,64821774.0,61.82,False
2022-09-04,https://data.chc.ucsb.edu/products/CHIRPS-GEFS/v3/daily/global/2022/09/04/c3g_2022.09.04.tif,200.0,True,63437906.0,60.5,False
2022-09-05,https://data.chc.ucsb.edu/products/CHIRPS-GEFS/v3/daily/global/2022/09/05/c3g_2022.09.05.tif,200.0,True,63510254.0,60.57,False
2022-09-06,https://data.chc.ucsb.edu/products/CHIRPS-GEFS/v3/daily/global/2022/09/06/c3g_2022.09.06.tif,200.0,True,64234242.0,61.26,False
2022-09-07,https://data.chc.ucsb.edu/products/CHIRPS-GEFS/v3/daily/global/2022/09/07/c3g_2022.09.07.tif,200.0,True,64065258.0,61.1,False
2022-09-08,https://data.chc.ucsb.edu/products/CHIRPS-GEFS/v3/daily/global/2022/09/08/c3g_2022.09.08.tif,200.0,True,64284152.0,61.31,False
2022-09-09,https://data.chc.ucsb.edu/products/CHIRPS-GEFS/v3/daily/global/2022/09/09/c3g_2022.09.09.tif,200.0,True,63925042.0,60.96,False
2022-09-10,https://data.chc.ucsb.edu/products/CHIRPS-GEFS/v3/daily/global/2022/09/10/c3g_2022.09.10.tif,200.0,True,63455218.0,60.52,False
2022-09-11,https://data.chc.ucsb.edu/products/CHIRPS-GEFS/v3/daily/global/2022/09/11/c3g_2022.09.11.tif,200.0,True,65358382.0,62.33,False
2022-09-12,https://data.chc.ucsb.edu/products/CHIRPS-GEFS/v3/daily/global/2022/09/12/c3g_2022.09.12.tif,200.0,True,63233492.0,60.3,False
2022-09-13,https://data.chc.ucsb.edu/products/CHIRPS-GEFS/v3/daily/global/2022/09/13/c3g_2022.09.13.tif,200.0,True,64700156.0,61.7,False
2022-09-14,https://data.chc.ucsb.edu/products/CHIRPS-GEFS/v3/daily/global/2022/09/14/c3g_2022.09.14.tif,200.0,True,64934558.0,61.93,False
2022-09-15,https://data.chc.ucsb.edu/products/CHIRPS-GEFS/v3/daily/global/2022/09/15/c3g_2022.09.15.tif,200.0,True,63950604.0,60.99,False
2022-09-16,https://data.chc.ucsb.edu/products/CHIRPS-GEFS/v3/daily/global/2022/09/16/c3g_2022.09.16.tif,200.0,True,64173854.0,61.2,False
2022-09-17,https://data.chc.ucsb.edu/products/CHIRPS-GEFS/v3/daily/global/2022/09/17/c3g_2022.09.17.tif,200.0,True,64049636.0,61.08,False
2022-09-18,https://data.chc.ucsb.edu/products/CHIRPS-GEFS/v3/daily/global/2022/09/18/c3g_2022.09.18.tif,200.0,True,65276458.0,62.25,False
2022-09-19,https://data.chc.ucsb.edu/products/CHIRPS-GEFS/v3/daily/global/2022/09/19/c3g_2022.09.19.tif,200.0,True,65844656.0,62.79,False
2022-09-20,https://data.chc.ucsb.edu/products/CHIRPS-GEFS/v3/daily/global/2022/09/20/c3g_2022.09.20.tif,200.0,True,65222462.0,62.2,False
2022-09-21,https://data.chc.ucsb.edu/products/CHIRPS-GEFS/v3/daily/global/2022/09/21/c3g_2022.09.21.tif,200.0,True,64856304.0,61.85,False
2022-09-22,https://data.chc.ucsb.edu/products/CHIRPS-GEFS/v3/daily/global/2022/09/22/c3g_2022.09.22.tif,200.0,True,65451354.0,62.42,False
2022-09-23,https://data.chc.ucsb.edu/products/CHIRPS-GEFS/v3/daily/global/2022/09/23/c3g_2022.09.23.tif,200.0,True,65088510.0,62.07,False
2022-09-24,https://data.chc.ucsb.edu/products/CHIRPS-GEFS/v3/daily/global/2022/09/24/c3g_2022.09.24.tif,200.0,True,64518990.0,61.53,False
2022-09-25,https://data.chc.ucsb.edu/products/CHIRPS-GEFS/v3/daily/global/2022/09/25/c3g_2022.09.25.tif,200.0,True,65058408.0,62.04,False
2022-09-26,https://data.chc.ucsb.edu/products/CHIRPS-GEFS/v3/daily/global/2022/09/26/c3g_2022.09.26.tif,200.0,True,64367348.0,61.39,False
2022-09-27,https://data.chc.ucsb.edu/products/CHIRPS-GEFS/v3/daily/global/2022/09/27/c3g_2022.09.27.tif,200.0,True,64196458.0,61.22,False
2022-09-28,https://data.chc.ucsb.edu/products/CHIRPS-GEFS/v3/daily/global/2022/09/28/c3g_2022.09.28.tif,200.0,True,64557442.0,61.57,False
2022-09-29,https://data.chc.ucsb.edu/products/CHIRPS-GEFS/v3/daily/global/2022/09/29/c3g_2022.09.29.tif,200.0,True,64765482.0,61.77,False
2022-09-30,https://data.chc.ucsb.edu/products/CHIRPS-GEFS/v3/daily/global/2022/09/30/c3g_2022.09.30.tif,200.0,True,63123152.0,60.2,False
2022-10-01,https://data.chc.ucsb.edu/products/CHIRPS-GEFS/v3/daily/global/2022/10/01/c3g_2022.10.01.tif,200.0,True,65418224.0,62.39,False
2022-10-02,https://data.chc.ucsb.edu/products/CHIRPS-GEFS/v3/daily/global/2022/10/02/c3g_2022.10.02.tif,200.0,True,63233902.0,60.3,False
2022-10-03,https://data.chc.ucsb.edu/products/CHIRPS-GEFS/v3/daily/global/2022/10/03/c3g_2022.10.03.tif,200.0,True,63796982.0,60.84,False
2022-10-04,https://data.chc.ucsb.edu/products/CHIRPS-GEFS/v3/daily/global/2022/10/04/c3g_2022.10.04.tif,200.0,True,64303720.0,61.32,False
2022-10-05,https://data.chc.ucsb.edu/products/CHIRPS-GEFS/v3/daily/global/2022/10/05/c3g_2022.10.05.tif,200.0,True,64073604.0,61.11,False
2022-10-06,https://data.chc.ucsb.edu/products/CHIRPS-GEFS/v3/daily/global/2022/10/06/c3g_2022.10.06.tif,200.0,True,63952534.0,60.99,False
2022-10-07,https://data.chc.ucsb.edu/products/CHIRPS-GEFS/v3/daily/global/2022/10/07/c3g_2022.10.07.tif,200.0,True,66788154.0,63.69,False
2022-10-08,https://data.chc.ucsb.edu/products/CHIRPS-GEFS/v3/daily/global/2022/10/08/c3g_2022.10.08.tif,200.0,True,63422886.0,60.48,False
2022-10-09,https://data.chc.ucsb.edu/products/CHIRPS-GEFS/v3/daily/global/2022/10/09/c3g_2022.10.09.tif,200.0,True,63029236.0,60.11,False
2022-10-10,https://data.chc.ucsb.edu/products/CHIRPS-GEFS/v3/daily/global/2022/10/10/c3g_2022.10.10.tif,200.0,True,63206780.0,60.28,False
2022-10-11,https://data.chc.ucsb.edu/products/CHIRPS-GEFS/v3/daily/global/2022/10/11/c3g_2022.10.11.tif,200.0,True,62845678.0,59.93,False
2022-10-12,https://data.chc.ucsb.edu/products/CHIRPS-GEFS/v3/daily/global/2022/10/12/c3g_2022.10.12.tif,200.0,True,63146354.0,60.22,False
2022-10-13,https://data.chc.ucsb.edu/products/CHIRPS-GEFS/v3/daily/global/2022/10/13/c3g_2022.10.13.tif,200.0,True,62612862.0,59.71,False
2022-10-14,https://data.chc.ucsb.edu/products/CHIRPS-GEFS/v3/daily/global/2022/10/14/c3g_2022.10.14.tif,200.0,True,62517434.0,59.62,False
2022-10-15,https://data.chc.ucsb.edu/products/CHIRPS-GEFS/v3/daily/global/2022/10/15/c3g_2022.10.15.tif,200.0,True,62725568.0,59.82,False
2022-10-16,https://data.chc.ucsb.edu/products/CHIRPS-GEFS/v3/daily/global/2022/10/16/c3g_2022.10.16.tif,200.0,True,65800734.0,62.75,False
2022-10-17,https://data.chc.ucsb.edu/products/CHIRPS-GEFS/v3/daily/global/2022/10/17/c3g_2022.10.17.tif,200.0,True,64001004.0,61.04,False
2022-10-18,https://data.chc.ucsb.edu/products/CHIRPS-GEFS/v3/daily/global/2022/10/18/c3g_2022.10.18.tif,200.0,True,63633316.0,60.69,False
2022-10-19,https://data.chc.ucsb.edu/products/CHIRPS-GEFS/v3/daily/global/2022/10/19/c3g_2022.10.19.tif,200.0,True,62936034.0,60.02,False
2022-10-20,https://data.chc.ucsb.edu/products/CHIRPS-GEFS/v3/daily/global/2022/10/20/c3g_2022.10.20.tif,200.0,True,63153432.0,60.23,False
2022-10-21,https://data.chc.ucsb.edu/products/CHIRPS-GEFS/v3/daily/global/2022/10/21/c3g_2022.10.21.tif,200.0,True,63360576.0,60.43,False
2022-10-22,https://data.chc.ucsb.edu/products/CHIRPS-GEFS/v3/daily/global/2022/10/22/c3g_2022.10.22.tif,200.0,True,63047522.0,60.13,False
2022-10-23,https://data.chc.ucsb.edu/products/CHIRPS-GEFS/v3/daily/global/2022/10/23/c3g_2022.10.23.tif,200.0,True,63222958.0,60.29,False
2022-10-24,https://data.chc.ucsb.edu/products/CHIRPS-GEFS/v3/daily/global/2022/10/24/c3g_2022.10.24.tif,200.0,True,64300778.0,61.32,False
2022-10-25,https://data.chc.ucsb.edu/products/CHIRPS-GEFS/v3/daily/global/2022/10/25/c3g_2022.10.25.tif,200.0,True,64524260.0,61.54,False
2022-10-26,https://data.chc.ucsb.edu/products/CHIRPS-GEFS/v3/daily/global/2022/10/26/c3g_2022.10.26.tif,200.0,True,66930074.0,63.83,False
2022-10-27,https://data.chc.ucsb.edu/products/CHIRPS-GEFS/v3/daily/global/2022/10/27/c3g_2022.10.27.tif,200.0,True,62589062.0,59.69,False
2022-10-28,https://data.chc.ucsb.edu/products/CHIRPS-GEFS/v3/daily/global/2022/10/28/c3g_2022.10.28.tif,200.0,True,64660838.0,61.67,False
2022-10-29,https://data.chc.ucsb.edu/products/CHIRPS-GEFS/v3/daily/global/2022/10/29/c3g_2022.10.29.tif,200.0,True,62227426.0,59.34,False
2022-10-30,https://data.chc.ucsb.edu/products/CHIRPS-GEFS/v3/daily/global/2022/10/30/c3g_2022.10.30.tif,200.0,True,62709146.0,59.8,False
2022-10-31,https://data.chc.ucsb.edu/products/CHIRPS-GEFS/v3/daily/global/2022/10/31/c3g_2022.10.31.tif,200.0,True,61630744.0,58.78,False
2022-11-01,https://data.chc.ucsb.edu/products/CHIRPS-GEFS/v3/daily/global/2022/11/01/c3g_2022.11.01.tif,200.0,True,61854218.0,58.99,False
2022-11-02,https://data.chc.ucsb.edu/products/CHIRPS-GEFS/v3/daily/global/2022/11/02/c3g_2022.11.02.tif,200.0,True,61791182.0,58.93,False
2022-11-03,https://data.chc.ucsb.edu/products/CHIRPS-GEFS/v3/daily/global/2022/11/03/c3g_2022.11.03.tif,200.0,True,61463410.0,58.62,False
2022-11-04,https://data.chc.ucsb.edu/products/CHIRPS-GEFS/v3/daily/global/2022/11/04/c3g_2022.11.04.tif,200.0,True,61550968.0,58.7,False
2022-11-05,https://data.chc.ucsb.edu/products/CHIRPS-GEFS/v3/daily/global/2022/11/05/c3g_2022.11.05.tif,200.0,True,61205454.0,58.37,False
2022-11-06,https://data.chc.ucsb.edu/products/CHIRPS-GEFS/v3/daily/global/2022/11/06/c3g_2022.11.06.tif,200.0,True,61488136.0,58.64,False
2022-11-07,https://data.chc.ucsb.edu/products/CHIRPS-GEFS/v3/daily/global/2022/11/07/c3g_2022.11.07.tif,200.0,True,61990818.0,59.12,False
2022-11-08,https://data.chc.ucsb.edu/products/CHIRPS-GEFS/v3/daily/global/2022/11/08/c3g_2022.11.08.tif,200.0,True,66350712.0,63.28,False
2022-11-09,https://data.chc.ucsb.edu/products/CHIRPS-GEFS/v3/daily/global/2022/11/09/c3g_2022.11.09.tif,200.0,True,66398592.0,63.32,False
2022-11-10,https://data.chc.ucsb.edu/products/CHIRPS-GEFS/v3/daily/global/2022/11/10/c3g_2022.11.10.tif,200.0,True,64573722.0,61.58,False
2022-11-11,https://data.chc.ucsb.edu/products/CHIRPS-GEFS/v3/daily/global/2022/11/11/c3g_2022.11.11.tif,200.0,True,67126070.0,64.02,False
2022-11-12,https://data.chc.ucsb.edu/products/CHIRPS-GEFS/v3/daily/global/2022/11/12/c3g_2022.11.12.tif,200.0,True,67017486.0,63.91,False
2022-11-13,https://data.chc.ucsb.edu/products/CHIRPS-GEFS/v3/daily/global/2022/11/13/c3g_2022.11.13.tif,200.0,True,63159022.0,60.23,False
2022-11-14,https://data.chc.ucsb.edu/products/CHIRPS-GEFS/v3/daily/global/2022/11/14/c3g_2022.11.14.tif,200.0,True,62773774.0,59.87,False
2022-11-15,https://data.chc.ucsb.edu/products/CHIRPS-GEFS/v3/daily/global/2022/11/15/c3g_2022.11.15.tif,200.0,True,62977294.0,60.06,False
2022-11-16,https://data.chc.ucsb.edu/products/CHIRPS-GEFS/v3/daily/global/2022/11/16/c3g_2022.11.16.tif,200.0,True,62950836.0,60.03,False
2022-11-17,https://data.chc.ucsb.edu/products/CHIRPS-GEFS/v3/daily/global/2022/11/17/c3g_2022.11.17.tif,200.0,True,65222108.0,62.2,False
2022-11-18,https://data.chc.ucsb.edu/products/CHIRPS-GEFS/v3/daily/global/2022/11/18/c3g_2022.11.18.tif,200.0,True,64782582.0,61.78,False
2022-11-19,https://data.chc.ucsb.edu/products/CHIRPS-GEFS/v3/daily/global/2022/11/19/c3g_2022.11.19.tif,200.0,True,66715764.0,63.63,False
2022-11-20,https://data.chc.ucsb.edu/products/CHIRPS-GEFS/v3/daily/global/2022/11/20/c3g_2022.11.20.tif,200.0,True,62676800.0,59.77,False
2022-11-21,https://data.chc.ucsb.edu/products/CHIRPS-GEFS/v3/daily/global/2022/11/21/c3g_2022.11.21.tif,200.0,True,62231156.0,59.35,False
2022-11-22,https://data.chc.ucsb.edu/products/CHIRPS-GEFS/v3/daily/global/2022/11/22/c3g_2022.11.22.tif,200.0,True,63165776.0,60.24,False
2022-11-23,https://data.chc.ucsb.edu/products/CHIRPS-GEFS/v3/daily/global/2022/11/23/c3g_2022.11.23.tif,200.0,True,62862578.0,59.95,False
2022-11-24,https://data.chc.ucsb.edu/products/CHIRPS-GEFS/v3/daily/global/2022/11/24/c3g_2022.11.24.tif,200.0,True,62841416.0,59.93,False
2022-11-25,https://data.chc.ucsb.edu/products/CHIRPS-GEFS/v3/daily/global/2022/11/25/c3g_2022.11.25.tif,200.0,True,62104770.0,59.23,False
2022-11-26,https://data.chc.ucsb.edu/products/CHIRPS-GEFS/v3/daily/global/2022/11/26/c3g_2022.11.26.tif,200.0,True,64807856.0,61.81,False
2022-11-27,https://data.chc.ucsb.edu/products/CHIRPS-GEFS/v3/daily/global/2022/11/27/c3g_2022.11.27.tif,200.0,True,65094046.0,62.08,False
2022-11-28,https://data.chc.ucsb.edu/products/CHIRPS-GEFS/v3/daily/global/2022/11/28/c3g_2022.11.28.tif,200.0,True,62156144.0,59.28,False
2022-11-29,https://data.chc.ucsb.edu/products/CHIRPS-GEFS/v3/daily/global/2022/11/29/c3g_2022.11.29.tif,200.0,True,65794110.0,62.75,False
2022-11-30,https://data.chc.ucsb.edu/products/CHIRPS-GEFS/v3/daily/global/2022/11/30/c3g_2022.11.30.tif,200.0,True,62989512.0,60.07,False
2022-12-01,https://data.chc.ucsb.edu/products/CHIRPS-GEFS/v3/daily/global/2022/12/01/c3g_2022.12.01.tif,200.0,True,64778732.0,61.78,False
2022-12-02,https://data.chc.ucsb.edu/products/CHIRPS-GEFS/v3/daily/global/2022/12/02/c3g_2022.12.02.tif,200.0,True,64881642.0,61.88,False
2022-12-03,https://data.chc.ucsb.edu/products/CHIRPS-GEFS/v3/daily/global/2022/12/03/c3g_2022.12.03.tif,200.0,True,64767312.0,61.77,False
2022-12-04,https://data.chc.ucsb.edu/products/CHIRPS-GEFS/v3/daily/global/2022/12/04/c3g_2022.12.04.tif,200.0,True,62821074.0,59.91,False
2022-12-05,https://data.chc.ucsb.edu/products/CHIRPS-GEFS/v3/daily/global/2022/12/05/c3g_2022.12.05.tif,200.0,True,62699108.0,59.79,False
2022-12-06,https://data.chc.ucsb.edu/products/CHIRPS-GEFS/v3/daily/global/2022/12/06/c3g_2022.12.06.tif,200.0,True,66261762.0,63.19,False
2022-12-07,https://data.chc.ucsb.edu/products/CHIRPS-GEFS/v3/daily/global/2022/12/07/c3g_2022.12.07.tif,200.0,True,62281340.0,59.4,False
2022-12-08,https://data.chc.ucsb.edu/products/CHIRPS-GEFS/v3/daily/global/2022/12/08/c3g_2022.12.08.tif,200.0,True,62557558.0,59.66,False
2022-12-09,https://data.chc.ucsb.edu/products/CHIRPS-GEFS/v3/daily/global/2022/12/09/c3g_2022.12.09.tif,200.0,True,67121898.0,64.01,False
2022-12-10,https://data.chc.ucsb.edu/products/CHIRPS-GEFS/v3/daily/global/2022/12/10/c3g_2022.12.10.tif,200.0,True,62902740.0,59.99,False
2022-12-11,https://data.chc.ucsb.edu/products/CHIRPS-GEFS/v3/daily/global/2022/12/11/c3g_2022.12.11.tif,200.0,True,65701766.0,62.66,False
2022-12-12,https://data.chc.ucsb.edu/products/CHIRPS-GEFS/v3/daily/global/2022/12/12/c3g_2022.12.12.tif,200.0,True,63186380.0,60.26,False
2022-12-13,https://data.chc.ucsb.edu/products/CHIRPS-GEFS/v3/daily/global/2022/12/13/c3g_2022.12.13.tif,200.0,True,62299302.0,59.41,False
2022-12-14,https://data.chc.ucsb.edu/products/CHIRPS-GEFS/v3/daily/global/2022/12/14/c3g_2022.12.14.tif,200.0,True,62033212.0,59.16,False
2022-12-15,https://data.chc.ucsb.edu/products/CHIRPS-GEFS/v3/daily/global/2022/12/15/c3g_2022.12.15.tif,200.0,True,61216972.0,58.38,False
2022-12-16,https://data.chc.ucsb.edu/products/CHIRPS-GEFS/v3/daily/global/2022/12/16/c3g_2022.12.16.tif,200.0,True,60408574.0,57.61,False
2022-12-17,https://data.chc.ucsb.edu/products/CHIRPS-GEFS/v3/daily/global/2022/12/17/c3g_2022.12.17.tif,200.0,True,60299006.0,57.51,False
2022-12-18,https://data.chc.ucsb.edu/products/CHIRPS-GEFS/v3/daily/global/2022/12/18/c3g_2022.12.18.tif,200.0,True,60229644.0,57.44,False
2022-12-19,https://data.chc.ucsb.edu/products/CHIRPS-GEFS/v3/daily/global/2022/12/19/c3g_2022.12.19.tif,200.0,True,60850914.0,58.03,False
2022-12-20,https://data.chc.ucsb.edu/products/CHIRPS-GEFS/v3/daily/global/2022/12/20/c3g_2022.12.20.tif,200.0,True,61166418.0,58.33,False
2022-12-21,https://data.chc.ucsb.edu/products/CHIRPS-GEFS/v3/daily/global/2022/12/21/c3g_2022.12.21.tif,200.0,True,61798620.0,58.94,False
2022-12-22,https://data.chc.ucsb.edu/products/CHIRPS-GEFS/v3/daily/global/2022/12/22/c3g_2022.12.22.tif,200.0,True,62566260.0,59.67,False
2022-12-23,https://data.chc.ucsb.edu/products/CHIRPS-GEFS/v3/daily/global/2022/12/23/c3g_2022.12.23.tif,200.0,True,62869658.0,59.96,False
2022-12-24,https://data.chc.ucsb.edu/products/CHIRPS-GEFS/v3/daily/global/2022/12/24/c3g_2022.12.24.tif,200.0,True,62152290.0,59.27,False
2022-12-25,https://data.chc.ucsb.edu/products/CHIRPS-GEFS/v3/daily/global/2022/12/25/c3g_2022.12.25.tif,200.0,True,61745008.0,58.88,False
2022-12-26,https://data.chc.ucsb.edu/products/CHIRPS-GEFS/v3/daily/global/2022/12/26/c3g_2022.12.26.tif,200.0,True,60722792.0,57.91,False
2022-12-27,https://data.chc.ucsb.edu/products/CHIRPS-GEFS/v3/daily/global/2022/12/27/c3g_2022.12.27.tif,200.0,True,61281532.0,58.44,False
2022-12-28,https://data.chc.ucsb.edu/products/CHIRPS-GEFS/v3/daily/global/2022/12/28/c3g_2022.12.28.tif,200.0,True,63273466.0,60.34,False
2022-12-29,https://data.chc.ucsb.edu/products/CHIRPS-GEFS/v3/daily/global/2022/12/29/c3g_2022.12.29.tif,200.0,True,63125186.0,60.2,False
2022-12-30,https://data.chc.ucsb.edu/products/CHIRPS-GEFS/v3/daily/global/2022/12/30/c3g_2022.12.30.tif,200.0,True,62587988.0,59.69,False
2022-12-31,https://data.chc.ucsb.edu/products/CHIRPS-GEFS/v3/daily/global/2022/12/31/c3g_2022.12.31.tif,200.0,True,62414282.0,59.52,False
2023-01-01,https://data.chc.ucsb.edu/products/CHIRPS-GEFS/v3/daily/global/2023/01/01/c3g_2023.01.01.tif,200.0,True,62470278.0,59.58,False
2023-01-02,https://data.chc.ucsb.edu/products/CHIRPS-GEFS/v3/daily/global/2023/01/02/c3g_2023.01.02.tif,200.0,True,63835314.0,60.88,False
2023-01-03,https://data.chc.ucsb.edu/products/CHIRPS-GEFS/v3/daily/global/2023/01/03/c3g_2023.01.03.tif,200.0,True,63577880.0,60.63,False
2023-01-04,https://data.chc.ucsb.edu/products/CHIRPS-GEFS/v3/daily/global/2023/01/04/c3g_2023.01.04.tif,200.0,True,63220936.0,60.29,False
2023-01-05,https://data.chc.ucsb.edu/products/CHIRPS-GEFS/v3/daily/global/2023/01/05/c3g_2023.01.05.tif,200.0,True,61951732.0,59.08,False
2023-01-06,https://data.chc.ucsb.edu/products/CHIRPS-GEFS/v3/daily/global/2023/01/06/c3g_2023.01.06.tif,200.0,True,63581920.0,60.64,False
2023-01-07,https://data.chc.ucsb.edu/products/CHIRPS-GEFS/v3/daily/global/2023/01/07/c3g_2023.01.07.tif,200.0,True,60523560.0,57.72,False
2023-01-08,https://data.chc.ucsb.edu/products/CHIRPS-GEFS/v3/daily/global/2023/01/08/c3g_2023.01.08.tif,200.0,True,60951992.0,58.13,False
2023-01-09,https://data.chc.ucsb.edu/products/CHIRPS-GEFS/v3/daily/global/2023/01/09/c3g_2023.01.09.tif,200.0,True,64362880.0,61.38,False
2023-01-10,https://data.chc.ucsb.edu/products/CHIRPS-GEFS/v3/daily/global/2023/01/10/c3g_2023.01.10.tif,200.0,True,61657738.0,58.8,False
2023-01-11,https://data.chc.ucsb.edu/products/CHIRPS-GEFS/v3/daily/global/2023/01/11/c3g_2023.01.11.tif,200.0,True,61766270.0,58.9,False
2023-01-12,https://data.chc.ucsb.edu/products/CHIRPS-GEFS/v3/daily/global/2023/01/12/c3g_2023.01.12.tif,200.0,True,62505060.0,59.61,False
2023-01-13,https://data.chc.ucsb.edu/products/CHIRPS-GEFS/v3/daily/global/2023/01/13/c3g_2023.01.13.tif,200.0,True,62785640.0,59.88,False
2023-01-14,https://data.chc.ucsb.edu/products/CHIRPS-GEFS/v3/daily/global/2023/01/14/c3g_2023.01.14.tif,200.0,True,62333968.0,59.45,False
2023-01-15,https://data.chc.ucsb.edu/products/CHIRPS-GEFS/v3/daily/global/2023/01/15/c3g_2023.01.15.tif,200.0,True,62646824.0,59.74,False
2023-01-16,https://data.chc.ucsb.edu/products/CHIRPS-GEFS/v3/daily/global/2023/01/16/c3g_2023.01.16.tif,200.0,True,62634650.0,59.73,False
2023-01-17,https://data.chc.ucsb.edu/products/CHIRPS-GEFS/v3/daily/global/2023/01/17/c3g_2023.01.17.tif,200.0,True,64757272.0,61.76,False
2023-01-18,https://data.chc.ucsb.edu/products/CHIRPS-GEFS/v3/daily/global/2023/01/18/c3g_2023.01.18.tif,200.0,True,62436284.0,59.54,False
2023-01-19,https://data.chc.ucsb.edu/products/CHIRPS-GEFS/v3/daily/global/2023/01/19/c3g_2023.01.19.tif,200.0,True,62065124.0,59.19,False
2023-01-20,https://data.chc.ucsb.edu/products/CHIRPS-GEFS/v3/daily/global/2023/01/20/c3g_2023.01.20.tif,200.0,True,64525602.0,61.54,False
2023-01-21,https://data.chc.ucsb.edu/products/CHIRPS-GEFS/v3/daily/global/2023/01/21/c3g_2023.01.21.tif,200.0,True,64307130.0,61.33,False
2023-01-22,https://data.chc.ucsb.edu/products/CHIRPS-GEFS/v3/daily/global/2023/01/22/c3g_2023.01.22.tif,200.0,True,62660848.0,59.76,False
2023-01-23,https://data.chc.ucsb.edu/products/CHIRPS-GEFS/v3/daily/global/2023/01/23/c3g_2023.01.23.tif,200.0,True,62738902.0,59.83,False
2023-01-24,https://data.chc.ucsb.edu/products/CHIRPS-GEFS/v3/daily/global/2023/01/24/c3g_2023.01.24.tif,200.0,True,63275882.0,60.34,False
2023-01-25,https://data.chc.ucsb.edu/products/CHIRPS-GEFS/v3/daily/global/2023/01/25/c3g_2023.01.25.tif,200.0,True,62311592.0,59.42,False
2023-01-26,https://data.chc.ucsb.edu/products/CHIRPS-GEFS/v3/daily/global/2023/01/26/c3g_2023.01.26.tif,200.0,True,62326802.0,59.44,False
2023-01-27,https://data.chc.ucsb.edu/products/CHIRPS-GEFS/v3/daily/global/2023/01/27/c3g_2023.01.27.tif,200.0,True,62812308.0,59.9,False
2023-01-28,https://data.chc.ucsb.edu/products/CHIRPS-GEFS/v3/daily/global/2023/01/28/c3g_2023.01.28.tif,200.0,True,61266100.0,58.43,False
2023-01-29,https://data.chc.ucsb.edu/products/CHIRPS-GEFS/v3/daily/global/2023/01/29/c3g_2023.01.29.tif,200.0,True,62091856.0,59.22,False
2023-01-30,https://data.chc.ucsb.edu/products/CHIRPS-GEFS/v3/daily/global/2023/01/30/c3g_2023.01.30.tif,200.0,True,62293412.0,59.41,False
2023-01-31,https://data.chc.ucsb.edu/products/CHIRPS-GEFS/v3/daily/global/2023/01/31/c3g_2023.01.31.tif,200.0,True,62953996.0,60.04,False
2023-02-01,https://data.chc.ucsb.edu/products/CHIRPS-GEFS/v3/daily/global/2023/02/01/c3g_2023.02.01.tif,200.0,True,62075344.0,59.2,False
2023-02-02,https://data.chc.ucsb.edu/products/CHIRPS-GEFS/v3/daily/global/2023/02/02/c3g_2023.02.02.tif,200.0,True,62135602.0,59.26,False
2023-02-03,https://data.chc.ucsb.edu/products/CHIRPS-GEFS/v3/daily/global/2023/02/03/c3g_2023.02.03.tif,200.0,True,64100170.0,61.13,False
2023-02-04,https://data.chc.ucsb.edu/products/CHIRPS-GEFS/v3/daily/global/2023/02/04/c3g_2023.02.04.tif,200.0,True,64349284.0,61.37,False
2023-02-05,https://data.chc.ucsb.edu/products/CHIRPS-GEFS/v3/daily/global/2023/02/05/c3g_2023.02.05.tif,200.0,True,64318990.0,61.34,False
2023-02-06,https://data.chc.ucsb.edu/products/CHIRPS-GEFS/v3/daily/global/2023/02/06/c3g_2023.02.06.tif,200.0,True,62069928.0,59.19,False
2023-02-07,https://data.chc.ucsb.edu/products/CHIRPS-GEFS/v3/daily/global/2023/02/07/c3g_2023.02.07.tif,200.0,True,62859736.0,59.95,False
2023-02-08,https://data.chc.ucsb.edu/products/CHIRPS-GEFS/v3/daily/global/2023/02/08/c3g_2023.02.08.tif,200.0,True,62719990.0,59.81,False
2023-02-09,https://data.chc.ucsb.edu/products/CHIRPS-GEFS/v3/daily/global/2023/02/09/c3g_2023.02.09.tif,200.0,True,62636108.0,59.73,False
2023-02-10,https://data.chc.ucsb.edu/products/CHIRPS-GEFS/v3/daily/global/2023/02/10/c3g_2023.02.10.tif,200.0,True,62664886.0,59.76,False
2023-02-11,https://data.chc.ucsb.edu/products/CHIRPS-GEFS/v3/daily/global/2023/02/11/c3g_2023.02.11.tif,200.0,True,61766994.0,58.91,False
2023-02-12,https://data.chc.ucsb.edu/products/CHIRPS-GEFS/v3/daily/global/2023/02/12/c3g_2023.02.12.tif,200.0,True,61553102.0,58.7,False
2023-02-13,https://data.chc.ucsb.edu/products/CHIRPS-GEFS/v3/daily/global/2023/02/13/c3g_2023.02.13.tif,200.0,True,61559518.0,58.71,False
2023-02-14,https://data.chc.ucsb.edu/products/CHIRPS-GEFS/v3/daily/global/2023/02/14/c3g_2023.02.14.tif,200.0,True,63011122.0,60.09,False
2023-02-15,https://data.chc.ucsb.edu/products/CHIRPS-GEFS/v3/daily/global/2023/02/15/c3g_2023.02.15.tif,200.0,True,62879418.0,59.97,False
2023-02-16,https://data.chc.ucsb.edu/products/CHIRPS-GEFS/v3/daily/global/2023/02/16/c3g_2023.02.16.tif,200.0,True,62381630.0,59.49,False
2023-02-17,https://data.chc.ucsb.edu/products/CHIRPS-GEFS/v3/daily/global/2023/02/17/c3g_2023.02.17.tif,200.0,True,62111040.0,59.23,False
2023-02-18,https://data.chc.ucsb.edu/products/CHIRPS-GEFS/v3/daily/global/2023/02/18/c3g_2023.02.18.tif,200.0,True,61928352.0,59.06,False
2023-02-19,https://data.chc.ucsb.edu/products/CHIRPS-GEFS/v3/daily/global/2023/02/19/c3g_2023.02.19.tif,200.0,True,61109372.0,58.28,False
2023-02-20,https://data.chc.ucsb.edu/products/CHIRPS-GEFS/v3/daily/global/2023/02/20/c3g_2023.02.20.tif,200.0,True,61970336.0,59.1,False
2023-02-21,https://data.chc.ucsb.edu/products/CHIRPS-GEFS/v3/daily/global/2023/02/21/c3g_2023.02.21.tif,200.0,True,61704678.0,58.85,False
2023-02-22,https://data.chc.ucsb.edu/products/CHIRPS-GEFS/v3/daily/global/2023/02/22/c3g_2023.02.22.tif,200.0,True,62540266.0,59.64,False
2023-02-23,https://data.chc.ucsb.edu/products/CHIRPS-GEFS/v3/daily/global/2023/02/23/c3g_2023.02.23.tif,200.0,True,62247452.0,59.36,False
2023-02-24,https://data.chc.ucsb.edu/products/CHIRPS-GEFS/v3/daily/global/2023/02/24/c3g_2023.02.24.tif,200.0,True,62885888.0,59.97,False
2023-02-25,https://data.chc.ucsb.edu/products/CHIRPS-GEFS/v3/daily/global/2023/02/25/c3g_2023.02.25.tif,200.0,True,63887462.0,60.93,False
2023-02-26,https://data.chc.ucsb.edu/products/CHIRPS-GEFS/v3/daily/global/2023/02/26/c3g_2023.02.26.tif,200.0,True,63128044.0,60.2,False
2023-02-27,https://data.chc.ucsb.edu/products/CHIRPS-GEFS/v3/daily/global/2023/02/27/c3g_2023.02.27.tif,200.0,True,62321838.0,59.43,False
2023-02-28,https://data.chc.ucsb.edu/products/CHIRPS-GEFS/v3/daily/global/2023/02/28/c3g_2023.02.28.tif,200.0,True,61804546.0,58.94,False
2023-03-01,https://data.chc.ucsb.edu/products/CHIRPS-GEFS/v3/daily/global/2023/03/01/c3g_2023.03.01.tif,200.0,True,67362442.0,64.24,False
2023-03-02,https://data.chc.ucsb.edu/products/CHIRPS-GEFS/v3/daily/global/2023/03/02/c3g_2023.03.02.tif,200.0,True,61989800.0,59.12,False
2023-03-03,https://data.chc.ucsb.edu/products/CHIRPS-GEFS/v3/daily/global/2023/03/03/c3g_2023.03.03.tif,200.0,True,62651442.0,59.75,False
2023-03-04,https://data.chc.ucsb.edu/products/CHIRPS-GEFS/v3/daily/global/2023/03/04/c3g_2023.03.04.tif,200.0,True,63304638.0,60.37,False
2023-03-05,https://data.chc.ucsb.edu/products/CHIRPS-GEFS/v3/daily/global/2023/03/05/c3g_2023.03.05.tif,200.0,True,62389744.0,59.5,False
2023-03-06,https://data.chc.ucsb.edu/products/CHIRPS-GEFS/v3/daily/global/2023/03/06/c3g_2023.03.06.tif,200.0,True,63148334.0,60.22,False
2023-03-07,https://data.chc.ucsb.edu/products/CHIRPS-GEFS/v3/daily/global/2023/03/07/c3g_2023.03.07.tif,200.0,True,62402000.0,59.51,False
2023-03-08,https://data.chc.ucsb.edu/products/CHIRPS-GEFS/v3/daily/global/2023/03/08/c3g_2023.03.08.tif,200.0,True,61812270.0,58.95,False
2023-03-09,https://data.chc.ucsb.edu/products/CHIRPS-GEFS/v3/daily/global/2023/03/09/c3g_2023.03.09.tif,200.0,True,61597782.0,58.74,False
2023-03-10,https://data.chc.ucsb.edu/products/CHIRPS-GEFS/v3/daily/global/2023/03/10/c3g_2023.03.10.tif,200.0,True,61711954.0,58.85,False
2023-03-11,https://data.chc.ucsb.edu/products/CHIRPS-GEFS/v3/daily/global/2023/03/11/c3g_2023.03.11.tif,200.0,True,61828416.0,58.96,False
2023-03-12,https://data.chc.ucsb.edu/products/CHIRPS-GEFS/v3/daily/global/2023/03/12/c3g_2023.03.12.tif,200.0,True,61427596.0,58.58,False
2023-03-13,https://data.chc.ucsb.edu/products/CHIRPS-GEFS/v3/daily/global/2023/03/13/c3g_2023.03.13.tif,200.0,True,60821350.0,58.0,False
2023-03-14,https://data.chc.ucsb.edu/products/CHIRPS-GEFS/v3/daily/global/2023/03/14/c3g_2023.03.14.tif,200.0,True,66303604.0,63.23,False
2023-03-15,https://data.chc.ucsb.edu/products/CHIRPS-GEFS/v3/daily/global/2023/03/15/c3g_2023.03.15.tif,200.0,True,62834598.0,59.92,False
2023-03-16,https://data.chc.ucsb.edu/products/CHIRPS-GEFS/v3/daily/global/2023/03/16/c3g_2023.03.16.tif,200.0,True,63482036.0,60.54,False
2023-03-17,https://data.chc.ucsb.edu/products/CHIRPS-GEFS/v3/daily/global/2023/03/17/c3g_2023.03.17.tif,200.0,True,63889688.0,60.93,False
2023-03-18,https://data.chc.ucsb.edu/products/CHIRPS-GEFS/v3/daily/global/2023/03/18/c3g_2023.03.18.tif,200.0,True,64523116.0,61.53,False
2023-03-19,https://data.chc.ucsb.edu/products/CHIRPS-GEFS/v3/daily/global/2023/03/19/c3g_2023.03.19.tif,200.0,True,66892900.0,63.79,False
2023-03-20,https://data.chc.ucsb.edu/products/CHIRPS-GEFS/v3/daily/global/2023/03/20/c3g_2023.03.20.tif,200.0,True,65003898.0,61.99,False
2023-03-21,https://data.chc.ucsb.edu/products/CHIRPS-GEFS/v3/daily/global/2023/03/21/c3g_2023.03.21.tif,200.0,True,67186852.0,64.07,False
2023-03-22,https://data.chc.ucsb.edu/products/CHIRPS-GEFS/v3/daily/global/2023/03/22/c3g_2023.03.22.tif,200.0,True,64443996.0,61.46,False
2023-03-23,https://data.chc.ucsb.edu/products/CHIRPS-GEFS/v3/daily/global/2023/03/23/c3g_2023.03.23.tif,200.0,True,68017216.0,64.87,False
2023-03-24,https://data.chc.ucsb.edu/products/CHIRPS-GEFS/v3/daily/global/2023/03/24/c3g_2023.03.24.tif,200.0,True,64687854.0,61.69,False
2023-03-25,https://data.chc.ucsb.edu/products/CHIRPS-GEFS/v3/daily/global/2023/03/25/c3g_2023.03.25.tif,200.0,True,67625112.0,64.49,False
2023-03-26,https://data.chc.ucsb.edu/products/CHIRPS-GEFS/v3/daily/global/2023/03/26/c3g_2023.03.26.tif,200.0,True,64283010.0,61.31,False
2023-03-27,https://data.chc.ucsb.edu/products/CHIRPS-GEFS/v3/daily/global/2023/03/27/c3g_2023.03.27.tif,200.0,True,66849082.0,63.75,False
2023-03-28,https://data.chc.ucsb.edu/products/CHIRPS-GEFS/v3/daily/global/2023/03/28/c3g_2023.03.28.tif,200.0,True,63409264.0,60.47,False
2023-03-29,https://data.chc.ucsb.edu/products/CHIRPS-GEFS/v3/daily/global/2023/03/29/c3g_2023.03.29.tif,200.0,True,62744436.0,59.84,False
2023-03-30,https://data.chc.ucsb.edu/products/CHIRPS-GEFS/v3/daily/global/2023/03/30/c3g_2023.03.30.tif,200.0,True,63538018.0,60.59,False
2023-03-31,https://data.chc.ucsb.edu/products/CHIRPS-GEFS/v3/daily/global/2023/03/31/c3g_2023.03.31.tif,200.0,True,64294308.0,61.32,False
2023-04-01,https://data.chc.ucsb.edu/products/CHIRPS-GEFS/v3/daily/global/2023/04/01/c3g_2023.04.01.tif,200.0,True,63634240.0,60.69,False
2023-04-02,https://data.chc.ucsb.edu/products/CHIRPS-GEFS/v3/daily/global/2023/04/02/c3g_2023.04.02.tif,200.0,True,67122774.0,64.01,False
2023-04-03,https://data.chc.ucsb.edu/products/CHIRPS-GEFS/v3/daily/global/2023/04/03/c3g_2023.04.03.tif,200.0,True,68262444.0,65.1,False
2023-04-04,https://data.chc.ucsb.edu/products/CHIRPS-GEFS/v3/daily/global/2023/04/04/c3g_2023.04.04.tif,200.0,True,66147674.0,63.08,False
2023-04-05,https://data.chc.ucsb.edu/products/CHIRPS-GEFS/v3/daily/global/2023/04/05/c3g_2023.04.05.tif,200.0,True,63286040.0,60.35,False
2023-04-06,https://data.chc.ucsb.edu/products/CHIRPS-GEFS/v3/daily/global/2023/04/06/c3g_2023.04.06.tif,200.0,True,65724870.0,62.68,False
2023-04-07,https://data.chc.ucsb.edu/products/CHIRPS-GEFS/v3/daily/global/2023/04/07/c3g_2023.04.07.tif,200.0,True,66770532.0,63.68,False
2023-04-08,https://data.chc.ucsb.edu/products/CHIRPS-GEFS/v3/daily/global/2023/04/08/c3g_2023.04.08.tif,200.0,True,63998834.0,61.03,False
2023-04-09,https://data.chc.ucsb.edu/products/CHIRPS-GEFS/v3/daily/global/2023/04/09/c3g_2023.04.09.tif,200.0,True,63608716.0,60.66,False
2023-04-10,https://data.chc.ucsb.edu/products/CHIRPS-GEFS/v3/daily/global/2023/04/10/c3g_2023.04.10.tif,200.0,True,64029114.0,61.06,False
2023-04-11,https://data.chc.ucsb.edu/products/CHIRPS-GEFS/v3/daily/global/2023/04/11/c3g_2023.04.11.tif,200.0,True,64819400.0,61.82,False
2023-04-12,https://data.chc.ucsb.edu/products/CHIRPS-GEFS/v3/daily/global/2023/04/12/c3g_2023.04.12.tif,200.0,True,64374034.0,61.39,False
2023-04-13,https://data.chc.ucsb.edu/products/CHIRPS-GEFS/v3/daily/global/2023/04/13/c3g_2023.04.13.tif,200.0,True,64791512.0,61.79,False
2023-04-14,https://data.chc.ucsb.edu/products/CHIRPS-GEFS/v3/daily/global/2023/04/14/c3g_2023.04.14.tif,200.0,True,63832180.0,60.88,False
2023-04-15,https://data.chc.ucsb.edu/products/CHIRPS-GEFS/v3/daily/global/2023/04/15/c3g_2023.04.15.tif,200.0,True,64071562.0,61.1,False
2023-04-16,https://data.chc.ucsb.edu/products/CHIRPS-GEFS/v3/daily/global/2023/04/16/c3g_2023.04.16.tif,200.0,True,62906240.0,59.99,False
2023-04-17,https://data.chc.ucsb.edu/products/CHIRPS-GEFS/v3/daily/global/2023/04/17/c3g_2023.04.17.tif,200.0,True,62743534.0,59.84,False
2023-04-18,https://data.chc.ucsb.edu/products/CHIRPS-GEFS/v3/daily/global/2023/04/18/c3g_2023.04.18.tif,200.0,True,62727686.0,59.82,False
2023-04-19,https://data.chc.ucsb.edu/products/CHIRPS-GEFS/v3/daily/global/2023/04/19/c3g_2023.04.19.tif,200.0,True,62798696.0,59.89,False
2023-04-20,https://data.chc.ucsb.edu/products/CHIRPS-GEFS/v3/daily/global/2023/04/20/c3g_2023.04.20.tif,200.0,True,63190646.0,60.26,False
2023-04-21,https://data.chc.ucsb.edu/products/CHIRPS-GEFS/v3/daily/global/2023/04/21/c3g_2023.04.21.tif,200.0,True,65396574.0,62.37,False
2023-04-22,https://data.chc.ucsb.edu/products/CHIRPS-GEFS/v3/daily/global/2023/04/22/c3g_2023.04.22.tif,200.0,True,63056404.0,60.14,False
2023-04-23,https://data.chc.ucsb.edu/products/CHIRPS-GEFS/v3/daily/global/2023/04/23/c3g_2023.04.23.tif,200.0,True,62780722.0,59.87,False
2023-04-24,https://data.chc.ucsb.edu/products/CHIRPS-GEFS/v3/daily/global/2023/04/24/c3g_2023.04.24.tif,200.0,True,66329926.0,63.26,False
2023-04-25,https://data.chc.ucsb.edu/products/CHIRPS-GEFS/v3/daily/global/2023/04/25/c3g_2023.04.25.tif,200.0,True,63345210.0,60.41,False
2023-04-26,https://data.chc.ucsb.edu/products/CHIRPS-GEFS/v3/daily/global/2023/04/26/c3g_2023.04.26.tif,200.0,True,63536600.0,60.59,False
2023-04-27,https://data.chc.ucsb.edu/products/CHIRPS-GEFS/v3/daily/global/2023/04/27/c3g_2023.04.27.tif,200.0,True,64141732.0,61.17,False
2023-04-28,https://data.chc.ucsb.edu/products/CHIRPS-GEFS/v3/daily/global/2023/04/28/c3g_2023.04.28.tif,200.0,True,66620956.0,63.53,False
2023-04-29,https://data.chc.ucsb.edu/products/CHIRPS-GEFS/v3/daily/global/2023/04/29/c3g_2023.04.29.tif,200.0,True,63868286.0,60.91,False
2023-04-30,https://data.chc.ucsb.edu/products/CHIRPS-GEFS/v3/daily/global/2023/04/30/c3g_2023.04.30.tif,200.0,True,66245872.0,63.18,False
2023-05-01,https://data.chc.ucsb.edu/products/CHIRPS-GEFS/v3/daily/global/2023/05/01/c3g_2023.05.01.tif,200.0,True,66367736.0,63.29,False
2023-05-02,https://data.chc.ucsb.edu/products/CHIRPS-GEFS/v3/daily/global/2023/05/02/c3g_2023.05.02.tif,200.0,True,67327844.0,64.21,False
2023-05-03,https://data.chc.ucsb.edu/products/CHIRPS-GEFS/v3/daily/global/2023/05/03/c3g_2023.05.03.tif,200.0,True,63398306.0,60.46,False
2023-05-04,https://data.chc.ucsb.edu/products/CHIRPS-GEFS/v3/daily/global/2023/05/04/c3g_2023.05.04.tif,200.0,True,63642306.0,60.69,False
2023-05-05,https://data.chc.ucsb.edu/products/CHIRPS-GEFS/v3/daily/global/2023/05/05/c3g_2023.05.05.tif,200.0,True,66099750.0,63.04,False
2023-05-06,https://data.chc.ucsb.edu/products/CHIRPS-GEFS/v3/daily/global/2023/05/06/c3g_2023.05.06.tif,200.0,True,63349202.0,60.41,False
2023-05-07,https://data.chc.ucsb.edu/products/CHIRPS-GEFS/v3/daily/global/2023/05/07/c3g_2023.05.07.tif,200.0,True,65671208.0,62.63,False
2023-05-08,https://data.chc.ucsb.edu/products/CHIRPS-GEFS/v3/daily/global/2023/05/08/c3g_2023.05.08.tif,200.0,True,62280912.0,59.4,False
2023-05-09,https://data.chc.ucsb.edu/products/CHIRPS-GEFS/v3/daily/global/2023/05/09/c3g_2023.05.09.tif,200.0,True,62079994.0,59.2,False
2023-05-10,https://data.chc.ucsb.edu/products/CHIRPS-GEFS/v3/daily/global/2023/05/10/c3g_2023.05.10.tif,200.0,True,61763804.0,58.9,False
2023-05-11,https://data.chc.ucsb.edu/products/CHIRPS-GEFS/v3/daily/global/2023/05/11/c3g_2023.05.11.tif,200.0,True,62240730.0,59.36,False
2023-05-12,https://data.chc.ucsb.edu/products/CHIRPS-GEFS/v3/daily/global/2023/05/12/c3g_2023.05.12.tif,200.0,True,62834462.0,59.92,False
2023-05-13,https://data.chc.ucsb.edu/products/CHIRPS-GEFS/v3/daily/global/2023/05/13/c3g_2023.05.13.tif,200.0,True,63584372.0,60.64,False
2023-05-14,https://data.chc.ucsb.edu/products/CHIRPS-GEFS/v3/daily/global/2023/05/14/c3g_2023.05.14.tif,200.0,True,63404218.0,60.47,False
2023-05-15,https://data.chc.ucsb.edu/products/CHIRPS-GEFS/v3/daily/global/2023/05/15/c3g_2023.05.15.tif,200.0,True,62998174.0,60.08,False
2023-05-16,https://data.chc.ucsb.edu/products/CHIRPS-GEFS/v3/daily/global/2023/05/16/c3g_2023.05.16.tif,200.0,True,63054320.0,60.13,False
2023-05-17,https://data.chc.ucsb.edu/products/CHIRPS-GEFS/v3/daily/global/2023/05/17/c3g_2023.05.17.tif,200.0,True,63767756.0,60.81,False
2023-05-18,https://data.chc.ucsb.edu/products/CHIRPS-GEFS/v3/daily/global/2023/05/18/c3g_2023.05.18.tif,200.0,True,63195568.0,60.27,False
2023-05-19,https://data.chc.ucsb.edu/products/CHIRPS-GEFS/v3/daily/global/2023/05/19/c3g_2023.05.19.tif,200.0,True,63603578.0,60.66,False
2023-05-20,https://data.chc.ucsb.edu/products/CHIRPS-GEFS/v3/daily/global/2023/05/20/c3g_2023.05.20.tif,200.0,True,63752552.0,60.8,False
2023-05-21,https://data.chc.ucsb.edu/products/CHIRPS-GEFS/v3/daily/global/2023/05/21/c3g_2023.05.21.tif,200.0,True,63846692.0,60.89,False
2023-05-22,https://data.chc.ucsb.edu/products/CHIRPS-GEFS/v3/daily/global/2023/05/22/c3g_2023.05.22.tif,200.0,True,64504344.0,61.52,False
2023-05-23,https://data.chc.ucsb.edu/products/CHIRPS-GEFS/v3/daily/global/2023/05/23/c3g_2023.05.23.tif,200.0,True,64971474.0,61.96,False
2023-05-24,https://data.chc.ucsb.edu/products/CHIRPS-GEFS/v3/daily/global/2023/05/24/c3g_2023.05.24.tif,200.0,True,67045284.0,63.94,False
2023-05-25,https://data.chc.ucsb.edu/products/CHIRPS-GEFS/v3/daily/global/2023/05/25/c3g_2023.05.25.tif,200.0,True,64610070.0,61.62,False
2023-05-26,https://data.chc.ucsb.edu/products/CHIRPS-GEFS/v3/daily/global/2023/05/26/c3g_2023.05.26.tif,200.0,True,63964062.0,61.0,False
2023-05-27,https://data.chc.ucsb.edu/products/CHIRPS-GEFS/v3/daily/global/2023/05/27/c3g_2023.05.27.tif,200.0,True,67053650.0,63.95,False
2023-05-28,https://data.chc.ucsb.edu/products/CHIRPS-GEFS/v3/daily/global/2023/05/28/c3g_2023.05.28.tif,200.0,True,64703056.0,61.71,False
2023-05-29,https://data.chc.ucsb.edu/products/CHIRPS-GEFS/v3/daily/global/2023/05/29/c3g_2023.05.29.tif,200.0,True,64217408.0,61.24,False
2023-05-30,https://data.chc.ucsb.edu/products/CHIRPS-GEFS/v3/daily/global/2023/05/30/c3g_2023.05.30.tif,200.0,True,68211338.0,65.05,False
2023-05-31,https://data.chc.ucsb.edu/products/CHIRPS-GEFS/v3/daily/global/2023/05/31/c3g_2023.05.31.tif,200.0,True,64472314.0,61.49,False
2023-06-01,https://data.chc.ucsb.edu/products/CHIRPS-GEFS/v3/daily/global/2023/06/01/c3g_2023.06.01.tif,200.0,True,64293150.0,61.31,False
2023-06-02,https://data.chc.ucsb.edu/products/CHIRPS-GEFS/v3/daily/global/2023/06/02/c3g_2023.06.02.tif,200.0,True,64560670.0,61.57,False
2023-06-03,https://data.chc.ucsb.edu/products/CHIRPS-GEFS/v3/daily/global/2023/06/03/c3g_2023.06.03.tif,200.0,True,67490292.0,64.36,False
2023-06-04,https://data.chc.ucsb.edu/products/CHIRPS-GEFS/v3/daily/global/2023/06/04/c3g_2023.06.04.tif,200.0,True,64860748.0,61.86,False
2023-06-05,https://data.chc.ucsb.edu/products/CHIRPS-GEFS/v3/daily/global/2023/06/05/c3g_2023.06.05.tif,200.0,True,63417442.0,60.48,False
2023-06-06,https://data.chc.ucsb.edu/products/CHIRPS-GEFS/v3/daily/global/2023/06/06/c3g_2023.06.06.tif,200.0,True,64159726.0,61.19,False
2023-06-07,https://data.chc.ucsb.edu/products/CHIRPS-GEFS/v3/daily/global/2023/06/07/c3g_2023.06.07.tif,200.0,True,63549552.0,60.61,False
2023-06-08,https://data.chc.ucsb.edu/products/CHIRPS-GEFS/v3/daily/global/2023/06/08/c3g_2023.06.08.tif,200.0,True,63317124.0,60.38,False
2023-06-09,https://data.chc.ucsb.edu/products/CHIRPS-GEFS/v3/daily/global/2023/06/09/c3g_2023.06.09.tif,200.0,True,63754314.0,60.8,False
2023-06-10,https://data.chc.ucsb.edu/products/CHIRPS-GEFS/v3/daily/global/2023/06/10/c3g_2023.06.10.tif,200.0,True,64121064.0,61.15,False
2023-06-11,https://data.chc.ucsb.edu/products/CHIRPS-GEFS/v3/daily/global/2023/06/11/c3g_2023.06.11.tif,200.0,True,64756940.0,61.76,False
2023-06-12,https://data.chc.ucsb.edu/products/CHIRPS-GEFS/v3/daily/global/2023/06/12/c3g_2023.06.12.tif,200.0,True,64539448.0,61.55,False
2023-06-13,https://data.chc.ucsb.edu/products/CHIRPS-GEFS/v3/daily/global/2023/06/13/c3g_2023.06.13.tif,200.0,True,64865566.0,61.86,False
2023-06-14,https://data.chc.ucsb.edu/products/CHIRPS-GEFS/v3/daily/global/2023/06/14/c3g_2023.06.14.tif,200.0,True,63433130.0,60.49,False
2023-06-15,https://data.chc.ucsb.edu/products/CHIRPS-GEFS/v3/daily/global/2023/06/15/c3g_2023.06.15.tif,200.0,True,63072334.0,60.15,False
2023-06-16,https://data.chc.ucsb.edu/products/CHIRPS-GEFS/v3/daily/global/2023/06/16/c3g_2023.06.16.tif,200.0,True,62832724.0,59.92,False
2023-06-17,https://data.chc.ucsb.edu/products/CHIRPS-GEFS/v3/daily/global/2023/06/17/c3g_2023.06.17.tif,200.0,True,62769510.0,59.86,False
2023-06-18,https://data.chc.ucsb.edu/products/CHIRPS-GEFS/v3/daily/global/2023/06/18/c3g_2023.06.18.tif,200.0,True,63188514.0,60.26,False
2023-06-19,https://data.chc.ucsb.edu/products/CHIRPS-GEFS/v3/daily/global/2023/06/19/c3g_2023.06.19.tif,200.0,True,64372902.0,61.39,False
2023-06-20,https://data.chc.ucsb.edu/products/CHIRPS-GEFS/v3/daily/global/2023/06/20/c3g_2023.06.20.tif,200.0,True,63866120.0,60.91,False
2023-06-21,https://data.chc.ucsb.edu/products/CHIRPS-GEFS/v3/daily/global/2023/06/21/c3g_2023.06.21.tif,200.0,True,64484782.0,61.5,False
2023-06-22,https://data.chc.ucsb.edu/products/CHIRPS-GEFS/v3/daily/global/2023/06/22/c3g_2023.06.22.tif,200.0,True,64266956.0,61.29,False
2023-06-23,https://data.chc.ucsb.edu/products/CHIRPS-GEFS/v3/daily/global/2023/06/23/c3g_2023.06.23.tif,200.0,True,64526868.0,61.54,False
2023-06-24,https://data.chc.ucsb.edu/products/CHIRPS-GEFS/v3/daily/global/2023/06/24/c3g_2023.06.24.tif,200.0,True,66615618.0,63.53,False
2023-06-25,https://data.chc.ucsb.edu/products/CHIRPS-GEFS/v3/daily/global/2023/06/25/c3g_2023.06.25.tif,200.0,True,64788464.0,61.79,False
2023-06-26,https://data.chc.ucsb.edu/products/CHIRPS-GEFS/v3/daily/global/2023/06/26/c3g_2023.06.26.tif,200.0,True,65276136.0,62.25,False
2023-06-27,https://data.chc.ucsb.edu/products/CHIRPS-GEFS/v3/daily/global/2023/06/27/c3g_2023.06.27.tif,200.0,True,65211354.0,62.19,False
2023-06-28,https://data.chc.ucsb.edu/products/CHIRPS-GEFS/v3/daily/global/2023/06/28/c3g_2023.06.28.tif,200.0,True,65224286.0,62.2,False
2023-06-29,https://data.chc.ucsb.edu/products/CHIRPS-GEFS/v3/daily/global/2023/06/29/c3g_2023.06.29.tif,200.0,True,64764708.0,61.76,False
2023-06-30,https://data.chc.ucsb.edu/products/CHIRPS-GEFS/v3/daily/global/2023/06/30/c3g_2023.06.30.tif,200.0,True,64586920.0,61.59,False
2023-07-01,https://data.chc.ucsb.edu/products/CHIRPS-GEFS/v3/daily/global/2023/07/01/c3g_2023.07.01.tif,200.0,True,64923834.0,61.92,False
2023-07-02,https://data.chc.ucsb.edu/products/CHIRPS-GEFS/v3/daily/global/2023/07/02/c3g_2023.07.02.tif,200.0,True,65783410.0,62.74,False
2023-07-03,https://data.chc.ucsb.edu/products/CHIRPS-GEFS/v3/daily/global/2023/07/03/c3g_2023.07.03.tif,200.0,True,65773972.0,62.73,False
2023-07-04,https://data.chc.ucsb.edu/products/CHIRPS-GEFS/v3/daily/global/2023/07/04/c3g_2023.07.04.tif,200.0,True,65302074.0,62.28,False
2023-07-05,https://data.chc.ucsb.edu/products/CHIRPS-GEFS/v3/daily/global/2023/07/05/c3g_2023.07.05.tif,200.0,True,64973866.0,61.96,False
2023-07-06,https://data.chc.ucsb.edu/products/CHIRPS-GEFS/v3/daily/global/2023/07/06/c3g_2023.07.06.tif,200.0,True,67829042.0,64.69,False
2023-07-07,https://data.chc.ucsb.edu/products/CHIRPS-GEFS/v3/daily/global/2023/07/07/c3g_2023.07.07.tif,200.0,True,65335938.0,62.31,False
2023-07-08,https://data.chc.ucsb.edu/products/CHIRPS-GEFS/v3/daily/global/2023/07/08/c3g_2023.07.08.tif,200.0,True,64607430.0,61.61,False
2023-07-09,https://data.chc.ucsb.edu/products/CHIRPS-GEFS/v3/daily/global/2023/07/09/c3g_2023.07.09.tif,200.0,True,67158482.0,64.05,False
2023-07-10,https://data.chc.ucsb.edu/products/CHIRPS-GEFS/v3/daily/global/2023/07/10/c3g_2023.07.10.tif,200.0,True,64601710.0,61.61,False
2023-07-11,https://data.chc.ucsb.edu/products/CHIRPS-GEFS/v3/daily/global/2023/07/11/c3g_2023.07.11.tif,200.0,True,64380244.0,61.4,False
2023-07-12,https://data.chc.ucsb.edu/products/CHIRPS-GEFS/v3/daily/global/2023/07/12/c3g_2023.07.12.tif,200.0,True,64014902.0,61.05,False
2023-07-13,https://data.chc.ucsb.edu/products/CHIRPS-GEFS/v3/daily/global/2023/07/13/c3g_2023.07.13.tif,200.0,True,63305442.0,60.37,False
2023-07-14,https://data.chc.ucsb.edu/products/CHIRPS-GEFS/v3/daily/global/2023/07/14/c3g_2023.07.14.tif,200.0,True,65265472.0,62.24,False
2023-07-15,https://data.chc.ucsb.edu/products/CHIRPS-GEFS/v3/daily/global/2023/07/15/c3g_2023.07.15.tif,200.0,True,63233260.0,60.3,False
2023-07-16,https://data.chc.ucsb.edu/products/CHIRPS-GEFS/v3/daily/global/2023/07/16/c3g_2023.07.16.tif,200.0,True,63522206.0,60.58,False
2023-07-17,https://data.chc.ucsb.edu/products/CHIRPS-GEFS/v3/daily/global/2023/07/17/c3g_2023.07.17.tif,200.0,True,63506892.0,60.56,False
2023-07-18,https://data.chc.ucsb.edu/products/CHIRPS-GEFS/v3/daily/global/2023/07/18/c3g_2023.07.18.tif,200.0,True,63914284.0,60.95,False
2023-07-19,https://data.chc.ucsb.edu/products/CHIRPS-GEFS/v3/daily/global/2023/07/19/c3g_2023.07.19.tif,200.0,True,64652778.0,61.66,False
2023-07-20,https://data.chc.ucsb.edu/products/CHIRPS-GEFS/v3/daily/global/2023/07/20/c3g_2023.07.20.tif,200.0,True,65420030.0,62.39,False
2023-07-21,https://data.chc.ucsb.edu/products/CHIRPS-GEFS/v3/daily/global/2023/07/21/c3g_2023.07.21.tif,200.0,True,65235088.0,62.21,False
2023-07-22,https://data.chc.ucsb.edu/products/CHIRPS-GEFS/v3/daily/global/2023/07/22/c3g_2023.07.22.tif,200.0,True,64848054.0,61.84,False
2023-07-23,https://data.chc.ucsb.edu/products/CHIRPS-GEFS/v3/daily/global/2023/07/23/c3g_2023.07.23.tif,200.0,True,65585202.0,62.55,False
2023-07-24,https://data.chc.ucsb.edu/products/CHIRPS-GEFS/v3/daily/global/2023/07/24/c3g_2023.07.24.tif,200.0,True,65796156.0,62.75,False
2023-07-25,https://data.chc.ucsb.edu/products/CHIRPS-GEFS/v3/daily/global/2023/07/25/c3g_2023.07.25.tif,200.0,True,66567244.0,63.48,False
2023-07-26,https://data.chc.ucsb.edu/products/CHIRPS-GEFS/v3/daily/global/2023/07/26/c3g_2023.07.26.tif,200.0,True,65978996.0,62.92,False
2023-07-27,https://data.chc.ucsb.edu/products/CHIRPS-GEFS/v3/daily/global/2023/07/27/c3g_2023.07.27.tif,200.0,True,65977962.0,62.92,False
2023-07-28,https://data.chc.ucsb.edu/products/CHIRPS-GEFS/v3/daily/global/2023/07/28/c3g_2023.07.28.tif,200.0,True,66161944.0,63.1,False
2023-07-29,https://data.chc.ucsb.edu/products/CHIRPS-GEFS/v3/daily/global/2023/07/29/c3g_2023.07.29.tif,200.0,True,65191496.0,62.17,False
2023-07-30,https://data.chc.ucsb.edu/products/CHIRPS-GEFS/v3/daily/global/2023/07/30/c3g_2023.07.30.tif,200.0,True,64641252.0,61.65,False
2023-07-31,https://data.chc.ucsb.edu/products/CHIRPS-GEFS/v3/daily/global/2023/07/31/c3g_2023.07.31.tif,200.0,True,64663226.0,61.67,False
2023-08-01,https://data.chc.ucsb.edu/products/CHIRPS-GEFS/v3/daily/global/2023/08/01/c3g_2023.08.01.tif,200.0,True,65327922.0,62.3,False
2023-08-02,https://data.chc.ucsb.edu/products/CHIRPS-GEFS/v3/daily/global/2023/08/02/c3g_2023.08.02.tif,200.0,True,65655520.0,62.61,False
2023-08-03,https://data.chc.ucsb.edu/products/CHIRPS-GEFS/v3/daily/global/2023/08/03/c3g_2023.08.03.tif,200.0,True,64439104.0,61.45,False
2023-08-04,https://data.chc.ucsb.edu/products/CHIRPS-GEFS/v3/daily/global/2023/08/04/c3g_2023.08.04.tif,200.0,True,63285086.0,60.35,False
2023-08-05,https://data.chc.ucsb.edu/products/CHIRPS-GEFS/v3/daily/global/2023/08/05/c3g_2023.08.05.tif,200.0,True,62620142.0,59.72,False
2023-08-06,https://data.chc.ucsb.edu/products/CHIRPS-GEFS/v3/daily/global/2023/08/06/c3g_2023.08.06.tif,200.0,True,62765178.0,59.86,False
2023-08-07,https://data.chc.ucsb.edu/products/CHIRPS-GEFS/v3/daily/global/2023/08/07/c3g_2023.08.07.tif,200.0,True,63491688.0,60.55,False
2023-08-08,https://data.chc.ucsb.edu/products/CHIRPS-GEFS/v3/daily/global/2023/08/08/c3g_2023.08.08.tif,200.0,True,65168468.0,62.15,False
2023-08-09,https://data.chc.ucsb.edu/products/CHIRPS-GEFS/v3/daily/global/2023/08/09/c3g_2023.08.09.tif,200.0,True,65773212.0,62.73,False
2023-08-10,https://data.chc.ucsb.edu/products/CHIRPS-GEFS/v3/daily/global/2023/08/10/c3g_2023.08.10.tif,200.0,True,65573514.0,62.54,False
2023-08-11,https://data.chc.ucsb.edu/products/CHIRPS-GEFS/v3/daily/global/2023/08/11/c3g_2023.08.11.tif,200.0,True,65296524.0,62.27,False
2023-08-12,https://data.chc.ucsb.edu/products/CHIRPS-GEFS/v3/daily/global/2023/08/12/c3g_2023.08.12.tif,200.0,True,64324648.0,61.34,False
2023-08-13,https://data.chc.ucsb.edu/products/CHIRPS-GEFS/v3/daily/global/2023/08/13/c3g_2023.08.13.tif,200.0,True,63876212.0,60.92,False
2023-08-14,https://data.chc.ucsb.edu/products/CHIRPS-GEFS/v3/daily/global/2023/08/14/c3g_2023.08.14.tif,200.0,True,63774170.0,60.82,False
2023-08-15,https://data.chc.ucsb.edu/products/CHIRPS-GEFS/v3/daily/global/2023/08/15/c3g_2023.08.15.tif,200.0,True,63906704.0,60.95,False
2023-08-16,https://data.chc.ucsb.edu/products/CHIRPS-GEFS/v3/daily/global/2023/08/16/c3g_2023.08.16.tif,200.0,True,64103446.0,61.13,False
2023-08-17,https://data.chc.ucsb.edu/products/CHIRPS-GEFS/v3/daily/global/2023/08/17/c3g_2023.08.17.tif,200.0,True,68145768.0,64.99,False
2023-08-18,https://data.chc.ucsb.edu/products/CHIRPS-GEFS/v3/daily/global/2023/08/18/c3g_2023.08.18.tif,200.0,True,64517934.0,61.53,False
2023-08-19,https://data.chc.ucsb.edu/products/CHIRPS-GEFS/v3/daily/global/2023/08/19/c3g_2023.08.19.tif,200.0,True,64248096.0,61.27,False
2023-08-20,https://data.chc.ucsb.edu/products/CHIRPS-GEFS/v3/daily/global/2023/08/20/c3g_2023.08.20.tif,200.0,True,64055882.0,61.09,False
2023-08-21,https://data.chc.ucsb.edu/products/CHIRPS-GEFS/v3/daily/global/2023/08/21/c3g_2023.08.21.tif,200.0,True,63727476.0,60.78,False
2023-08-22,https://data.chc.ucsb.edu/products/CHIRPS-GEFS/v3/daily/global/2023/08/22/c3g_2023.08.22.tif,200.0,True,64002532.0,61.04,False
2023-08-23,https://data.chc.ucsb.edu/products/CHIRPS-GEFS/v3/daily/global/2023/08/23/c3g_2023.08.23.tif,200.0,True,64434676.0,61.45,False
2023-08-24,https://data.chc.ucsb.edu/products/CHIRPS-GEFS/v3/daily/global/2023/08/24/c3g_2023.08.24.tif,200.0,True,64245670.0,61.27,False
2023-08-25,https://data.chc.ucsb.edu/products/CHIRPS-GEFS/v3/daily/global/2023/08/25/c3g_2023.08.25.tif,200.0,True,64635392.0,61.64,False
2023-08-26,https://data.chc.ucsb.edu/products/CHIRPS-GEFS/v3/daily/global/2023/08/26/c3g_2023.08.26.tif,200.0,True,64924372.0,61.92,False
2023-08-27,https://data.chc.ucsb.edu/products/CHIRPS-GEFS/v3/daily/global/2023/08/27/c3g_2023.08.27.tif,200.0,True,65359988.0,62.33,False
2023-08-28,https://data.chc.ucsb.edu/products/CHIRPS-GEFS/v3/daily/global/2023/08/28/c3g_2023.08.28.tif,200.0,True,65438072.0,62.41,False
2023-08-29,https://data.chc.ucsb.edu/products/CHIRPS-GEFS/v3/daily/global/2023/08/29/c3g_2023.08.29.tif,200.0,True,64687968.0,61.69,False
2023-08-30,https://data.chc.ucsb.edu/products/CHIRPS-GEFS/v3/daily/global/2023/08/30/c3g_2023.08.30.tif,200.0,True,65183206.0,62.16,False
2023-08-31,https://data.chc.ucsb.edu/products/CHIRPS-GEFS/v3/daily/global/2023/08/31/c3g_2023.08.31.tif,200.0,True,64826086.0,61.82,False
2023-09-01,https://data.chc.ucsb.edu/products/CHIRPS-GEFS/v3/daily/global/2023/09/01/c3g_2023.09.01.tif,200.0,True,64847692.0,61.84,False
2023-09-02,https://data.chc.ucsb.edu/products/CHIRPS-GEFS/v3/daily/global/2023/09/02/c3g_2023.09.02.tif,200.0,True,63868562.0,60.91,False
2023-09-03,https://data.chc.ucsb.edu/products/CHIRPS-GEFS/v3/daily/global/2023/09/03/c3g_2023.09.03.tif,200.0,True,63507588.0,60.57,False
2023-09-04,https://data.chc.ucsb.edu/products/CHIRPS-GEFS/v3/daily/global/2023/09/04/c3g_2023.09.04.tif,200.0,True,63435954.0,60.5,False
2023-09-05,https://data.chc.ucsb.edu/products/CHIRPS-GEFS/v3/daily/global/2023/09/05/c3g_2023.09.05.tif,200.0,True,64186218.0,61.21,False
2023-09-06,https://data.chc.ucsb.edu/products/CHIRPS-GEFS/v3/daily/global/2023/09/06/c3g_2023.09.06.tif,200.0,True,65283208.0,62.26,False
2023-09-07,https://data.chc.ucsb.edu/products/CHIRPS-GEFS/v3/daily/global/2023/09/07/c3g_2023.09.07.tif,200.0,True,65918870.0,62.87,False
2023-09-08,https://data.chc.ucsb.edu/products/CHIRPS-GEFS/v3/daily/global/2023/09/08/c3g_2023.09.08.tif,200.0,True,64587522.0,61.6,False
2023-09-09,https://data.chc.ucsb.edu/products/CHIRPS-GEFS/v3/daily/global/2023/09/09/c3g_2023.09.09.tif,200.0,True,64083384.0,61.11,False
2023-09-10,https://data.chc.ucsb.edu/products/CHIRPS-GEFS/v3/daily/global/2023/09/10/c3g_2023.09.10.tif,200.0,True,67543606.0,64.41,False
2023-09-11,https://data.chc.ucsb.edu/products/CHIRPS-GEFS/v3/daily/global/2023/09/11/c3g_2023.09.11.tif,200.0,True,67202734.0,64.09,False
2023-09-12,https://data.chc.ucsb.edu/products/CHIRPS-GEFS/v3/daily/global/2023/09/12/c3g_2023.09.12.tif,200.0,True,65024776.0,62.01,False
2023-09-13,https://data.chc.ucsb.edu/products/CHIRPS-GEFS/v3/daily/global/2023/09/13/c3g_2023.09.13.tif,200.0,True,67458826.0,64.33,False
2023-09-14,https://data.chc.ucsb.edu/products/CHIRPS-GEFS/v3/daily/global/2023/09/14/c3g_2023.09.14.tif,200.0,True,67689270.0,64.55,False
2023-09-15,https://data.chc.ucsb.edu/products/CHIRPS-GEFS/v3/daily/global/2023/09/15/c3g_2023.09.15.tif,200.0,True,63971558.0,61.01,False
2023-09-16,https://data.chc.ucsb.edu/products/CHIRPS-GEFS/v3/daily/global/2023/09/16/c3g_2023.09.16.tif,200.0,True,63484828.0,60.54,False
2023-09-17,https://data.chc.ucsb.edu/products/CHIRPS-GEFS/v3/daily/global/2023/09/17/c3g_2023.09.17.tif,200.0,True,64265306.0,61.29,False
2023-09-18,https://data.chc.ucsb.edu/products/CHIRPS-GEFS/v3/daily/global/2023/09/18/c3g_2023.09.18.tif,200.0,True,67017570.0,63.91,False
2023-09-19,https://data.chc.ucsb.edu/products/CHIRPS-GEFS/v3/daily/global/2023/09/19/c3g_2023.09.19.tif,200.0,True,65382098.0,62.35,False
2023-09-20,https://data.chc.ucsb.edu/products/CHIRPS-GEFS/v3/daily/global/2023/09/20/c3g_2023.09.20.tif,200.0,True,66896286.0,63.8,False
2023-09-21,https://data.chc.ucsb.edu/products/CHIRPS-GEFS/v3/daily/global/2023/09/21/c3g_2023.09.21.tif,200.0,True,63933028.0,60.97,False
2023-09-22,https://data.chc.ucsb.edu/products/CHIRPS-GEFS/v3/daily/global/2023/09/22/c3g_2023.09.22.tif,200.0,True,64439516.0,61.45,False
2023-09-23,https://data.chc.ucsb.edu/products/CHIRPS-GEFS/v3/daily/global/2023/09/23/c3g_2023.09.23.tif,200.0,True,64226238.0,61.25,False
2023-09-24,https://data.chc.ucsb.edu/products/CHIRPS-GEFS/v3/daily/global/2023/09/24/c3g_2023.09.24.tif,200.0,True,63346284.0,60.41,False
2023-09-25,https://data.chc.ucsb.edu/products/CHIRPS-GEFS/v3/daily/global/2023/09/25/c3g_2023.09.25.tif,200.0,True,65543256.0,62.51,False
2023-09-26,https://data.chc.ucsb.edu/products/CHIRPS-GEFS/v3/daily/global/2023/09/26/c3g_2023.09.26.tif,200.0,True,61178816.0,58.34,False
2023-09-27,https://data.chc.ucsb.edu/products/CHIRPS-GEFS/v3/daily/global/2023/09/27/c3g_2023.09.27.tif,200.0,True,60995078.0,58.17,False
2023-09-28,https://data.chc.ucsb.edu/products/CHIRPS-GEFS/v3/daily/global/2023/09/28/c3g_2023.09.28.tif,200.0,True,61440772.0,58.59,False
2023-09-29,https://data.chc.ucsb.edu/products/CHIRPS-GEFS/v3/daily/global/2023/09/29/c3g_2023.09.29.tif,200.0,True,65486600.0,62.45,False
2023-09-30,https://data.chc.ucsb.edu/products/CHIRPS-GEFS/v3/daily/global/2023/09/30/c3g_2023.09.30.tif,200.0,True,63144638.0,60.22,False
2023-10-01,https://data.chc.ucsb.edu/products/CHIRPS-GEFS/v3/daily/global/2023/10/01/c3g_2023.10.01.tif,200.0,True,62923680.0,60.01,False
2023-10-02,https://data.chc.ucsb.edu/products/CHIRPS-GEFS/v3/daily/global/2023/10/02/c3g_2023.10.02.tif,200.0,True,63527896.0,60.58,False
2023-10-03,https://data.chc.ucsb.edu/products/CHIRPS-GEFS/v3/daily/global/2023/10/03/c3g_2023.10.03.tif,200.0,True,63870198.0,60.91,False
2023-10-04,https://data.chc.ucsb.edu/products/CHIRPS-GEFS/v3/daily/global/2023/10/04/c3g_2023.10.04.tif,200.0,True,62430054.0,59.54,False
2023-10-05,https://data.chc.ucsb.edu/products/CHIRPS-GEFS/v3/daily/global/2023/10/05/c3g_2023.10.05.tif,200.0,True,61465162.0,58.62,False
2023-10-06,https://data.chc.ucsb.edu/products/CHIRPS-GEFS/v3/daily/global/2023/10/06/c3g_2023.10.06.tif,200.0,True,61750504.0,58.89,False
2023-10-07,https://data.chc.ucsb.edu/products/CHIRPS-GEFS/v3/daily/global/2023/10/07/c3g_2023.10.07.tif,200.0,True,61953224.0,59.08,False
2023-10-08,https://data.chc.ucsb.edu/products/CHIRPS-GEFS/v3/daily/global/2023/10/08/c3g_2023.10.08.tif,200.0,True,61545058.0,58.69,False
2023-10-09,https://data.chc.ucsb.edu/products/CHIRPS-GEFS/v3/daily/global/2023/10/09/c3g_2023.10.09.tif,200.0,True,61296066.0,58.46,False
2023-10-10,https://data.chc.ucsb.edu/products/CHIRPS-GEFS/v3/daily/global/2023/10/10/c3g_2023.10.10.tif,200.0,True,61129300.0,58.3,False
2023-10-11,https://data.chc.ucsb.edu/products/CHIRPS-GEFS/v3/daily/global/2023/10/11/c3g_2023.10.11.tif,200.0,True,61999916.0,59.13,False
2023-10-12,https://data.chc.ucsb.edu/products/CHIRPS-GEFS/v3/daily/global/2023/10/12/c3g_2023.10.12.tif,200.0,True,61475164.0,58.63,False
2023-10-13,https://data.chc.ucsb.edu/products/CHIRPS-GEFS/v3/daily/global/2023/10/13/c3g_2023.10.13.tif,200.0,True,60724918.0,57.91,False
2023-10-14,https://data.chc.ucsb.edu/products/CHIRPS-GEFS/v3/daily/global/2023/10/14/c3g_2023.10.14.tif,200.0,True,60321842.0,57.53,False
2023-10-15,https://data.chc.ucsb.edu/products/CHIRPS-GEFS/v3/daily/global/2023/10/15/c3g_2023.10.15.tif,200.0,True,61222214.0,58.39,False
2023-10-16,https://data.chc.ucsb.edu/products/CHIRPS-GEFS/v3/daily/global/2023/10/16/c3g_2023.10.16.tif,200.0,True,61233142.0,58.4,False
2023-10-17,https://data.chc.ucsb.edu/products/CHIRPS-GEFS/v3/daily/global/2023/10/17/c3g_2023.10.17.tif,200.0,True,63336496.0,60.4,False
2023-10-18,https://data.chc.ucsb.edu/products/CHIRPS-GEFS/v3/daily/global/2023/10/18/c3g_2023.10.18.tif,200.0,True,60442138.0,57.64,False
2023-10-19,https://data.chc.ucsb.edu/products/CHIRPS-GEFS/v3/daily/global/2023/10/19/c3g_2023.10.19.tif,200.0,True,60950994.0,58.13,False
2023-10-20,https://data.chc.ucsb.edu/products/CHIRPS-GEFS/v3/daily/global/2023/10/20/c3g_2023.10.20.tif,200.0,True,61079980.0,58.25,False
2023-10-21,https://data.chc.ucsb.edu/products/CHIRPS-GEFS/v3/daily/global/2023/10/21/c3g_2023.10.21.tif,200.0,True,61611242.0,58.76,False
2023-10-22,https://data.chc.ucsb.edu/products/CHIRPS-GEFS/v3/daily/global/2023/10/22/c3g_2023.10.22.tif,200.0,True,62518764.0,59.62,False
2023-10-23,https://data.chc.ucsb.edu/products/CHIRPS-GEFS/v3/daily/global/2023/10/23/c3g_2023.10.23.tif,200.0,True,62984278.0,60.07,False
2023-10-24,https://data.chc.ucsb.edu/products/CHIRPS-GEFS/v3/daily/global/2023/10/24/c3g_2023.10.24.tif,200.0,True,63178648.0,60.25,False
2023-10-25,https://data.chc.ucsb.edu/products/CHIRPS-GEFS/v3/daily/global/2023/10/25/c3g_2023.10.25.tif,200.0,True,62788104.0,59.88,False
2023-10-26,https://data.chc.ucsb.edu/products/CHIRPS-GEFS/v3/daily/global/2023/10/26/c3g_2023.10.26.tif,200.0,True,62372962.0,59.48,False
2023-10-27,https://data.chc.ucsb.edu/products/CHIRPS-GEFS/v3/daily/global/2023/10/27/c3g_2023.10.27.tif,200.0,True,66801658.0,63.71,False
2023-10-28,https://data.chc.ucsb.edu/products/CHIRPS-GEFS/v3/daily/global/2023/10/28/c3g_2023.10.28.tif,200.0,True,62628372.0,59.73,False
2023-10-29,https://data.chc.ucsb.edu/products/CHIRPS-GEFS/v3/daily/global/2023/10/29/c3g_2023.10.29.tif,200.0,True,65527640.0,62.49,False
2023-10-30,https://data.chc.ucsb.edu/products/CHIRPS-GEFS/v3/daily/global/2023/10/30/c3g_2023.10.30.tif,200.0,True,64660522.0,61.67,False
2023-10-31,https://data.chc.ucsb.edu/products/CHIRPS-GEFS/v3/daily/global/2023/10/31/c3g_2023.10.31.tif,200.0,True,62048358.0,59.17,False
2023-11-01,https://data.chc.ucsb.edu/products/CHIRPS-GEFS/v3/daily/global/2023/11/01/c3g_2023.11.01.tif,200.0,True,64792418.0,61.79,False
2023-11-02,https://data.chc.ucsb.edu/products/CHIRPS-GEFS/v3/daily/global/2023/11/02/c3g_2023.11.02.tif,200.0,True,63293850.0,60.36,False
2023-11-03,https://data.chc.ucsb.edu/products/CHIRPS-GEFS/v3/daily/global/2023/11/03/c3g_2023.11.03.tif,200.0,True,63298912.0,60.37,False
2023-11-04,https://data.chc.ucsb.edu/products/CHIRPS-GEFS/v3/daily/global/2023/11/04/c3g_2023.11.04.tif,200.0,True,67967880.0,64.82,False
2023-11-05,https://data.chc.ucsb.edu/products/CHIRPS-GEFS/v3/daily/global/2023/11/05/c3g_2023.11.05.tif,200.0,True,62264494.0,59.38,False
2023-11-06,https://data.chc.ucsb.edu/products/CHIRPS-GEFS/v3/daily/global/2023/11/06/c3g_2023.11.06.tif,200.0,True,62949508.0,60.03,False
2023-11-07,https://data.chc.ucsb.edu/products/CHIRPS-GEFS/v3/daily/global/2023/11/07/c3g_2023.11.07.tif,200.0,True,63431546.0,60.49,False
2023-11-08,https://data.chc.ucsb.edu/products/CHIRPS-GEFS/v3/daily/global/2023/11/08/c3g_2023.11.08.tif,200.0,True,64000736.0,61.04,False
2023-11-09,https://data.chc.ucsb.edu/products/CHIRPS-GEFS/v3/daily/global/2023/11/09/c3g_2023.11.09.tif,200.0,True,63751338.0,60.8,False
2023-11-10,https://data.chc.ucsb.edu/products/CHIRPS-GEFS/v3/daily/global/2023/11/10/c3g_2023.11.10.tif,200.0,True,63221488.0,60.29,False
2023-11-11,https://data.chc.ucsb.edu/products/CHIRPS-GEFS/v3/daily/global/2023/11/11/c3g_2023.11.11.tif,200.0,True,63010850.0,60.09,False
2023-11-12,https://data.chc.ucsb.edu/products/CHIRPS-GEFS/v3/daily/global/2023/11/12/c3g_2023.11.12.tif,200.0,True,62184230.0,59.3,False
2023-11-13,https://data.chc.ucsb.edu/products/CHIRPS-GEFS/v3/daily/global/2023/11/13/c3g_2023.11.13.tif,200.0,True,61684410.0,58.83,False
2023-11-14,https://data.chc.ucsb.edu/products/CHIRPS-GEFS/v3/daily/global/2023/11/14/c3g_2023.11.14.tif,200.0,True,61710064.0,58.85,False
2023-11-15,https://data.chc.ucsb.edu/products/CHIRPS-GEFS/v3/daily/global/2023/11/15/c3g_2023.11.15.tif,200.0,True,62047036.0,59.17,False
2023-11-16,https://data.chc.ucsb.edu/products/CHIRPS-GEFS/v3/daily/global/2023/11/16/c3g_2023.11.16.tif,200.0,True,61416038.0,58.57,False
2023-11-17,https://data.chc.ucsb.edu/products/CHIRPS-GEFS/v3/daily/global/2023/11/17/c3g_2023.11.17.tif,200.0,True,60331572.0,57.54,False
2023-11-18,https://data.chc.ucsb.edu/products/CHIRPS-GEFS/v3/daily/global/2023/11/18/c3g_2023.11.18.tif,200.0,True,61142372.0,58.31,False
2023-11-19,https://data.chc.ucsb.edu/products/CHIRPS-GEFS/v3/daily/global/2023/11/19/c3g_2023.11.19.tif,200.0,True,61138592.0,58.31,False
2023-11-20,https://data.chc.ucsb.edu/products/CHIRPS-GEFS/v3/daily/global/2023/11/20/c3g_2023.11.20.tif,200.0,True,61620178.0,58.77,False
2023-11-21,https://data.chc.ucsb.edu/products/CHIRPS-GEFS/v3/daily/global/2023/11/21/c3g_2023.11.21.tif,200.0,True,62515562.0,59.62,False
2023-11-22,https://data.chc.ucsb.edu/products/CHIRPS-GEFS/v3/daily/global/2023/11/22/c3g_2023.11.22.tif,200.0,True,62664922.0,59.76,False
2023-11-23,https://data.chc.ucsb.edu/products/CHIRPS-GEFS/v3/daily/global/2023/11/23/c3g_2023.11.23.tif,200.0,True,66397180.0,63.32,False
2023-11-24,https://data.chc.ucsb.edu/products/CHIRPS-GEFS/v3/daily/global/2023/11/24/c3g_2023.11.24.tif,200.0,True,62624002.0,59.72,False
2023-11-25,https://data.chc.ucsb.edu/products/CHIRPS-GEFS/v3/daily/global/2023/11/25/c3g_2023.11.25.tif,200.0,True,62136018.0,59.26,False
2023-11-26,https://data.chc.ucsb.edu/products/CHIRPS-GEFS/v3/daily/global/2023/11/26/c3g_2023.11.26.tif,200.0,True,63291538.0,60.36,False
2023-11-27,https://data.chc.ucsb.edu/products/CHIRPS-GEFS/v3/daily/global/2023/11/27/c3g_2023.11.27.tif,200.0,True,63736952.0,60.78,False
2023-11-28,https://data.chc.ucsb.edu/products/CHIRPS-GEFS/v3/daily/global/2023/11/28/c3g_2023.11.28.tif,200.0,True,67576474.0,64.45,False
2023-11-29,https://data.chc.ucsb.edu/products/CHIRPS-GEFS/v3/daily/global/2023/11/29/c3g_2023.11.29.tif,200.0,True,62936792.0,60.02,False
2023-11-30,https://data.chc.ucsb.edu/products/CHIRPS-GEFS/v3/daily/global/2023/11/30/c3g_2023.11.30.tif,200.0,True,63220910.0,60.29,False
2023-12-01,https://data.chc.ucsb.edu/products/CHIRPS-GEFS/v3/daily/global/2023/12/01/c3g_2023.12.01.tif,200.0,True,64142210.0,61.17,False
2023-12-02,https://data.chc.ucsb.edu/products/CHIRPS-GEFS/v3/daily/global/2023/12/02/c3g_2023.12.02.tif,200.0,True,66928344.0,63.83,False
2023-12-03,https://data.chc.ucsb.edu/products/CHIRPS-GEFS/v3/daily/global/2023/12/03/c3g_2023.12.03.tif,200.0,True,63552726.0,60.61,False
2023-12-04,https://data.chc.ucsb.edu/products/CHIRPS-GEFS/v3/daily/global/2023/12/04/c3g_2023.12.04.tif,200.0,True,63416034.0,60.48,False
2023-12-05,https://data.chc.ucsb.edu/products/CHIRPS-GEFS/v3/daily/global/2023/12/05/c3g_2023.12.05.tif,200.0,True,62909438.0,60.0,False
2023-12-06,https://data.chc.ucsb.edu/products/CHIRPS-GEFS/v3/daily/global/2023/12/06/c3g_2023.12.06.tif,200.0,True,62461910.0,59.57,False
2023-12-07,https://data.chc.ucsb.edu/products/CHIRPS-GEFS/v3/daily/global/2023/12/07/c3g_2023.12.07.tif,200.0,True,62759022.0,59.85,False
2023-12-08,https://data.chc.ucsb.edu/products/CHIRPS-GEFS/v3/daily/global/2023/12/08/c3g_2023.12.08.tif,200.0,True,64566004.0,61.57,False
2023-12-09,https://data.chc.ucsb.edu/products/CHIRPS-GEFS/v3/daily/global/2023/12/09/c3g_2023.12.09.tif,200.0,True,62302588.0,59.42,False
2023-12-10,https://data.chc.ucsb.edu/products/CHIRPS-GEFS/v3/daily/global/2023/12/10/c3g_2023.12.10.tif,200.0,True,62521824.0,59.63,False
2023-12-11,https://data.chc.ucsb.edu/products/CHIRPS-GEFS/v3/daily/global/2023/12/11/c3g_2023.12.11.tif,200.0,True,62261034.0,59.38,False
2023-12-12,https://data.chc.ucsb.edu/products/CHIRPS-GEFS/v3/daily/global/2023/12/12/c3g_2023.12.12.tif,200.0,True,62381646.0,59.49,False
2023-12-13,https://data.chc.ucsb.edu/products/CHIRPS-GEFS/v3/daily/global/2023/12/13/c3g_2023.12.13.tif,200.0,True,63026642.0,60.11,False
2023-12-14,https://data.chc.ucsb.edu/products/CHIRPS-GEFS/v3/daily/global/2023/12/14/c3g_2023.12.14.tif,200.0,True,62486052.0,59.59,False
2023-12-15,https://data.chc.ucsb.edu/products/CHIRPS-GEFS/v3/daily/global/2023/12/15/c3g_2023.12.15.tif,200.0,True,60880654.0,58.06,False
2023-12-16,https://data.chc.ucsb.edu/products/CHIRPS-GEFS/v3/daily/global/2023/12/16/c3g_2023.12.16.tif,200.0,True,60929694.0,58.11,False
2023-12-17,https://data.chc.ucsb.edu/products/CHIRPS-GEFS/v3/daily/global/2023/12/17/c3g_2023.12.17.tif,200.0,True,62261398.0,59.38,False
2023-12-18,https://data.chc.ucsb.edu/products/CHIRPS-GEFS/v3/daily/global/2023/12/18/c3g_2023.12.18.tif,200.0,True,61174724.0,58.34,False
2023-12-19,https://data.chc.ucsb.edu/products/CHIRPS-GEFS/v3/daily/global/2023/12/19/c3g_2023.12.19.tif,200.0,True,61099260.0,58.27,False
2023-12-20,https://data.chc.ucsb.edu/products/CHIRPS-GEFS/v3/daily/global/2023/12/20/c3g_2023.12.20.tif,200.0,True,61514024.0,58.66,False
2023-12-21,https://data.chc.ucsb.edu/products/CHIRPS-GEFS/v3/daily/global/2023/12/21/c3g_2023.12.21.tif,200.0,True,61810804.0,58.95,False
2023-12-22,https://data.chc.ucsb.edu/products/CHIRPS-GEFS/v3/daily/global/2023/12/22/c3g_2023.12.22.tif,200.0,True,62157806.0,59.28,False
2023-12-23,https://data.chc.ucsb.edu/products/CHIRPS-GEFS/v3/daily/global/2023/12/23/c3g_2023.12.23.tif,200.0,True,62186834.0,59.31,False
2023-12-24,https://data.chc.ucsb.edu/products/CHIRPS-GEFS/v3/daily/global/2023/12/24/c3g_2023.12.24.tif,200.0,True,62316124.0,59.43,False
2023-12-25,https://data.chc.ucsb.edu/products/CHIRPS-GEFS/v3/daily/global/2023/12/25/c3g_2023.12.25.tif,200.0,True,62636066.0,59.73,False
2023-12-26,https://data.chc.ucsb.edu/products/CHIRPS-GEFS/v3/daily/global/2023/12/26/c3g_2023.12.26.tif,200.0,True,64039652.0,61.07,False
2023-12-27,https://data.chc.ucsb.edu/products/CHIRPS-GEFS/v3/daily/global/2023/12/27/c3g_2023.12.27.tif,200.0,True,61609962.0,58.76,False
2023-12-28,https://data.chc.ucsb.edu/products/CHIRPS-GEFS/v3/daily/global/2023/12/28/c3g_2023.12.28.tif,200.0,True,62366460.0,59.48,False
2023-12-29,https://data.chc.ucsb.edu/products/CHIRPS-GEFS/v3/daily/global/2023/12/29/c3g_2023.12.29.tif,200.0,True,61652090.0,58.8,False
2023-12-30,https://data.chc.ucsb.edu/products/CHIRPS-GEFS/v3/daily/global/2023/12/30/c3g_2023.12.30.tif,200.0,True,61253898.0,58.42,False
2023-12-31,https://data.chc.ucsb.edu/products/CHIRPS-GEFS/v3/daily/global/2023/12/31/c3g_2023.12.31.tif,200.0,True,61361234.0,58.52,False
2024-01-01,https://data.chc.ucsb.edu/products/CHIRPS-GEFS/v3/daily/global/2024/01/01/c3g_2024.01.01.tif,200.0,True,60975050.0,58.15,False
2024-01-02,https://data.chc.ucsb.edu/products/CHIRPS-GEFS/v3/daily/global/2024/01/02/c3g_2024.01.02.tif,200.0,True,62263428.0,59.38,False
2024-01-03,https://data.chc.ucsb.edu/products/CHIRPS-GEFS/v3/daily/global/2024/01/03/c3g_2024.01.03.tif,200.0,True,62086610.0,59.21,False
2024-01-04,https://data.chc.ucsb.edu/products/CHIRPS-GEFS/v3/daily/global/2024/01/04/c3g_2024.01.04.tif,200.0,True,62577074.0,59.68,False
2024-01-05,https://data.chc.ucsb.edu/products/CHIRPS-GEFS/v3/daily/global/2024/01/05/c3g_2024.01.05.tif,200.0,True,62551472.0,59.65,False
2024-01-06,https://data.chc.ucsb.edu/products/CHIRPS-GEFS/v3/daily/global/2024/01/06/c3g_2024.01.06.tif,200.0,True,63412648.0,60.48,False
2024-01-07,https://data.chc.ucsb.edu/products/CHIRPS-GEFS/v3/daily/global/2024/01/07/c3g_2024.01.07.tif,200.0,True,63604386.0,60.66,False
2024-01-08,https://data.chc.ucsb.edu/products/CHIRPS-GEFS/v3/daily/global/2024/01/08/c3g_2024.01.08.tif,200.0,True,63176064.0,60.25,False
2024-01-09,https://data.chc.ucsb.edu/products/CHIRPS-GEFS/v3/daily/global/2024/01/09/c3g_2024.01.09.tif,200.0,True,62945334.0,60.03,False
2024-01-10,https://data.chc.ucsb.edu/products/CHIRPS-GEFS/v3/daily/global/2024/01/10/c3g_2024.01.10.tif,200.0,True,63867888.0,60.91,False
2024-01-11,https://data.chc.ucsb.edu/products/CHIRPS-GEFS/v3/daily/global/2024/01/11/c3g_2024.01.11.tif,200.0,True,63368984.0,60.43,False
2024-01-12,https://data.chc.ucsb.edu/products/CHIRPS-GEFS/v3/daily/global/2024/01/12/c3g_2024.01.12.tif,200.0,True,63303874.0,60.37,False
2024-01-13,https://data.chc.ucsb.edu/products/CHIRPS-GEFS/v3/daily/global/2024/01/13/c3g_2024.01.13.tif,200.0,True,62764774.0,59.86,False
2024-01-14,https://data.chc.ucsb.edu/products/CHIRPS-GEFS/v3/daily/global/2024/01/14/c3g_2024.01.14.tif,200.0,True,63046806.0,60.13,False
2024-01-15,https://data.chc.ucsb.edu/products/CHIRPS-GEFS/v3/daily/global/2024/01/15/c3g_2024.01.15.tif,200.0,True,62920272.0,60.01,False
2024-01-16,https://data.chc.ucsb.edu/products/CHIRPS-GEFS/v3/daily/global/2024/01/16/c3g_2024.01.16.tif,200.0,True,63381032.0,60.44,False
2024-01-17,https://data.chc.ucsb.edu/products/CHIRPS-GEFS/v3/daily/global/2024/01/17/c3g_2024.01.17.tif,200.0,True,62571900.0,59.67,False
2024-01-18,https://data.chc.ucsb.edu/products/CHIRPS-GEFS/v3/daily/global/2024/01/18/c3g_2024.01.18.tif,200.0,True,61930000.0,59.06,False
2024-01-19,https://data.chc.ucsb.edu/products/CHIRPS-GEFS/v3/daily/global/2024/01/19/c3g_2024.01.19.tif,200.0,True,61519680.0,58.67,False
2024-01-20,https://data.chc.ucsb.edu/products/CHIRPS-GEFS/v3/daily/global/2024/01/20/c3g_2024.01.20.tif,200.0,True,60584002.0,57.78,False
2024-01-21,https://data.chc.ucsb.edu/products/CHIRPS-GEFS/v3/daily/global/2024/01/21/c3g_2024.01.21.tif,200.0,True,61522560.0,58.67,False
2024-01-22,https://data.chc.ucsb.edu/products/CHIRPS-GEFS/v3/daily/global/2024/01/22/c3g_2024.01.22.tif,200.0,True,61555972.0,58.7,False
2024-01-23,https://data.chc.ucsb.edu/products/CHIRPS-GEFS/v3/daily/global/2024/01/23/c3g_2024.01.23.tif,200.0,True,60874674.0,58.05,False
2024-01-24,https://data.chc.ucsb.edu/products/CHIRPS-GEFS/v3/daily/global/2024/01/24/c3g_2024.01.24.tif,200.0,True,61255974.0,58.42,False
2024-01-25,https://data.chc.ucsb.edu/products/CHIRPS-GEFS/v3/daily/global/2024/01/25/c3g_2024.01.25.tif,200.0,True,60890464.0,58.07,False
2024-01-26,https://data.chc.ucsb.edu/products/CHIRPS-GEFS/v3/daily/global/2024/01/26/c3g_2024.01.26.tif,200.0,True,60226412.0,57.44,False
2024-01-27,https://data.chc.ucsb.edu/products/CHIRPS-GEFS/v3/daily/global/2024/01/27/c3g_2024.01.27.tif,200.0,True,60136724.0,57.35,False
2024-01-28,https://data.chc.ucsb.edu/products/CHIRPS-GEFS/v3/daily/global/2024/01/28/c3g_2024.01.28.tif,200.0,True,60213220.0,57.42,False
2024-01-29,https://data.chc.ucsb.edu/products/CHIRPS-GEFS/v3/daily/global/2024/01/29/c3g_2024.01.29.tif,200.0,True,59585500.0,56.83,False
2024-01-30,https://data.chc.ucsb.edu/products/CHIRPS-GEFS/v3/daily/global/2024/01/30/c3g_2024.01.30.tif,200.0,True,59966482.0,57.19,False
2024-01-31,https://data.chc.ucsb.edu/products/CHIRPS-GEFS/v3/daily/global/2024/01/31/c3g_2024.01.31.tif,200.0,True,60092160.0,57.31,False
2024-02-01,https://data.chc.ucsb.edu/products/CHIRPS-GEFS/v3/daily/global/2024/02/01/c3g_2024.02.01.tif,200.0,True,60598912.0,57.79,False
2024-02-02,https://data.chc.ucsb.edu/products/CHIRPS-GEFS/v3/daily/global/2024/02/02/c3g_2024.02.02.tif,200.0,True,64712394.0,61.71,False
2024-02-03,https://data.chc.ucsb.edu/products/CHIRPS-GEFS/v3/daily/global/2024/02/03/c3g_2024.02.03.tif,200.0,True,61686648.0,58.83,False
2024-02-04,https://data.chc.ucsb.edu/products/CHIRPS-GEFS/v3/daily/global/2024/02/04/c3g_2024.02.04.tif,200.0,True,61974644.0,59.1,False
2024-02-05,https://data.chc.ucsb.edu/products/CHIRPS-GEFS/v3/daily/global/2024/02/05/c3g_2024.02.05.tif,200.0,True,61122644.0,58.29,False
2024-02-06,https://data.chc.ucsb.edu/products/CHIRPS-GEFS/v3/daily/global/2024/02/06/c3g_2024.02.06.tif,200.0,True,60933090.0,58.11,False
2024-02-07,https://data.chc.ucsb.edu/products/CHIRPS-GEFS/v3/daily/global/2024/02/07/c3g_2024.02.07.tif,200.0,True,61836736.0,58.97,False
2024-02-08,https://data.chc.ucsb.edu/products/CHIRPS-GEFS/v3/daily/global/2024/02/08/c3g_2024.02.08.tif,200.0,True,62979564.0,60.06,False
2024-02-09,https://data.chc.ucsb.edu/products/CHIRPS-GEFS/v3/daily/global/2024/02/09/c3g_2024.02.09.tif,200.0,True,62625692.0,59.72,False
2024-02-10,https://data.chc.ucsb.edu/products/CHIRPS-GEFS/v3/daily/global/2024/02/10/c3g_2024.02.10.tif,200.0,True,62759014.0,59.85,False
2024-02-11,https://data.chc.ucsb.edu/products/CHIRPS-GEFS/v3/daily/global/2024/02/11/c3g_2024.02.11.tif,200.0,True,63066334.0,60.14,False
2024-02-12,https://data.chc.ucsb.edu/products/CHIRPS-GEFS/v3/daily/global/2024/02/12/c3g_2024.02.12.tif,200.0,True,62339040.0,59.45,False
2024-02-13,https://data.chc.ucsb.edu/products/CHIRPS-GEFS/v3/daily/global/2024/02/13/c3g_2024.02.13.tif,200.0,True,61543432.0,58.69,False
2024-02-14,https://data.chc.ucsb.edu/products/CHIRPS-GEFS/v3/daily/global/2024/02/14/c3g_2024.02.14.tif,200.0,True,63312558.0,60.38,False
2024-02-15,https://data.chc.ucsb.edu/products/CHIRPS-GEFS/v3/daily/global/2024/02/15/c3g_2024.02.15.tif,200.0,True,61420056.0,58.57,False
2024-02-16,https://data.chc.ucsb.edu/products/CHIRPS-GEFS/v3/daily/global/2024/02/16/c3g_2024.02.16.tif,200.0,True,61038364.0,58.21,False
2024-02-17,https://data.chc.ucsb.edu/products/CHIRPS-GEFS/v3/daily/global/2024/02/17/c3g_2024.02.17.tif,200.0,True,62184614.0,59.3,False
2024-02-18,https://data.chc.ucsb.edu/products/CHIRPS-GEFS/v3/daily/global/2024/02/18/c3g_2024.02.18.tif,200.0,True,61393784.0,58.55,False
2024-02-19,https://data.chc.ucsb.edu/products/CHIRPS-GEFS/v3/daily/global/2024/02/19/c3g_2024.02.19.tif,200.0,True,60400420.0,57.6,False
2024-02-20,https://data.chc.ucsb.edu/products/CHIRPS-GEFS/v3/daily/global/2024/02/20/c3g_2024.02.20.tif,200.0,True,60785966.0,57.97,False
2024-02-21,https://data.chc.ucsb.edu/products/CHIRPS-GEFS/v3/daily/global/2024/02/21/c3g_2024.02.21.tif,200.0,True,60617232.0,57.81,False
2024-02-22,https://data.chc.ucsb.edu/products/CHIRPS-GEFS/v3/daily/global/2024/02/22/c3g_2024.02.22.tif,200.0,True,61714752.0,58.86,False
2024-02-23,https://data.chc.ucsb.edu/products/CHIRPS-GEFS/v3/daily/global/2024/02/23/c3g_2024.02.23.tif,200.0,True,64782628.0,61.78,False
2024-02-24,https://data.chc.ucsb.edu/products/CHIRPS-GEFS/v3/daily/global/2024/02/24/c3g_2024.02.24.tif,200.0,True,63153980.0,60.23,False
2024-02-25,https://data.chc.ucsb.edu/products/CHIRPS-GEFS/v3/daily/global/2024/02/25/c3g_2024.02.25.tif,200.0,True,63020792.0,60.1,False
2024-02-26,https://data.chc.ucsb.edu/products/CHIRPS-GEFS/v3/daily/global/2024/02/26/c3g_2024.02.26.tif,200.0,True,63320464.0,60.39,False
2024-02-27,https://data.chc.ucsb.edu/products/CHIRPS-GEFS/v3/daily/global/2024/02/27/c3g_2024.02.27.tif,200.0,True,62928836.0,60.01,False
2024-02-28,https://data.chc.ucsb.edu/products/CHIRPS-GEFS/v3/daily/global/2024/02/28/c3g_2024.02.28.tif,200.0,True,62688916.0,59.78,False
2024-02-29,https://data.chc.ucsb.edu/products/CHIRPS-GEFS/v3/daily/global/2024/02/29/c3g_2024.02.29.tif,200.0,True,63395872.0,60.46,False
2024-03-01,https://data.chc.ucsb.edu/products/CHIRPS-GEFS/v3/daily/global/2024/03/01/c3g_2024.03.01.tif,200.0,True,63984206.0,61.02,False
2024-03-02,https://data.chc.ucsb.edu/products/CHIRPS-GEFS/v3/daily/global/2024/03/02/c3g_2024.03.02.tif,200.0,True,65657570.0,62.62,False
2024-03-03,https://data.chc.ucsb.edu/products/CHIRPS-GEFS/v3/daily/global/2024/03/03/c3g_2024.03.03.tif,200.0,True,65033092.0,62.02,False
2024-03-04,https://data.chc.ucsb.edu/products/CHIRPS-GEFS/v3/daily/global/2024/03/04/c3g_2024.03.04.tif,200.0,True,66765808.0,63.67,False
2024-03-05,https://data.chc.ucsb.edu/products/CHIRPS-GEFS/v3/daily/global/2024/03/05/c3g_2024.03.05.tif,200.0,True,63002528.0,60.08,False
2024-03-06,https://data.chc.ucsb.edu/products/CHIRPS-GEFS/v3/daily/global/2024/03/06/c3g_2024.03.06.tif,200.0,True,62443306.0,59.55,False
2024-03-07,https://data.chc.ucsb.edu/products/CHIRPS-GEFS/v3/daily/global/2024/03/07/c3g_2024.03.07.tif,200.0,True,63090422.0,60.17,False
2024-03-08,https://data.chc.ucsb.edu/products/CHIRPS-GEFS/v3/daily/global/2024/03/08/c3g_2024.03.08.tif,200.0,True,63391770.0,60.46,False
2024-03-09,https://data.chc.ucsb.edu/products/CHIRPS-GEFS/v3/daily/global/2024/03/09/c3g_2024.03.09.tif,200.0,True,62488788.0,59.59,False
2024-03-10,https://data.chc.ucsb.edu/products/CHIRPS-GEFS/v3/daily/global/2024/03/10/c3g_2024.03.10.tif,200.0,True,62101378.0,59.22,False
2024-03-11,https://data.chc.ucsb.edu/products/CHIRPS-GEFS/v3/daily/global/2024/03/11/c3g_2024.03.11.tif,200.0,True,62498600.0,59.6,False
2024-03-12,https://data.chc.ucsb.edu/products/CHIRPS-GEFS/v3/daily/global/2024/03/12/c3g_2024.03.12.tif,200.0,True,65189888.0,62.17,False
2024-03-13,https://data.chc.ucsb.edu/products/CHIRPS-GEFS/v3/daily/global/2024/03/13/c3g_2024.03.13.tif,200.0,True,62714084.0,59.81,False
2024-03-14,https://data.chc.ucsb.edu/products/CHIRPS-GEFS/v3/daily/global/2024/03/14/c3g_2024.03.14.tif,200.0,True,62694248.0,59.79,False
2024-03-15,https://data.chc.ucsb.edu/products/CHIRPS-GEFS/v3/daily/global/2024/03/15/c3g_2024.03.15.tif,200.0,True,62731308.0,59.83,False
2024-03-16,https://data.chc.ucsb.edu/products/CHIRPS-GEFS/v3/daily/global/2024/03/16/c3g_2024.03.16.tif,200.0,True,62837010.0,59.93,False
2024-03-17,https://data.chc.ucsb.edu/products/CHIRPS-GEFS/v3/daily/global/2024/03/17/c3g_2024.03.17.tif,200.0,True,62829442.0,59.92,False
2024-03-18,https://data.chc.ucsb.edu/products/CHIRPS-GEFS/v3/daily/global/2024/03/18/c3g_2024.03.18.tif,200.0,True,63674230.0,60.72,False
2024-03-19,https://data.chc.ucsb.edu/products/CHIRPS-GEFS/v3/daily/global/2024/03/19/c3g_2024.03.19.tif,200.0,True,63634042.0,60.69,False
2024-03-20,https://data.chc.ucsb.edu/products/CHIRPS-GEFS/v3/daily/global/2024/03/20/c3g_2024.03.20.tif,200.0,True,63171238.0,60.24,False
2024-03-21,https://data.chc.ucsb.edu/products/CHIRPS-GEFS/v3/daily/global/2024/03/21/c3g_2024.03.21.tif,200.0,True,63376688.0,60.44,False
2024-03-22,https://data.chc.ucsb.edu/products/CHIRPS-GEFS/v3/daily/global/2024/03/22/c3g_2024.03.22.tif,200.0,True,64442572.0,61.46,False
2024-03-23,https://data.chc.ucsb.edu/products/CHIRPS-GEFS/v3/daily/global/2024/03/23/c3g_2024.03.23.tif,200.0,True,64413066.0,61.43,False
2024-03-24,https://data.chc.ucsb.edu/products/CHIRPS-GEFS/v3/daily/global/2024/03/24/c3g_2024.03.24.tif,200.0,True,65009004.0,62.0,False
2024-03-25,https://data.chc.ucsb.edu/products/CHIRPS-GEFS/v3/daily/global/2024/03/25/c3g_2024.03.25.tif,200.0,True,64817416.0,61.81,False
2024-03-26,https://data.chc.ucsb.edu/products/CHIRPS-GEFS/v3/daily/global/2024/03/26/c3g_2024.03.26.tif,200.0,True,64352898.0,61.37,False
2024-03-27,https://data.chc.ucsb.edu/products/CHIRPS-GEFS/v3/daily/global/2024/03/27/c3g_2024.03.27.tif,200.0,True,64015114.0,61.05,False
2024-03-28,https://data.chc.ucsb.edu/products/CHIRPS-GEFS/v3/daily/global/2024/03/28/c3g_2024.03.28.tif,200.0,True,64290656.0,61.31,False
2024-03-29,https://data.chc.ucsb.edu/products/CHIRPS-GEFS/v3/daily/global/2024/03/29/c3g_2024.03.29.tif,200.0,True,64169128.0,61.2,False
2024-03-30,https://data.chc.ucsb.edu/products/CHIRPS-GEFS/v3/daily/global/2024/03/30/c3g_2024.03.30.tif,200.0,True,63824016.0,60.87,False
2024-03-31,https://data.chc.ucsb.edu/products/CHIRPS-GEFS/v3/daily/global/2024/03/31/c3g_2024.03.31.tif,200.0,True,63826638.0,60.87,False
2024-04-01,https://data.chc.ucsb.edu/products/CHIRPS-GEFS/v3/daily/global/2024/04/01/c3g_2024.04.01.tif,200.0,True,63906822.0,60.95,False
2024-04-02,https://data.chc.ucsb.edu/products/CHIRPS-GEFS/v3/daily/global/2024/04/02/c3g_2024.04.02.tif,200.0,True,63874028.0,60.92,False
2024-04-03,https://data.chc.ucsb.edu/products/CHIRPS-GEFS/v3/daily/global/2024/04/03/c3g_2024.04.03.tif,200.0,True,63470360.0,60.53,False
2024-04-04,https://data.chc.ucsb.edu/products/CHIRPS-GEFS/v3/daily/global/2024/04/04/c3g_2024.04.04.tif,200.0,True,62830712.0,59.92,False
2024-04-05,https://data.chc.ucsb.edu/products/CHIRPS-GEFS/v3/daily/global/2024/04/05/c3g_2024.04.05.tif,200.0,True,62110830.0,59.23,False
2024-04-06,https://data.chc.ucsb.edu/products/CHIRPS-GEFS/v3/daily/global/2024/04/06/c3g_2024.04.06.tif,200.0,True,62359512.0,59.47,False
2024-04-07,https://data.chc.ucsb.edu/products/CHIRPS-GEFS/v3/daily/global/2024/04/07/c3g_2024.04.07.tif,200.0,True,62704238.0,59.8,False
2024-04-08,https://data.chc.ucsb.edu/products/CHIRPS-GEFS/v3/daily/global/2024/04/08/c3g_2024.04.08.tif,200.0,True,65448624.0,62.42,False
2024-04-09,https://data.chc.ucsb.edu/products/CHIRPS-GEFS/v3/daily/global/2024/04/09/c3g_2024.04.09.tif,200.0,True,63313822.0,60.38,False
2024-04-10,https://data.chc.ucsb.edu/products/CHIRPS-GEFS/v3/daily/global/2024/04/10/c3g_2024.04.10.tif,200.0,True,63301758.0,60.37,False
2024-04-11,https://data.chc.ucsb.edu/products/CHIRPS-GEFS/v3/daily/global/2024/04/11/c3g_2024.04.11.tif,200.0,True,62036500.0,59.16,False
2024-04-12,https://data.chc.ucsb.edu/products/CHIRPS-GEFS/v3/daily/global/2024/04/12/c3g_2024.04.12.tif,200.0,True,62841994.0,59.93,False
2024-04-13,https://data.chc.ucsb.edu/products/CHIRPS-GEFS/v3/daily/global/2024/04/13/c3g_2024.04.13.tif,200.0,True,65726622.0,62.68,False
2024-04-14,https://data.chc.ucsb.edu/products/CHIRPS-GEFS/v3/daily/global/2024/04/14/c3g_2024.04.14.tif,200.0,True,61590490.0,58.74,False
2024-04-15,https://data.chc.ucsb.edu/products/CHIRPS-GEFS/v3/daily/global/2024/04/15/c3g_2024.04.15.tif,200.0,True,61750992.0,58.89,False
2024-04-16,https://data.chc.ucsb.edu/products/CHIRPS-GEFS/v3/daily/global/2024/04/16/c3g_2024.04.16.tif,200.0,True,61810536.0,58.95,False
2024-04-17,https://data.chc.ucsb.edu/products/CHIRPS-GEFS/v3/daily/global/2024/04/17/c3g_2024.04.17.tif,200.0,True,63791016.0,60.84,False
2024-04-18,https://data.chc.ucsb.edu/products/CHIRPS-GEFS/v3/daily/global/2024/04/18/c3g_2024.04.18.tif,200.0,True,60984462.0,58.16,False
2024-04-19,https://data.chc.ucsb.edu/products/CHIRPS-GEFS/v3/daily/global/2024/04/19/c3g_2024.04.19.tif,200.0,True,60293570.0,57.5,False
2024-04-20,https://data.chc.ucsb.edu/products/CHIRPS-GEFS/v3/daily/global/2024/04/20/c3g_2024.04.20.tif,200.0,True,60965052.0,58.14,False
2024-04-21,https://data.chc.ucsb.edu/products/CHIRPS-GEFS/v3/daily/global/2024/04/21/c3g_2024.04.21.tif,200.0,True,61989322.0,59.12,False
2024-04-22,https://data.chc.ucsb.edu/products/CHIRPS-GEFS/v3/daily/global/2024/04/22/c3g_2024.04.22.tif,200.0,True,62158870.0,59.28,False
2024-04-23,https://data.chc.ucsb.edu/products/CHIRPS-GEFS/v3/daily/global/2024/04/23/c3g_2024.04.23.tif,200.0,True,64462918.0,61.48,False
2024-04-24,https://data.chc.ucsb.edu/products/CHIRPS-GEFS/v3/daily/global/2024/04/24/c3g_2024.04.24.tif,200.0,True,68123536.0,64.97,False
2024-04-25,https://data.chc.ucsb.edu/products/CHIRPS-GEFS/v3/daily/global/2024/04/25/c3g_2024.04.25.tif,200.0,True,64012746.0,61.05,False
2024-04-26,https://data.chc.ucsb.edu/products/CHIRPS-GEFS/v3/daily/global/2024/04/26/c3g_2024.04.26.tif,200.0,True,63616980.0,60.67,False
2024-04-27,https://data.chc.ucsb.edu/products/CHIRPS-GEFS/v3/daily/global/2024/04/27/c3g_2024.04.27.tif,200.0,True,63999618.0,61.03,False
2024-04-28,https://data.chc.ucsb.edu/products/CHIRPS-GEFS/v3/daily/global/2024/04/28/c3g_2024.04.28.tif,200.0,True,63586864.0,60.64,False
2024-04-29,https://data.chc.ucsb.edu/products/CHIRPS-GEFS/v3/daily/global/2024/04/29/c3g_2024.04.29.tif,200.0,True,63073902.0,60.15,False
2024-04-30,https://data.chc.ucsb.edu/products/CHIRPS-GEFS/v3/daily/global/2024/04/30/c3g_2024.04.30.tif,200.0,True,62261452.0,59.38,False
2024-05-01,https://data.chc.ucsb.edu/products/CHIRPS-GEFS/v3/daily/global/2024/05/01/c3g_2024.05.01.tif,200.0,True,62602138.0,59.7,False
2024-05-02,https://data.chc.ucsb.edu/products/CHIRPS-GEFS/v3/daily/global/2024/05/02/c3g_2024.05.02.tif,200.0,True,62345388.0,59.46,False
2024-05-03,https://data.chc.ucsb.edu/products/CHIRPS-GEFS/v3/daily/global/2024/05/03/c3g_2024.05.03.tif,200.0,True,61939604.0,59.07,False
2024-05-04,https://data.chc.ucsb.edu/products/CHIRPS-GEFS/v3/daily/global/2024/05/04/c3g_2024.05.04.tif,200.0,True,62814362.0,59.9,False
2024-05-05,https://data.chc.ucsb.edu/products/CHIRPS-GEFS/v3/daily/global/2024/05/05/c3g_2024.05.05.tif,200.0,True,62772610.0,59.86,False
2024-05-06,https://data.chc.ucsb.edu/products/CHIRPS-GEFS/v3/daily/global/2024/05/06/c3g_2024.05.06.tif,200.0,True,61970810.0,59.1,False
2024-05-07,https://data.chc.ucsb.edu/products/CHIRPS-GEFS/v3/daily/global/2024/05/07/c3g_2024.05.07.tif,,False,,,False
2024-05-08,https://data.chc.ucsb.edu/products/CHIRPS-GEFS/v3/daily/global/2024/05/08/c3g_2024.05.08.tif,200.0,True,62251488.0,59.37,False
2024-05-09,https://data.chc.ucsb.edu/products/CHIRPS-GEFS/v3/daily/global/2024/05/09/c3g_2024.05.09.tif,200.0,True,61445808.0,58.6,False
2024-05-10,https://data.chc.ucsb.edu/products/CHIRPS-GEFS/v3/daily/global/2024/05/10/c3g_2024.05.10.tif,200.0,True,61190298.0,58.36,False
2024-05-11,https://data.chc.ucsb.edu/products/CHIRPS-GEFS/v3/daily/global/2024/05/11/c3g_2024.05.11.tif,200.0,True,61024960.0,58.2,False
2024-05-12,https://data.chc.ucsb.edu/products/CHIRPS-GEFS/v3/daily/global/2024/05/12/c3g_2024.05.12.tif,200.0,True,62371008.0,59.48,False
2024-05-13,https://data.chc.ucsb.edu/products/CHIRPS-GEFS/v3/daily/global/2024/05/13/c3g_2024.05.13.tif,200.0,True,65463592.0,62.43,False
2024-05-14,https://data.chc.ucsb.edu/products/CHIRPS-GEFS/v3/daily/global/2024/05/14/c3g_2024.05.14.tif,200.0,True,62802816.0,59.89,False
2024-05-15,https://data.chc.ucsb.edu/products/CHIRPS-GEFS/v3/daily/global/2024/05/15/c3g_2024.05.15.tif,200.0,True,64819010.0,61.82,False
2024-05-16,https://data.chc.ucsb.edu/products/CHIRPS-GEFS/v3/daily/global/2024/05/16/c3g_2024.05.16.tif,200.0,True,61985108.0,59.11,False
2024-05-17,https://data.chc.ucsb.edu/products/CHIRPS-GEFS/v3/daily/global/2024/05/17/c3g_2024.05.17.tif,200.0,True,62536042.0,59.64,False
2024-05-18,https://data.chc.ucsb.edu/products/CHIRPS-GEFS/v3/daily/global/2024/05/18/c3g_2024.05.18.tif,200.0,True,63214978.0,60.29,False
2024-05-19,https://data.chc.ucsb.edu/products/CHIRPS-GEFS/v3/daily/global/2024/05/19/c3g_2024.05.19.tif,200.0,True,63095512.0,60.17,False
2024-05-20,https://data.chc.ucsb.edu/products/CHIRPS-GEFS/v3/daily/global/2024/05/20/c3g_2024.05.20.tif,200.0,True,62631208.0,59.73,False
2024-05-21,https://data.chc.ucsb.edu/products/CHIRPS-GEFS/v3/daily/global/2024/05/21/c3g_2024.05.21.tif,200.0,True,62469644.0,59.58,False
2024-05-22,https://data.chc.ucsb.edu/products/CHIRPS-GEFS/v3/daily/global/2024/05/22/c3g_2024.05.22.tif,200.0,True,62966250.0,60.05,False
2024-05-23,https://data.chc.ucsb.edu/products/CHIRPS-GEFS/v3/daily/global/2024/05/23/c3g_2024.05.23.tif,200.0,True,63587274.0,60.64,False
2024-05-24,https://data.chc.ucsb.edu/products/CHIRPS-GEFS/v3/daily/global/2024/05/24/c3g_2024.05.24.tif,200.0,True,63189312.0,60.26,False
2024-05-25,https://data.chc.ucsb.edu/products/CHIRPS-GEFS/v3/daily/global/2024/05/25/c3g_2024.05.25.tif,200.0,True,62981690.0,60.06,False
2024-05-26,https://data.chc.ucsb.edu/products/CHIRPS-GEFS/v3/daily/global/2024/05/26/c3g_2024.05.26.tif,200.0,True,62023122.0,59.15,False
2024-05-27,https://data.chc.ucsb.edu/products/CHIRPS-GEFS/v3/daily/global/2024/05/27/c3g_2024.05.27.tif,200.0,True,61150780.0,58.32,False
2024-05-28,https://data.chc.ucsb.edu/products/CHIRPS-GEFS/v3/daily/global/2024/05/28/c3g_2024.05.28.tif,200.0,True,61336970.0,58.5,False
2024-05-29,https://data.chc.ucsb.edu/products/CHIRPS-GEFS/v3/daily/global/2024/05/29/c3g_2024.05.29.tif,200.0,True,61851366.0,58.99,False
2024-05-30,https://data.chc.ucsb.edu/products/CHIRPS-GEFS/v3/daily/global/2024/05/30/c3g_2024.05.30.tif,200.0,True,62087866.0,59.21,False
2024-05-31,https://data.chc.ucsb.edu/products/CHIRPS-GEFS/v3/daily/global/2024/05/31/c3g_2024.05.31.tif,200.0,True,62052206.0,59.18,False
2024-06-01,https://data.chc.ucsb.edu/products/CHIRPS-GEFS/v3/daily/global/2024/06/01/c3g_2024.06.01.tif,200.0,True,64635214.0,61.64,False
2024-06-02,https://data.chc.ucsb.edu/products/CHIRPS-GEFS/v3/daily/global/2024/06/02/c3g_2024.06.02.tif,200.0,True,62418116.0,59.53,False
2024-06-03,https://data.chc.ucsb.edu/products/CHIRPS-GEFS/v3/daily/global/2024/06/03/c3g_2024.06.03.tif,200.0,True,62793086.0,59.88,False
2024-06-04,https://data.chc.ucsb.edu/products/CHIRPS-GEFS/v3/daily/global/2024/06/04/c3g_2024.06.04.tif,200.0,True,62976286.0,60.06,False
2024-06-05,https://data.chc.ucsb.edu/products/CHIRPS-GEFS/v3/daily/global/2024/06/05/c3g_2024.06.05.tif,200.0,True,62448284.0,59.56,False
2024-06-06,https://data.chc.ucsb.edu/products/CHIRPS-GEFS/v3/daily/global/2024/06/06/c3g_2024.06.06.tif,200.0,True,63148186.0,60.22,False
2024-06-07,https://data.chc.ucsb.edu/products/CHIRPS-GEFS/v3/daily/global/2024/06/07/c3g_2024.06.07.tif,200.0,True,63458186.0,60.52,False
2024-06-08,https://data.chc.ucsb.edu/products/CHIRPS-GEFS/v3/daily/global/2024/06/08/c3g_2024.06.08.tif,200.0,True,66573876.0,63.49,False
2024-06-09,https://data.chc.ucsb.edu/products/CHIRPS-GEFS/v3/daily/global/2024/06/09/c3g_2024.06.09.tif,200.0,True,63956394.0,60.99,False
2024-06-10,https://data.chc.ucsb.edu/products/CHIRPS-GEFS/v3/daily/global/2024/06/10/c3g_2024.06.10.tif,200.0,True,63300474.0,60.37,False
2024-06-11,https://data.chc.ucsb.edu/products/CHIRPS-GEFS/v3/daily/global/2024/06/11/c3g_2024.06.11.tif,200.0,True,63952658.0,60.99,False
2024-06-12,https://data.chc.ucsb.edu/products/CHIRPS-GEFS/v3/daily/global/2024/06/12/c3g_2024.06.12.tif,200.0,True,63795948.0,60.84,False
2024-06-13,https://data.chc.ucsb.edu/products/CHIRPS-GEFS/v3/daily/global/2024/06/13/c3g_2024.06.13.tif,200.0,True,66704502.0,63.61,False
2024-06-14,https://data.chc.ucsb.edu/products/CHIRPS-GEFS/v3/daily/global/2024/06/14/c3g_2024.06.14.tif,200.0,True,64186280.0,61.21,False
2024-06-15,https://data.chc.ucsb.edu/products/CHIRPS-GEFS/v3/daily/global/2024/06/15/c3g_2024.06.15.tif,200.0,True,64281182.0,61.3,False
2024-06-16,https://data.chc.ucsb.edu/products/CHIRPS-GEFS/v3/daily/global/2024/06/16/c3g_2024.06.16.tif,200.0,True,64494778.0,61.51,False
2024-06-17,https://data.chc.ucsb.edu/products/CHIRPS-GEFS/v3/daily/global/2024/06/17/c3g_2024.06.17.tif,200.0,True,65041072.0,62.03,False
2024-06-18,https://data.chc.ucsb.edu/products/CHIRPS-GEFS/v3/daily/global/2024/06/18/c3g_2024.06.18.tif,200.0,True,65167884.0,62.15,False
2024-06-19,https://data.chc.ucsb.edu/products/CHIRPS-GEFS/v3/daily/global/2024/06/19/c3g_2024.06.19.tif,200.0,True,67273096.0,64.16,False
2024-06-20,https://data.chc.ucsb.edu/products/CHIRPS-GEFS/v3/daily/global/2024/06/20/c3g_2024.06.20.tif,200.0,True,64455752.0,61.47,False
2024-06-21,https://data.chc.ucsb.edu/products/CHIRPS-GEFS/v3/daily/global/2024/06/21/c3g_2024.06.21.tif,200.0,True,63915252.0,60.95,False
2024-06-22,https://data.chc.ucsb.edu/products/CHIRPS-GEFS/v3/daily/global/2024/06/22/c3g_2024.06.22.tif,200.0,True,64506562.0,61.52,False
2024-06-23,https://data.chc.ucsb.edu/products/CHIRPS-GEFS/v3/daily/global/2024/06/23/c3g_2024.06.23.tif,200.0,True,64811452.0,61.81,False
2024-06-24,https://data.chc.ucsb.edu/products/CHIRPS-GEFS/v3/daily/global/2024/06/24/c3g_2024.06.24.tif,200.0,True,65452012.0,62.42,False
2024-06-25,https://data.chc.ucsb.edu/products/CHIRPS-GEFS/v3/daily/global/2024/06/25/c3g_2024.06.25.tif,200.0,True,64967038.0,61.96,False
2024-06-26,https://data.chc.ucsb.edu/products/CHIRPS-GEFS/v3/daily/global/2024/06/26/c3g_2024.06.26.tif,200.0,True,67751136.0,64.61,False
2024-06-27,https://data.chc.ucsb.edu/products/CHIRPS-GEFS/v3/daily/global/2024/06/27/c3g_2024.06.27.tif,200.0,True,65911302.0,62.86,False
2024-06-28,https://data.chc.ucsb.edu/products/CHIRPS-GEFS/v3/daily/global/2024/06/28/c3g_2024.06.28.tif,200.0,True,67386500.0,64.26,False
2024-06-29,https://data.chc.ucsb.edu/products/CHIRPS-GEFS/v3/daily/global/2024/06/29/c3g_2024.06.29.tif,200.0,True,67414412.0,64.29,False
2024-06-30,https://data.chc.ucsb.edu/products/CHIRPS-GEFS/v3/daily/global/2024/06/30/c3g_2024.06.30.tif,200.0,True,67000806.0,63.9,False
2024-07-01,https://data.chc.ucsb.edu/products/CHIRPS-GEFS/v3/daily/global/2024/07/01/c3g_2024.07.01.tif,200.0,True,63782134.0,60.83,False
2024-07-02,https://data.chc.ucsb.edu/products/CHIRPS-GEFS/v3/daily/global/2024/07/02/c3g_2024.07.02.tif,200.0,True,64462898.0,61.48,False
2024-07-03,https://data.chc.ucsb.edu/products/CHIRPS-GEFS/v3/daily/global/2024/07/03/c3g_2024.07.03.tif,200.0,True,64430424.0,61.45,False
2024-07-04,https://data.chc.ucsb.edu/products/CHIRPS-GEFS/v3/daily/global/2024/07/04/c3g_2024.07.04.tif,200.0,True,67536886.0,64.41,False
2024-07-05,https://data.chc.ucsb.edu/products/CHIRPS-GEFS/v3/daily/global/2024/07/05/c3g_2024.07.05.tif,200.0,True,65276726.0,62.25,False
2024-07-06,https://data.chc.ucsb.edu/products/CHIRPS-GEFS/v3/daily/global/2024/07/06/c3g_2024.07.06.tif,200.0,True,67791494.0,64.65,False
2024-07-07,https://data.chc.ucsb.edu/products/CHIRPS-GEFS/v3/daily/global/2024/07/07/c3g_2024.07.07.tif,200.0,True,67071292.0,63.96,False
2024-07-08,https://data.chc.ucsb.edu/products/CHIRPS-GEFS/v3/daily/global/2024/07/08/c3g_2024.07.08.tif,200.0,True,64163466.0,61.19,False
2024-07-09,https://data.chc.ucsb.edu/products/CHIRPS-GEFS/v3/daily/global/2024/07/09/c3g_2024.07.09.tif,200.0,True,67526572.0,64.4,False
2024-07-10,https://data.chc.ucsb.edu/products/CHIRPS-GEFS/v3/daily/global/2024/07/10/c3g_2024.07.10.tif,200.0,True,68173900.0,65.02,False
2024-07-11,https://data.chc.ucsb.edu/products/CHIRPS-GEFS/v3/daily/global/2024/07/11/c3g_2024.07.11.tif,200.0,True,66564140.0,63.48,False
2024-07-12,https://data.chc.ucsb.edu/products/CHIRPS-GEFS/v3/daily/global/2024/07/12/c3g_2024.07.12.tif,200.0,True,64134150.0,61.16,False
2024-07-13,https://data.chc.ucsb.edu/products/CHIRPS-GEFS/v3/daily/global/2024/07/13/c3g_2024.07.13.tif,200.0,True,64407254.0,61.42,False
2024-07-14,https://data.chc.ucsb.edu/products/CHIRPS-GEFS/v3/daily/global/2024/07/14/c3g_2024.07.14.tif,200.0,True,64477868.0,61.49,False
2024-07-15,https://data.chc.ucsb.edu/products/CHIRPS-GEFS/v3/daily/global/2024/07/15/c3g_2024.07.15.tif,200.0,True,63641678.0,60.69,False
2024-07-16,https://data.chc.ucsb.edu/products/CHIRPS-GEFS/v3/daily/global/2024/07/16/c3g_2024.07.16.tif,200.0,True,63912612.0,60.95,False
2024-07-17,https://data.chc.ucsb.edu/products/CHIRPS-GEFS/v3/daily/global/2024/07/17/c3g_2024.07.17.tif,200.0,True,64451452.0,61.47,False
2024-07-18,https://data.chc.ucsb.edu/products/CHIRPS-GEFS/v3/daily/global/2024/07/18/c3g_2024.07.18.tif,200.0,True,64864708.0,61.86,False
2024-07-19,https://data.chc.ucsb.edu/products/CHIRPS-GEFS/v3/daily/global/2024/07/19/c3g_2024.07.19.tif,200.0,True,66931214.0,63.83,False
2024-07-20,https://data.chc.ucsb.edu/products/CHIRPS-GEFS/v3/daily/global/2024/07/20/c3g_2024.07.20.tif,200.0,True,64846930.0,61.84,False
2024-07-21,https://data.chc.ucsb.edu/products/CHIRPS-GEFS/v3/daily/global/2024/07/21/c3g_2024.07.21.tif,200.0,True,64240154.0,61.26,False
2024-07-22,https://data.chc.ucsb.edu/products/CHIRPS-GEFS/v3/daily/global/2024/07/22/c3g_2024.07.22.tif,200.0,True,64230050.0,61.25,False
2024-07-23,https://data.chc.ucsb.edu/products/CHIRPS-GEFS/v3/daily/global/2024/07/23/c3g_2024.07.23.tif,200.0,True,64377710.0,61.4,False
2024-07-24,https://data.chc.ucsb.edu/products/CHIRPS-GEFS/v3/daily/global/2024/07/24/c3g_2024.07.24.tif,200.0,True,64276082.0,61.3,False
2024-07-25,https://data.chc.ucsb.edu/products/CHIRPS-GEFS/v3/daily/global/2024/07/25/c3g_2024.07.25.tif,200.0,True,64815000.0,61.81,False
2024-07-26,https://data.chc.ucsb.edu/products/CHIRPS-GEFS/v3/daily/global/2024/07/26/c3g_2024.07.26.tif,200.0,True,64176962.0,61.2,False
2024-07-27,https://data.chc.ucsb.edu/products/CHIRPS-GEFS/v3/daily/global/2024/07/27/c3g_2024.07.27.tif,200.0,True,64769006.0,61.77,False
2024-07-28,https://data.chc.ucsb.edu/products/CHIRPS-GEFS/v3/daily/global/2024/07/28/c3g_2024.07.28.tif,200.0,True,64587774.0,61.6,False
2024-07-29,https://data.chc.ucsb.edu/products/CHIRPS-GEFS/v3/daily/global/2024/07/29/c3g_2024.07.29.tif,200.0,True,64103952.0,61.13,False
2024-07-30,https://data.chc.ucsb.edu/products/CHIRPS-GEFS/v3/daily/global/2024/07/30/c3g_2024.07.30.tif,200.0,True,64074824.0,61.11,False
2024-07-31,https://data.chc.ucsb.edu/products/CHIRPS-GEFS/v3/daily/global/2024/07/31/c3g_2024.07.31.tif,200.0,True,63579462.0,60.63,False
2024-08-01,https://data.chc.ucsb.edu/products/CHIRPS-GEFS/v3/daily/global/2024/08/01/c3g_2024.08.01.tif,200.0,True,63785120.0,60.83,False
2024-08-02,https://data.chc.ucsb.edu/products/CHIRPS-GEFS/v3/daily/global/2024/08/02/c3g_2024.08.02.tif,200.0,True,64594134.0,61.6,False
2024-08-03,https://data.chc.ucsb.edu/products/CHIRPS-GEFS/v3/daily/global/2024/08/03/c3g_2024.08.03.tif,200.0,True,65016036.0,62.0,False
2024-08-04,https://data.chc.ucsb.edu/products/CHIRPS-GEFS/v3/daily/global/2024/08/04/c3g_2024.08.04.tif,200.0,True,65585946.0,62.55,False
2024-08-05,https://data.chc.ucsb.edu/products/CHIRPS-GEFS/v3/daily/global/2024/08/05/c3g_2024.08.05.tif,200.0,True,65574238.0,62.54,False
2024-08-06,https://data.chc.ucsb.edu/products/CHIRPS-GEFS/v3/daily/global/2024/08/06/c3g_2024.08.06.tif,200.0,True,65251592.0,62.23,False
2024-08-07,https://data.chc.ucsb.edu/products/CHIRPS-GEFS/v3/daily/global/2024/08/07/c3g_2024.08.07.tif,200.0,True,68897114.0,65.71,False
2024-08-08,https://data.chc.ucsb.edu/products/CHIRPS-GEFS/v3/daily/global/2024/08/08/c3g_2024.08.08.tif,200.0,True,64838074.0,61.83,False
2024-08-09,https://data.chc.ucsb.edu/products/CHIRPS-GEFS/v3/daily/global/2024/08/09/c3g_2024.08.09.tif,200.0,True,63685740.0,60.74,False
2024-08-10,https://data.chc.ucsb.edu/products/CHIRPS-GEFS/v3/daily/global/2024/08/10/c3g_2024.08.10.tif,200.0,True,63739792.0,60.79,False
2024-08-11,https://data.chc.ucsb.edu/products/CHIRPS-GEFS/v3/daily/global/2024/08/11/c3g_2024.08.11.tif,200.0,True,63808896.0,60.85,False
2024-08-12,https://data.chc.ucsb.edu/products/CHIRPS-GEFS/v3/daily/global/2024/08/12/c3g_2024.08.12.tif,200.0,True,64310484.0,61.33,False
2024-08-13,https://data.chc.ucsb.edu/products/CHIRPS-GEFS/v3/daily/global/2024/08/13/c3g_2024.08.13.tif,200.0,True,64927230.0,61.92,False
2024-08-14,https://data.chc.ucsb.edu/products/CHIRPS-GEFS/v3/daily/global/2024/08/14/c3g_2024.08.14.tif,200.0,True,64927630.0,61.92,False
2024-08-15,https://data.chc.ucsb.edu/products/CHIRPS-GEFS/v3/daily/global/2024/08/15/c3g_2024.08.15.tif,200.0,True,64372598.0,61.39,False
2024-08-16,https://data.chc.ucsb.edu/products/CHIRPS-GEFS/v3/daily/global/2024/08/16/c3g_2024.08.16.tif,200.0,True,64519260.0,61.53,False
2024-08-17,https://data.chc.ucsb.edu/products/CHIRPS-GEFS/v3/daily/global/2024/08/17/c3g_2024.08.17.tif,200.0,True,65047144.0,62.03,False
2024-08-18,https://data.chc.ucsb.edu/products/CHIRPS-GEFS/v3/daily/global/2024/08/18/c3g_2024.08.18.tif,200.0,True,65227498.0,62.21,False
2024-08-19,https://data.chc.ucsb.edu/products/CHIRPS-GEFS/v3/daily/global/2024/08/19/c3g_2024.08.19.tif,200.0,True,65035952.0,62.02,False
2024-08-20,https://data.chc.ucsb.edu/products/CHIRPS-GEFS/v3/daily/global/2024/08/20/c3g_2024.08.20.tif,200.0,True,64736642.0,61.74,False
2024-08-21,https://data.chc.ucsb.edu/products/CHIRPS-GEFS/v3/daily/global/2024/08/21/c3g_2024.08.21.tif,200.0,True,64959204.0,61.95,False
2024-08-22,https://data.chc.ucsb.edu/products/CHIRPS-GEFS/v3/daily/global/2024/08/22/c3g_2024.08.22.tif,200.0,True,65362236.0,62.33,False
2024-08-23,https://data.chc.ucsb.edu/products/CHIRPS-GEFS/v3/daily/global/2024/08/23/c3g_2024.08.23.tif,200.0,True,65744810.0,62.7,False
2024-08-24,https://data.chc.ucsb.edu/products/CHIRPS-GEFS/v3/daily/global/2024/08/24/c3g_2024.08.24.tif,200.0,True,65907626.0,62.85,False
2024-08-25,https://data.chc.ucsb.edu/products/CHIRPS-GEFS/v3/daily/global/2024/08/25/c3g_2024.08.25.tif,200.0,True,64915138.0,61.91,False
2024-08-26,https://data.chc.ucsb.edu/products/CHIRPS-GEFS/v3/daily/global/2024/08/26/c3g_2024.08.26.tif,200.0,True,64127084.0,61.16,False
2024-08-27,https://data.chc.ucsb.edu/products/CHIRPS-GEFS/v3/daily/global/2024/08/27/c3g_2024.08.27.tif,200.0,True,63787434.0,60.83,False
2024-08-28,https://data.chc.ucsb.edu/products/CHIRPS-GEFS/v3/daily/global/2024/08/28/c3g_2024.08.28.tif,200.0,True,64060296.0,61.09,False
2024-08-29,https://data.chc.ucsb.edu/products/CHIRPS-GEFS/v3/daily/global/2024/08/29/c3g_2024.08.29.tif,200.0,True,65279728.0,62.26,False
2024-08-30,https://data.chc.ucsb.edu/products/CHIRPS-GEFS/v3/daily/global/2024/08/30/c3g_2024.08.30.tif,200.0,True,68521122.0,65.35,False
2024-08-31,https://data.chc.ucsb.edu/products/CHIRPS-GEFS/v3/daily/global/2024/08/31/c3g_2024.08.31.tif,200.0,True,64538620.0,61.55,False
2024-09-01,https://data.chc.ucsb.edu/products/CHIRPS-GEFS/v3/daily/global/2024/09/01/c3g_2024.09.01.tif,200.0,True,63634324.0,60.69,False
2024-09-02,https://data.chc.ucsb.edu/products/CHIRPS-GEFS/v3/daily/global/2024/09/02/c3g_2024.09.02.tif,200.0,True,66404444.0,63.33,False
2024-09-03,https://data.chc.ucsb.edu/products/CHIRPS-GEFS/v3/daily/global/2024/09/03/c3g_2024.09.03.tif,200.0,True,64943136.0,61.93,False
2024-09-04,https://data.chc.ucsb.edu/products/CHIRPS-GEFS/v3/daily/global/2024/09/04/c3g_2024.09.04.tif,200.0,True,64776024.0,61.78,False
2024-09-05,https://data.chc.ucsb.edu/products/CHIRPS-GEFS/v3/daily/global/2024/09/05/c3g_2024.09.05.tif,200.0,True,63684228.0,60.73,False
2024-09-06,https://data.chc.ucsb.edu/products/CHIRPS-GEFS/v3/daily/global/2024/09/06/c3g_2024.09.06.tif,200.0,True,63078294.0,60.16,False
2024-09-07,https://data.chc.ucsb.edu/products/CHIRPS-GEFS/v3/daily/global/2024/09/07/c3g_2024.09.07.tif,200.0,True,62887098.0,59.97,False
2024-09-08,https://data.chc.ucsb.edu/products/CHIRPS-GEFS/v3/daily/global/2024/09/08/c3g_2024.09.08.tif,200.0,True,62276908.0,59.39,False
2024-09-09,https://data.chc.ucsb.edu/products/CHIRPS-GEFS/v3/daily/global/2024/09/09/c3g_2024.09.09.tif,200.0,True,62535212.0,59.64,False
2024-09-10,https://data.chc.ucsb.edu/products/CHIRPS-GEFS/v3/daily/global/2024/09/10/c3g_2024.09.10.tif,200.0,True,63256370.0,60.33,False
2024-09-11,https://data.chc.ucsb.edu/products/CHIRPS-GEFS/v3/daily/global/2024/09/11/c3g_2024.09.11.tif,200.0,True,63794654.0,60.84,False
2024-09-12,https://data.chc.ucsb.edu/products/CHIRPS-GEFS/v3/daily/global/2024/09/12/c3g_2024.09.12.tif,200.0,True,63839800.0,60.88,False
2024-09-13,https://data.chc.ucsb.edu/products/CHIRPS-GEFS/v3/daily/global/2024/09/13/c3g_2024.09.13.tif,200.0,True,63699890.0,60.75,False
2024-09-14,https://data.chc.ucsb.edu/products/CHIRPS-GEFS/v3/daily/global/2024/09/14/c3g_2024.09.14.tif,200.0,True,63323232.0,60.39,False
2024-09-15,https://data.chc.ucsb.edu/products/CHIRPS-GEFS/v3/daily/global/2024/09/15/c3g_2024.09.15.tif,200.0,True,63589818.0,60.64,False
2024-09-16,https://data.chc.ucsb.edu/products/CHIRPS-GEFS/v3/daily/global/2024/09/16/c3g_2024.09.16.tif,200.0,True,63263248.0,60.33,False
2024-09-17,https://data.chc.ucsb.edu/products/CHIRPS-GEFS/v3/daily/global/2024/09/17/c3g_2024.09.17.tif,200.0,True,63624128.0,60.68,False
2024-09-18,https://data.chc.ucsb.edu/products/CHIRPS-GEFS/v3/daily/global/2024/09/18/c3g_2024.09.18.tif,200.0,True,64031534.0,61.07,False
2024-09-19,https://data.chc.ucsb.edu/products/CHIRPS-GEFS/v3/daily/global/2024/09/19/c3g_2024.09.19.tif,200.0,True,64483378.0,61.5,False
2024-09-20,https://data.chc.ucsb.edu/products/CHIRPS-GEFS/v3/daily/global/2024/09/20/c3g_2024.09.20.tif,200.0,True,64125250.0,61.15,False
2024-09-21,https://data.chc.ucsb.edu/products/CHIRPS-GEFS/v3/daily/global/2024/09/21/c3g_2024.09.21.tif,200.0,True,63883258.0,60.92,False
2024-09-22,https://data.chc.ucsb.edu/products/CHIRPS-GEFS/v3/daily/global/2024/09/22/c3g_2024.09.22.tif,200.0,True,62924260.0,60.01,False
2024-09-23,https://data.chc.ucsb.edu/products/CHIRPS-GEFS/v3/daily/global/2024/09/23/c3g_2024.09.23.tif,200.0,True,63815248.0,60.86,False
2024-09-24,https://data.chc.ucsb.edu/products/CHIRPS-GEFS/v3/daily/global/2024/09/24/c3g_2024.09.24.tif,200.0,True,64404482.0,61.42,False
2024-09-25,https://data.chc.ucsb.edu/products/CHIRPS-GEFS/v3/daily/global/2024/09/25/c3g_2024.09.25.tif,200.0,True,63216834.0,60.29,False
2024-09-26,https://data.chc.ucsb.edu/products/CHIRPS-GEFS/v3/daily/global/2024/09/26/c3g_2024.09.26.tif,200.0,True,62688678.0,59.78,False
2024-09-27,https://data.chc.ucsb.edu/products/CHIRPS-GEFS/v3/daily/global/2024/09/27/c3g_2024.09.27.tif,200.0,True,62406538.0,59.52,False
2024-09-28,https://data.chc.ucsb.edu/products/CHIRPS-GEFS/v3/daily/global/2024/09/28/c3g_2024.09.28.tif,200.0,True,62330174.0,59.44,False
2024-09-29,https://data.chc.ucsb.edu/products/CHIRPS-GEFS/v3/daily/global/2024/09/29/c3g_2024.09.29.tif,200.0,True,62227860.0,59.35,False
2024-09-30,https://data.chc.ucsb.edu/products/CHIRPS-GEFS/v3/daily/global/2024/09/30/c3g_2024.09.30.tif,200.0,True,62124144.0,59.25,False
2024-10-01,https://data.chc.ucsb.edu/products/CHIRPS-GEFS/v3/daily/global/2024/10/01/c3g_2024.10.01.tif,200.0,True,61858108.0,58.99,False
2024-10-02,https://data.chc.ucsb.edu/products/CHIRPS-GEFS/v3/daily/global/2024/10/02/c3g_2024.10.02.tif,200.0,True,62251990.0,59.37,False
2024-10-03,https://data.chc.ucsb.edu/products/CHIRPS-GEFS/v3/daily/global/2024/10/03/c3g_2024.10.03.tif,200.0,True,61533908.0,58.68,False
2024-10-04,https://data.chc.ucsb.edu/products/CHIRPS-GEFS/v3/daily/global/2024/10/04/c3g_2024.10.04.tif,200.0,True,60641234.0,57.83,False
2024-10-05,https://data.chc.ucsb.edu/products/CHIRPS-GEFS/v3/daily/global/2024/10/05/c3g_2024.10.05.tif,200.0,True,59819442.0,57.05,False
2024-10-06,https://data.chc.ucsb.edu/products/CHIRPS-GEFS/v3/daily/global/2024/10/06/c3g_2024.10.06.tif,200.0,True,60500936.0,57.7,False
2024-10-07,https://data.chc.ucsb.edu/products/CHIRPS-GEFS/v3/daily/global/2024/10/07/c3g_2024.10.07.tif,200.0,True,61688764.0,58.83,False
2024-10-08,https://data.chc.ucsb.edu/products/CHIRPS-GEFS/v3/daily/global/2024/10/08/c3g_2024.10.08.tif,200.0,True,61802974.0,58.94,False
2024-10-09,https://data.chc.ucsb.edu/products/CHIRPS-GEFS/v3/daily/global/2024/10/09/c3g_2024.10.09.tif,200.0,True,62564980.0,59.67,False
2024-10-10,https://data.chc.ucsb.edu/products/CHIRPS-GEFS/v3/daily/global/2024/10/10/c3g_2024.10.10.tif,200.0,True,62229834.0,59.35,False
2024-10-11,https://data.chc.ucsb.edu/products/CHIRPS-GEFS/v3/daily/global/2024/10/11/c3g_2024.10.11.tif,200.0,True,62170690.0,59.29,False
2024-10-12,https://data.chc.ucsb.edu/products/CHIRPS-GEFS/v3/daily/global/2024/10/12/c3g_2024.10.12.tif,200.0,True,62879488.0,59.97,False
2024-10-13,https://data.chc.ucsb.edu/products/CHIRPS-GEFS/v3/daily/global/2024/10/13/c3g_2024.10.13.tif,200.0,True,63025340.0,60.11,False
2024-10-14,https://data.chc.ucsb.edu/products/CHIRPS-GEFS/v3/daily/global/2024/10/14/c3g_2024.10.14.tif,200.0,True,63156148.0,60.23,False
2024-10-15,https://data.chc.ucsb.edu/products/CHIRPS-GEFS/v3/daily/global/2024/10/15/c3g_2024.10.15.tif,200.0,True,63609442.0,60.66,False
2024-10-16,https://data.chc.ucsb.edu/products/CHIRPS-GEFS/v3/daily/global/2024/10/16/c3g_2024.10.16.tif,200.0,True,67630490.0,64.5,False
2024-10-17,https://data.chc.ucsb.edu/products/CHIRPS-GEFS/v3/daily/global/2024/10/17/c3g_2024.10.17.tif,200.0,True,68475756.0,65.3,False
2024-10-18,https://data.chc.ucsb.edu/products/CHIRPS-GEFS/v3/daily/global/2024/10/18/c3g_2024.10.18.tif,200.0,True,63971084.0,61.01,False
2024-10-19,https://data.chc.ucsb.edu/products/CHIRPS-GEFS/v3/daily/global/2024/10/19/c3g_2024.10.19.tif,200.0,True,63120952.0,60.2,False
2024-10-20,https://data.chc.ucsb.edu/products/CHIRPS-GEFS/v3/daily/global/2024/10/20/c3g_2024.10.20.tif,200.0,True,62339282.0,59.45,False
2024-10-21,https://data.chc.ucsb.edu/products/CHIRPS-GEFS/v3/daily/global/2024/10/21/c3g_2024.10.21.tif,200.0,True,62539980.0,59.64,False
2024-10-22,https://data.chc.ucsb.edu/products/CHIRPS-GEFS/v3/daily/global/2024/10/22/c3g_2024.10.22.tif,200.0,True,62908828.0,59.99,False
2024-10-23,https://data.chc.ucsb.edu/products/CHIRPS-GEFS/v3/daily/global/2024/10/23/c3g_2024.10.23.tif,200.0,True,61919540.0,59.05,False
2024-10-24,https://data.chc.ucsb.edu/products/CHIRPS-GEFS/v3/daily/global/2024/10/24/c3g_2024.10.24.tif,200.0,True,62226870.0,59.34,False
2024-10-25,https://data.chc.ucsb.edu/products/CHIRPS-GEFS/v3/daily/global/2024/10/25/c3g_2024.10.25.tif,200.0,True,62427346.0,59.54,False
2024-10-26,https://data.chc.ucsb.edu/products/CHIRPS-GEFS/v3/daily/global/2024/10/26/c3g_2024.10.26.tif,200.0,True,62461576.0,59.57,False
2024-10-27,https://data.chc.ucsb.edu/products/CHIRPS-GEFS/v3/daily/global/2024/10/27/c3g_2024.10.27.tif,200.0,True,61551334.0,58.7,False
2024-10-28,https://data.chc.ucsb.edu/products/CHIRPS-GEFS/v3/daily/global/2024/10/28/c3g_2024.10.28.tif,200.0,True,61601694.0,58.75,False
2024-10-29,https://data.chc.ucsb.edu/products/CHIRPS-GEFS/v3/daily/global/2024/10/29/c3g_2024.10.29.tif,200.0,True,61268028.0,58.43,False
2024-10-30,https://data.chc.ucsb.edu/products/CHIRPS-GEFS/v3/daily/global/2024/10/30/c3g_2024.10.30.tif,200.0,True,60904218.0,58.08,False
2024-10-31,https://data.chc.ucsb.edu/products/CHIRPS-GEFS/v3/daily/global/2024/10/31/c3g_2024.10.31.tif,200.0,True,61042562.0,58.21,False
2024-11-01,https://data.chc.ucsb.edu/products/CHIRPS-GEFS/v3/daily/global/2024/11/01/c3g_2024.11.01.tif,200.0,True,61018776.0,58.19,False
2024-11-02,https://data.chc.ucsb.edu/products/CHIRPS-GEFS/v3/daily/global/2024/11/02/c3g_2024.11.02.tif,200.0,True,61650066.0,58.79,False
2024-11-03,https://data.chc.ucsb.edu/products/CHIRPS-GEFS/v3/daily/global/2024/11/03/c3g_2024.11.03.tif,200.0,True,62442290.0,59.55,False
2024-11-04,https://data.chc.ucsb.edu/products/CHIRPS-GEFS/v3/daily/global/2024/11/04/c3g_2024.11.04.tif,200.0,True,62879816.0,59.97,False
2024-11-05,https://data.chc.ucsb.edu/products/CHIRPS-GEFS/v3/daily/global/2024/11/05/c3g_2024.11.05.tif,200.0,True,62340958.0,59.45,False
2024-11-06,https://data.chc.ucsb.edu/products/CHIRPS-GEFS/v3/daily/global/2024/11/06/c3g_2024.11.06.tif,200.0,True,61309158.0,58.47,False
2024-11-07,https://data.chc.ucsb.edu/products/CHIRPS-GEFS/v3/daily/global/2024/11/07/c3g_2024.11.07.tif,200.0,True,61092630.0,58.26,False
2024-11-08,https://data.chc.ucsb.edu/products/CHIRPS-GEFS/v3/daily/global/2024/11/08/c3g_2024.11.08.tif,200.0,True,61225314.0,58.39,False
2024-11-09,https://data.chc.ucsb.edu/products/CHIRPS-GEFS/v3/daily/global/2024/11/09/c3g_2024.11.09.tif,200.0,True,62337410.0,59.45,False
2024-11-10,https://data.chc.ucsb.edu/products/CHIRPS-GEFS/v3/daily/global/2024/11/10/c3g_2024.11.10.tif,200.0,True,62820294.0,59.91,False
2024-11-11,https://data.chc.ucsb.edu/products/CHIRPS-GEFS/v3/daily/global/2024/11/11/c3g_2024.11.11.tif,200.0,True,62368576.0,59.48,False
2024-11-12,https://data.chc.ucsb.edu/products/CHIRPS-GEFS/v3/daily/global/2024/11/12/c3g_2024.11.12.tif,200.0,True,62575176.0,59.68,False
2024-11-13,https://data.chc.ucsb.edu/products/CHIRPS-GEFS/v3/daily/global/2024/11/13/c3g_2024.11.13.tif,200.0,True,62495114.0,59.6,False
2024-11-14,https://data.chc.ucsb.edu/products/CHIRPS-GEFS/v3/daily/global/2024/11/14/c3g_2024.11.14.tif,200.0,True,62243368.0,59.36,False
2024-11-15,https://data.chc.ucsb.edu/products/CHIRPS-GEFS/v3/daily/global/2024/11/15/c3g_2024.11.15.tif,200.0,True,62591388.0,59.69,False
2024-11-16,https://data.chc.ucsb.edu/products/CHIRPS-GEFS/v3/daily/global/2024/11/16/c3g_2024.11.16.tif,200.0,True,63553094.0,60.61,False
2024-11-17,https://data.chc.ucsb.edu/products/CHIRPS-GEFS/v3/daily/global/2024/11/17/c3g_2024.11.17.tif,200.0,True,63241116.0,60.31,False
2024-11-18,https://data.chc.ucsb.edu/products/CHIRPS-GEFS/v3/daily/global/2024/11/18/c3g_2024.11.18.tif,200.0,True,63277988.0,60.35,False
2024-11-19,https://data.chc.ucsb.edu/products/CHIRPS-GEFS/v3/daily/global/2024/11/19/c3g_2024.11.19.tif,200.0,True,63008320.0,60.09,False
2024-11-20,https://data.chc.ucsb.edu/products/CHIRPS-GEFS/v3/daily/global/2024/11/20/c3g_2024.11.20.tif,200.0,True,62932882.0,60.02,False
2024-11-21,https://data.chc.ucsb.edu/products/CHIRPS-GEFS/v3/daily/global/2024/11/21/c3g_2024.11.21.tif,200.0,True,61890892.0,59.02,False
2024-11-22,https://data.chc.ucsb.edu/products/CHIRPS-GEFS/v3/daily/global/2024/11/22/c3g_2024.11.22.tif,200.0,True,61604952.0,58.75,False
2024-11-23,https://data.chc.ucsb.edu/products/CHIRPS-GEFS/v3/daily/global/2024/11/23/c3g_2024.11.23.tif,200.0,True,61439256.0,58.59,False
2024-11-24,https://data.chc.ucsb.edu/products/CHIRPS-GEFS/v3/daily/global/2024/11/24/c3g_2024.11.24.tif,200.0,True,61462516.0,58.62,False
2024-11-25,https://data.chc.ucsb.edu/products/CHIRPS-GEFS/v3/daily/global/2024/11/25/c3g_2024.11.25.tif,200.0,True,61751404.0,58.89,False
2024-11-26,https://data.chc.ucsb.edu/products/CHIRPS-GEFS/v3/daily/global/2024/11/26/c3g_2024.11.26.tif,200.0,True,62474296.0,59.58,False
2024-11-27,https://data.chc.ucsb.edu/products/CHIRPS-GEFS/v3/daily/global/2024/11/27/c3g_2024.11.27.tif,200.0,True,62456268.0,59.56,False
2024-11-28,https://data.chc.ucsb.edu/products/CHIRPS-GEFS/v3/daily/global/2024/11/28/c3g_2024.11.28.tif,200.0,True,62143306.0,59.26,False
2024-11-29,https://data.chc.ucsb.edu/products/CHIRPS-GEFS/v3/daily/global/2024/11/29/c3g_2024.11.29.tif,200.0,True,60755182.0,57.94,False
2024-11-30,https://data.chc.ucsb.edu/products/CHIRPS-GEFS/v3/daily/global/2024/11/30/c3g_2024.11.30.tif,200.0,True,60351558.0,57.56,False
2024-12-01,https://data.chc.ucsb.edu/products/CHIRPS-GEFS/v3/daily/global/2024/12/01/c3g_2024.12.01.tif,200.0,True,60600960.0,57.79,False
2024-12-02,https://data.chc.ucsb.edu/products/CHIRPS-GEFS/v3/daily/global/2024/12/02/c3g_2024.12.02.tif,200.0,True,61165900.0,58.33,False
2024-12-03,https://data.chc.ucsb.edu/products/CHIRPS-GEFS/v3/daily/global/2024/12/03/c3g_2024.12.03.tif,200.0,True,61238114.0,58.4,False
2024-12-04,https://data.chc.ucsb.edu/products/CHIRPS-GEFS/v3/daily/global/2024/12/04/c3g_2024.12.04.tif,200.0,True,64466004.0,61.48,False
2024-12-05,https://data.chc.ucsb.edu/products/CHIRPS-GEFS/v3/daily/global/2024/12/05/c3g_2024.12.05.tif,200.0,True,62092792.0,59.22,False
2024-12-06,https://data.chc.ucsb.edu/products/CHIRPS-GEFS/v3/daily/global/2024/12/06/c3g_2024.12.06.tif,200.0,True,61440538.0,58.59,False
2024-12-07,https://data.chc.ucsb.edu/products/CHIRPS-GEFS/v3/daily/global/2024/12/07/c3g_2024.12.07.tif,200.0,True,61724360.0,58.86,False
2024-12-08,https://data.chc.ucsb.edu/products/CHIRPS-GEFS/v3/daily/global/2024/12/08/c3g_2024.12.08.tif,200.0,True,62313294.0,59.43,False
2024-12-09,https://data.chc.ucsb.edu/products/CHIRPS-GEFS/v3/daily/global/2024/12/09/c3g_2024.12.09.tif,200.0,True,61308794.0,58.47,False
2024-12-10,https://data.chc.ucsb.edu/products/CHIRPS-GEFS/v3/daily/global/2024/12/10/c3g_2024.12.10.tif,200.0,True,62708772.0,59.8,False
2024-12-11,https://data.chc.ucsb.edu/products/CHIRPS-GEFS/v3/daily/global/2024/12/11/c3g_2024.12.11.tif,200.0,True,60508788.0,57.71,False
2024-12-12,https://data.chc.ucsb.edu/products/CHIRPS-GEFS/v3/daily/global/2024/12/12/c3g_2024.12.12.tif,200.0,True,61848090.0,58.98,False
2024-12-13,https://data.chc.ucsb.edu/products/CHIRPS-GEFS/v3/daily/global/2024/12/13/c3g_2024.12.13.tif,200.0,True,62911384.0,60.0,False
2024-12-14,https://data.chc.ucsb.edu/products/CHIRPS-GEFS/v3/daily/global/2024/12/14/c3g_2024.12.14.tif,200.0,True,62721534.0,59.82,False
2024-12-15,https://data.chc.ucsb.edu/products/CHIRPS-GEFS/v3/daily/global/2024/12/15/c3g_2024.12.15.tif,200.0,True,62656600.0,59.75,False
2024-12-16,https://data.chc.ucsb.edu/products/CHIRPS-GEFS/v3/daily/global/2024/12/16/c3g_2024.12.16.tif,200.0,True,61759236.0,58.9,False
2024-12-17,https://data.chc.ucsb.edu/products/CHIRPS-GEFS/v3/daily/global/2024/12/17/c3g_2024.12.17.tif,200.0,True,61564732.0,58.71,False
2024-12-18,https://data.chc.ucsb.edu/products/CHIRPS-GEFS/v3/daily/global/2024/12/18/c3g_2024.12.18.tif,200.0,True,61302358.0,58.46,False
2024-12-19,https://data.chc.ucsb.edu/products/CHIRPS-GEFS/v3/daily/global/2024/12/19/c3g_2024.12.19.tif,200.0,True,61229286.0,58.39,False
2024-12-20,https://data.chc.ucsb.edu/products/CHIRPS-GEFS/v3/daily/global/2024/12/20/c3g_2024.12.20.tif,200.0,True,61146850.0,58.31,False
2024-12-21,https://data.chc.ucsb.edu/products/CHIRPS-GEFS/v3/daily/global/2024/12/21/c3g_2024.12.21.tif,200.0,True,60970384.0,58.15,False
2024-12-22,https://data.chc.ucsb.edu/products/CHIRPS-GEFS/v3/daily/global/2024/12/22/c3g_2024.12.22.tif,200.0,True,61531994.0,58.68,False
2024-12-23,https://data.chc.ucsb.edu/products/CHIRPS-GEFS/v3/daily/global/2024/12/23/c3g_2024.12.23.tif,200.0,True,65495770.0,62.46,False
2024-12-24,https://data.chc.ucsb.edu/products/CHIRPS-GEFS/v3/daily/global/2024/12/24/c3g_2024.12.24.tif,200.0,True,63397430.0,60.46,False
2024-12-25,https://data.chc.ucsb.edu/products/CHIRPS-GEFS/v3/daily/global/2024/12/25/c3g_2024.12.25.tif,200.0,True,60530502.0,57.73,False
2024-12-26,https://data.chc.ucsb.edu/products/CHIRPS-GEFS/v3/daily/global/2024/12/26/c3g_2024.12.26.tif,200.0,True,59953836.0,57.18,False
2024-12-27,https://data.chc.ucsb.edu/products/CHIRPS-GEFS/v3/daily/global/2024/12/27/c3g_2024.12.27.tif,200.0,True,62949174.0,60.03,False
2024-12-28,https://data.chc.ucsb.edu/products/CHIRPS-GEFS/v3/daily/global/2024/12/28/c3g_2024.12.28.tif,200.0,True,60752304.0,57.94,False
2024-12-29,https://data.chc.ucsb.edu/products/CHIRPS-GEFS/v3/daily/global/2024/12/29/c3g_2024.12.29.tif,200.0,True,59924348.0,57.15,False
2024-12-30,https://data.chc.ucsb.edu/products/CHIRPS-GEFS/v3/daily/global/2024/12/30/c3g_2024.12.30.tif,200.0,True,60123596.0,57.34,False
2024-12-31,https://data.chc.ucsb.edu/products/CHIRPS-GEFS/v3/daily/global/2024/12/31/c3g_2024.12.31.tif,200.0,True,59238928.0,56.49,False
2025-01-01,https://data.chc.ucsb.edu/products/CHIRPS-GEFS/v3/daily/global/2025/01/01/c3g_2025.01.01.tif,200.0,True,63565118.0,60.62,False
2025-01-02,https://data.chc.ucsb.edu/products/CHIRPS-GEFS/v3/daily/global/2025/01/02/c3g_2025.01.02.tif,200.0,True,60185672.0,57.4,False
2025-01-03,https://data.chc.ucsb.edu/products/CHIRPS-GEFS/v3/daily/global/2025/01/03/c3g_2025.01.03.tif,200.0,True,61101760.0,58.27,False
2025-01-04,https://data.chc.ucsb.edu/products/CHIRPS-GEFS/v3/daily/global/2025/01/04/c3g_2025.01.04.tif,200.0,True,64258316.0,61.28,False
2025-01-05,https://data.chc.ucsb.edu/products/CHIRPS-GEFS/v3/daily/global/2025/01/05/c3g_2025.01.05.tif,200.0,True,63690848.0,60.74,False
2025-01-06,https://data.chc.ucsb.edu/products/CHIRPS-GEFS/v3/daily/global/2025/01/06/c3g_2025.01.06.tif,200.0,True,61497662.0,58.65,False
2025-01-07,https://data.chc.ucsb.edu/products/CHIRPS-GEFS/v3/daily/global/2025/01/07/c3g_2025.01.07.tif,200.0,True,61928034.0,59.06,False
2025-01-08,https://data.chc.ucsb.edu/products/CHIRPS-GEFS/v3/daily/global/2025/01/08/c3g_2025.01.08.tif,200.0,True,63943266.0,60.98,False
2025-01-09,https://data.chc.ucsb.edu/products/CHIRPS-GEFS/v3/daily/global/2025/01/09/c3g_2025.01.09.tif,200.0,True,61782540.0,58.92,False
2025-01-10,https://data.chc.ucsb.edu/products/CHIRPS-GEFS/v3/daily/global/2025/01/10/c3g_2025.01.10.tif,200.0,True,61512678.0,58.66,False
2025-01-11,https://data.chc.ucsb.edu/products/CHIRPS-GEFS/v3/daily/global/2025/01/11/c3g_2025.01.11.tif,200.0,True,60948630.0,58.13,False
2025-01-12,https://data.chc.ucsb.edu/products/CHIRPS-GEFS/v3/daily/global/2025/01/12/c3g_2025.01.12.tif,200.0,True,59575900.0,56.82,False
2025-01-13,https://data.chc.ucsb.edu/products/CHIRPS-GEFS/v3/daily/global/2025/01/13/c3g_2025.01.13.tif,200.0,True,60257988.0,57.47,False
2025-01-14,https://data.chc.ucsb.edu/products/CHIRPS-GEFS/v3/daily/global/2025/01/14/c3g_2025.01.14.tif,200.0,True,60277904.0,57.49,False
2025-01-15,https://data.chc.ucsb.edu/products/CHIRPS-GEFS/v3/daily/global/2025/01/15/c3g_2025.01.15.tif,200.0,True,60299948.0,57.51,False
2025-01-16,https://data.chc.ucsb.edu/products/CHIRPS-GEFS/v3/daily/global/2025/01/16/c3g_2025.01.16.tif,200.0,True,60819714.0,58.0,False
2025-01-17,https://data.chc.ucsb.edu/products/CHIRPS-GEFS/v3/daily/global/2025/01/17/c3g_2025.01.17.tif,200.0,True,61165450.0,58.33,False
2025-01-18,https://data.chc.ucsb.edu/products/CHIRPS-GEFS/v3/daily/global/2025/01/18/c3g_2025.01.18.tif,200.0,True,61007194.0,58.18,False
2025-01-19,https://data.chc.ucsb.edu/products/CHIRPS-GEFS/v3/daily/global/2025/01/19/c3g_2025.01.19.tif,200.0,True,62296110.0,59.41,False
2025-01-20,https://data.chc.ucsb.edu/products/CHIRPS-GEFS/v3/daily/global/2025/01/20/c3g_2025.01.20.tif,200.0,True,60231604.0,57.44,False
2025-01-21,https://data.chc.ucsb.edu/products/CHIRPS-GEFS/v3/daily/global/2025/01/21/c3g_2025.01.21.tif,200.0,True,61085510.0,58.26,False
2025-01-22,https://data.chc.ucsb.edu/products/CHIRPS-GEFS/v3/daily/global/2025/01/22/c3g_2025.01.22.tif,200.0,True,64520470.0,61.53,False
2025-01-23,https://data.chc.ucsb.edu/products/CHIRPS-GEFS/v3/daily/global/2025/01/23/c3g_2025.01.23.tif,200.0,True,64074654.0,61.11,False
2025-01-24,https://data.chc.ucsb.edu/products/CHIRPS-GEFS/v3/daily/global/2025/01/24/c3g_2025.01.24.tif,200.0,True,63898296.0,60.94,False
2025-01-25,https://data.chc.ucsb.edu/products/CHIRPS-GEFS/v3/daily/global/2025/01/25/c3g_2025.01.25.tif,200.0,True,61983788.0,59.11,False
2025-01-26,https://data.chc.ucsb.edu/products/CHIRPS-GEFS/v3/daily/global/2025/01/26/c3g_2025.01.26.tif,200.0,True,60862840.0,58.04,False
2025-01-27,https://data.chc.ucsb.edu/products/CHIRPS-GEFS/v3/daily/global/2025/01/27/c3g_2025.01.27.tif,200.0,True,61259290.0,58.42,False
2025-01-28,https://data.chc.ucsb.edu/products/CHIRPS-GEFS/v3/daily/global/2025/01/28/c3g_2025.01.28.tif,200.0,True,60897322.0,58.08,False
2025-01-29,https://data.chc.ucsb.edu/products/CHIRPS-GEFS/v3/daily/global/2025/01/29/c3g_2025.01.29.tif,200.0,True,60146694.0,57.36,False
2025-01-30,https://data.chc.ucsb.edu/products/CHIRPS-GEFS/v3/daily/global/2025/01/30/c3g_2025.01.30.tif,200.0,True,59349024.0,56.6,False
2025-01-31,https://data.chc.ucsb.edu/products/CHIRPS-GEFS/v3/daily/global/2025/01/31/c3g_2025.01.31.tif,200.0,True,59517656.0,56.76,False
2025-02-01,https://data.chc.ucsb.edu/products/CHIRPS-GEFS/v3/daily/global/2025/02/01/c3g_2025.02.01.tif,200.0,True,60372382.0,57.58,False
2025-02-02,https://data.chc.ucsb.edu/products/CHIRPS-GEFS/v3/daily/global/2025/02/02/c3g_2025.02.02.tif,200.0,True,60358398.0,57.56,False
2025-02-03,https://data.chc.ucsb.edu/products/CHIRPS-GEFS/v3/daily/global/2025/02/03/c3g_2025.02.03.tif,200.0,True,59565564.0,56.81,False
2025-02-04,https://data.chc.ucsb.edu/products/CHIRPS-GEFS/v3/daily/global/2025/02/04/c3g_2025.02.04.tif,200.0,True,59317274.0,56.57,False
2025-02-05,https://data.chc.ucsb.edu/products/CHIRPS-GEFS/v3/daily/global/2025/02/05/c3g_2025.02.05.tif,200.0,True,60191482.0,57.4,False
2025-02-06,https://data.chc.ucsb.edu/products/CHIRPS-GEFS/v3/daily/global/2025/02/06/c3g_2025.02.06.tif,200.0,True,60236370.0,57.45,False
2025-02-07,https://data.chc.ucsb.edu/products/CHIRPS-GEFS/v3/daily/global/2025/02/07/c3g_2025.02.07.tif,200.0,True,60688126.0,57.88,False
2025-02-08,https://data.chc.ucsb.edu/products/CHIRPS-GEFS/v3/daily/global/2025/02/08/c3g_2025.02.08.tif,200.0,True,61311004.0,58.47,False
2025-02-09,https://data.chc.ucsb.edu/products/CHIRPS-GEFS/v3/daily/global/2025/02/09/c3g_2025.02.09.tif,200.0,True,61640906.0,58.79,False
2025-02-10,https://data.chc.ucsb.edu/products/CHIRPS-GEFS/v3/daily/global/2025/02/10/c3g_2025.02.10.tif,200.0,True,61808998.0,58.95,False
2025-02-11,https://data.chc.ucsb.edu/products/CHIRPS-GEFS/v3/daily/global/2025/02/11/c3g_2025.02.11.tif,200.0,True,62439492.0,59.55,False
2025-02-12,https://data.chc.ucsb.edu/products/CHIRPS-GEFS/v3/daily/global/2025/02/12/c3g_2025.02.12.tif,200.0,True,62507592.0,59.61,False
2025-02-13,https://data.chc.ucsb.edu/products/CHIRPS-GEFS/v3/daily/global/2025/02/13/c3g_2025.02.13.tif,200.0,True,61969078.0,59.1,False
2025-02-14,https://data.chc.ucsb.edu/products/CHIRPS-GEFS/v3/daily/global/2025/02/14/c3g_2025.02.14.tif,200.0,True,62514136.0,59.62,False
2025-02-15,https://data.chc.ucsb.edu/products/CHIRPS-GEFS/v3/daily/global/2025/02/15/c3g_2025.02.15.tif,200.0,True,65833764.0,62.78,False
2025-02-16,https://data.chc.ucsb.edu/products/CHIRPS-GEFS/v3/daily/global/2025/02/16/c3g_2025.02.16.tif,200.0,True,62861698.0,59.95,False
2025-02-17,https://data.chc.ucsb.edu/products/CHIRPS-GEFS/v3/daily/global/2025/02/17/c3g_2025.02.17.tif,200.0,True,62517480.0,59.62,False
2025-02-18,https://data.chc.ucsb.edu/products/CHIRPS-GEFS/v3/daily/global/2025/02/18/c3g_2025.02.18.tif,200.0,True,61821554.0,58.96,False
2025-02-19,https://data.chc.ucsb.edu/products/CHIRPS-GEFS/v3/daily/global/2025/02/19/c3g_2025.02.19.tif,200.0,True,62140880.0,59.26,False
2025-02-20,https://data.chc.ucsb.edu/products/CHIRPS-GEFS/v3/daily/global/2025/02/20/c3g_2025.02.20.tif,200.0,True,61818456.0,58.95,False
2025-02-21,https://data.chc.ucsb.edu/products/CHIRPS-GEFS/v3/daily/global/2025/02/21/c3g_2025.02.21.tif,200.0,True,61426940.0,58.58,False
2025-02-22,https://data.chc.ucsb.edu/products/CHIRPS-GEFS/v3/daily/global/2025/02/22/c3g_2025.02.22.tif,200.0,True,63798404.0,60.84,False
2025-02-23,https://data.chc.ucsb.edu/products/CHIRPS-GEFS/v3/daily/global/2025/02/23/c3g_2025.02.23.tif,200.0,True,62330222.0,59.44,False
2025-02-24,https://data.chc.ucsb.edu/products/CHIRPS-GEFS/v3/daily/global/2025/02/24/c3g_2025.02.24.tif,200.0,True,62365404.0,59.48,False
2025-02-25,https://data.chc.ucsb.edu/products/CHIRPS-GEFS/v3/daily/global/2025/02/25/c3g_2025.02.25.tif,200.0,True,61981020.0,59.11,False
2025-02-26,https://data.chc.ucsb.edu/products/CHIRPS-GEFS/v3/daily/global/2025/02/26/c3g_2025.02.26.tif,200.0,True,62037592.0,59.16,False
2025-02-27,https://data.chc.ucsb.edu/products/CHIRPS-GEFS/v3/daily/global/2025/02/27/c3g_2025.02.27.tif,200.0,True,62204176.0,59.32,False
2025-02-28,https://data.chc.ucsb.edu/products/CHIRPS-GEFS/v3/daily/global/2025/02/28/c3g_2025.02.28.tif,200.0,True,61966974.0,59.1,False
2025-03-01,https://data.chc.ucsb.edu/products/CHIRPS-GEFS/v3/daily/global/2025/03/01/c3g_2025.03.01.tif,200.0,True,61652832.0,58.8,False
2025-03-02,https://data.chc.ucsb.edu/products/CHIRPS-GEFS/v3/daily/global/2025/03/02/c3g_2025.03.02.tif,200.0,True,61711954.0,58.85,False
2025-03-03,https://data.chc.ucsb.edu/products/CHIRPS-GEFS/v3/daily/global/2025/03/03/c3g_2025.03.03.tif,200.0,True,62478776.0,59.58,False
2025-03-04,https://data.chc.ucsb.edu/products/CHIRPS-GEFS/v3/daily/global/2025/03/04/c3g_2025.03.04.tif,200.0,True,66946338.0,63.85,False
2025-03-05,https://data.chc.ucsb.edu/products/CHIRPS-GEFS/v3/daily/global/2025/03/05/c3g_2025.03.05.tif,200.0,True,63401204.0,60.46,False
2025-03-06,https://data.chc.ucsb.edu/products/CHIRPS-GEFS/v3/daily/global/2025/03/06/c3g_2025.03.06.tif,200.0,True,63796526.0,60.84,False
2025-03-07,https://data.chc.ucsb.edu/products/CHIRPS-GEFS/v3/daily/global/2025/03/07/c3g_2025.03.07.tif,200.0,True,64867332.0,61.86,False
2025-03-08,https://data.chc.ucsb.edu/products/CHIRPS-GEFS/v3/daily/global/2025/03/08/c3g_2025.03.08.tif,200.0,True,63965276.0,61.0,False
2025-03-09,https://data.chc.ucsb.edu/products/CHIRPS-GEFS/v3/daily/global/2025/03/09/c3g_2025.03.09.tif,200.0,True,63238556.0,60.31,False
2025-03-10,https://data.chc.ucsb.edu/products/CHIRPS-GEFS/v3/daily/global/2025/03/10/c3g_2025.03.10.tif,200.0,True,63985108.0,61.02,False
2025-03-11,https://data.chc.ucsb.edu/products/CHIRPS-GEFS/v3/daily/global/2025/03/11/c3g_2025.03.11.tif,200.0,True,63731896.0,60.78,False
2025-03-12,https://data.chc.ucsb.edu/products/CHIRPS-GEFS/v3/daily/global/2025/03/12/c3g_2025.03.12.tif,200.0,True,67861578.0,64.72,False
2025-03-13,https://data.chc.ucsb.edu/products/CHIRPS-GEFS/v3/daily/global/2025/03/13/c3g_2025.03.13.tif,200.0,True,64214858.0,61.24,False
2025-03-14,https://data.chc.ucsb.edu/products/CHIRPS-GEFS/v3/daily/global/2025/03/14/c3g_2025.03.14.tif,200.0,True,63709838.0,60.76,False
2025-03-15,https://data.chc.ucsb.edu/products/CHIRPS-GEFS/v3/daily/global/2025/03/15/c3g_2025.03.15.tif,200.0,True,62795824.0,59.89,False
2025-03-16,https://data.chc.ucsb.edu/products/CHIRPS-GEFS/v3/daily/global/2025/03/16/c3g_2025.03.16.tif,200.0,True,62892468.0,59.98,False
2025-03-17,https://data.chc.ucsb.edu/products/CHIRPS-GEFS/v3/daily/global/2025/03/17/c3g_2025.03.17.tif,200.0,True,66187966.0,63.12,False
2025-03-18,https://data.chc.ucsb.edu/products/CHIRPS-GEFS/v3/daily/global/2025/03/18/c3g_2025.03.18.tif,200.0,True,62753236.0,59.85,False
2025-03-19,https://data.chc.ucsb.edu/products/CHIRPS-GEFS/v3/daily/global/2025/03/19/c3g_2025.03.19.tif,200.0,True,61728702.0,58.87,False
2025-03-20,https://data.chc.ucsb.edu/products/CHIRPS-GEFS/v3/daily/global/2025/03/20/c3g_2025.03.20.tif,200.0,True,61320102.0,58.48,False
2025-03-21,https://data.chc.ucsb.edu/products/CHIRPS-GEFS/v3/daily/global/2025/03/21/c3g_2025.03.21.tif,200.0,True,62036424.0,59.16,False
2025-03-22,https://data.chc.ucsb.edu/products/CHIRPS-GEFS/v3/daily/global/2025/03/22/c3g_2025.03.22.tif,200.0,True,63017734.0,60.1,False
2025-03-23,https://data.chc.ucsb.edu/products/CHIRPS-GEFS/v3/daily/global/2025/03/23/c3g_2025.03.23.tif,200.0,True,63097308.0,60.17,False
2025-03-24,https://data.chc.ucsb.edu/products/CHIRPS-GEFS/v3/daily/global/2025/03/24/c3g_2025.03.24.tif,200.0,True,62997452.0,60.08,False
2025-03-25,https://data.chc.ucsb.edu/products/CHIRPS-GEFS/v3/daily/global/2025/03/25/c3g_2025.03.25.tif,200.0,True,62779026.0,59.87,False
2025-03-26,https://data.chc.ucsb.edu/products/CHIRPS-GEFS/v3/daily/global/2025/03/26/c3g_2025.03.26.tif,200.0,True,62564296.0,59.67,False
2025-03-27,https://data.chc.ucsb.edu/products/CHIRPS-GEFS/v3/daily/global/2025/03/27/c3g_2025.03.27.tif,200.0,True,62634406.0,59.73,False
2025-03-28,https://data.chc.ucsb.edu/products/CHIRPS-GEFS/v3/daily/global/2025/03/28/c3g_2025.03.28.tif,200.0,True,63110632.0,60.19,False
2025-03-29,https://data.chc.ucsb.edu/products/CHIRPS-GEFS/v3/daily/global/2025/03/29/c3g_2025.03.29.tif,200.0,True,63476392.0,60.54,False
2025-03-30,https://data.chc.ucsb.edu/products/CHIRPS-GEFS/v3/daily/global/2025/03/30/c3g_2025.03.30.tif,200.0,True,63909494.0,60.95,False
2025-03-31,https://data.chc.ucsb.edu/products/CHIRPS-GEFS/v3/daily/global/2025/03/31/c3g_2025.03.31.tif,200.0,True,65329186.0,62.3,False
2025-04-01,https://data.chc.ucsb.edu/products/CHIRPS-GEFS/v3/daily/global/2025/04/01/c3g_2025.04.01.tif,200.0,True,63853038.0,60.9,False
2025-04-02,https://data.chc.ucsb.edu/products/CHIRPS-GEFS/v3/daily/global/2025/04/02/c3g_2025.04.02.tif,200.0,True,64424718.0,61.44,False
2025-04-03,https://data.chc.ucsb.edu/products/CHIRPS-GEFS/v3/daily/global/2025/04/03/c3g_2025.04.03.tif,200.0,True,64363628.0,61.38,False
2025-04-04,https://data.chc.ucsb.edu/products/CHIRPS-GEFS/v3/daily/global/2025/04/04/c3g_2025.04.04.tif,200.0,True,64636364.0,61.64,False
2025-04-05,https://data.chc.ucsb.edu/products/CHIRPS-GEFS/v3/daily/global/2025/04/05/c3g_2025.04.05.tif,200.0,True,63953208.0,60.99,False
2025-04-06,https://data.chc.ucsb.edu/products/CHIRPS-GEFS/v3/daily/global/2025/04/06/c3g_2025.04.06.tif,200.0,True,65459972.0,62.43,False
2025-04-07,https://data.chc.ucsb.edu/products/CHIRPS-GEFS/v3/daily/global/2025/04/07/c3g_2025.04.07.tif,200.0,True,63698636.0,60.75,False
2025-04-08,https://data.chc.ucsb.edu/products/CHIRPS-GEFS/v3/daily/global/2025/04/08/c3g_2025.04.08.tif,200.0,True,63069960.0,60.15,False
2025-04-09,https://data.chc.ucsb.edu/products/CHIRPS-GEFS/v3/daily/global/2025/04/09/c3g_2025.04.09.tif,200.0,True,63090620.0,60.17,False
2025-04-10,https://data.chc.ucsb.edu/products/CHIRPS-GEFS/v3/daily/global/2025/04/10/c3g_2025.04.10.tif,200.0,True,64439210.0,61.45,False
2025-04-11,https://data.chc.ucsb.edu/products/CHIRPS-GEFS/v3/daily/global/2025/04/11/c3g_2025.04.11.tif,200.0,True,64717516.0,61.72,False
2025-04-12,https://data.chc.ucsb.edu/products/CHIRPS-GEFS/v3/daily/global/2025/04/12/c3g_2025.04.12.tif,200.0,True,64635898.0,61.64,False
2025-04-13,https://data.chc.ucsb.edu/products/CHIRPS-GEFS/v3/daily/global/2025/04/13/c3g_2025.04.13.tif,200.0,True,64092444.0,61.12,False
2025-04-14,https://data.chc.ucsb.edu/products/CHIRPS-GEFS/v3/daily/global/2025/04/14/c3g_2025.04.14.tif,200.0,True,66105574.0,63.04,False
2025-04-15,https://data.chc.ucsb.edu/products/CHIRPS-GEFS/v3/daily/global/2025/04/15/c3g_2025.04.15.tif,200.0,True,63743838.0,60.79,False
2025-04-16,https://data.chc.ucsb.edu/products/CHIRPS-GEFS/v3/daily/global/2025/04/16/c3g_2025.04.16.tif,200.0,True,64028012.0,61.06,False
2025-04-17,https://data.chc.ucsb.edu/products/CHIRPS-GEFS/v3/daily/global/2025/04/17/c3g_2025.04.17.tif,200.0,True,63875120.0,60.92,False
2025-04-18,https://data.chc.ucsb.edu/products/CHIRPS-GEFS/v3/daily/global/2025/04/18/c3g_2025.04.18.tif,200.0,True,64362674.0,61.38,False
2025-04-19,https://data.chc.ucsb.edu/products/CHIRPS-GEFS/v3/daily/global/2025/04/19/c3g_2025.04.19.tif,200.0,True,64123234.0,61.15,False
2025-04-20,https://data.chc.ucsb.edu/products/CHIRPS-GEFS/v3/daily/global/2025/04/20/c3g_2025.04.20.tif,200.0,True,67221750.0,64.11,False
2025-04-21,https://data.chc.ucsb.edu/products/CHIRPS-GEFS/v3/daily/global/2025/04/21/c3g_2025.04.21.tif,200.0,True,66696728.0,63.61,False
2025-04-22,https://data.chc.ucsb.edu/products/CHIRPS-GEFS/v3/daily/global/2025/04/22/c3g_2025.04.22.tif,200.0,True,67352896.0,64.23,False
2025-04-23,https://data.chc.ucsb.edu/products/CHIRPS-GEFS/v3/daily/global/2025/04/23/c3g_2025.04.23.tif,200.0,True,66451534.0,63.37,False
2025-04-24,https://data.chc.ucsb.edu/products/CHIRPS-GEFS/v3/daily/global/2025/04/24/c3g_2025.04.24.tif,200.0,True,68651362.0,65.47,False
2025-04-25,https://data.chc.ucsb.edu/products/CHIRPS-GEFS/v3/daily/global/2025/04/25/c3g_2025.04.25.tif,200.0,True,65186362.0,62.17,False
2025-04-26,https://data.chc.ucsb.edu/products/CHIRPS-GEFS/v3/daily/global/2025/04/26/c3g_2025.04.26.tif,200.0,True,64478680.0,61.49,False
2025-04-27,https://data.chc.ucsb.edu/products/CHIRPS-GEFS/v3/daily/global/2025/04/27/c3g_2025.04.27.tif,200.0,True,67139568.0,64.03,False
2025-04-28,https://data.chc.ucsb.edu/products/CHIRPS-GEFS/v3/daily/global/2025/04/28/c3g_2025.04.28.tif,200.0,True,67166888.0,64.06,False
2025-04-29,https://data.chc.ucsb.edu/products/CHIRPS-GEFS/v3/daily/global/2025/04/29/c3g_2025.04.29.tif,200.0,True,64004908.0,61.04,False
2025-04-30,https://data.chc.ucsb.edu/products/CHIRPS-GEFS/v3/daily/global/2025/04/30/c3g_2025.04.30.tif,200.0,True,64122486.0,61.15,False
2025-05-01,https://data.chc.ucsb.edu/products/CHIRPS-GEFS/v3/daily/global/2025/05/01/c3g_2025.05.01.tif,200.0,True,66086524.0,63.03,False
2025-05-02,https://data.chc.ucsb.edu/products/CHIRPS-GEFS/v3/daily/global/2025/05/02/c3g_2025.05.02.tif,200.0,True,67332722.0,64.21,False
2025-05-03,https://data.chc.ucsb.edu/products/CHIRPS-GEFS/v3/daily/global/2025/05/03/c3g_2025.05.03.tif,200.0,True,65551660.0,62.51,False
2025-05-04,https://data.chc.ucsb.edu/products/CHIRPS-GEFS/v3/daily/global/2025/05/04/c3g_2025.05.04.tif,200.0,True,67637372.0,64.5,False
2025-05-05,https://data.chc.ucsb.edu/products/CHIRPS-GEFS/v3/daily/global/2025/05/05/c3g_2025.05.05.tif,200.0,True,66632836.0,63.55,False
2025-05-06,https://data.chc.ucsb.edu/products/CHIRPS-GEFS/v3/daily/global/2025/05/06/c3g_2025.05.06.tif,200.0,True,66260820.0,63.19,False
2025-05-07,https://data.chc.ucsb.edu/products/CHIRPS-GEFS/v3/daily/global/2025/05/07/c3g_2025.05.07.tif,200.0,True,65261696.0,62.24,False
2025-05-08,https://data.chc.ucsb.edu/products/CHIRPS-GEFS/v3/daily/global/2025/05/08/c3g_2025.05.08.tif,200.0,True,63793594.0,60.84,False
2025-05-09,https://data.chc.ucsb.edu/products/CHIRPS-GEFS/v3/daily/global/2025/05/09/c3g_2025.05.09.tif,200.0,True,64090182.0,61.12,False
2025-05-10,https://data.chc.ucsb.edu/products/CHIRPS-GEFS/v3/daily/global/2025/05/10/c3g_2025.05.10.tif,200.0,True,65727696.0,62.68,False
2025-05-11,https://data.chc.ucsb.edu/products/CHIRPS-GEFS/v3/daily/global/2025/05/11/c3g_2025.05.11.tif,200.0,True,67571924.0,64.44,False
2025-05-12,https://data.chc.ucsb.edu/products/CHIRPS-GEFS/v3/daily/global/2025/05/12/c3g_2025.05.12.tif,200.0,True,63204396.0,60.28,False
2025-05-13,https://data.chc.ucsb.edu/products/CHIRPS-GEFS/v3/daily/global/2025/05/13/c3g_2025.05.13.tif,200.0,True,67383224.0,64.26,False
2025-05-14,https://data.chc.ucsb.edu/products/CHIRPS-GEFS/v3/daily/global/2025/05/14/c3g_2025.05.14.tif,200.0,True,64069852.0,61.1,False
2025-05-15,https://data.chc.ucsb.edu/products/CHIRPS-GEFS/v3/daily/global/2025/05/15/c3g_2025.05.15.tif,200.0,True,63086266.0,60.16,False
2025-05-16,https://data.chc.ucsb.edu/products/CHIRPS-GEFS/v3/daily/global/2025/05/16/c3g_2025.05.16.tif,200.0,True,62622144.0,59.72,False
2025-05-17,https://data.chc.ucsb.edu/products/CHIRPS-GEFS/v3/daily/global/2025/05/17/c3g_2025.05.17.tif,200.0,True,63663212.0,60.71,False
2025-05-18,https://data.chc.ucsb.edu/products/CHIRPS-GEFS/v3/daily/global/2025/05/18/c3g_2025.05.18.tif,200.0,True,63652998.0,60.7,False
2025-05-19,https://data.chc.ucsb.edu/products/CHIRPS-GEFS/v3/daily/global/2025/05/19/c3g_2025.05.19.tif,200.0,True,63976670.0,61.01,False
2025-05-20,https://data.chc.ucsb.edu/products/CHIRPS-GEFS/v3/daily/global/2025/05/20/c3g_2025.05.20.tif,200.0,True,64082164.0,61.11,False
2025-05-21,https://data.chc.ucsb.edu/products/CHIRPS-GEFS/v3/daily/global/2025/05/21/c3g_2025.05.21.tif,200.0,True,64331628.0,61.35,False
2025-05-22,https://data.chc.ucsb.edu/products/CHIRPS-GEFS/v3/daily/global/2025/05/22/c3g_2025.05.22.tif,200.0,True,63968370.0,61.0,False
2025-05-23,https://data.chc.ucsb.edu/products/CHIRPS-GEFS/v3/daily/global/2025/05/23/c3g_2025.05.23.tif,200.0,True,64073518.0,61.11,False
2025-05-24,https://data.chc.ucsb.edu/products/CHIRPS-GEFS/v3/daily/global/2025/05/24/c3g_2025.05.24.tif,200.0,True,63305254.0,60.37,False
2025-05-25,https://data.chc.ucsb.edu/products/CHIRPS-GEFS/v3/daily/global/2025/05/25/c3g_2025.05.25.tif,200.0,True,65069240.0,62.05,False
2025-05-26,https://data.chc.ucsb.edu/products/CHIRPS-GEFS/v3/daily/global/2025/05/26/c3g_2025.05.26.tif,200.0,True,63055652.0,60.13,False
2025-05-27,https://data.chc.ucsb.edu/products/CHIRPS-GEFS/v3/daily/global/2025/05/27/c3g_2025.05.27.tif,200.0,True,63394568.0,60.46,False
2025-05-28,https://data.chc.ucsb.edu/products/CHIRPS-GEFS/v3/daily/global/2025/05/28/c3g_2025.05.28.tif,200.0,True,62219286.0,59.34,False
2025-05-29,https://data.chc.ucsb.edu/products/CHIRPS-GEFS/v3/daily/global/2025/05/29/c3g_2025.05.29.tif,200.0,True,62179450.0,59.3,False
2025-05-30,https://data.chc.ucsb.edu/products/CHIRPS-GEFS/v3/daily/global/2025/05/30/c3g_2025.05.30.tif,200.0,True,62100722.0,59.22,False
2025-05-31,https://data.chc.ucsb.edu/products/CHIRPS-GEFS/v3/daily/global/2025/05/31/c3g_2025.05.31.tif,200.0,True,65318540.0,62.29,False
2025-06-01,https://data.chc.ucsb.edu/products/CHIRPS-GEFS/v3/daily/global/2025/06/01/c3g_2025.06.01.tif,200.0,True,62802118.0,59.89,False
2025-06-02,https://data.chc.ucsb.edu/products/CHIRPS-GEFS/v3/daily/global/2025/06/02/c3g_2025.06.02.tif,200.0,True,66808326.0,63.71,False
2025-06-03,https://data.chc.ucsb.edu/products/CHIRPS-GEFS/v3/daily/global/2025/06/03/c3g_2025.06.03.tif,200.0,True,63648560.0,60.7,False
2025-06-04,https://data.chc.ucsb.edu/products/CHIRPS-GEFS/v3/daily/global/2025/06/04/c3g_2025.06.04.tif,200.0,True,63899448.0,60.94,False
2025-06-05,https://data.chc.ucsb.edu/products/CHIRPS-GEFS/v3/daily/global/2025/06/05/c3g_2025.06.05.tif,200.0,True,63641614.0,60.69,False
2025-06-06,https://data.chc.ucsb.edu/products/CHIRPS-GEFS/v3/daily/global/2025/06/06/c3g_2025.06.06.tif,200.0,True,66708352.0,63.62,False
2025-06-07,https://data.chc.ucsb.edu/products/CHIRPS-GEFS/v3/daily/global/2025/06/07/c3g_2025.06.07.tif,200.0,True,64295200.0,61.32,False
2025-06-08,https://data.chc.ucsb.edu/products/CHIRPS-GEFS/v3/daily/global/2025/06/08/c3g_2025.06.08.tif,200.0,True,63830688.0,60.87,False
2025-06-09,https://data.chc.ucsb.edu/products/CHIRPS-GEFS/v3/daily/global/2025/06/09/c3g_2025.06.09.tif,200.0,True,66100756.0,63.04,False
2025-06-10,https://data.chc.ucsb.edu/products/CHIRPS-GEFS/v3/daily/global/2025/06/10/c3g_2025.06.10.tif,200.0,True,63584658.0,60.64,False
2025-06-11,https://data.chc.ucsb.edu/products/CHIRPS-GEFS/v3/daily/global/2025/06/11/c3g_2025.06.11.tif,200.0,True,66315322.0,63.24,False
2025-06-12,https://data.chc.ucsb.edu/products/CHIRPS-GEFS/v3/daily/global/2025/06/12/c3g_2025.06.12.tif,200.0,True,63442716.0,60.5,False
2025-06-13,https://data.chc.ucsb.edu/products/CHIRPS-GEFS/v3/daily/global/2025/06/13/c3g_2025.06.13.tif,200.0,True,63781622.0,60.83,False
2025-06-14,https://data.chc.ucsb.edu/products/CHIRPS-GEFS/v3/daily/global/2025/06/14/c3g_2025.06.14.tif,200.0,True,63934972.0,60.97,False
2025-06-15,https://data.chc.ucsb.edu/products/CHIRPS-GEFS/v3/daily/global/2025/06/15/c3g_2025.06.15.tif,200.0,True,64057810.0,61.09,False
2025-06-16,https://data.chc.ucsb.edu/products/CHIRPS-GEFS/v3/daily/global/2025/06/16/c3g_2025.06.16.tif,200.0,True,67007536.0,63.9,False
2025-06-17,https://data.chc.ucsb.edu/products/CHIRPS-GEFS/v3/daily/global/2025/06/17/c3g_2025.06.17.tif,200.0,True,64413156.0,61.43,False
2025-06-18,https://data.chc.ucsb.edu/products/CHIRPS-GEFS/v3/daily/global/2025/06/18/c3g_2025.06.18.tif,200.0,True,63905170.0,60.94,False
2025-06-19,https://data.chc.ucsb.edu/products/CHIRPS-GEFS/v3/daily/global/2025/06/19/c3g_2025.06.19.tif,200.0,True,63924092.0,60.96,False
2025-06-20,https://data.chc.ucsb.edu/products/CHIRPS-GEFS/v3/daily/global/2025/06/20/c3g_2025.06.20.tif,200.0,True,63437264.0,60.5,False
2025-06-21,https://data.chc.ucsb.edu/products/CHIRPS-GEFS/v3/daily/global/2025/06/21/c3g_2025.06.21.tif,200.0,True,63665758.0,60.72,False
2025-06-22,https://data.chc.ucsb.edu/products/CHIRPS-GEFS/v3/daily/global/2025/06/22/c3g_2025.06.22.tif,200.0,True,65067990.0,62.05,False
2025-06-23,https://data.chc.ucsb.edu/products/CHIRPS-GEFS/v3/daily/global/2025/06/23/c3g_2025.06.23.tif,200.0,True,65742120.0,62.7,False
2025-06-24,https://data.chc.ucsb.edu/products/CHIRPS-GEFS/v3/daily/global/2025/06/24/c3g_2025.06.24.tif,200.0,True,65777542.0,62.73,False
2025-06-25,https://data.chc.ucsb.edu/products/CHIRPS-GEFS/v3/daily/global/2025/06/25/c3g_2025.06.25.tif,200.0,True,65750664.0,62.7,False
2025-06-26,https://data.chc.ucsb.edu/products/CHIRPS-GEFS/v3/daily/global/2025/06/26/c3g_2025.06.26.tif,200.0,True,65530282.0,62.49,False
2025-06-27,https://data.chc.ucsb.edu/products/CHIRPS-GEFS/v3/daily/global/2025/06/27/c3g_2025.06.27.tif,200.0,True,65356672.0,62.33,False
2025-06-28,https://data.chc.ucsb.edu/products/CHIRPS-GEFS/v3/daily/global/2025/06/28/c3g_2025.06.28.tif,200.0,True,65707606.0,62.66,False
2025-06-29,https://data.chc.ucsb.edu/products/CHIRPS-GEFS/v3/daily/global/2025/06/29/c3g_2025.06.29.tif,200.0,True,67703484.0,64.57,False
2025-06-30,https://data.chc.ucsb.edu/products/CHIRPS-GEFS/v3/daily/global/2025/06/30/c3g_2025.06.30.tif,200.0,True,67134684.0,64.02,False
2025-07-01,https://data.chc.ucsb.edu/products/CHIRPS-GEFS/v3/daily/global/2025/07/01/c3g_2025.07.01.tif,200.0,True,64585530.0,61.59,False
2025-07-02,https://data.chc.ucsb.edu/products/CHIRPS-GEFS/v3/daily/global/2025/07/02/c3g_2025.07.02.tif,200.0,True,65324424.0,62.3,False
2025-07-03,https://data.chc.ucsb.edu/products/CHIRPS-GEFS/v3/daily/global/2025/07/03/c3g_2025.07.03.tif,200.0,True,67536110.0,64.41,False
2025-07-04,https://data.chc.ucsb.edu/products/CHIRPS-GEFS/v3/daily/global/2025/07/04/c3g_2025.07.04.tif,200.0,True,64587600.0,61.6,False
2025-07-05,https://data.chc.ucsb.edu/products/CHIRPS-GEFS/v3/daily/global/2025/07/05/c3g_2025.07.05.tif,200.0,True,64629060.0,61.64,False
2025-07-06,https://data.chc.ucsb.edu/products/CHIRPS-GEFS/v3/daily/global/2025/07/06/c3g_2025.07.06.tif,200.0,True,65092410.0,62.08,False
2025-07-07,https://data.chc.ucsb.edu/products/CHIRPS-GEFS/v3/daily/global/2025/07/07/c3g_2025.07.07.tif,200.0,True,65587192.0,62.55,False
2025-07-08,https://data.chc.ucsb.edu/products/CHIRPS-GEFS/v3/daily/global/2025/07/08/c3g_2025.07.08.tif,200.0,True,68095346.0,64.94,False
2025-07-09,https://data.chc.ucsb.edu/products/CHIRPS-GEFS/v3/daily/global/2025/07/09/c3g_2025.07.09.tif,200.0,True,66345300.0,63.27,False
2025-07-10,https://data.chc.ucsb.edu/products/CHIRPS-GEFS/v3/daily/global/2025/07/10/c3g_2025.07.10.tif,200.0,True,64113298.0,61.14,False
2025-07-11,https://data.chc.ucsb.edu/products/CHIRPS-GEFS/v3/daily/global/2025/07/11/c3g_2025.07.11.tif,200.0,True,64782876.0,61.78,False
2025-07-12,https://data.chc.ucsb.edu/products/CHIRPS-GEFS/v3/daily/global/2025/07/12/c3g_2025.07.12.tif,200.0,True,64517392.0,61.53,False
2025-07-13,https://data.chc.ucsb.edu/products/CHIRPS-GEFS/v3/daily/global/2025/07/13/c3g_2025.07.13.tif,200.0,True,64432556.0,61.45,False
2025-07-14,https://data.chc.ucsb.edu/products/CHIRPS-GEFS/v3/daily/global/2025/07/14/c3g_2025.07.14.tif,200.0,True,64201938.0,61.23,False
2025-07-15,https://data.chc.ucsb.edu/products/CHIRPS-GEFS/v3/daily/global/2025/07/15/c3g_2025.07.15.tif,200.0,True,64293276.0,61.31,False
2025-07-16,https://data.chc.ucsb.edu/products/CHIRPS-GEFS/v3/daily/global/2025/07/16/c3g_2025.07.16.tif,200.0,True,64176484.0,61.2,False
2025-07-17,https://data.chc.ucsb.edu/products/CHIRPS-GEFS/v3/daily/global/2025/07/17/c3g_2025.07.17.tif,200.0,True,66373032.0,63.3,False
2025-07-18,https://data.chc.ucsb.edu/products/CHIRPS-GEFS/v3/daily/global/2025/07/18/c3g_2025.07.18.tif,200.0,True,64083696.0,61.11,False
2025-07-19,https://data.chc.ucsb.edu/products/CHIRPS-GEFS/v3/daily/global/2025/07/19/c3g_2025.07.19.tif,200.0,True,63079192.0,60.16,False
2025-07-20,https://data.chc.ucsb.edu/products/CHIRPS-GEFS/v3/daily/global/2025/07/20/c3g_2025.07.20.tif,200.0,True,63152966.0,60.23,False
2025-07-21,https://data.chc.ucsb.edu/products/CHIRPS-GEFS/v3/daily/global/2025/07/21/c3g_2025.07.21.tif,200.0,True,64724990.0,61.73,False
2025-07-22,https://data.chc.ucsb.edu/products/CHIRPS-GEFS/v3/daily/global/2025/07/22/c3g_2025.07.22.tif,200.0,True,64898928.0,61.89,False
2025-07-23,https://data.chc.ucsb.edu/products/CHIRPS-GEFS/v3/daily/global/2025/07/23/c3g_2025.07.23.tif,200.0,True,65117606.0,62.1,False
2025-07-24,https://data.chc.ucsb.edu/products/CHIRPS-GEFS/v3/daily/global/2025/07/24/c3g_2025.07.24.tif,200.0,True,64953334.0,61.94,False
2025-07-25,https://data.chc.ucsb.edu/products/CHIRPS-GEFS/v3/daily/global/2025/07/25/c3g_2025.07.25.tif,200.0,True,65411028.0,62.38,False
2025-07-26,https://data.chc.ucsb.edu/products/CHIRPS-GEFS/v3/daily/global/2025/07/26/c3g_2025.07.26.tif,200.0,True,65031594.0,62.02,False
2025-07-27,https://data.chc.ucsb.edu/products/CHIRPS-GEFS/v3/daily/global/2025/07/27/c3g_2025.07.27.tif,200.0,True,65293788.0,62.27,False
2025-07-28,https://data.chc.ucsb.edu/products/CHIRPS-GEFS/v3/daily/global/2025/07/28/c3g_2025.07.28.tif,200.0,True,65272778.0,62.25,False
2025-07-29,https://data.chc.ucsb.edu/products/CHIRPS-GEFS/v3/daily/global/2025/07/29/c3g_2025.07.29.tif,200.0,True,64655090.0,61.66,False
2025-07-30,https://data.chc.ucsb.edu/products/CHIRPS-GEFS/v3/daily/global/2025/07/30/c3g_2025.07.30.tif,200.0,True,64714768.0,61.72,False
2025-07-31,https://data.chc.ucsb.edu/products/CHIRPS-GEFS/v3/daily/global/2025/07/31/c3g_2025.07.31.tif,200.0,True,65708646.0,62.66,False
2025-08-01,https://data.chc.ucsb.edu/products/CHIRPS-GEFS/v3/daily/global/2025/08/01/c3g_2025.08.01.tif,200.0,True,66387426.0,63.31,False
2025-08-02,https://data.chc.ucsb.edu/products/CHIRPS-GEFS/v3/daily/global/2025/08/02/c3g_2025.08.02.tif,200.0,True,66241432.0,63.17,False
2025-08-03,https://data.chc.ucsb.edu/products/CHIRPS-GEFS/v3/daily/global/2025/08/03/c3g_2025.08.03.tif,200.0,True,65673670.0,62.63,False
2025-08-04,https://data.chc.ucsb.edu/products/CHIRPS-GEFS/v3/daily/global/2025/08/04/c3g_2025.08.04.tif,200.0,True,64704506.0,61.71,False
2025-08-05,https://data.chc.ucsb.edu/products/CHIRPS-GEFS/v3/daily/global/2025/08/05/c3g_2025.08.05.tif,200.0,True,64246080.0,61.27,False
2025-08-06,https://data.chc.ucsb.edu/products/CHIRPS-GEFS/v3/daily/global/2025/08/06/c3g_2025.08.06.tif,200.0,True,64067278.0,61.1,False
2025-08-07,https://data.chc.ucsb.edu/products/CHIRPS-GEFS/v3/daily/global/2025/08/07/c3g_2025.08.07.tif,200.0,True,67414706.0,64.29,False
2025-08-08,https://data.chc.ucsb.edu/products/CHIRPS-GEFS/v3/daily/global/2025/08/08/c3g_2025.08.08.tif,200.0,True,64014626.0,61.05,False
2025-08-09,https://data.chc.ucsb.edu/products/CHIRPS-GEFS/v3/daily/global/2025/08/09/c3g_2025.08.09.tif,200.0,True,63859918.0,60.9,False
2025-08-10,https://data.chc.ucsb.edu/products/CHIRPS-GEFS/v3/daily/global/2025/08/10/c3g_2025.08.10.tif,200.0,True,64259530.0,61.28,False
2025-08-11,https://data.chc.ucsb.edu/products/CHIRPS-GEFS/v3/daily/global/2025/08/11/c3g_2025.08.11.tif,200.0,True,64396188.0,61.41,False
2025-08-12,https://data.chc.ucsb.edu/products/CHIRPS-GEFS/v3/daily/global/2025/08/12/c3g_2025.08.12.tif,200.0,True,64370516.0,61.39,False
2025-08-13,https://data.chc.ucsb.edu/products/CHIRPS-GEFS/v3/daily/global/2025/08/13/c3g_2025.08.13.tif,200.0,True,64514578.0,61.53,False
2025-08-14,https://data.chc.ucsb.edu/products/CHIRPS-GEFS/v3/daily/global/2025/08/14/c3g_2025.08.14.tif,200.0,True,64840836.0,61.84,False
2025-08-15,https://data.chc.ucsb.edu/products/CHIRPS-GEFS/v3/daily/global/2025/08/15/c3g_2025.08.15.tif,200.0,True,64714630.0,61.72,False
2025-08-16,https://data.chc.ucsb.edu/products/CHIRPS-GEFS/v3/daily/global/2025/08/16/c3g_2025.08.16.tif,200.0,True,68097076.0,64.94,False
2025-08-17,https://data.chc.ucsb.edu/products/CHIRPS-GEFS/v3/daily/global/2025/08/17/c3g_2025.08.17.tif,200.0,True,65842592.0,62.79,False
2025-08-18,https://data.chc.ucsb.edu/products/CHIRPS-GEFS/v3/daily/global/2025/08/18/c3g_2025.08.18.tif,200.0,True,66263874.0,63.19,False
2025-08-19,https://data.chc.ucsb.edu/products/CHIRPS-GEFS/v3/daily/global/2025/08/19/c3g_2025.08.19.tif,200.0,True,66084790.0,63.02,False
2025-08-20,https://data.chc.ucsb.edu/products/CHIRPS-GEFS/v3/daily/global/2025/08/20/c3g_2025.08.20.tif,200.0,True,66104030.0,63.04,False
2025-08-21,https://data.chc.ucsb.edu/products/CHIRPS-GEFS/v3/daily/global/2025/08/21/c3g_2025.08.21.tif,200.0,True,66517350.0,63.44,False
2025-08-22,https://data.chc.ucsb.edu/products/CHIRPS-GEFS/v3/daily/global/2025/08/22/c3g_2025.08.22.tif,200.0,True,65923526.0,62.87,False
2025-08-23,https://data.chc.ucsb.edu/products/CHIRPS-GEFS/v3/daily/global/2025/08/23/c3g_2025.08.23.tif,200.0,True,64929700.0,61.92,False
2025-08-24,https://data.chc.ucsb.edu/products/CHIRPS-GEFS/v3/daily/global/2025/08/24/c3g_2025.08.24.tif,200.0,True,64929936.0,61.92,False
2025-08-25,https://data.chc.ucsb.edu/products/CHIRPS-GEFS/v3/daily/global/2025/08/25/c3g_2025.08.25.tif,200.0,True,65113546.0,62.1,False
2025-08-26,https://data.chc.ucsb.edu/products/CHIRPS-GEFS/v3/daily/global/2025/08/26/c3g_2025.08.26.tif,200.0,True,65047154.0,62.03,False
2025-08-27,https://data.chc.ucsb.edu/products/CHIRPS-GEFS/v3/daily/global/2025/08/27/c3g_2025.08.27.tif,200.0,True,65064180.0,62.05,False
2025-08-28,https://data.chc.ucsb.edu/products/CHIRPS-GEFS/v3/daily/global/2025/08/28/c3g_2025.08.28.tif,200.0,True,67164626.0,64.05,False
2025-08-29,https://data.chc.ucsb.edu/products/CHIRPS-GEFS/v3/daily/global/2025/08/29/c3g_2025.08.29.tif,200.0,True,67613902.0,64.48,False
2025-08-30,https://data.chc.ucsb.edu/products/CHIRPS-GEFS/v3/daily/global/2025/08/30/c3g_2025.08.30.tif,200.0,True,64166664.0,61.19,False
2025-08-31,https://data.chc.ucsb.edu/products/CHIRPS-GEFS/v3/daily/global/2025/08/31/c3g_2025.08.31.tif,200.0,True,64331882.0,61.35,False
2025-09-01,https://data.chc.ucsb.edu/products/CHIRPS-GEFS/v3/daily/global/2025/09/01/c3g_2025.09.01.tif,200.0,True,68938820.0,65.75,False
2025-09-02,https://data.chc.ucsb.edu/products/CHIRPS-GEFS/v3/daily/global/2025/09/02/c3g_2025.09.02.tif,200.0,True,64540332.0,61.55,False
2025-09-03,https://data.chc.ucsb.edu/products/CHIRPS-GEFS/v3/daily/global/2025/09/03/c3g_2025.09.03.tif,200.0,True,64949868.0,61.94,False
2025-09-04,https://data.chc.ucsb.edu/products/CHIRPS-GEFS/v3/daily/global/2025/09/04/c3g_2025.09.04.tif,200.0,True,65418612.0,62.39,False
2025-09-05,https://data.chc.ucsb.edu/products/CHIRPS-GEFS/v3/daily/global/2025/09/05/c3g_2025.09.05.tif,200.0,True,66208236.0,63.14,False
2025-09-06,https://data.chc.ucsb.edu/products/CHIRPS-GEFS/v3/daily/global/2025/09/06/c3g_2025.09.06.tif,200.0,True,65345310.0,62.32,False
2025-09-07,https://data.chc.ucsb.edu/products/CHIRPS-GEFS/v3/daily/global/2025/09/07/c3g_2025.09.07.tif,200.0,True,65815938.0,62.77,False
2025-09-08,https://data.chc.ucsb.edu/products/CHIRPS-GEFS/v3/daily/global/2025/09/08/c3g_2025.09.08.tif,200.0,True,66553032.0,63.47,False
2025-09-09,https://data.chc.ucsb.edu/products/CHIRPS-GEFS/v3/daily/global/2025/09/09/c3g_2025.09.09.tif,200.0,True,65900190.0,62.85,False
2025-09-10,https://data.chc.ucsb.edu/products/CHIRPS-GEFS/v3/daily/global/2025/09/10/c3g_2025.09.10.tif,200.0,True,68052852.0,64.9,False
2025-09-11,https://data.chc.ucsb.edu/products/CHIRPS-GEFS/v3/daily/global/2025/09/11/c3g_2025.09.11.tif,200.0,True,64807660.0,61.81,False
2025-09-12,https://data.chc.ucsb.edu/products/CHIRPS-GEFS/v3/daily/global/2025/09/12/c3g_2025.09.12.tif,200.0,True,66975074.0,63.87,False
2025-09-13,https://data.chc.ucsb.edu/products/CHIRPS-GEFS/v3/daily/global/2025/09/13/c3g_2025.09.13.tif,200.0,True,64293096.0,61.31,False
2025-09-14,https://data.chc.ucsb.edu/products/CHIRPS-GEFS/v3/daily/global/2025/09/14/c3g_2025.09.14.tif,200.0,True,65448326.0,62.42,False
2025-09-15,https://data.chc.ucsb.edu/products/CHIRPS-GEFS/v3/daily/global/2025/09/15/c3g_2025.09.15.tif,200.0,True,64553670.0,61.56,False
2025-09-16,https://data.chc.ucsb.edu/products/CHIRPS-GEFS/v3/daily/global/2025/09/16/c3g_2025.09.16.tif,200.0,True,67157518.0,64.05,False
2025-09-17,https://data.chc.ucsb.edu/products/CHIRPS-GEFS/v3/daily/global/2025/09/17/c3g_2025.09.17.tif,200.0,True,67421630.0,64.3,False
2025-09-18,https://data.chc.ucsb.edu/products/CHIRPS-GEFS/v3/daily/global/2025/09/18/c3g_2025.09.18.tif,200.0,True,64753098.0,61.75,False
2025-09-19,https://data.chc.ucsb.edu/products/CHIRPS-GEFS/v3/daily/global/2025/09/19/c3g_2025.09.19.tif,200.0,True,65207618.0,62.19,False
2025-09-20,https://data.chc.ucsb.edu/products/CHIRPS-GEFS/v3/daily/global/2025/09/20/c3g_2025.09.20.tif,200.0,True,65136834.0,62.12,False
2025-09-21,https://data.chc.ucsb.edu/products/CHIRPS-GEFS/v3/daily/global/2025/09/21/c3g_2025.09.21.tif,200.0,True,65188120.0,62.17,False
2025-09-22,https://data.chc.ucsb.edu/products/CHIRPS-GEFS/v3/daily/global/2025/09/22/c3g_2025.09.22.tif,200.0,True,64371052.0,61.39,False
2025-09-23,https://data.chc.ucsb.edu/products/CHIRPS-GEFS/v3/daily/global/2025/09/23/c3g_2025.09.23.tif,200.0,True,63784356.0,60.83,False
2025-09-24,https://data.chc.ucsb.edu/products/CHIRPS-GEFS/v3/daily/global/2025/09/24/c3g_2025.09.24.tif,200.0,True,63111428.0,60.19,False
2025-09-25,https://data.chc.ucsb.edu/products/CHIRPS-GEFS/v3/daily/global/2025/09/25/c3g_2025.09.25.tif,200.0,True,62865560.0,59.95,False
2025-09-26,https://data.chc.ucsb.edu/products/CHIRPS-GEFS/v3/daily/global/2025/09/26/c3g_2025.09.26.tif,200.0,True,63472874.0,60.53,False
2025-09-27,https://data.chc.ucsb.edu/products/CHIRPS-GEFS/v3/daily/global/2025/09/27/c3g_2025.09.27.tif,200.0,True,63375504.0,60.44,False
2025-09-28,https://data.chc.ucsb.edu/products/CHIRPS-GEFS/v3/daily/global/2025/09/28/c3g_2025.09.28.tif,200.0,True,63446264.0,60.51,False
2025-09-29,https://data.chc.ucsb.edu/products/CHIRPS-GEFS/v3/daily/global/2025/09/29/c3g_2025.09.29.tif,200.0,True,63741852.0,60.79,False
2025-09-30,https://data.chc.ucsb.edu/products/CHIRPS-GEFS/v3/daily/global/2025/09/30/c3g_2025.09.30.tif,200.0,True,64310304.0,61.33,False
2025-10-01,https://data.chc.ucsb.edu/products/CHIRPS-GEFS/v3/daily/global/2025/10/01/c3g_2025.10.01.tif,200.0,True,65530254.0,62.49,False
2025-10-02,https://data.chc.ucsb.edu/products/CHIRPS-GEFS/v3/daily/global/2025/10/02/c3g_2025.10.02.tif,200.0,True,63220564.0,60.29,False
2025-10-03,https://data.chc.ucsb.edu/products/CHIRPS-GEFS/v3/daily/global/2025/10/03/c3g_2025.10.03.tif,200.0,True,63216522.0,60.29,False
2025-10-04,https://data.chc.ucsb.edu/products/CHIRPS-GEFS/v3/daily/global/2025/10/04/c3g_2025.10.04.tif,200.0,True,64873676.0,61.87,False
2025-10-05,https://data.chc.ucsb.edu/products/CHIRPS-GEFS/v3/daily/global/2025/10/05/c3g_2025.10.05.tif,200.0,True,64503456.0,61.52,False
2025-10-06,https://data.chc.ucsb.edu/products/CHIRPS-GEFS/v3/daily/global/2025/10/06/c3g_2025.10.06.tif,200.0,True,63498054.0,60.56,False
2025-10-07,https://data.chc.ucsb.edu/products/CHIRPS-GEFS/v3/daily/global/2025/10/07/c3g_2025.10.07.tif,200.0,True,61919374.0,59.05,False
2025-10-08,https://data.chc.ucsb.edu/products/CHIRPS-GEFS/v3/daily/global/2025/10/08/c3g_2025.10.08.tif,200.0,True,62506194.0,59.61,False
2025-10-09,https://data.chc.ucsb.edu/products/CHIRPS-GEFS/v3/daily/global/2025/10/09/c3g_2025.10.09.tif,200.0,True,62201826.0,59.32,False
2025-10-10,https://data.chc.ucsb.edu/products/CHIRPS-GEFS/v3/daily/global/2025/10/10/c3g_2025.10.10.tif,200.0,True,62227386.0,59.34,False
2025-10-11,https://data.chc.ucsb.edu/products/CHIRPS-GEFS/v3/daily/global/2025/10/11/c3g_2025.10.11.tif,200.0,True,63316450.0,60.38,False
2025-10-12,https://data.chc.ucsb.edu/products/CHIRPS-GEFS/v3/daily/global/2025/10/12/c3g_2025.10.12.tif,200.0,True,63622482.0,60.68,False
2025-10-13,https://data.chc.ucsb.edu/products/CHIRPS-GEFS/v3/daily/global/2025/10/13/c3g_2025.10.13.tif,200.0,True,62405698.0,59.51,False
2025-10-14,https://data.chc.ucsb.edu/products/CHIRPS-GEFS/v3/daily/global/2025/10/14/c3g_2025.10.14.tif,200.0,True,62414042.0,59.52,False
2025-10-15,https://data.chc.ucsb.edu/products/CHIRPS-GEFS/v3/daily/global/2025/10/15/c3g_2025.10.15.tif,200.0,True,64578490.0,61.59,False
2025-10-16,https://data.chc.ucsb.edu/products/CHIRPS-GEFS/v3/daily/global/2025/10/16/c3g_2025.10.16.tif,200.0,True,62563398.0,59.67,False
2025-10-17,https://data.chc.ucsb.edu/products/CHIRPS-GEFS/v3/daily/global/2025/10/17/c3g_2025.10.17.tif,200.0,True,62674254.0,59.77,False
2025-10-18,https://data.chc.ucsb.edu/products/CHIRPS-GEFS/v3/daily/global/2025/10/18/c3g_2025.10.18.tif,200.0,True,62761572.0,59.85,False
2025-10-19,https://data.chc.ucsb.edu/products/CHIRPS-GEFS/v3/daily/global/2025/10/19/c3g_2025.10.19.tif,200.0,True,61934792.0,59.07,False
2025-10-20,https://data.chc.ucsb.edu/products/CHIRPS-GEFS/v3/daily/global/2025/10/20/c3g_2025.10.20.tif,200.0,True,61466114.0,58.62,False
2025-10-21,https://data.chc.ucsb.edu/products/CHIRPS-GEFS/v3/daily/global/2025/10/21/c3g_2025.10.21.tif,200.0,True,63707922.0,60.76,False
2025-10-22,https://data.chc.ucsb.edu/products/CHIRPS-GEFS/v3/daily/global/2025/10/22/c3g_2025.10.22.tif,200.0,True,61584228.0,58.73,False
2025-10-23,https://data.chc.ucsb.edu/products/CHIRPS-GEFS/v3/daily/global/2025/10/23/c3g_2025.10.23.tif,200.0,True,62016486.0,59.14,False
2025-10-24,https://data.chc.ucsb.edu/products/CHIRPS-GEFS/v3/daily/global/2025/10/24/c3g_2025.10.24.tif,200.0,True,63118844.0,60.19,False
2025-10-25,https://data.chc.ucsb.edu/products/CHIRPS-GEFS/v3/daily/global/2025/10/25/c3g_2025.10.25.tif,200.0,True,62557924.0,59.66,False
2025-10-26,https://data.chc.ucsb.edu/products/CHIRPS-GEFS/v3/daily/global/2025/10/26/c3g_2025.10.26.tif,200.0,True,62367962.0,59.48,False
2025-10-27,https://data.chc.ucsb.edu/products/CHIRPS-GEFS/v3/daily/global/2025/10/27/c3g_2025.10.27.tif,200.0,True,62465106.0,59.57,False
2025-10-28,https://data.chc.ucsb.edu/products/CHIRPS-GEFS/v3/daily/global/2025/10/28/c3g_2025.10.28.tif,200.0,True,62046866.0,59.17,False
2025-10-29,https://data.chc.ucsb.edu/products/CHIRPS-GEFS/v3/daily/global/2025/10/29/c3g_2025.10.29.tif,200.0,True,62246066.0,59.36,False
2025-10-30,https://data.chc.ucsb.edu/products/CHIRPS-GEFS/v3/daily/global/2025/10/30/c3g_2025.10.30.tif,200.0,True,62443286.0,59.55,False
2025-10-31,https://data.chc.ucsb.edu/products/CHIRPS-GEFS/v3/daily/global/2025/10/31/c3g_2025.10.31.tif,200.0,True,65086422.0,62.07,False
2025-11-01,https://data.chc.ucsb.edu/products/CHIRPS-GEFS/v3/daily/global/2025/11/01/c3g_2025.11.01.tif,200.0,True,66069936.0,63.01,False
2025-11-02,https://data.chc.ucsb.edu/products/CHIRPS-GEFS/v3/daily/global/2025/11/02/c3g_2025.11.02.tif,200.0,True,62990302.0,60.07,False
2025-11-03,https://data.chc.ucsb.edu/products/CHIRPS-GEFS/v3/daily/global/2025/11/03/c3g_2025.11.03.tif,200.0,True,62438424.0,59.55,False
2025-11-04,https://data.chc.ucsb.edu/products/CHIRPS-GEFS/v3/daily/global/2025/11/04/c3g_2025.11.04.tif,200.0,True,61847484.0,58.98,False
2025-11-05,https://data.chc.ucsb.edu/products/CHIRPS-GEFS/v3/daily/global/2025/11/05/c3g_2025.11.05.tif,200.0,True,62267016.0,59.38,False
2025-11-06,https://data.chc.ucsb.edu/products/CHIRPS-GEFS/v3/daily/global/2025/11/06/c3g_2025.11.06.tif,200.0,True,63108384.0,60.18,False
2025-11-07,https://data.chc.ucsb.edu/products/CHIRPS-GEFS/v3/daily/global/2025/11/07/c3g_2025.11.07.tif,200.0,True,63326442.0,60.39,False
2025-11-08,https://data.chc.ucsb.edu/products/CHIRPS-GEFS/v3/daily/global/2025/11/08/c3g_2025.11.08.tif,200.0,True,63313298.0,60.38,False
2025-11-09,https://data.chc.ucsb.edu/products/CHIRPS-GEFS/v3/daily/global/2025/11/09/c3g_2025.11.09.tif,200.0,True,61472850.0,58.63,False
2025-11-10,https://data.chc.ucsb.edu/products/CHIRPS-GEFS/v3/daily/global/2025/11/10/c3g_2025.11.10.tif,200.0,True,61819238.0,58.96,False
2025-11-11,https://data.chc.ucsb.edu/products/CHIRPS-GEFS/v3/daily/global/2025/11/11/c3g_2025.11.11.tif,200.0,True,61747726.0,58.89,False
2025-11-12,https://data.chc.ucsb.edu/products/CHIRPS-GEFS/v3/daily/global/2025/11/12/c3g_2025.11.12.tif,200.0,True,61946184.0,59.08,False
2025-11-13,https://data.chc.ucsb.edu/products/CHIRPS-GEFS/v3/daily/global/2025/11/13/c3g_2025.11.13.tif,200.0,True,62495302.0,59.6,False
2025-11-14,https://data.chc.ucsb.edu/products/CHIRPS-GEFS/v3/daily/global/2025/11/14/c3g_2025.11.14.tif,200.0,True,64678414.0,61.68,False
2025-11-15,https://data.chc.ucsb.edu/products/CHIRPS-GEFS/v3/daily/global/2025/11/15/c3g_2025.11.15.tif,200.0,True,61701850.0,58.84,False
2025-11-16,https://data.chc.ucsb.edu/products/CHIRPS-GEFS/v3/daily/global/2025/11/16/c3g_2025.11.16.tif,200.0,True,61742868.0,58.88,False
2025-11-17,https://data.chc.ucsb.edu/products/CHIRPS-GEFS/v3/daily/global/2025/11/17/c3g_2025.11.17.tif,200.0,True,62129996.0,59.25,False
2025-11-18,https://data.chc.ucsb.edu/products/CHIRPS-GEFS/v3/daily/global/2025/11/18/c3g_2025.11.18.tif,200.0,True,61479948.0,58.63,False
2025-11-19,https://data.chc.ucsb.edu/products/CHIRPS-GEFS/v3/daily/global/2025/11/19/c3g_2025.11.19.tif,200.0,True,61244144.0,58.41,False
2025-11-20,https://data.chc.ucsb.edu/products/CHIRPS-GEFS/v3/daily/global/2025/11/20/c3g_2025.11.20.tif,200.0,True,62520846.0,59.62,False
2025-11-21,https://data.chc.ucsb.edu/products/CHIRPS-GEFS/v3/daily/global/2025/11/21/c3g_2025.11.21.tif,200.0,True,62770648.0,59.86,False
2025-11-22,https://data.chc.ucsb.edu/products/CHIRPS-GEFS/v3/daily/global/2025/11/22/c3g_2025.11.22.tif,200.0,True,62044162.0,59.17,False
2025-11-23,https://data.chc.ucsb.edu/products/CHIRPS-GEFS/v3/daily/global/2025/11/23/c3g_2025.11.23.tif,200.0,True,61471184.0,58.62,False
2025-11-24,https://data.chc.ucsb.edu/products/CHIRPS-GEFS/v3/daily/global/2025/11/24/c3g_2025.11.24.tif,200.0,True,62021662.0,59.15,False
2025-11-25,https://data.chc.ucsb.edu/products/CHIRPS-GEFS/v3/daily/global/2025/11/25/c3g_2025.11.25.tif,200.0,True,61340884.0,58.5,False
2025-11-26,https://data.chc.ucsb.edu/products/CHIRPS-GEFS/v3/daily/global/2025/11/26/c3g_2025.11.26.tif,200.0,True,63345838.0,60.41,False
2025-11-27,https://data.chc.ucsb.edu/products/CHIRPS-GEFS/v3/daily/global/2025/11/27/c3g_2025.11.27.tif,200.0,True,60333886.0,57.54,False
2025-11-28,https://data.chc.ucsb.edu/products/CHIRPS-GEFS/v3/daily/global/2025/11/28/c3g_2025.11.28.tif,200.0,True,60607592.0,57.8,False
2025-11-29,https://data.chc.ucsb.edu/products/CHIRPS-GEFS/v3/daily/global/2025/11/29/c3g_2025.11.29.tif,200.0,True,63178518.0,60.25,False
2025-11-30,https://data.chc.ucsb.edu/products/CHIRPS-GEFS/v3/daily/global/2025/11/30/c3g_2025.11.30.tif,200.0,True,60883218.0,58.06,False
2025-12-01,https://data.chc.ucsb.edu/products/CHIRPS-GEFS/v3/daily/global/2025/12/01/c3g_2025.12.01.tif,200.0,True,60904190.0,58.08,False
2025-12-02,https://data.chc.ucsb.edu/products/CHIRPS-GEFS/v3/daily/global/2025/12/02/c3g_2025.12.02.tif,200.0,True,62057094.0,59.18,False
2025-12-03,https://data.chc.ucsb.edu/products/CHIRPS-GEFS/v3/daily/global/2025/12/03/c3g_2025.12.03.tif,200.0,True,61809550.0,58.95,False
2025-12-04,https://data.chc.ucsb.edu/products/CHIRPS-GEFS/v3/daily/global/2025/12/04/c3g_2025.12.04.tif,200.0,True,61328784.0,58.49,False
2025-12-05,https://data.chc.ucsb.edu/products/CHIRPS-GEFS/v3/daily/global/2025/12/05/c3g_2025.12.05.tif,200.0,True,62854148.0,59.94,False
2025-12-06,https://data.chc.ucsb.edu/products/CHIRPS-GEFS/v3/daily/global/2025/12/06/c3g_2025.12.06.tif,200.0,True,65515096.0,62.48,False
2025-12-07,https://data.chc.ucsb.edu/products/CHIRPS-GEFS/v3/daily/global/2025/12/07/c3g_2025.12.07.tif,200.0,True,62179522.0,59.3,False
2025-12-08,https://data.chc.ucsb.edu/products/CHIRPS-GEFS/v3/daily/global/2025/12/08/c3g_2025.12.08.tif,200.0,True,65205478.0,62.18,False
2025-12-09,https://data.chc.ucsb.edu/products/CHIRPS-GEFS/v3/daily/global/2025/12/09/c3g_2025.12.09.tif,200.0,True,61433854.0,58.59,False
2025-12-10,https://data.chc.ucsb.edu/products/CHIRPS-GEFS/v3/daily/global/2025/12/10/c3g_2025.12.10.tif,200.0,True,64366440.0,61.38,False
2025-12-11,https://data.chc.ucsb.edu/products/CHIRPS-GEFS/v3/daily/global/2025/12/11/c3g_2025.12.11.tif,200.0,True,61841562.0,58.98,False
2025-12-12,https://data.chc.ucsb.edu/products/CHIRPS-GEFS/v3/daily/global/2025/12/12/c3g_2025.12.12.tif,200.0,True,66636842.0,63.55,False
2025-12-13,https://data.chc.ucsb.edu/products/CHIRPS-GEFS/v3/daily/global/2025/12/13/c3g_2025.12.13.tif,200.0,True,66136682.0,63.07,False
2025-12-14,https://data.chc.ucsb.edu/products/CHIRPS-GEFS/v3/daily/global/2025/12/14/c3g_2025.12.14.tif,200.0,True,63241036.0,60.31,False
2025-12-15,https://data.chc.ucsb.edu/products/CHIRPS-GEFS/v3/daily/global/2025/12/15/c3g_2025.12.15.tif,200.0,True,63365212.0,60.43,False
2025-12-16,https://data.chc.ucsb.edu/products/CHIRPS-GEFS/v3/daily/global/2025/12/16/c3g_2025.12.16.tif,200.0,True,63065574.0,60.14,False
2025-12-17,https://data.chc.ucsb.edu/products/CHIRPS-GEFS/v3/daily/global/2025/12/17/c3g_2025.12.17.tif,200.0,True,65647998.0,62.61,False
2025-12-18,https://data.chc.ucsb.edu/products/CHIRPS-GEFS/v3/daily/global/2025/12/18/c3g_2025.12.18.tif,200.0,True,63151304.0,60.23,False
2025-12-19,https://data.chc.ucsb.edu/products/CHIRPS-GEFS/v3/daily/global/2025/12/19/c3g_2025.12.19.tif,200.0,True,63203886.0,60.28,False
2025-12-20,https://data.chc.ucsb.edu/products/CHIRPS-GEFS/v3/daily/global/2025/12/20/c3g_2025.12.20.tif,200.0,True,63237196.0,60.31,False
2025-12-21,https://data.chc.ucsb.edu/products/CHIRPS-GEFS/v3/daily/global/2025/12/21/c3g_2025.12.21.tif,200.0,True,62793020.0,59.88,False
2025-12-22,https://data.chc.ucsb.edu/products/CHIRPS-GEFS/v3/daily/global/2025/12/22/c3g_2025.12.22.tif,200.0,True,63844646.0,60.89,False
2025-12-23,https://data.chc.ucsb.edu/products/CHIRPS-GEFS/v3/daily/global/2025/12/23/c3g_2025.12.23.tif,200.0,True,63330854.0,60.4,False
2025-12-24,https://data.chc.ucsb.edu/products/CHIRPS-GEFS/v3/daily/global/2025/12/24/c3g_2025.12.24.tif,200.0,True,62324526.0,59.44,False
